{"id": "EUN1_3561934886", "lvl": 500, "literal level": "BRONZE III", "time": 1810, "solokills_t": 0.0071823204419889505, "kills_t": 0.036464088397790057, "kp": 0.4285, "deaths_t": 0.036464088397790057, "assists_t": 0.041988950276243095, "csscore_t": 0.6524861878453039, "teamgold_t": 59.58397790055248, "vision_score_t": 0.8434261428547002, "wards_placed_t": 0.057458563535911604, "gold_graph_diffs_t": 11.789502762430939}