{"id": "EUN1_3517427480", "lvl": 1100, "literal level": "SILVER I", "time": 2529, "solokills_t": 0.01265322261763543, "kills_t": 0.04784499802293397, "kp": 0.4501913613996719, "deaths_t": 0.04784499802293397, "assists_t": 0.05970739422696718, "csscore_t": 0.6844602609727165, "teamgold_t": 67.8200869909055, "vision_score_t": 0.6709362080279343, "wards_placed_t": 0.05812574139976275, "gold_graph_diffs_t": 16.326215895610915}