{"id": "EUN1_3559386610", "lvl": 1000, "literal level": "SILVER II", "time": 1698, "solokills_t": 0.005889281507656066, "kills_t": 0.037102473498233215, "kp": 0.48658536585365847, "deaths_t": 0.03828032979976443, "assists_t": 0.052414605418138985, "csscore_t": 0.7856301531213192, "teamgold_t": 68.96289752650176, "vision_score_t": 0.6860619566725465, "wards_placed_t": 0.04534746760895171, "gold_graph_diffs_t": 13.93698468786808}