{"id": "EUN1_3584274250", "lvl": 500, "literal level": "BRONZE III", "time": 1478, "solokills_t": 0.010825439783491205, "kills_t": 0.028416779431664412, "kp": 0.36428571428571427, "deaths_t": 0.028416779431664412, "assists_t": 0.023004059539918808, "csscore_t": 0.800405953991881, "teamgold_t": 57.72598105548038, "vision_score_t": 0.6717358364568202, "wards_placed_t": 0.05480378890392422, "gold_graph_diffs_t": 11.317320703653586}