{"id": "EUN1_3526894533", "lvl": 900, "literal level": "SILVER III", "time": 1981, "solokills_t": 0.007067137809187279, "kills_t": 0.03180212014134275, "kp": 0.4455555555555556, "deaths_t": 0.03180212014134275, "assists_t": 0.039878849066128215, "csscore_t": 0.7486118122160526, "teamgold_t": 62.29278142352347, "vision_score_t": 0.6129435410240817, "wards_placed_t": 0.043917213528520946, "gold_graph_diffs_t": 13.621403331650681}