{"id": "EUN1_3573445828", "lvl": 600, "literal level": "BRONZE II", "time": 1771, "solokills_t": 0.003952569169960474, "kills_t": 0.028797289666854884, "kp": 0.5259259259259259, "deaths_t": 0.028797289666854884, "assists_t": 0.04743083003952569, "csscore_t": 0.6883116883116883, "teamgold_t": 60.15132693393563, "vision_score_t": 0.9180342289343179, "wards_placed_t": 0.06775832862789384, "gold_graph_diffs_t": 12.909090909090908}