{"id": "EUN1_3576039411", "lvl": 400, "literal level": "BRONZE IV", "time": 2262, "solokills_t": 0.014588859416445624, "kills_t": 0.04288240495137047, "kp": 0.3934819897084048, "deaths_t": 0.04288240495137047, "assists_t": 0.042440318302387266, "csscore_t": 0.7471264367816092, "teamgold_t": 66.55349248452697, "vision_score_t": 0.6121038921557038, "wards_placed_t": 0.04774535809018567, "gold_graph_diffs_t": 15.399646330680813}