{"id": "EUN1_3522704187", "lvl": 400, "literal level": "BRONZE IV", "time": 1309, "solokills_t": 0.0106951871657754, "kills_t": 0.0374331550802139, "kp": 0.3652941176470588, "deaths_t": 0.0374331550802139, "assists_t": 0.03132161955691368, "csscore_t": 0.6913674560733384, "teamgold_t": 60.94957983193277, "vision_score_t": 0.7814462083022782, "wards_placed_t": 0.061879297173414824, "gold_graph_diffs_t": 11.967150496562262}