{"id": "EUN1_3563204556", "lvl": 500, "literal level": "BRONZE III", "time": 1621, "solokills_t": 0.01727328809376928, "kills_t": 0.04380012338062924, "kp": 0.37297297297297305, "deaths_t": 0.04380012338062924, "assists_t": 0.03763109191856878, "csscore_t": 0.742751388032079, "teamgold_t": 66.51819864281308, "vision_score_t": 0.63121651953525, "wards_placed_t": 0.040715607649599014, "gold_graph_diffs_t": 11.12152991980259}