{"id": "EUN1_3562241602", "lvl": 600, "literal level": "BRONZE II", "time": 1233, "solokills_t": 0.0113544201135442, "kills_t": 0.030008110300081103, "kp": 0.38000000000000006, "deaths_t": 0.030008110300081103, "assists_t": 0.025952960259529603, "csscore_t": 0.7607461476074615, "teamgold_t": 58.2676399026764, "vision_score_t": 0.8195336696940828, "wards_placed_t": 0.0575831305758313, "gold_graph_diffs_t": 9.943227899432278}