{"id": "EUN1_3560700064", "lvl": 700, "literal level": "BRONZE I", "time": 1717, "solokills_t": 0.0168899242865463, "kills_t": 0.050087361677344205, "kp": 0.4202173913043478, "deaths_t": 0.050087361677344205, "assists_t": 0.0553290623179965, "csscore_t": 0.6773442050087362, "teamgold_t": 67.53232382061735, "vision_score_t": 0.762459051694451, "wards_placed_t": 0.0594059405940594, "gold_graph_diffs_t": 12.55154338963308}