{"id": "EUN1_3573947708", "lvl": 500, "literal level": "BRONZE III", "time": 1942, "solokills_t": 0.008753861997940269, "kills_t": 0.03759011328527292, "kp": 0.4391156462585034, "deaths_t": 0.03759011328527292, "assists_t": 0.04531410916580844, "csscore_t": 0.7790937178166838, "teamgold_t": 66.87950566426365, "vision_score_t": 0.681986970592269, "wards_placed_t": 0.052008238928939236, "gold_graph_diffs_t": 13.10401647785788}