{"id": "EUN1_3562179848", "lvl": 900, "literal level": "SILVER III", "time": 1383, "solokills_t": 0.005784526391901663, "kills_t": 0.03759942154736081, "kp": 0.42018018018018016, "deaths_t": 0.038322487346348515, "assists_t": 0.04193781634128706, "csscore_t": 0.7816341287057122, "teamgold_t": 65.14461315979754, "vision_score_t": 0.5292017712158575, "wards_placed_t": 0.0368763557483731, "gold_graph_diffs_t": 15.130151843817787}