{"id": "EUN1_3568620540", "lvl": 600, "literal level": "BRONZE II", "time": 1846, "solokills_t": 0.012459371614301192, "kills_t": 0.03412784398699892, "kp": 0.39885654885654886, "deaths_t": 0.03412784398699892, "assists_t": 0.03412784398699892, "csscore_t": 0.7069339111592633, "teamgold_t": 59.179306608884076, "vision_score_t": 0.7226815611447855, "wards_placed_t": 0.05471289274106175, "gold_graph_diffs_t": 13.287648970747563}