{"id": "EUN1_3559709568", "lvl": 600, "literal level": "BRONZE II", "time": 1661, "solokills_t": 0.010836845273931367, "kills_t": 0.034918723660445516, "kp": 0.3944444444444445, "deaths_t": 0.034918723660445516, "assists_t": 0.03431667670078266, "csscore_t": 0.7453341360626129, "teamgold_t": 62.31908488862131, "vision_score_t": 0.7467248655070172, "wards_placed_t": 0.055388320288982544, "gold_graph_diffs_t": 14.262492474413005}