{"id": "EUN1_3558007016", "lvl": 1100, "literal level": "SILVER I", "time": 2102, "solokills_t": 0.013320647002854425, "kills_t": 0.03948620361560418, "kp": 0.39052325581395353, "deaths_t": 0.03948620361560418, "assists_t": 0.03758325404376784, "csscore_t": 0.8577545195052331, "teamgold_t": 67.49714557564225, "vision_score_t": 0.7655274371657546, "wards_placed_t": 0.054709800190294956, "gold_graph_diffs_t": 14.480019029495718}