{"id": "EUN1_3551071538", "lvl": 600, "literal level": "BRONZE II", "time": 1503, "solokills_t": 0.009314703925482368, "kills_t": 0.036593479707252165, "kp": 0.4924242424242425, "deaths_t": 0.036593479707252165, "assists_t": 0.05322687957418496, "csscore_t": 0.6952761144377911, "teamgold_t": 64.24750499001996, "vision_score_t": 0.6374762952401924, "wards_placed_t": 0.0499001996007984, "gold_graph_diffs_t": 13.603459747172321}