{"id": "EUN1_3576475093", "lvl": 400, "literal level": "BRONZE IV", "time": 2148, "solokills_t": 0.019087523277467412, "kills_t": 0.04562383612662942, "kp": 0.36576807873341893, "deaths_t": 0.04562383612662942, "assists_t": 0.038175046554934824, "csscore_t": 0.7337057728119181, "teamgold_t": 67.73277467411546, "vision_score_t": 0.722345202414873, "wards_placed_t": 0.05493482309124767, "gold_graph_diffs_t": 13.12756052141527}