{"id": "EUN1_3570000951", "lvl": 600, "literal level": "BRONZE II", "time": 2861, "solokills_t": 0.008388675288360714, "kills_t": 0.04648724222299895, "kp": 0.4780701754385965, "deaths_t": 0.04648724222299895, "assists_t": 0.0646627053477805, "csscore_t": 0.7598741698706746, "teamgold_t": 71.40195735756728, "vision_score_t": 0.7866984715762583, "wards_placed_t": 0.05802167074449493, "gold_graph_diffs_t": 17.610276127228243}