{"id": "EUN1_3558091042", "lvl": 900, "literal level": "SILVER III", "time": 2080, "solokills_t": 0.009134615384615385, "kills_t": 0.04230769230769231, "kp": 0.4829192546583851, "deaths_t": 0.04230769230769231, "assists_t": 0.06009615384615385, "csscore_t": 0.6557692307692308, "teamgold_t": 68.51346153846154, "vision_score_t": 0.8972240982588862, "wards_placed_t": 0.06346153846153846, "gold_graph_diffs_t": 14.247115384615384}