{"id": "EUN1_3573750166", "lvl": 600, "literal level": "BRONZE II", "time": 1600, "solokills_t": 0.01125, "kills_t": 0.034375, "kp": 0.4459930313588851, "deaths_t": 0.035, "assists_t": 0.04375, "csscore_t": 0.74375, "teamgold_t": 61.365625, "vision_score_t": 0.7171064269519523, "wards_placed_t": 0.054375, "gold_graph_diffs_t": 12.683125}