{"id": "EUN1_3517358785", "lvl": 300, "literal level": "IRON I", "time": 1916, "solokills_t": 0.009394572025052192, "kills_t": 0.0360125260960334, "kp": 0.41739130434782606, "deaths_t": 0.0360125260960334, "assists_t": 0.0360125260960334, "csscore_t": 0.8053235908141962, "teamgold_t": 63.12891440501044, "vision_score_t": 0.7675620321724873, "wards_placed_t": 0.06210855949895616, "gold_graph_diffs_t": 11.958768267223382}