{"id": "EUN1_3558182797", "lvl": 600, "literal level": "BRONZE II", "time": 1589, "solokills_t": 0.011327879169288861, "kills_t": 0.045940843297671494, "kp": 0.4395927601809955, "deaths_t": 0.045940843297671494, "assists_t": 0.05538074260541221, "csscore_t": 0.7230962869729389, "teamgold_t": 68.58527375707992, "vision_score_t": 0.7813603470171435, "wards_placed_t": 0.05726872246696035, "gold_graph_diffs_t": 12.858401510383889}