{"id": "EUN1_3566593371", "lvl": 600, "literal level": "BRONZE II", "time": 1478, "solokills_t": 0.010825439783491205, "kills_t": 0.03721244925575101, "kp": 0.43961988304093563, "deaths_t": 0.03721244925575101, "assists_t": 0.04262516914749662, "csscore_t": 0.7198917456021651, "teamgold_t": 64.86738836265224, "vision_score_t": 0.73436355102725, "wards_placed_t": 0.056833558863328824, "gold_graph_diffs_t": 16.014884979702302}