{"id": "EUN1_3531341063", "lvl": 500, "literal level": "BRONZE III", "time": 2197, "solokills_t": 0.010013654984069186, "kills_t": 0.04688211197086937, "kp": 0.4330268199233716, "deaths_t": 0.04688211197086937, "assists_t": 0.05507510241238052, "csscore_t": 0.6622667273554848, "teamgold_t": 67.21165225307237, "vision_score_t": 0.6929729898595506, "wards_placed_t": 0.06053709604005462, "gold_graph_diffs_t": 14.143832498862084}