{"id": "EUN1_3562702923", "lvl": 900, "literal level": "SILVER III", "time": 1131, "solokills_t": 0.002652519893899204, "kills_t": 0.016799292661361626, "kp": 0.4183333333333333, "deaths_t": 0.016799292661361626, "assists_t": 0.016799292661361626, "csscore_t": 0.8390804597701149, "teamgold_t": 54.4526967285588, "vision_score_t": 0.8264847073569026, "wards_placed_t": 0.05658709106984969, "gold_graph_diffs_t": 8.7763041556145}