{"id": "EUN1_3578198301", "lvl": 500, "literal level": "BRONZE III", "time": 1285, "solokills_t": 0.005447470817120622, "kills_t": 0.027237354085603113, "kp": 0.4547619047619048, "deaths_t": 0.027237354085603113, "assists_t": 0.03346303501945525, "csscore_t": 0.7673151750972763, "teamgold_t": 58.16342412451362, "vision_score_t": 0.7768811757797895, "wards_placed_t": 0.04824902723735409, "gold_graph_diffs_t": 13.428793774319066}