{"id": "EUN1_3517422800", "lvl": 700, "literal level": "BRONZE I", "time": 2227, "solokills_t": 0.01347103726986978, "kills_t": 0.046250561293219576, "kp": 0.4248491704374057, "deaths_t": 0.046250561293219576, "assists_t": 0.05208801077682981, "csscore_t": 0.6443646160754378, "teamgold_t": 65.15536596317916, "vision_score_t": 0.6207882715170345, "wards_placed_t": 0.046250561293219576, "gold_graph_diffs_t": 12.499775482712169}