{"id": "EUN1_3564187790", "lvl": 600, "literal level": "BRONZE II", "time": 1935, "solokills_t": 0.007235142118863049, "kills_t": 0.05116279069767442, "kp": 0.5185761047463175, "deaths_t": 0.05167958656330749, "assists_t": 0.08165374677002583, "csscore_t": 0.6113695090439276, "teamgold_t": 71.0170542635659, "vision_score_t": 0.666728642895478, "wards_placed_t": 0.04857881136950904, "gold_graph_diffs_t": 16.900258397932816}