{"id": "EUN1_3531427423", "lvl": 300, "literal level": "IRON I", "time": 2192, "solokills_t": 0.015967153284671534, "kills_t": 0.05200729927007299, "kp": 0.39147727272727273, "deaths_t": 0.05200729927007299, "assists_t": 0.05063868613138686, "csscore_t": 0.5958029197080292, "teamgold_t": 68.3161496350365, "vision_score_t": 0.45347483489442997, "wards_placed_t": 0.04151459854014598, "gold_graph_diffs_t": 18.51140510948905}