{"id": "EUN1_3550855560", "lvl": 1300, "literal level": "GOLD III", "time": 1622, "solokills_t": 0.014796547472256474, "kills_t": 0.04130702836004932, "kp": 0.4149659863945578, "deaths_t": 0.04130702836004932, "assists_t": 0.03945745992601726, "csscore_t": 0.8199753390875463, "teamgold_t": 65.76078914919852, "vision_score_t": 0.6017674586272305, "wards_placed_t": 0.04870530209617756, "gold_graph_diffs_t": 13.140567200986437}