{"id": "EUN1_3578434478", "lvl": 500, "literal level": "BRONZE III", "time": 1221, "solokills_t": 0.013923013923013924, "kills_t": 0.03521703521703522, "kp": 0.4140476190476191, "deaths_t": 0.036036036036036036, "assists_t": 0.03276003276003276, "csscore_t": 0.7092547092547092, "teamgold_t": 59.90663390663391, "vision_score_t": 0.5868148357655002, "wards_placed_t": 0.04668304668304668, "gold_graph_diffs_t": 12.855036855036856}