{"id": "EUN1_3557538261", "lvl": 800, "literal level": "SILVER IV", "time": 1682, "solokills_t": 0.0089179548156956, "kills_t": 0.036860879904875146, "kp": 0.43377192982456136, "deaths_t": 0.03745541022592152, "assists_t": 0.04518430439952437, "csscore_t": 0.7824019024970273, "teamgold_t": 65.79726516052318, "vision_score_t": 0.9344151186783562, "wards_placed_t": 0.06480380499405469, "gold_graph_diffs_t": 15.213436385255648}