{"id": "EUN1_3542934442", "lvl": 500, "literal level": "BRONZE III", "time": 1891, "solokills_t": 0.01639344262295082, "kills_t": 0.04389212057112639, "kp": 0.374645390070922, "deaths_t": 0.04389212057112639, "assists_t": 0.03807509254362771, "csscore_t": 0.7022739291380222, "teamgold_t": 66.6758328926494, "vision_score_t": 0.6773334809634293, "wards_placed_t": 0.047593865679534636, "gold_graph_diffs_t": 14.149127445795875}