{"id": "EUN1_3558340520", "lvl": 500, "literal level": "BRONZE III", "time": 2040, "solokills_t": 0.007352941176470588, "kills_t": 0.029901960784313727, "kp": 0.46111111111111114, "deaths_t": 0.029901960784313727, "assists_t": 0.04068627450980392, "csscore_t": 0.8, "teamgold_t": 62.411764705882355, "vision_score_t": 0.6083564280925854, "wards_placed_t": 0.04852941176470588, "gold_graph_diffs_t": 12.330392156862745}