{"id": "EUN1_3518034636", "lvl": 400, "literal level": "BRONZE IV", "time": 1858, "solokills_t": 0.01829924650161464, "kills_t": 0.05166846071044134, "kp": 0.3635208711433756, "deaths_t": 0.05166846071044134, "assists_t": 0.04198062432723358, "csscore_t": 0.7163616792249731, "teamgold_t": 68.32131324004305, "vision_score_t": 0.5461126236994955, "wards_placed_t": 0.04843918191603875, "gold_graph_diffs_t": 12.905812701829925}