{"id": "EUN1_3522654722", "lvl": 500, "literal level": "BRONZE III", "time": 1538, "solokills_t": 0.005851755526657998, "kills_t": 0.0305591677503251, "kp": 0.421455938697318, "deaths_t": 0.0305591677503251, "assists_t": 0.033810143042912875, "csscore_t": 0.6749024707412223, "teamgold_t": 56.86020806241873, "vision_score_t": 0.7298598313453393, "wards_placed_t": 0.053315994798439535, "gold_graph_diffs_t": 9.998049414824447}