{"id": "EUN1_3546480134", "lvl": 700, "literal level": "BRONZE I", "time": 2300, "solokills_t": 0.011304347826086957, "kills_t": 0.04434782608695652, "kp": 0.4412037037037037, "deaths_t": 0.044782608695652176, "assists_t": 0.05347826086956522, "csscore_t": 0.7056521739130435, "teamgold_t": 67.5195652173913, "vision_score_t": 0.7927810719615339, "wards_placed_t": 0.06695652173913043, "gold_graph_diffs_t": 13.581304347826087}