{"id": "EUN1_3562539014", "lvl": 1000, "literal level": "SILVER II", "time": 2121, "solokills_t": 0.00942951438000943, "kills_t": 0.039132484677039135, "kp": 0.4552878965922445, "deaths_t": 0.039603960396039604, "assists_t": 0.04997642621404998, "csscore_t": 0.7397454031117398, "teamgold_t": 64.84912776991985, "vision_score_t": 0.9156910213519651, "wards_placed_t": 0.07024988213107025, "gold_graph_diffs_t": 15.354549740688354}