{"id": "EUN1_3540654557", "lvl": 400, "literal level": "BRONZE IV", "time": 1165, "solokills_t": 0.0068669527896995704, "kills_t": 0.03261802575107296, "kp": 0.4397101449275362, "deaths_t": 0.03261802575107296, "assists_t": 0.03862660944206009, "csscore_t": 0.6686695278969957, "teamgold_t": 57.8, "vision_score_t": 0.630441946021419, "wards_placed_t": 0.048068669527897, "gold_graph_diffs_t": 12.5931330472103}