{"id": "EUN1_3571517931", "lvl": 600, "literal level": "BRONZE II", "time": 2179, "solokills_t": 0.007801743919229004, "kills_t": 0.03625516291877008, "kp": 0.42901960784313725, "deaths_t": 0.036714089031665904, "assists_t": 0.043139054612207434, "csscore_t": 0.7209729233593392, "teamgold_t": 63.66911427260211, "vision_score_t": 1.0761120436337415, "wards_placed_t": 0.06746213859568609, "gold_graph_diffs_t": 13.610371730151446}