{"id": "EUN1_3583337322", "lvl": 200, "literal level": "IRON II", "time": 2128, "solokills_t": 0.01550751879699248, "kills_t": 0.048402255639097745, "kp": 0.37962234461054284, "deaths_t": 0.048402255639097745, "assists_t": 0.045112781954887216, "csscore_t": 0.7396616541353384, "teamgold_t": 66.77161654135338, "vision_score_t": 0.7688151317597075, "wards_placed_t": 0.0549812030075188, "gold_graph_diffs_t": 13.06296992481203}