{"id": "EUN1_3561755336", "lvl": 800, "literal level": "SILVER IV", "time": 2075, "solokills_t": 0.00963855421686747, "kills_t": 0.04048192771084337, "kp": 0.4471089470480828, "deaths_t": 0.04096385542168675, "assists_t": 0.05012048192771084, "csscore_t": 0.7580722891566265, "teamgold_t": 66.47518072289157, "vision_score_t": 0.987845526786874, "wards_placed_t": 0.06843373493975903, "gold_graph_diffs_t": 13.140240963855423}