{"id": "EUN1_3567745091", "lvl": 600, "literal level": "BRONZE II", "time": 2827, "solokills_t": 0.006367173682348779, "kills_t": 0.03289706402546869, "kp": 0.4668386491557223, "deaths_t": 0.03289706402546869, "assists_t": 0.04386275203395826, "csscore_t": 0.6498054474708171, "teamgold_t": 59.929961089494164, "vision_score_t": 0.8695911285783191, "wards_placed_t": 0.06544039617969578, "gold_graph_diffs_t": 15.03077467279802}