{"id": "EUN1_3531394238", "lvl": 1100, "literal level": "SILVER I", "time": 1741, "solokills_t": 0.010913268236645606, "kills_t": 0.04480183802412407, "kp": 0.4134615384615385, "deaths_t": 0.04480183802412407, "assists_t": 0.04767375071797817, "csscore_t": 0.7765651924181505, "teamgold_t": 69.52211372774268, "vision_score_t": 0.830561025348764, "wards_placed_t": 0.0700746697300402, "gold_graph_diffs_t": 14.698449167145318}