{"id": "EUN1_3565467713", "lvl": 900, "literal level": "SILVER III", "time": 1586, "solokills_t": 0.012610340479192938, "kills_t": 0.044136191677175286, "kp": 0.40716783216783214, "deaths_t": 0.044136191677175286, "assists_t": 0.04918032786885246, "csscore_t": 0.7509457755359394, "teamgold_t": 68.33417402269862, "vision_score_t": 0.7361287850179592, "wards_placed_t": 0.058007566204287514, "gold_graph_diffs_t": 17.648171500630518}