{"id": "EUN1_3568677130", "lvl": 700, "literal level": "BRONZE I", "time": 2036, "solokills_t": 0.012278978388998035, "kills_t": 0.047151277013752456, "kp": 0.45264550264550263, "deaths_t": 0.047151277013752456, "assists_t": 0.061394891944990176, "csscore_t": 0.7337917485265226, "teamgold_t": 70.28585461689588, "vision_score_t": 0.7861400866383582, "wards_placed_t": 0.06041257367387033, "gold_graph_diffs_t": 15.093320235756385}