{"id": "EUN1_3520068444", "lvl": 600, "literal level": "BRONZE II", "time": 1228, "solokills_t": 0.008957654723127036, "kills_t": 0.012214983713355049, "kp": 0.2730769230769231, "deaths_t": 0.012214983713355049, "assists_t": 0.003257328990228013, "csscore_t": 0.754071661237785, "teamgold_t": 49.46254071661238, "vision_score_t": 0.43604144239238163, "wards_placed_t": 0.03745928338762215, "gold_graph_diffs_t": 9.2442996742671}