{"id": "EUN1_3577811699", "lvl": 600, "literal level": "BRONZE II", "time": 2049, "solokills_t": 0.017569546120058566, "kills_t": 0.04587603709126403, "kp": 0.40566037735849064, "deaths_t": 0.04587603709126403, "assists_t": 0.047340165934602246, "csscore_t": 0.8047828208882382, "teamgold_t": 70.15617374328941, "vision_score_t": 0.8905834399589857, "wards_placed_t": 0.06979014153245486, "gold_graph_diffs_t": 12.28696925329429}