{"id": "EUN1_3567838197", "lvl": 600, "literal level": "BRONZE II", "time": 1928, "solokills_t": 0.007780082987551867, "kills_t": 0.029045643153526972, "kp": 0.37647058823529417, "deaths_t": 0.029045643153526972, "assists_t": 0.026970954356846474, "csscore_t": 0.7235477178423236, "teamgold_t": 57.42634854771784, "vision_score_t": 0.8142563628175266, "wards_placed_t": 0.0637966804979253, "gold_graph_diffs_t": 14.358921161825727}