{"id": "EUN1_3566466543", "lvl": 500, "literal level": "BRONZE III", "time": 1602, "solokills_t": 0.020599250936329586, "kills_t": 0.04931335830212235, "kp": 0.35610389610389614, "deaths_t": 0.04931335830212235, "assists_t": 0.03870162297128589, "csscore_t": 0.7465667915106118, "teamgold_t": 69.0505617977528, "vision_score_t": 0.6937357347450521, "wards_placed_t": 0.049937578027465665, "gold_graph_diffs_t": 12.740948813982522}