{"id": "EUN1_3580871518", "lvl": 600, "literal level": "BRONZE II", "time": 2132, "solokills_t": 0.009380863039399626, "kills_t": 0.04174484052532833, "kp": 0.4433943089430894, "deaths_t": 0.04174484052532833, "assists_t": 0.051594746716697934, "csscore_t": 0.7795497185741088, "teamgold_t": 67.80816135084427, "vision_score_t": 0.9044932460004185, "wards_placed_t": 0.06144465290806754, "gold_graph_diffs_t": 12.25375234521576}