{"id": "EUN1_3565353646", "lvl": 400, "literal level": "BRONZE IV", "time": 928, "solokills_t": 0.011853448275862068, "kills_t": 0.034482758620689655, "kp": 0.4166666666666667, "deaths_t": 0.034482758620689655, "assists_t": 0.03017241379310345, "csscore_t": 0.6670258620689655, "teamgold_t": 57.2823275862069, "vision_score_t": 0.5256739358071115, "wards_placed_t": 0.04310344827586207, "gold_graph_diffs_t": 9.77801724137931}