{"id": "EUN1_3568184116", "lvl": 500, "literal level": "BRONZE III", "time": 2365, "solokills_t": 0.010993657505285413, "kills_t": 0.042283298097251586, "kp": 0.4644319550381373, "deaths_t": 0.042283298097251586, "assists_t": 0.05623678646934461, "csscore_t": 0.7247357293868921, "teamgold_t": 66.13319238900634, "vision_score_t": 0.8334233771274733, "wards_placed_t": 0.06427061310782241, "gold_graph_diffs_t": 15.054122621564481}