{"id": "EUN1_3542085555", "lvl": 300, "literal level": "IRON I", "time": 1758, "solokills_t": 0.005119453924914676, "kills_t": 0.026734926052332197, "kp": 0.5244588744588744, "deaths_t": 0.026734926052332197, "assists_t": 0.04778156996587031, "csscore_t": 0.7627986348122867, "teamgold_t": 59.90216154721274, "vision_score_t": 0.7479445417983888, "wards_placed_t": 0.0540386803185438, "gold_graph_diffs_t": 11.76905574516496}