{"id": "EUN1_3583406156", "lvl": 600, "literal level": "BRONZE II", "time": 1831, "solokills_t": 0.004369197160021846, "kills_t": 0.03276897870016385, "kp": 0.5175, "deaths_t": 0.03276897870016385, "assists_t": 0.05133806663025669, "csscore_t": 0.8279628618241398, "teamgold_t": 66.11687602403059, "vision_score_t": 0.9603125532171044, "wards_placed_t": 0.0726379027853632, "gold_graph_diffs_t": 12.383397050791917}