{"id": "EUN1_3570257740", "lvl": 700, "literal level": "BRONZE I", "time": 2046, "solokills_t": 0.011730205278592375, "kills_t": 0.033235581622678395, "kp": 0.3985714285714286, "deaths_t": 0.033235581622678395, "assists_t": 0.03274682306940371, "csscore_t": 0.875366568914956, "teamgold_t": 64.89638318670576, "vision_score_t": 0.870938160175049, "wards_placed_t": 0.06451612903225806, "gold_graph_diffs_t": 11.917888563049853}