{"id": "EUN1_3547305061", "lvl": 700, "literal level": "BRONZE I", "time": 2596, "solokills_t": 0.011556240369799691, "kills_t": 0.04121725731895223, "kp": 0.4139160839160839, "deaths_t": 0.04121725731895223, "assists_t": 0.04429892141756549, "csscore_t": 0.6918335901386748, "teamgold_t": 64.15138674884437, "vision_score_t": 0.864698255407457, "wards_placed_t": 0.060092449922958396, "gold_graph_diffs_t": 13.811633281972265}