{"id": "EUN1_3538960651", "lvl": 600, "literal level": "BRONZE II", "time": 1389, "solokills_t": 0.013678905687544997, "kills_t": 0.04895608351331893, "kp": 0.4132367149758454, "deaths_t": 0.04895608351331893, "assists_t": 0.05255579553635709, "csscore_t": 0.673866090712743, "teamgold_t": 67.19366450683945, "vision_score_t": 0.5932874718727178, "wards_placed_t": 0.047516198704103674, "gold_graph_diffs_t": 16.931605471562275}