{"id": "EUN1_3560912381", "lvl": 1000, "literal level": "SILVER II", "time": 3028, "solokills_t": 0.004953764861294584, "kills_t": 0.022457067371202115, "kp": 0.49171752397558854, "deaths_t": 0.022457067371202115, "assists_t": 0.03302509907529723, "csscore_t": 0.7896301188903567, "teamgold_t": 58.77410832232497, "vision_score_t": 0.9702681378698113, "wards_placed_t": 0.071334214002642, "gold_graph_diffs_t": 11.13672391017173}