{"id": "EUN1_3562279014", "lvl": 600, "literal level": "BRONZE II", "time": 1780, "solokills_t": 0.011235955056179775, "kills_t": 0.03707865168539326, "kp": 0.42222222222222217, "deaths_t": 0.03707865168539326, "assists_t": 0.042134831460674156, "csscore_t": 0.8044943820224719, "teamgold_t": 65.88539325842697, "vision_score_t": 0.8223299552514002, "wards_placed_t": 0.06573033707865168, "gold_graph_diffs_t": 15.395505617977529}