{"id": "EUN1_3559532105", "lvl": 900, "literal level": "SILVER III", "time": 2366, "solokills_t": 0.01098901098901099, "kills_t": 0.03761622992392223, "kp": 0.4251412429378531, "deaths_t": 0.03761622992392223, "assists_t": 0.04184277261200338, "csscore_t": 0.7958579881656804, "teamgold_t": 66.1301775147929, "vision_score_t": 0.8721122479284628, "wards_placed_t": 0.06170752324598478, "gold_graph_diffs_t": 14.26458157227388}