{"id": "EUN1_3565442557", "lvl": 800, "literal level": "SILVER IV", "time": 2216, "solokills_t": 0.016245487364620937, "kills_t": 0.04061371841155235, "kp": 0.37962962962962965, "deaths_t": 0.04061371841155235, "assists_t": 0.03790613718411552, "csscore_t": 0.6917870036101083, "teamgold_t": 63.34927797833935, "vision_score_t": 0.7992422395448724, "wards_placed_t": 0.05911552346570397, "gold_graph_diffs_t": 14.41245487364621}