{"id": "EUN1_3581546630", "lvl": 900, "literal level": "SILVER III", "time": 1707, "solokills_t": 0.008787346221441126, "kills_t": 0.0421792618629174, "kp": 0.41875, "deaths_t": 0.042765084944346804, "assists_t": 0.0492091388400703, "csscore_t": 0.7727006444053895, "teamgold_t": 70.42120679554775, "vision_score_t": 0.7111880625903105, "wards_placed_t": 0.056824838898652606, "gold_graph_diffs_t": 17.43702401874634}