{"id": "EUN1_3575298709", "lvl": 500, "literal level": "BRONZE III", "time": 1991, "solokills_t": 0.011049723756906077, "kills_t": 0.03616273229532898, "kp": 0.41253869969040247, "deaths_t": 0.03616273229532898, "assists_t": 0.03867403314917127, "csscore_t": 0.7975891511803114, "teamgold_t": 66.71471622300352, "vision_score_t": 0.9032070797978621, "wards_placed_t": 0.06730286288297338, "gold_graph_diffs_t": 12.971873430436967}