{"id": "EUN1_3560114724", "lvl": 900, "literal level": "SILVER III", "time": 1655, "solokills_t": 0.004833836858006042, "kills_t": 0.033836858006042296, "kp": 0.4395833333333333, "deaths_t": 0.033836858006042296, "assists_t": 0.04169184290030212, "csscore_t": 0.7492447129909365, "teamgold_t": 63.66586102719033, "vision_score_t": 0.7903662516713205, "wards_placed_t": 0.053172205438066465, "gold_graph_diffs_t": 12.912990936555891}