{"id": "EUN1_3576429020", "lvl": 600, "literal level": "BRONZE II", "time": 1436, "solokills_t": 0.005571030640668524, "kills_t": 0.02924791086350975, "kp": 0.43076923076923085, "deaths_t": 0.02924791086350975, "assists_t": 0.034818941504178275, "csscore_t": 0.7165738161559888, "teamgold_t": 56.08356545961003, "vision_score_t": 0.6288497710544795, "wards_placed_t": 0.04874651810584958, "gold_graph_diffs_t": 9.629526462395543}