{"id": "EUN1_3535585478", "lvl": 300, "literal level": "IRON I", "time": 2322, "solokills_t": 0.014642549526270457, "kills_t": 0.050818260120585705, "kp": 0.39620689655172414, "deaths_t": 0.0512489233419466, "assists_t": 0.04995693367786391, "csscore_t": 0.5878552971576227, "teamgold_t": 64.39362618432386, "vision_score_t": 0.6047943990267891, "wards_placed_t": 0.04866494401378122, "gold_graph_diffs_t": 13.81739879414298}