{"id": "EUN1_3534003709", "lvl": 1100, "literal level": "SILVER I", "time": 1447, "solokills_t": 0.018659295093296474, "kills_t": 0.04284727021423635, "kp": 0.35727272727272724, "deaths_t": 0.04284727021423635, "assists_t": 0.033863165169315826, "csscore_t": 0.7857636489288182, "teamgold_t": 66.62266758811334, "vision_score_t": 0.7346835535397238, "wards_placed_t": 0.05044920525224603, "gold_graph_diffs_t": 11.512785072563926}