{"id": "EUN1_3556295648", "lvl": 800, "literal level": "SILVER IV", "time": 1880, "solokills_t": 0.009574468085106383, "kills_t": 0.045744680851063826, "kp": 0.4558695652173913, "deaths_t": 0.045744680851063826, "assists_t": 0.05797872340425532, "csscore_t": 0.6973404255319149, "teamgold_t": 68.53776595744681, "vision_score_t": 0.774359200555603, "wards_placed_t": 0.06808510638297872, "gold_graph_diffs_t": 13.110106382978723}