{"id": "EUN1_3563116826", "lvl": 1100, "literal level": "SILVER I", "time": 1591, "solokills_t": 0.00502828409805154, "kills_t": 0.0295411690760528, "kp": 0.4850574712643678, "deaths_t": 0.030798240100565682, "assists_t": 0.04274041483343809, "csscore_t": 0.9013199245757385, "teamgold_t": 67.00062853551226, "vision_score_t": 0.8037816651722757, "wards_placed_t": 0.05782526712759271, "gold_graph_diffs_t": 14.191074795725958}