{"id": "EUN1_3519071922", "lvl": 200, "literal level": "IRON II", "time": 1799, "solokills_t": 0.013340744858254585, "kills_t": 0.04724847137298499, "kp": 0.40973715651135006, "deaths_t": 0.04724847137298499, "assists_t": 0.05058365758754864, "csscore_t": 0.6209005002779322, "teamgold_t": 63.56142301278488, "vision_score_t": 0.6140420642903723, "wards_placed_t": 0.049471928849360754, "gold_graph_diffs_t": 13.300166759310729}