{"id": "EUN1_3559410455", "lvl": 700, "literal level": "BRONZE I", "time": 1973, "solokills_t": 0.016725798276735936, "kills_t": 0.05271160669031931, "kp": 0.3749533407988055, "deaths_t": 0.05271160669031931, "assists_t": 0.046122655854029394, "csscore_t": 0.7237709072478459, "teamgold_t": 72.19361378611252, "vision_score_t": 0.8228133142754632, "wards_placed_t": 0.05727318803852002, "gold_graph_diffs_t": 12.67410035478966}