{"id": "EUN1_3567386246", "lvl": 800, "literal level": "SILVER IV", "time": 1786, "solokills_t": 0.011758118701007838, "kills_t": 0.0425531914893617, "kp": 0.4469187675070028, "deaths_t": 0.0425531914893617, "assists_t": 0.05319148936170213, "csscore_t": 0.7049272116461366, "teamgold_t": 66.506718924972, "vision_score_t": 0.8207487190123887, "wards_placed_t": 0.0593505039193729, "gold_graph_diffs_t": 14.554871220604703}