{"id": "EUN1_3524319643", "lvl": 300, "literal level": "IRON I", "time": 1970, "solokills_t": 0.009644670050761422, "kills_t": 0.03248730964467005, "kp": 0.4269950738916256, "deaths_t": 0.03299492385786802, "assists_t": 0.03654822335025381, "csscore_t": 0.6634517766497462, "teamgold_t": 58.776649746192895, "vision_score_t": 0.8172121663522127, "wards_placed_t": 0.05685279187817259, "gold_graph_diffs_t": 9.174619289340102}