{"id": "EUN1_3574006227", "lvl": 600, "literal level": "BRONZE II", "time": 1645, "solokills_t": 0.01033434650455927, "kills_t": 0.035866261398176294, "kp": 0.4174603174603175, "deaths_t": 0.035866261398176294, "assists_t": 0.03525835866261398, "csscore_t": 0.7927051671732522, "teamgold_t": 62.817629179331306, "vision_score_t": 0.6244254411197911, "wards_placed_t": 0.04741641337386018, "gold_graph_diffs_t": 13.139817629179332}