{"id": "EUN1_3552336400", "lvl": 600, "literal level": "BRONZE II", "time": 1567, "solokills_t": 0.01021059349074665, "kills_t": 0.04020421186981493, "kp": 0.448580121703854, "deaths_t": 0.04020421186981493, "assists_t": 0.05041480536056158, "csscore_t": 0.7472878111040204, "teamgold_t": 64.83854499042756, "vision_score_t": 0.7605961039166116, "wards_placed_t": 0.05679642629227824, "gold_graph_diffs_t": 13.56732610082961}