{"id": "EUN1_3561318411", "lvl": 600, "literal level": "BRONZE II", "time": 1608, "solokills_t": 0.020522388059701493, "kills_t": 0.053482587064676616, "kp": 0.38654164368450084, "deaths_t": 0.053482587064676616, "assists_t": 0.05099502487562189, "csscore_t": 0.7182835820895522, "teamgold_t": 71.2481343283582, "vision_score_t": 0.8010728461559014, "wards_placed_t": 0.05161691542288557, "gold_graph_diffs_t": 12.848880597014926}