{"id": "EUN1_3566805946", "lvl": 1100, "literal level": "SILVER I", "time": 1607, "solokills_t": 0.002489110143123833, "kills_t": 0.026757934038581208, "kp": 0.5359728506787331, "deaths_t": 0.026757934038581208, "assists_t": 0.044803982576229, "csscore_t": 0.7809583074051026, "teamgold_t": 60.31798382078407, "vision_score_t": 0.9998391677150421, "wards_placed_t": 0.06596141879278158, "gold_graph_diffs_t": 11.426882389545737}