{"id": "EUN1_3556388194", "lvl": 800, "literal level": "SILVER IV", "time": 1901, "solokills_t": 0.011046817464492372, "kills_t": 0.047869542346133616, "kp": 0.43782051282051276, "deaths_t": 0.0483955812730142, "assists_t": 0.05681220410310363, "csscore_t": 0.8058916359810626, "teamgold_t": 74.5202524986849, "vision_score_t": 0.8434708507254856, "wards_placed_t": 0.06680694371383482, "gold_graph_diffs_t": 16.511835875854814}