{"id": "EUN1_3562288132", "lvl": 300, "literal level": "IRON I", "time": 2717, "solokills_t": 0.005888847994111152, "kills_t": 0.041221935958778065, "kp": 0.49237315875613746, "deaths_t": 0.041221935958778065, "assists_t": 0.060360691939639305, "csscore_t": 0.6989326463010673, "teamgold_t": 64.82517482517483, "vision_score_t": 0.8346918865301722, "wards_placed_t": 0.06551343393448657, "gold_graph_diffs_t": 13.39124033860876}