{"id": "EUN1_3540807523", "lvl": 200, "literal level": "IRON II", "time": 2604, "solokills_t": 0.009984639016897081, "kills_t": 0.03648233486943164, "kp": 0.431590909090909, "deaths_t": 0.03648233486943164, "assists_t": 0.04185867895545315, "csscore_t": 0.6443932411674347, "teamgold_t": 61.334485407066055, "vision_score_t": 0.5901376976372837, "wards_placed_t": 0.04838709677419355, "gold_graph_diffs_t": 10.743087557603687}