{"id": "EUN1_3564178820", "lvl": 700, "literal level": "BRONZE I", "time": 1257, "solokills_t": 0.010342084327764518, "kills_t": 0.031821797931583136, "kp": 0.34805194805194806, "deaths_t": 0.031821797931583136, "assists_t": 0.027048528241845664, "csscore_t": 0.7239459029435164, "teamgold_t": 61.857597454256165, "vision_score_t": 0.672338872468347, "wards_placed_t": 0.050119331742243436, "gold_graph_diffs_t": 14.045346062052506}