{"id": "EUN1_3558534216", "lvl": 600, "literal level": "BRONZE II", "time": 2212, "solokills_t": 0.012206148282097649, "kills_t": 0.04113924050632911, "kp": 0.4295918367346939, "deaths_t": 0.04113924050632911, "assists_t": 0.04701627486437613, "csscore_t": 0.6374321880650995, "teamgold_t": 64.10533453887884, "vision_score_t": 0.7672679635757363, "wards_placed_t": 0.056962025316455694, "gold_graph_diffs_t": 13.894665461121157}