{"id": "EUN1_3575362214", "lvl": 600, "literal level": "BRONZE II", "time": 2065, "solokills_t": 0.00774818401937046, "kills_t": 0.041646489104116224, "kp": 0.4603896103896104, "deaths_t": 0.041646489104116224, "assists_t": 0.05423728813559322, "csscore_t": 0.7128329297820823, "teamgold_t": 66.52881355932203, "vision_score_t": 0.6906729764272017, "wards_placed_t": 0.053268765133171914, "gold_graph_diffs_t": 13.253268765133171}