{"id": "EUN1_3569634862", "lvl": 600, "literal level": "BRONZE II", "time": 1933, "solokills_t": 0.01189860320744956, "kills_t": 0.04500775995861355, "kp": 0.44619047619047614, "deaths_t": 0.04500775995861355, "assists_t": 0.05483704086911537, "csscore_t": 0.6849456802897051, "teamgold_t": 67.17020175892395, "vision_score_t": 0.8581173229113428, "wards_placed_t": 0.0636316606311433, "gold_graph_diffs_t": 13.971029487842731}