{"id": "EUN1_3565371936", "lvl": 400, "literal level": "BRONZE IV", "time": 1920, "solokills_t": 0.015104166666666667, "kills_t": 0.049479166666666664, "kp": 0.42034883720930233, "deaths_t": 0.05, "assists_t": 0.05520833333333333, "csscore_t": 0.5484375, "teamgold_t": 65.28645833333333, "vision_score_t": 0.5023762255703657, "wards_placed_t": 0.04010416666666667, "gold_graph_diffs_t": 11.992708333333333}