{"id": "EUN1_3557054204", "lvl": 600, "literal level": "BRONZE II", "time": 2162, "solokills_t": 0.0064754856614246065, "kills_t": 0.024514338575393153, "kp": 0.4501428571428572, "deaths_t": 0.024514338575393153, "assists_t": 0.030064754856614247, "csscore_t": 0.723404255319149, "teamgold_t": 58.204440333024976, "vision_score_t": 0.9349151435047318, "wards_placed_t": 0.058279370952821465, "gold_graph_diffs_t": 12.795559666975024}