{"id": "EUN1_3565292585", "lvl": 1100, "literal level": "SILVER I", "time": 1835, "solokills_t": 0.010899182561307902, "kills_t": 0.03923705722070845, "kp": 0.45681818181818173, "deaths_t": 0.03978201634877384, "assists_t": 0.05068119891008174, "csscore_t": 0.7122615803814714, "teamgold_t": 63.486648501362396, "vision_score_t": 0.8018081730575902, "wards_placed_t": 0.05722070844686648, "gold_graph_diffs_t": 16.4991825613079}