{"id": "EUN1_3549388379", "lvl": 500, "literal level": "BRONZE III", "time": 1587, "solokills_t": 0.010081915563957152, "kills_t": 0.03843730308758664, "kp": 0.46115288220551376, "deaths_t": 0.03843730308758664, "assists_t": 0.048519218651543794, "csscore_t": 0.700693131695022, "teamgold_t": 62.67737870195337, "vision_score_t": 0.6952916661678168, "wards_placed_t": 0.05671077504725898, "gold_graph_diffs_t": 13.982986767485823}