{"id": "EUN1_3547409746", "lvl": 700, "literal level": "BRONZE I", "time": 923, "solokills_t": 0.021668472372697724, "kills_t": 0.032502708559046585, "kp": 0.29192546583850926, "deaths_t": 0.032502708559046585, "assists_t": 0.013001083423618635, "csscore_t": 0.7291440953412784, "teamgold_t": 57.072589382448534, "vision_score_t": 0.7391204545901016, "wards_placed_t": 0.06067172264355363, "gold_graph_diffs_t": 12.767063921993499}