{"id": "EUN1_3532588718", "lvl": 800, "literal level": "SILVER IV", "time": 1864, "solokills_t": 0.00536480686695279, "kills_t": 0.029506437768240343, "kp": 0.4590909090909091, "deaths_t": 0.029506437768240343, "assists_t": 0.038090128755364806, "csscore_t": 0.7709227467811158, "teamgold_t": 62.987124463519315, "vision_score_t": 0.7154568344927313, "wards_placed_t": 0.05740343347639485, "gold_graph_diffs_t": 14.563304721030043}