{"id": "EUN1_3581286956", "lvl": 800, "literal level": "SILVER IV", "time": 2411, "solokills_t": 0.014102032351721278, "kills_t": 0.04935711323102447, "kp": 0.45601694915254243, "deaths_t": 0.04935711323102447, "assists_t": 0.06304437992534218, "csscore_t": 0.7901285773537952, "teamgold_t": 72.03401078390709, "vision_score_t": 0.8494346774435144, "wards_placed_t": 0.059311489008710076, "gold_graph_diffs_t": 13.262546661136458}