{"id": "EUN1_3584794838", "lvl": 500, "literal level": "BRONZE III", "time": 1424, "solokills_t": 0.010533707865168539, "kills_t": 0.03581460674157303, "kp": 0.42777777777777776, "deaths_t": 0.03581460674157303, "assists_t": 0.037921348314606744, "csscore_t": 0.7907303370786517, "teamgold_t": 63.172050561797754, "vision_score_t": 0.5531730540154525, "wards_placed_t": 0.042134831460674156, "gold_graph_diffs_t": 13.302668539325843}