{"id": "EUN1_3573175178", "lvl": 400, "literal level": "BRONZE IV", "time": 1745, "solokills_t": 0.009742120343839542, "kills_t": 0.03037249283667622, "kp": 0.3911111111111111, "deaths_t": 0.03037249283667622, "assists_t": 0.027507163323782235, "csscore_t": 0.8630372492836677, "teamgold_t": 61.5919770773639, "vision_score_t": 0.4577351382178926, "wards_placed_t": 0.0332378223495702, "gold_graph_diffs_t": 11.17593123209169}