{"id": "EUN1_3561411530", "lvl": 1000, "literal level": "SILVER II", "time": 1809, "solokills_t": 0.009950248756218905, "kills_t": 0.03814262023217247, "kp": 0.42890756302521005, "deaths_t": 0.03814262023217247, "assists_t": 0.04367053620784964, "csscore_t": 0.736318407960199, "teamgold_t": 66.22001105583195, "vision_score_t": 0.8786785640236328, "wards_placed_t": 0.07131011608623548, "gold_graph_diffs_t": 12.697622996130459}