{"id": "EUN1_3583980517", "lvl": 900, "literal level": "SILVER III", "time": 1777, "solokills_t": 0.011254924029262802, "kills_t": 0.03657850309510411, "kp": 0.4413617886178862, "deaths_t": 0.03657850309510411, "assists_t": 0.04333145751266179, "csscore_t": 0.7377602701181767, "teamgold_t": 62.43162633652223, "vision_score_t": 0.9333178681076746, "wards_placed_t": 0.06978052898142938, "gold_graph_diffs_t": 11.759707371975239}