{"id": "EUN1_3551481910", "lvl": 1100, "literal level": "SILVER I", "time": 1630, "solokills_t": 0.011042944785276074, "kills_t": 0.044171779141104296, "kp": 0.42777777777777776, "deaths_t": 0.044171779141104296, "assists_t": 0.05030674846625767, "csscore_t": 0.745398773006135, "teamgold_t": 70.43067484662576, "vision_score_t": 0.8414257448145875, "wards_placed_t": 0.06134969325153374, "gold_graph_diffs_t": 18.647852760736196}