{"id": "EUN1_3505491668", "lvl": 700, "literal level": "BRONZE I", "time": 1984, "solokills_t": 0.008568548387096774, "kills_t": 0.03931451612903226, "kp": 0.48305866842452205, "deaths_t": 0.03931451612903226, "assists_t": 0.055443548387096774, "csscore_t": 0.6945564516129032, "teamgold_t": 62.31804435483871, "vision_score_t": 0.7336353680134323, "wards_placed_t": 0.06754032258064516, "gold_graph_diffs_t": 13.386592741935484}