{"id": "EUN1_3536683609", "lvl": 900, "literal level": "SILVER III", "time": 1830, "solokills_t": 0.014207650273224045, "kills_t": 0.047540983606557376, "kp": 0.4222154963680388, "deaths_t": 0.048633879781420766, "assists_t": 0.054098360655737705, "csscore_t": 0.7174863387978142, "teamgold_t": 66.07322404371585, "vision_score_t": 0.8431766307226949, "wards_placed_t": 0.06174863387978142, "gold_graph_diffs_t": 15.878688524590164}