{"id": "EUN1_3505266248", "lvl": 700, "literal level": "BRONZE I", "time": 1589, "solokills_t": 0.013215859030837005, "kills_t": 0.04090623033354311, "kp": 0.3678362573099415, "deaths_t": 0.04090623033354311, "assists_t": 0.033983637507866586, "csscore_t": 0.7589679043423537, "teamgold_t": 63.222781623662684, "vision_score_t": 0.8228412125531094, "wards_placed_t": 0.06544996853366897, "gold_graph_diffs_t": 11.959093769666456}