{"id": "EUN1_3519905807", "lvl": 1000, "literal level": "SILVER II", "time": 1326, "solokills_t": 0.008295625942684766, "kills_t": 0.02790346907993967, "kp": 0.3943965517241379, "deaths_t": 0.02790346907993967, "assists_t": 0.02865761689291101, "csscore_t": 0.9230769230769231, "teamgold_t": 61.61538461538461, "vision_score_t": 0.5555423832023922, "wards_placed_t": 0.05128205128205128, "gold_graph_diffs_t": 10.340874811463047}