{"id": "EUN1_3558290020", "lvl": 900, "literal level": "SILVER III", "time": 2232, "solokills_t": 0.00985663082437276, "kills_t": 0.03494623655913978, "kp": 0.4512032085561498, "deaths_t": 0.03494623655913978, "assists_t": 0.04345878136200717, "csscore_t": 0.7710573476702509, "teamgold_t": 63.95295698924731, "vision_score_t": 0.9473646633910139, "wards_placed_t": 0.062275985663082435, "gold_graph_diffs_t": 11.169802867383513}