{"id": "EUN1_3572326982", "lvl": 800, "literal level": "SILVER IV", "time": 2493, "solokills_t": 0.012434817488969114, "kills_t": 0.039711191335740074, "kp": 0.3964285714285714, "deaths_t": 0.039711191335740074, "assists_t": 0.03850782190132371, "csscore_t": 0.7870036101083032, "teamgold_t": 66.29562775772162, "vision_score_t": 0.7698285386435124, "wards_placed_t": 0.05856397914159647, "gold_graph_diffs_t": 12.886081026875251}