{"id": "EUN1_3537687427", "lvl": 1000, "literal level": "SILVER II", "time": 1625, "solokills_t": 0.008615384615384615, "kills_t": 0.03569230769230769, "kp": 0.4371120107962213, "deaths_t": 0.03569230769230769, "assists_t": 0.03876923076923077, "csscore_t": 0.8153846153846154, "teamgold_t": 65.55015384615385, "vision_score_t": 0.918782950359877, "wards_placed_t": 0.06153846153846154, "gold_graph_diffs_t": 12.878153846153847}