{"id": "EUN1_3568203270", "lvl": 600, "literal level": "BRONZE II", "time": 2379, "solokills_t": 0.00546448087431694, "kills_t": 0.04287515762925599, "kp": 0.5402494802494802, "deaths_t": 0.04329550231189575, "assists_t": 0.0735603194619588, "csscore_t": 0.6431273644388399, "teamgold_t": 68.01555275325767, "vision_score_t": 0.7062081106073503, "wards_placed_t": 0.052543085329970575, "gold_graph_diffs_t": 17.03194619588062}