{"id": "EUN1_3564513987", "lvl": 600, "literal level": "BRONZE II", "time": 1640, "solokills_t": 0.006097560975609756, "kills_t": 0.03597560975609756, "kp": 0.5389400921658987, "deaths_t": 0.03597560975609756, "assists_t": 0.061585365853658536, "csscore_t": 0.8207317073170731, "teamgold_t": 65.69878048780488, "vision_score_t": 0.6000410512020312, "wards_placed_t": 0.0524390243902439, "gold_graph_diffs_t": 12.492682926829268}