{"id": "EUN1_3574236048", "lvl": 400, "literal level": "BRONZE IV", "time": 1842, "solokills_t": 0.00760043431053203, "kills_t": 0.026601520086862108, "kp": 0.4541379310344828, "deaths_t": 0.026601520086862108, "assists_t": 0.033659066232356136, "csscore_t": 0.6900108577633007, "teamgold_t": 57.46254071661238, "vision_score_t": 0.9027795977854607, "wards_placed_t": 0.07003257328990228, "gold_graph_diffs_t": 12.412595005428882}