{"id": "EUN1_3546904839", "lvl": 1100, "literal level": "SILVER I", "time": 1090, "solokills_t": 0.01651376146788991, "kills_t": 0.03853211009174312, "kp": 0.3350000000000001, "deaths_t": 0.03853211009174312, "assists_t": 0.027522935779816515, "csscore_t": 0.8201834862385321, "teamgold_t": 64.7045871559633, "vision_score_t": 0.8034668822347145, "wards_placed_t": 0.05321100917431193, "gold_graph_diffs_t": 13.359633027522936}