{"id": "EUN1_3576113686", "lvl": 500, "literal level": "BRONZE III", "time": 2397, "solokills_t": 0.011681268251981644, "kills_t": 0.03796412181894034, "kp": 0.45103199174406605, "deaths_t": 0.03838130997079683, "assists_t": 0.04755944931163955, "csscore_t": 0.670421360033375, "teamgold_t": 63.90571547768043, "vision_score_t": 0.7031272693588575, "wards_placed_t": 0.05506883604505632, "gold_graph_diffs_t": 13.992490613266582}