{"id": "EUN1_3575884830", "lvl": 400, "literal level": "BRONZE IV", "time": 1920, "solokills_t": 0.005208333333333333, "kills_t": 0.028125, "kp": 0.4391304347826087, "deaths_t": 0.028645833333333332, "assists_t": 0.0328125, "csscore_t": 0.7208333333333333, "teamgold_t": 58.475520833333334, "vision_score_t": 0.6205327823476633, "wards_placed_t": 0.05260416666666667, "gold_graph_diffs_t": 9.944270833333333}