{"id": "EUN1_3574536822", "lvl": 700, "literal level": "BRONZE I", "time": 1841, "solokills_t": 0.014665942422596416, "kills_t": 0.040195545898967955, "kp": 0.44636734693877556, "deaths_t": 0.040195545898967955, "assists_t": 0.04888647474198805, "csscore_t": 0.6925583921781641, "teamgold_t": 63.73872895165671, "vision_score_t": 0.7404555359519255, "wards_placed_t": 0.05594785442694188, "gold_graph_diffs_t": 12.378598587724063}