{"id": "EUN1_3563013058", "lvl": 600, "literal level": "BRONZE II", "time": 1900, "solokills_t": 0.013157894736842105, "kills_t": 0.03736842105263158, "kp": 0.35271132376395536, "deaths_t": 0.03736842105263158, "assists_t": 0.02894736842105263, "csscore_t": 0.8936842105263157, "teamgold_t": 67.09631578947368, "vision_score_t": 0.7416852703770276, "wards_placed_t": 0.05894736842105263, "gold_graph_diffs_t": 10.920526315789473}