{"id": "EUN1_3569509449", "lvl": 400, "literal level": "BRONZE IV", "time": 2186, "solokills_t": 0.00960658737419945, "kills_t": 0.03888380603842635, "kp": 0.4305555555555555, "deaths_t": 0.03888380603842635, "assists_t": 0.04528819762122598, "csscore_t": 0.7840805123513266, "teamgold_t": 66.04071363220494, "vision_score_t": 0.7327429247811683, "wards_placed_t": 0.05809698078682525, "gold_graph_diffs_t": 10.40576395242452}