{"id": "EUN1_3560673040", "lvl": 800, "literal level": "SILVER IV", "time": 2602, "solokills_t": 0.011529592621060722, "kills_t": 0.04189085318985396, "kp": 0.4493252361673414, "deaths_t": 0.04189085318985396, "assists_t": 0.05188316679477325, "csscore_t": 0.7002305918524212, "teamgold_t": 66.70253651037663, "vision_score_t": 0.7419369001689222, "wards_placed_t": 0.05649500384319754, "gold_graph_diffs_t": 13.329746348962336}