{"id": "EUN1_3560863430", "lvl": 300, "literal level": "IRON I", "time": 1211, "solokills_t": 0.01568951279933939, "kills_t": 0.042113955408753095, "kp": 0.40055555555555555, "deaths_t": 0.042939719240297276, "assists_t": 0.038810900082576386, "csscore_t": 0.7506193228736582, "teamgold_t": 66.87035507844756, "vision_score_t": 0.4124436608482688, "wards_placed_t": 0.03303055326176713, "gold_graph_diffs_t": 14.531791907514451}