{"id": "EUN1_3567065340", "lvl": 400, "literal level": "BRONZE IV", "time": 2623, "solokills_t": 0.009531071292413268, "kills_t": 0.041174227983225314, "kp": 0.49411764705882344, "deaths_t": 0.041174227983225314, "assists_t": 0.06099885627144491, "csscore_t": 0.6789935188715212, "teamgold_t": 65.57872664887533, "vision_score_t": 0.5726431844707156, "wards_placed_t": 0.04689287075867327, "gold_graph_diffs_t": 14.000381242851697}