{"id": "EUN1_3541085587", "lvl": 700, "literal level": "BRONZE I", "time": 2491, "solokills_t": 0.012444801284624649, "kills_t": 0.04536330790847049, "kp": 0.42117460317460315, "deaths_t": 0.04536330790847049, "assists_t": 0.049779205138498595, "csscore_t": 0.7422721798474509, "teamgold_t": 67.01284624648736, "vision_score_t": 0.7659138252754072, "wards_placed_t": 0.060216780409474105, "gold_graph_diffs_t": 16.784022480931352}