{"id": "EUN1_3564692775", "lvl": 400, "literal level": "BRONZE IV", "time": 1671, "solokills_t": 0.011968880909634948, "kills_t": 0.033512866546977854, "kp": 0.36562500000000003, "deaths_t": 0.033512866546977854, "assists_t": 0.02752842609216038, "csscore_t": 0.8671454219030521, "teamgold_t": 64.38539796529025, "vision_score_t": 0.9042881918253605, "wards_placed_t": 0.06343506882106523, "gold_graph_diffs_t": 9.712746858168762}