{"id": "EUN1_3559618018", "lvl": 700, "literal level": "BRONZE I", "time": 1561, "solokills_t": 0.016655989750160152, "kills_t": 0.04548366431774504, "kp": 0.3767479674796748, "deaths_t": 0.04612427930813581, "assists_t": 0.03843689942344651, "csscore_t": 0.7162075592568866, "teamgold_t": 67.58103779628443, "vision_score_t": 0.730396151187729, "wards_placed_t": 0.05253042921204356, "gold_graph_diffs_t": 15.415759128763613}