{"id": "EUN1_3561516327", "lvl": 600, "literal level": "BRONZE II", "time": 1694, "solokills_t": 0.0059031877213695395, "kills_t": 0.03010625737898465, "kp": 0.449537037037037, "deaths_t": 0.03010625737898465, "assists_t": 0.03778040141676505, "csscore_t": 0.781582054309327, "teamgold_t": 62.26328217237308, "vision_score_t": 0.6892213683421125, "wards_placed_t": 0.05076741440377804, "gold_graph_diffs_t": 10.839433293978749}