{"id": "EUN1_3545688040", "lvl": 800, "literal level": "SILVER IV", "time": 1479, "solokills_t": 0.01757944557133198, "kills_t": 0.0392156862745098, "kp": 0.36236842105263156, "deaths_t": 0.0392156862745098, "assists_t": 0.03380662609871535, "csscore_t": 0.7275185936443543, "teamgold_t": 61.544286680189316, "vision_score_t": 0.7559216684559422, "wards_placed_t": 0.05544286680189317, "gold_graph_diffs_t": 9.300878972278566}