{"id": "EUN1_3526030726", "lvl": 500, "literal level": "BRONZE III", "time": 1858, "solokills_t": 0.008073196986006458, "kills_t": 0.03283100107642627, "kp": 0.42591397849462365, "deaths_t": 0.03336921420882669, "assists_t": 0.03713670613562971, "csscore_t": 0.7341227125941873, "teamgold_t": 63.70021528525296, "vision_score_t": 0.736408753317146, "wards_placed_t": 0.059203444564047365, "gold_graph_diffs_t": 10.32561894510226}