{"id": "EUN1_3515011984", "lvl": 600, "literal level": "BRONZE II", "time": 1939, "solokills_t": 0.007735946364105209, "kills_t": 0.039195461578133056, "kp": 0.4484587813620071, "deaths_t": 0.039195461578133056, "assists_t": 0.04951005673027334, "csscore_t": 0.7137699845281072, "teamgold_t": 64.5889633831872, "vision_score_t": 0.7822253319761836, "wards_placed_t": 0.061371841155234655, "gold_graph_diffs_t": 15.20371325425477}