{"id": "EUN1_3524834600", "lvl": 400, "literal level": "BRONZE IV", "time": 1537, "solokills_t": 0.009108653220559532, "kills_t": 0.03253090435914118, "kp": 0.3978609625668449, "deaths_t": 0.03253090435914118, "assists_t": 0.03513337670787248, "csscore_t": 0.6148340923877684, "teamgold_t": 55.454131424853614, "vision_score_t": 0.659652141161212, "wards_placed_t": 0.05595315549772284, "gold_graph_diffs_t": 12.433962264150944}