{"id": "EUN1_3556291360", "lvl": 600, "literal level": "BRONZE II", "time": 1678, "solokills_t": 0.02026221692491061, "kills_t": 0.04707985697258641, "kp": 0.3528148148148148, "deaths_t": 0.04707985697258641, "assists_t": 0.03396901072705602, "csscore_t": 0.6519666269368296, "teamgold_t": 65.33849821215733, "vision_score_t": 0.7788495650073809, "wards_placed_t": 0.06019070321811681, "gold_graph_diffs_t": 11.973778307508939}