{"id": "EUN1_3522730689", "lvl": 400, "literal level": "BRONZE IV", "time": 1714, "solokills_t": 0.008168028004667444, "kills_t": 0.041423570595099185, "kp": 0.4577441077441078, "deaths_t": 0.041423570595099185, "assists_t": 0.05367561260210035, "csscore_t": 0.6277712952158693, "teamgold_t": 63.71761960326721, "vision_score_t": 0.7154741620967109, "wards_placed_t": 0.056592765460910154, "gold_graph_diffs_t": 13.337222870478413}