{"id": "EUN1_3564955537", "lvl": 500, "literal level": "BRONZE III", "time": 1498, "solokills_t": 0.008678237650200267, "kills_t": 0.03938584779706275, "kp": 0.4537179487179487, "deaths_t": 0.03938584779706275, "assists_t": 0.0527369826435247, "csscore_t": 0.7202937249666221, "teamgold_t": 62.45727636849132, "vision_score_t": 0.5800292055311452, "wards_placed_t": 0.049399198931909215, "gold_graph_diffs_t": 12.253004005340454}