{"id": "EUN1_3562469012", "lvl": 700, "literal level": "BRONZE I", "time": 1502, "solokills_t": 0.011318242343541944, "kills_t": 0.03661784287616511, "kp": 0.36, "deaths_t": 0.03661784287616511, "assists_t": 0.03262316910785619, "csscore_t": 0.7503328894806924, "teamgold_t": 63.87350199733688, "vision_score_t": 0.7480519461312088, "wards_placed_t": 0.06258322237017311, "gold_graph_diffs_t": 15.18774966711052}