{"id": "EUN1_3563300315", "lvl": 1000, "literal level": "SILVER II", "time": 1646, "solokills_t": 0.012150668286755772, "kills_t": 0.0479951397326853, "kp": 0.42209150326797384, "deaths_t": 0.04860267314702309, "assists_t": 0.05285540704738761, "csscore_t": 0.7721749696233293, "teamgold_t": 70.68286755771567, "vision_score_t": 0.8146394192720198, "wards_placed_t": 0.06257594167679223, "gold_graph_diffs_t": 13.573511543134872}