{"id": "EUN1_3563145842", "lvl": 700, "literal level": "BRONZE I", "time": 1210, "solokills_t": 0.014049586776859505, "kills_t": 0.045454545454545456, "kp": 0.42241847826086953, "deaths_t": 0.045454545454545456, "assists_t": 0.050413223140495865, "csscore_t": 0.7173553719008264, "teamgold_t": 69.85371900826446, "vision_score_t": 0.8055519200697205, "wards_placed_t": 0.06115702479338843, "gold_graph_diffs_t": 13.25206611570248}