{"id": "EUN1_3570877647", "lvl": 400, "literal level": "BRONZE IV", "time": 2762, "solokills_t": 0.008689355539464157, "kills_t": 0.035119478638667635, "kp": 0.43381578947368415, "deaths_t": 0.03548153511947864, "assists_t": 0.04163649529326575, "csscore_t": 0.7581462708182476, "teamgold_t": 63.6643736422882, "vision_score_t": 0.8483167008435686, "wards_placed_t": 0.06299782766111513, "gold_graph_diffs_t": 14.73388848660391}