{"id": "EUN1_3568120078", "lvl": 600, "literal level": "BRONZE II", "time": 2542, "solokills_t": 0.016129032258064516, "kills_t": 0.04209284028324154, "kp": 0.41904262753319355, "deaths_t": 0.04209284028324154, "assists_t": 0.04602675059008655, "csscore_t": 0.7092840283241542, "teamgold_t": 65.00354051927616, "vision_score_t": 0.859564701060531, "wards_placed_t": 0.06372934697088907, "gold_graph_diffs_t": 10.761211644374509}