{"id": "EUN1_3532053288", "lvl": 500, "literal level": "BRONZE III", "time": 2074, "solokills_t": 0.014946962391513982, "kills_t": 0.04628736740597879, "kp": 0.39321428571428574, "deaths_t": 0.04628736740597879, "assists_t": 0.04580520732883317, "csscore_t": 0.6793635486981678, "teamgold_t": 63.44406943105111, "vision_score_t": 0.4521039599953977, "wards_placed_t": 0.040501446480231434, "gold_graph_diffs_t": 15.534715525554484}