{"id": "EUN1_3558034909", "lvl": 1000, "literal level": "SILVER II", "time": 1552, "solokills_t": 0.009664948453608248, "kills_t": 0.027061855670103094, "kp": 0.375, "deaths_t": 0.027061855670103094, "assists_t": 0.02577319587628866, "csscore_t": 0.7699742268041238, "teamgold_t": 57.137242268041234, "vision_score_t": 0.8944799332836494, "wards_placed_t": 0.06314432989690721, "gold_graph_diffs_t": 8.606314432989691}