{"id": "EUN1_3520067266", "lvl": 200, "literal level": "IRON II", "time": 945, "solokills_t": 0.014814814814814815, "kills_t": 0.031746031746031744, "kp": 0.3521739130434782, "deaths_t": 0.031746031746031744, "assists_t": 0.020105820105820106, "csscore_t": 0.7301587301587301, "teamgold_t": 59.39153439153439, "vision_score_t": 0.5796695639770476, "wards_placed_t": 0.056084656084656084, "gold_graph_diffs_t": 12.33968253968254}