{"id": "EUN1_3547863950", "lvl": 700, "literal level": "BRONZE I", "time": 2385, "solokills_t": 0.005450733752620545, "kills_t": 0.028930817610062894, "kp": 0.4531896551724137, "deaths_t": 0.028930817610062894, "assists_t": 0.03689727463312369, "csscore_t": 0.7257861635220125, "teamgold_t": 61.28134171907757, "vision_score_t": 0.9195707915119955, "wards_placed_t": 0.061635220125786164, "gold_graph_diffs_t": 13.69895178197065}