{"id": "EUN1_3561970228", "lvl": 500, "literal level": "BRONZE III", "time": 1151, "solokills_t": 0.011294526498696786, "kills_t": 0.030408340573414423, "kp": 0.386, "deaths_t": 0.030408340573414423, "assists_t": 0.028670721112076455, "csscore_t": 0.6794092093831451, "teamgold_t": 57.50390964378801, "vision_score_t": 0.47980077663219234, "wards_placed_t": 0.04170286707211121, "gold_graph_diffs_t": 13.707211120764553}