{"id": "EUN1_3546205517", "lvl": 900, "literal level": "SILVER III", "time": 1968, "solokills_t": 0.016260162601626018, "kills_t": 0.04420731707317073, "kp": 0.3990196078431372, "deaths_t": 0.04420731707317073, "assists_t": 0.042682926829268296, "csscore_t": 0.6915650406504065, "teamgold_t": 66.6310975609756, "vision_score_t": 1.0310225373155637, "wards_placed_t": 0.07063008130081301, "gold_graph_diffs_t": 14.595528455284553}