{"id": "EUN1_3574519987", "lvl": 700, "literal level": "BRONZE I", "time": 2140, "solokills_t": 0.008878504672897197, "kills_t": 0.04299065420560748, "kp": 0.48903073286052007, "deaths_t": 0.04299065420560748, "assists_t": 0.06214953271028038, "csscore_t": 0.6495327102803738, "teamgold_t": 64.7607476635514, "vision_score_t": 0.6940113455805628, "wards_placed_t": 0.05186915887850467, "gold_graph_diffs_t": 10.189719626168225}