{"id": "EUN1_3566787699", "lvl": 1300, "literal level": "GOLD III", "time": 1214, "solokills_t": 0.009884678747940691, "kills_t": 0.032948929159802305, "kp": 0.3520833333333333, "deaths_t": 0.032948929159802305, "assists_t": 0.025535420098846788, "csscore_t": 0.8245469522240527, "teamgold_t": 62.80230642504119, "vision_score_t": 0.8064451547416234, "wards_placed_t": 0.06754530477759473, "gold_graph_diffs_t": 15.42174629324547}