{"id": "EUN1_3558998328", "lvl": 800, "literal level": "SILVER IV", "time": 1686, "solokills_t": 0.01482799525504152, "kills_t": 0.045077105575326216, "kp": 0.3998613998613999, "deaths_t": 0.045077105575326216, "assists_t": 0.045077105575326216, "csscore_t": 0.7075919335705813, "teamgold_t": 67.56820877817319, "vision_score_t": 0.7960270607562667, "wards_placed_t": 0.05575326215895611, "gold_graph_diffs_t": 14.483985765124554}