{"id": "EUN1_3572583966", "lvl": 600, "literal level": "BRONZE II", "time": 1289, "solokills_t": 0.016291698991466253, "kills_t": 0.0395655546935609, "kp": 0.3425925925925926, "deaths_t": 0.0395655546935609, "assists_t": 0.028704422032583398, "csscore_t": 0.756400310318076, "teamgold_t": 66.0488750969744, "vision_score_t": 0.7041360016154001, "wards_placed_t": 0.05430566330488751, "gold_graph_diffs_t": 13.015515903801397}