{"id": "EUN1_3525495630", "lvl": 800, "literal level": "SILVER IV", "time": 1801, "solokills_t": 0.015546918378678512, "kills_t": 0.043309272626318715, "kp": 0.3728609625668449, "deaths_t": 0.043309272626318715, "assists_t": 0.038312048861743477, "csscore_t": 0.6513048306496391, "teamgold_t": 63.363686840644085, "vision_score_t": 0.6959408037474097, "wards_placed_t": 0.05441421432537479, "gold_graph_diffs_t": 14.557468073292615}