{"id": "EUN1_3574688859", "lvl": 500, "literal level": "BRONZE III", "time": 1889, "solokills_t": 0.014293276866066702, "kills_t": 0.04923239809422975, "kp": 0.3931818181818182, "deaths_t": 0.04923239809422975, "assists_t": 0.04764425622022234, "csscore_t": 0.6860772895712017, "teamgold_t": 66.68819481206988, "vision_score_t": 0.5508951009992552, "wards_placed_t": 0.04235044997353097, "gold_graph_diffs_t": 12.83430386447856}