{"id": "EUN1_3557137771", "lvl": 400, "literal level": "BRONZE IV", "time": 1806, "solokills_t": 0.01107419712070875, "kills_t": 0.03765227021040975, "kp": 0.40892857142857136, "deaths_t": 0.03820598006644518, "assists_t": 0.03986710963455149, "csscore_t": 0.6921373200442967, "teamgold_t": 62.183831672203766, "vision_score_t": 0.7136116913661906, "wards_placed_t": 0.05537098560354374, "gold_graph_diffs_t": 13.147286821705427}