{"id": "EUN1_3512993632", "lvl": 300, "literal level": "IRON I", "time": 2046, "solokills_t": 0.013196480938416423, "kills_t": 0.044965786901270774, "kp": 0.4205653021442496, "deaths_t": 0.044965786901270774, "assists_t": 0.04936461388074291, "csscore_t": 0.5982404692082112, "teamgold_t": 63.155913978494624, "vision_score_t": 0.6039619211631049, "wards_placed_t": 0.059628543499511244, "gold_graph_diffs_t": 15.20576735092864}