{"id": "EUN1_3505155783", "lvl": 900, "literal level": "SILVER III", "time": 1573, "solokills_t": 0.00572155117609663, "kills_t": 0.024157660521296885, "kp": 0.4895384615384614, "deaths_t": 0.024157660521296885, "assists_t": 0.033693579148124604, "csscore_t": 0.7698664971392244, "teamgold_t": 57.70692943420216, "vision_score_t": 0.7285267668594759, "wards_placed_t": 0.05912269548633185, "gold_graph_diffs_t": 13.638270820089001}