{"id": "EUN1_3584051333", "lvl": 800, "literal level": "SILVER IV", "time": 1998, "solokills_t": 0.0055055055055055055, "kills_t": 0.04454454454454455, "kp": 0.5115679824561402, "deaths_t": 0.04454454454454455, "assists_t": 0.07207207207207207, "csscore_t": 0.6056056056056056, "teamgold_t": 64.63213213213213, "vision_score_t": 0.9616734596711322, "wards_placed_t": 0.06956956956956957, "gold_graph_diffs_t": 14.777277277277276}