{"id": "EUN1_3580782014", "lvl": 500, "literal level": "BRONZE III", "time": 2661, "solokills_t": 0.009019165727170236, "kills_t": 0.038707252912438934, "kp": 0.5004263565891474, "deaths_t": 0.038707252912438934, "assists_t": 0.05674558436677941, "csscore_t": 0.6508831266441187, "teamgold_t": 64.16685456595265, "vision_score_t": 0.9117191425939332, "wards_placed_t": 0.06914693724163848, "gold_graph_diffs_t": 14.551672303645246}