{"id": "EUN1_3564812218", "lvl": 500, "literal level": "BRONZE III", "time": 1539, "solokills_t": 0.007147498375568551, "kills_t": 0.029239766081871343, "kp": 0.43534482758620696, "deaths_t": 0.029239766081871343, "assists_t": 0.03378817413905133, "csscore_t": 0.7634827810266407, "teamgold_t": 59.87134502923977, "vision_score_t": 0.636123239785733, "wards_placed_t": 0.05263157894736842, "gold_graph_diffs_t": 12.414554905782976}