{"id": "EUN1_3561425903", "lvl": 600, "literal level": "BRONZE II", "time": 2200, "solokills_t": 0.01818181818181818, "kills_t": 0.03954545454545454, "kp": 0.3697115384615385, "deaths_t": 0.03954545454545454, "assists_t": 0.035454545454545454, "csscore_t": 0.7986363636363636, "teamgold_t": 65.33590909090908, "vision_score_t": 0.6903573966793873, "wards_placed_t": 0.05136363636363636, "gold_graph_diffs_t": 11.281363636363636}