{"id": "EUN1_3561368463", "lvl": 700, "literal level": "BRONZE I", "time": 2174, "solokills_t": 0.009659613615455382, "kills_t": 0.03541858325666973, "kp": 0.42770370370370364, "deaths_t": 0.03541858325666973, "assists_t": 0.04139834406623735, "csscore_t": 0.7470101195952162, "teamgold_t": 64.64213431462741, "vision_score_t": 0.9458969190532006, "wards_placed_t": 0.07359705611775529, "gold_graph_diffs_t": 13.82520699172033}