{"id": "EUN1_3566378909", "lvl": 800, "literal level": "SILVER IV", "time": 2613, "solokills_t": 0.011481056257175661, "kills_t": 0.046689628779181015, "kp": 0.4172043010752689, "deaths_t": 0.046689628779181015, "assists_t": 0.050899349406812094, "csscore_t": 0.6540375047837734, "teamgold_t": 66.97091465748183, "vision_score_t": 0.7095550809336004, "wards_placed_t": 0.04936854190585534, "gold_graph_diffs_t": 13.596249521622656}