{"id": "EUN1_3574326368", "lvl": 500, "literal level": "BRONZE III", "time": 1385, "solokills_t": 0.018772563176895306, "kills_t": 0.034657039711191336, "kp": 0.3583333333333333, "deaths_t": 0.034657039711191336, "assists_t": 0.023826714801444042, "csscore_t": 0.703971119133574, "teamgold_t": 58.11407942238267, "vision_score_t": 0.6541009649316877, "wards_placed_t": 0.054873646209386284, "gold_graph_diffs_t": 11.617328519855596}