{"id": "EUN1_3547940827", "lvl": 600, "literal level": "BRONZE II", "time": 2099, "solokills_t": 0.009528346831824679, "kills_t": 0.03287279656979514, "kp": 0.45042444821731753, "deaths_t": 0.03287279656979514, "assists_t": 0.040495474035254886, "csscore_t": 0.7203430204859457, "teamgold_t": 60.86231538828013, "vision_score_t": 0.7628820177739687, "wards_placed_t": 0.05717008099094807, "gold_graph_diffs_t": 8.685088137208194}