{"id": "EUN1_3567896441", "lvl": 900, "literal level": "SILVER III", "time": 2551, "solokills_t": 0.01528812230497844, "kills_t": 0.04821638573108585, "kp": 0.4299206349206349, "deaths_t": 0.04821638573108585, "assists_t": 0.05527244217953744, "csscore_t": 0.6848294786358291, "teamgold_t": 70.437475499804, "vision_score_t": 0.7136166359412393, "wards_placed_t": 0.05684045472363779, "gold_graph_diffs_t": 13.212857702861623}