{"id": "EUN1_3532982818", "lvl": 1000, "literal level": "SILVER II", "time": 1944, "solokills_t": 0.013374485596707819, "kills_t": 0.04372427983539095, "kp": 0.419055944055944, "deaths_t": 0.04372427983539095, "assists_t": 0.04526748971193416, "csscore_t": 0.8106995884773662, "teamgold_t": 69.79938271604938, "vision_score_t": 0.8063597871970755, "wards_placed_t": 0.061213991769547324, "gold_graph_diffs_t": 15.154320987654321}