{"id": "EUN1_3545641816", "lvl": 600, "literal level": "BRONZE II", "time": 2620, "solokills_t": 0.01717557251908397, "kills_t": 0.05, "kp": 0.39076923076923076, "deaths_t": 0.05, "assists_t": 0.04770992366412214, "csscore_t": 0.7553435114503817, "teamgold_t": 72.62213740458016, "vision_score_t": 0.8434194716631696, "wards_placed_t": 0.06030534351145038, "gold_graph_diffs_t": 17.37709923664122}