{"id": "EUN1_3566236170", "lvl": 1200, "literal level": "GOLD IV", "time": 925, "solokills_t": 0.011891891891891892, "kills_t": 0.023783783783783784, "kp": 0.32222222222222224, "deaths_t": 0.023783783783783784, "assists_t": 0.016216216216216217, "csscore_t": 0.8702702702702703, "teamgold_t": 56.87783783783784, "vision_score_t": 0.7192309633136009, "wards_placed_t": 0.06486486486486487, "gold_graph_diffs_t": 9.282162162162162}