{"id": "EUN1_3546427073", "lvl": 700, "literal level": "BRONZE I", "time": 1575, "solokills_t": 0.012063492063492064, "kills_t": 0.035555555555555556, "kp": 0.38235294117647056, "deaths_t": 0.03619047619047619, "assists_t": 0.03365079365079365, "csscore_t": 0.7720634920634921, "teamgold_t": 64.22539682539683, "vision_score_t": 0.7482968670270157, "wards_placed_t": 0.06095238095238095, "gold_graph_diffs_t": 10.273650793650793}