{"id": "EUN1_3547232382", "lvl": 800, "literal level": "SILVER IV", "time": 1840, "solokills_t": 0.01358695652173913, "kills_t": 0.04619565217391304, "kp": 0.4176470588235294, "deaths_t": 0.04619565217391304, "assists_t": 0.050543478260869565, "csscore_t": 0.7532608695652174, "teamgold_t": 68.1570652173913, "vision_score_t": 0.7642884252452932, "wards_placed_t": 0.06195652173913044, "gold_graph_diffs_t": 13.983152173913043}