{"id": "EUN1_3555729070", "lvl": 600, "literal level": "BRONZE II", "time": 2431, "solokills_t": 0.012340600575894693, "kills_t": 0.03866721513780337, "kp": 0.42185941043083897, "deaths_t": 0.03866721513780337, "assists_t": 0.0427807486631016, "csscore_t": 0.7108185931715344, "teamgold_t": 65.1378033730975, "vision_score_t": 0.7421755933948397, "wards_placed_t": 0.053887289181406825, "gold_graph_diffs_t": 12.563554092965857}