{"id": "EUN1_3560114468", "lvl": 700, "literal level": "BRONZE I", "time": 1988, "solokills_t": 0.009054325955734407, "kills_t": 0.03873239436619718, "kp": 0.4119909502262443, "deaths_t": 0.03873239436619718, "assists_t": 0.043259557344064385, "csscore_t": 0.8365191146881288, "teamgold_t": 66.57997987927565, "vision_score_t": 0.902988966184823, "wards_placed_t": 0.06740442655935613, "gold_graph_diffs_t": 16.33953722334004}