{"id": "EUN1_3558138537", "lvl": 200, "literal level": "IRON II", "time": 1268, "solokills_t": 0.013406940063091483, "kills_t": 0.03706624605678233, "kp": 0.37222222222222223, "deaths_t": 0.03706624605678233, "assists_t": 0.033123028391167195, "csscore_t": 0.7570977917981072, "teamgold_t": 62.67192429022082, "vision_score_t": 0.5138207808381934, "wards_placed_t": 0.04100946372239748, "gold_graph_diffs_t": 9.976340694006309}