{"id": "EUN1_3580366580", "lvl": 500, "literal level": "BRONZE III", "time": 1639, "solokills_t": 0.012202562538133009, "kills_t": 0.035387431360585725, "kp": 0.3952380952380952, "deaths_t": 0.035387431360585725, "assists_t": 0.03477730323367907, "csscore_t": 0.8035387431360586, "teamgold_t": 63.516168395363025, "vision_score_t": 0.6998859019706783, "wards_placed_t": 0.05857230018303844, "gold_graph_diffs_t": 10.017693715680293}