{"id": "EUN1_3580758985", "lvl": 400, "literal level": "BRONZE IV", "time": 2141, "solokills_t": 0.01914992993928071, "kills_t": 0.046707146193367584, "kp": 0.3868589743589743, "deaths_t": 0.046707146193367584, "assists_t": 0.04390471742176553, "csscore_t": 0.6702475478748249, "teamgold_t": 64.9915927136852, "vision_score_t": 0.7663223675997933, "wards_placed_t": 0.05464736104624007, "gold_graph_diffs_t": 12.526389537599252}