{"id": "EUN1_3520554007", "lvl": 400, "literal level": "BRONZE IV", "time": 955, "solokills_t": 0.023036649214659685, "kills_t": 0.04607329842931937, "kp": 0.33030303030303027, "deaths_t": 0.04607329842931937, "assists_t": 0.028272251308900525, "csscore_t": 0.631413612565445, "teamgold_t": 62.659685863874344, "vision_score_t": 0.44768150844594945, "wards_placed_t": 0.048167539267015703, "gold_graph_diffs_t": 14.094240837696335}