{"id": "EUN1_3577830608", "lvl": 500, "literal level": "BRONZE III", "time": 1828, "solokills_t": 0.012035010940919038, "kills_t": 0.04321663019693654, "kp": 0.4076923076923077, "deaths_t": 0.0437636761487965, "assists_t": 0.04540481400437637, "csscore_t": 0.7587527352297593, "teamgold_t": 69.46389496717724, "vision_score_t": 0.8322379438875526, "wards_placed_t": 0.06181619256017506, "gold_graph_diffs_t": 13.24398249452954}