{"id": "EUN1_3571299759", "lvl": 600, "literal level": "BRONZE II", "time": 1786, "solokills_t": 0.013437849944008958, "kills_t": 0.05319148936170213, "kp": 0.4444543034605147, "deaths_t": 0.05319148936170213, "assists_t": 0.06494960806270997, "csscore_t": 0.6601343784994401, "teamgold_t": 71.3986562150056, "vision_score_t": 0.7402486043349594, "wards_placed_t": 0.054871220604703244, "gold_graph_diffs_t": 16.778275475923852}