{"id": "EUN1_3559361564", "lvl": 600, "literal level": "BRONZE II", "time": 1405, "solokills_t": 0.0099644128113879, "kills_t": 0.03202846975088968, "kp": 0.4256302521008403, "deaths_t": 0.03202846975088968, "assists_t": 0.03345195729537367, "csscore_t": 0.7622775800711744, "teamgold_t": 61.354448398576515, "vision_score_t": 0.5966834739699511, "wards_placed_t": 0.04199288256227758, "gold_graph_diffs_t": 13.206405693950177}