{"id": "EUN1_3567244942", "lvl": 700, "literal level": "BRONZE I", "time": 1219, "solokills_t": 0.011484823625922888, "kills_t": 0.02543068088597211, "kp": 0.3547619047619047, "deaths_t": 0.02543068088597211, "assists_t": 0.020508613617719443, "csscore_t": 0.7522559474979491, "teamgold_t": 55.76374077112387, "vision_score_t": 0.9314112477810094, "wards_placed_t": 0.06972928630024611, "gold_graph_diffs_t": 11.834290401968827}