{"id": "EUN1_3553028179", "lvl": 1000, "literal level": "SILVER II", "time": 2302, "solokills_t": 0.010425716768027803, "kills_t": 0.045612510860121636, "kp": 0.4477869467366841, "deaths_t": 0.045612510860121636, "assists_t": 0.05560382276281494, "csscore_t": 0.658123370981755, "teamgold_t": 66.02085143353605, "vision_score_t": 0.7357789787190494, "wards_placed_t": 0.058644656820156384, "gold_graph_diffs_t": 11.173761946133796}