{"id": "EUN1_3574765473", "lvl": 500, "literal level": "BRONZE III", "time": 976, "solokills_t": 0.015368852459016393, "kills_t": 0.039959016393442626, "kp": 0.35942857142857143, "deaths_t": 0.039959016393442626, "assists_t": 0.03278688524590164, "csscore_t": 0.7407786885245902, "teamgold_t": 64.58913934426229, "vision_score_t": 0.6339608496269447, "wards_placed_t": 0.05122950819672131, "gold_graph_diffs_t": 11.695696721311476}