{"id": "EUN1_3580773949", "lvl": 400, "literal level": "BRONZE IV", "time": 1567, "solokills_t": 0.009572431397574984, "kills_t": 0.03828972559029994, "kp": 0.42314923619271444, "deaths_t": 0.03828972559029994, "assists_t": 0.04530950861518826, "csscore_t": 0.6738991703892788, "teamgold_t": 63.02425015954052, "vision_score_t": 0.7544480214199314, "wards_placed_t": 0.0574345883854499, "gold_graph_diffs_t": 13.0}