{"id": "EUN1_3543675440", "lvl": 500, "literal level": "BRONZE III", "time": 1690, "solokills_t": 0.007100591715976331, "kills_t": 0.03964497041420118, "kp": 0.48684210526315796, "deaths_t": 0.04082840236686391, "assists_t": 0.05917159763313609, "csscore_t": 0.6668639053254438, "teamgold_t": 64.76153846153846, "vision_score_t": 0.6570386939502558, "wards_placed_t": 0.0485207100591716, "gold_graph_diffs_t": 10.853846153846154}