{"id": "EUN1_3583390182", "lvl": 500, "literal level": "BRONZE III", "time": 1510, "solokills_t": 0.009271523178807948, "kills_t": 0.035099337748344374, "kp": 0.4, "deaths_t": 0.035099337748344374, "assists_t": 0.035099337748344374, "csscore_t": 0.83841059602649, "teamgold_t": 62.87814569536424, "vision_score_t": 0.7099222620237085, "wards_placed_t": 0.056291390728476824, "gold_graph_diffs_t": 13.037086092715231}