{"id": "EUN1_3556341905", "lvl": 1200, "literal level": "GOLD IV", "time": 2181, "solokills_t": 0.015130674002751032, "kills_t": 0.04951856946354883, "kp": 0.4165694682675814, "deaths_t": 0.04951856946354883, "assists_t": 0.05364511691884457, "csscore_t": 0.7514901421366346, "teamgold_t": 71.2718936267767, "vision_score_t": 0.8889938165617581, "wards_placed_t": 0.05823016964695094, "gold_graph_diffs_t": 15.392939018798716}