{"id": "EUN1_3567029622", "lvl": 600, "literal level": "BRONZE II", "time": 1841, "solokills_t": 0.014665942422596416, "kills_t": 0.04073872895165671, "kp": 0.41035714285714286, "deaths_t": 0.041281912004345465, "assists_t": 0.042368278109722976, "csscore_t": 0.8147745790331342, "teamgold_t": 68.19391634980988, "vision_score_t": 0.7271981637510206, "wards_placed_t": 0.055404671374253124, "gold_graph_diffs_t": 11.198804997284086}