{"id": "EUN1_3562642068", "lvl": 800, "literal level": "SILVER IV", "time": 1134, "solokills_t": 0.013227513227513227, "kills_t": 0.04497354497354497, "kp": 0.37500000000000006, "deaths_t": 0.04497354497354497, "assists_t": 0.037037037037037035, "csscore_t": 0.7319223985890653, "teamgold_t": 68.94973544973546, "vision_score_t": 0.49249893017433166, "wards_placed_t": 0.03791887125220458, "gold_graph_diffs_t": 15.545855379188712}