{"id": "EUN1_3559659561", "lvl": 600, "literal level": "BRONZE II", "time": 1745, "solokills_t": 0.008022922636103151, "kills_t": 0.026361031518624643, "kp": 0.3558823529411765, "deaths_t": 0.026361031518624643, "assists_t": 0.024068767908309457, "csscore_t": 0.7902578796561605, "teamgold_t": 59.01948424068768, "vision_score_t": 0.8431955681203783, "wards_placed_t": 0.057879656160458454, "gold_graph_diffs_t": 11.774785100286532}