{"id": "EUN1_3517942431", "lvl": 300, "literal level": "IRON I", "time": 2673, "solokills_t": 0.013842124953236064, "kills_t": 0.04564160119715675, "kp": 0.44210239651416117, "deaths_t": 0.04601571268237935, "assists_t": 0.05499438832772166, "csscore_t": 0.5117845117845118, "teamgold_t": 62.145903479236814, "vision_score_t": 0.6890058612099688, "wards_placed_t": 0.050505050505050504, "gold_graph_diffs_t": 16.29779274223719}