{"id": "EUN1_3558571990", "lvl": 700, "literal level": "BRONZE I", "time": 1712, "solokills_t": 0.012850467289719626, "kills_t": 0.038551401869158876, "kp": 0.41911764705882354, "deaths_t": 0.038551401869158876, "assists_t": 0.04205607476635514, "csscore_t": 0.8177570093457944, "teamgold_t": 69.7213785046729, "vision_score_t": 0.7690191573647939, "wards_placed_t": 0.05782710280373832, "gold_graph_diffs_t": 12.235397196261681}