{"id": "EUN1_3581843726", "lvl": 600, "literal level": "BRONZE II", "time": 1580, "solokills_t": 0.008860759493670886, "kills_t": 0.043670886075949364, "kp": 0.42388193202146685, "deaths_t": 0.043670886075949364, "assists_t": 0.04810126582278481, "csscore_t": 0.6487341772151899, "teamgold_t": 64.76012658227847, "vision_score_t": 0.5686049135040551, "wards_placed_t": 0.04746835443037975, "gold_graph_diffs_t": 15.927215189873417}