{"id": "EUN1_3514925183", "lvl": 400, "literal level": "BRONZE IV", "time": 1869, "solokills_t": 0.010165864098448368, "kills_t": 0.0454788657035848, "kp": 0.4444444444444445, "deaths_t": 0.04601391118245051, "assists_t": 0.05831995719636169, "csscore_t": 0.64633493846977, "teamgold_t": 64.16800428036383, "vision_score_t": 0.6693943270819439, "wards_placed_t": 0.05082932049224184, "gold_graph_diffs_t": 14.011771000535045}