{"id": "EUN1_3573977003", "lvl": 500, "literal level": "BRONZE III", "time": 1706, "solokills_t": 0.019343493552168817, "kills_t": 0.04279015240328253, "kp": 0.3634090909090909, "deaths_t": 0.04279015240328253, "assists_t": 0.03458382180539273, "csscore_t": 0.7631887456037515, "teamgold_t": 64.81828839390387, "vision_score_t": 0.6590327839153665, "wards_placed_t": 0.056858147713950764, "gold_graph_diffs_t": 15.47831184056272}