{"id": "EUN1_3580115363", "lvl": 500, "literal level": "BRONZE III", "time": 1806, "solokills_t": 0.014396456256921373, "kills_t": 0.03211517165005537, "kp": 0.36368421052631583, "deaths_t": 0.032668881506090805, "assists_t": 0.02547065337763012, "csscore_t": 0.8610188261351052, "teamgold_t": 64.52214839424141, "vision_score_t": 0.7284777800105372, "wards_placed_t": 0.05426356589147287, "gold_graph_diffs_t": 12.079180509413067}