{"id": "EUN1_3571092554", "lvl": 500, "literal level": "BRONZE III", "time": 1882, "solokills_t": 0.011158342189160468, "kills_t": 0.03453772582359192, "kp": 0.4172779922779923, "deaths_t": 0.03453772582359192, "assists_t": 0.038788522848034, "csscore_t": 0.71413390010627, "teamgold_t": 62.81030818278427, "vision_score_t": 0.7515648958777004, "wards_placed_t": 0.05154091392136025, "gold_graph_diffs_t": 10.961211477151966}