{"id": "EUN1_3551460032", "lvl": 700, "literal level": "BRONZE I", "time": 1385, "solokills_t": 0.01227436823104693, "kills_t": 0.03537906137184116, "kp": 0.42004504504504503, "deaths_t": 0.03537906137184116, "assists_t": 0.0332129963898917, "csscore_t": 0.755956678700361, "teamgold_t": 63.07436823104693, "vision_score_t": 0.6532898172281845, "wards_placed_t": 0.05054151624548736, "gold_graph_diffs_t": 12.808664259927799}