{"id": "EUN1_3574245762", "lvl": 800, "literal level": "SILVER IV", "time": 1956, "solokills_t": 0.007668711656441718, "kills_t": 0.0408997955010225, "kp": 0.4927083333333333, "deaths_t": 0.0408997955010225, "assists_t": 0.05674846625766871, "csscore_t": 0.7208588957055214, "teamgold_t": 66.9120654396728, "vision_score_t": 0.729089715725071, "wards_placed_t": 0.053169734151329244, "gold_graph_diffs_t": 15.303680981595091}