{"id": "EUN1_3559378247", "lvl": 900, "literal level": "SILVER III", "time": 1182, "solokills_t": 0.005922165820642978, "kills_t": 0.03637901861252115, "kp": 0.4798387096774194, "deaths_t": 0.03722504230118443, "assists_t": 0.0532994923857868, "csscore_t": 0.7199661590524534, "teamgold_t": 67.34517766497461, "vision_score_t": 0.5861848567380304, "wards_placed_t": 0.047377326565143825, "gold_graph_diffs_t": 13.008460236886632}