{"id": "EUN1_3532709008", "lvl": 1000, "literal level": "SILVER II", "time": 1981, "solokills_t": 0.016658253407370014, "kills_t": 0.04139323573952549, "kp": 0.3482804232804233, "deaths_t": 0.04139323573952549, "assists_t": 0.034326097930338216, "csscore_t": 0.8384654215042907, "teamgold_t": 66.8924785461888, "vision_score_t": 0.9897921459617317, "wards_placed_t": 0.06259464916708733, "gold_graph_diffs_t": 10.48359414437153}