{"id": "EUN1_3561318513", "lvl": 900, "literal level": "SILVER III", "time": 2997, "solokills_t": 0.006339673006339673, "kills_t": 0.041374708041374705, "kp": 0.47789029535864974, "deaths_t": 0.041374708041374705, "assists_t": 0.060393727060393726, "csscore_t": 0.7594260927594261, "teamgold_t": 67.7650984317651, "vision_score_t": 0.8327329787216117, "wards_placed_t": 0.06339673006339673, "gold_graph_diffs_t": 18.17283950617284}