{"id": "EUN1_3498636450", "lvl": 900, "literal level": "SILVER III", "time": 2130, "solokills_t": 0.010328638497652582, "kills_t": 0.03896713615023474, "kp": 0.46932624113475185, "deaths_t": 0.03896713615023474, "assists_t": 0.05211267605633803, "csscore_t": 0.7563380281690141, "teamgold_t": 63.85492957746479, "vision_score_t": 0.8118185096585103, "wards_placed_t": 0.06384976525821597, "gold_graph_diffs_t": 11.250234741784038}