{"id": "EUN1_3518028531", "lvl": 400, "literal level": "BRONZE IV", "time": 1748, "solokills_t": 0.019450800915331808, "kills_t": 0.04977116704805492, "kp": 0.35, "deaths_t": 0.04977116704805492, "assists_t": 0.03775743707093822, "csscore_t": 0.6779176201372997, "teamgold_t": 67.93878718535468, "vision_score_t": 0.6210086500843235, "wards_placed_t": 0.04862700228832952, "gold_graph_diffs_t": 12.59096109839817}