{"id": "EUN1_3567034411", "lvl": 500, "literal level": "BRONZE III", "time": 1493, "solokills_t": 0.018754186202277295, "kills_t": 0.042866711319490956, "kp": 0.38499999999999995, "deaths_t": 0.042866711319490956, "assists_t": 0.0361687876758205, "csscore_t": 0.7742799732083054, "teamgold_t": 66.73744139316811, "vision_score_t": 0.5463705684726974, "wards_placed_t": 0.036838580040187544, "gold_graph_diffs_t": 10.07032819825854}