{"id": "EUN1_3548320442", "lvl": 1000, "literal level": "SILVER II", "time": 1571, "solokills_t": 0.008274984086569064, "kills_t": 0.02673456397199236, "kp": 0.40954907161803716, "deaths_t": 0.02673456397199236, "assists_t": 0.02928071292170592, "csscore_t": 0.7803946530872056, "teamgold_t": 61.30235518777849, "vision_score_t": 0.9332567590022481, "wards_placed_t": 0.06556333545512412, "gold_graph_diffs_t": 10.520687460216422}