{"id": "EUN1_3525149752", "lvl": 300, "literal level": "IRON I", "time": 1773, "solokills_t": 0.012972363226170333, "kills_t": 0.03948110547095319, "kp": 0.35714285714285715, "deaths_t": 0.04004512126339538, "assists_t": 0.03327693175408911, "csscore_t": 0.6480541455160744, "teamgold_t": 61.28426395939086, "vision_score_t": 0.6874279843815075, "wards_placed_t": 0.05188945290468133, "gold_graph_diffs_t": 12.696559503666103}