{"id": "EUN1_3573620839", "lvl": 300, "literal level": "IRON I", "time": 1924, "solokills_t": 0.015592515592515593, "kills_t": 0.04573804573804574, "kp": 0.36484848484848487, "deaths_t": 0.04573804573804574, "assists_t": 0.036382536382536385, "csscore_t": 0.7297297297297297, "teamgold_t": 65.9381496881497, "vision_score_t": 0.5534625463274503, "wards_placed_t": 0.04002079002079002, "gold_graph_diffs_t": 15.742723492723492}