{"id": "EUN1_3562329888", "lvl": 800, "literal level": "SILVER IV", "time": 2090, "solokills_t": 0.007177033492822967, "kills_t": 0.03732057416267943, "kp": 0.46509500351864885, "deaths_t": 0.03732057416267943, "assists_t": 0.049282296650717705, "csscore_t": 0.7583732057416268, "teamgold_t": 65.388995215311, "vision_score_t": 0.8695233134007978, "wards_placed_t": 0.0708133971291866, "gold_graph_diffs_t": 14.128708133971292}