{"id": "EUN1_3503600373", "lvl": 700, "literal level": "BRONZE I", "time": 2250, "solokills_t": 0.011555555555555555, "kills_t": 0.04044444444444444, "kp": 0.4002020202020202, "deaths_t": 0.04044444444444444, "assists_t": 0.03955555555555555, "csscore_t": 0.6737777777777778, "teamgold_t": 64.08533333333334, "vision_score_t": 0.8207603798255285, "wards_placed_t": 0.06577777777777778, "gold_graph_diffs_t": 14.444444444444445}