{"id": "EUN1_3568785124", "lvl": 600, "literal level": "BRONZE II", "time": 1931, "solokills_t": 0.008803728638011392, "kills_t": 0.03262558259968928, "kp": 0.44827586206896547, "deaths_t": 0.03262558259968928, "assists_t": 0.0398757120662869, "csscore_t": 0.8788192646297255, "teamgold_t": 66.07405489383738, "vision_score_t": 0.775776996340957, "wards_placed_t": 0.05489383738995339, "gold_graph_diffs_t": 9.990160538581046}