{"id": "EUN1_3575897211", "lvl": 400, "literal level": "BRONZE IV", "time": 1951, "solokills_t": 0.013839056893900564, "kills_t": 0.03331624807790876, "kp": 0.3864389233954451, "deaths_t": 0.03331624807790876, "assists_t": 0.028703229113275244, "csscore_t": 0.7739620707329574, "teamgold_t": 60.50948231676063, "vision_score_t": 0.7529518482558109, "wards_placed_t": 0.05586878523833931, "gold_graph_diffs_t": 9.373654536135316}