{"id": "EUN1_3574391788", "lvl": 500, "literal level": "BRONZE III", "time": 2552, "solokills_t": 0.005877742946708464, "kills_t": 0.03565830721003135, "kp": 0.5006372549019608, "deaths_t": 0.03605015673981191, "assists_t": 0.05329153605015674, "csscore_t": 0.6281347962382445, "teamgold_t": 61.892633228840126, "vision_score_t": 0.805706464818082, "wards_placed_t": 0.05995297805642633, "gold_graph_diffs_t": 11.81347962382445}