{"id": "EUN1_3514916054", "lvl": 500, "literal level": "BRONZE III", "time": 2315, "solokills_t": 0.014254859611231102, "kills_t": 0.042332613390928725, "kp": 0.4589429175475687, "deaths_t": 0.042764578833693306, "assists_t": 0.05356371490280778, "csscore_t": 0.5473002159827214, "teamgold_t": 61.39654427645788, "vision_score_t": 0.6018995895062242, "wards_placed_t": 0.05572354211663067, "gold_graph_diffs_t": 13.352483801295897}