{"id": "EUN1_3572025030", "lvl": 500, "literal level": "BRONZE III", "time": 1571, "solokills_t": 0.008911521323997454, "kills_t": 0.03500954805856143, "kp": 0.4440318302387268, "deaths_t": 0.03500954805856143, "assists_t": 0.04328453214513049, "csscore_t": 0.73520050922979, "teamgold_t": 63.17441120305538, "vision_score_t": 0.7884180361288389, "wards_placed_t": 0.06429026098026734, "gold_graph_diffs_t": 15.235518777848505}