{"id": "EUN1_3571321477", "lvl": 400, "literal level": "BRONZE IV", "time": 1650, "solokills_t": 0.017575757575757574, "kills_t": 0.04666666666666667, "kp": 0.3731756756756758, "deaths_t": 0.04727272727272727, "assists_t": 0.040606060606060604, "csscore_t": 0.6727272727272727, "teamgold_t": 68.03636363636363, "vision_score_t": 0.602168937390072, "wards_placed_t": 0.052121212121212124, "gold_graph_diffs_t": 12.726060606060607}