{"id": "EUN1_3541002856", "lvl": 1000, "literal level": "SILVER II", "time": 2563, "solokills_t": 0.007803355442840421, "kills_t": 0.03940694498634413, "kp": 0.49669030732860514, "deaths_t": 0.03940694498634413, "assists_t": 0.05774483027701912, "csscore_t": 0.7378072571205618, "teamgold_t": 67.55598907530238, "vision_score_t": 0.8455878269450935, "wards_placed_t": 0.06242684354272337, "gold_graph_diffs_t": 15.885290674990246}