{"id": "EUN1_3571765991", "lvl": 300, "literal level": "IRON I", "time": 1664, "solokills_t": 0.010817307692307692, "kills_t": 0.040865384615384616, "kp": 0.42898550724637674, "deaths_t": 0.040865384615384616, "assists_t": 0.04927884615384615, "csscore_t": 0.7253605769230769, "teamgold_t": 64.46153846153847, "vision_score_t": 0.6099437117938886, "wards_placed_t": 0.051682692307692304, "gold_graph_diffs_t": 13.094951923076923}