{"id": "EUN1_3500431773", "lvl": 800, "literal level": "SILVER IV", "time": 1781, "solokills_t": 0.006176305446378439, "kills_t": 0.029758562605277934, "kp": 0.45356125356125354, "deaths_t": 0.029758562605277934, "assists_t": 0.037619314991577765, "csscore_t": 0.704098820887142, "teamgold_t": 61.215609208309935, "vision_score_t": 0.5705765675698746, "wards_placed_t": 0.04884896125772038, "gold_graph_diffs_t": 13.953396967995507}