{"id": "EUN1_3545813398", "lvl": 800, "literal level": "SILVER IV", "time": 2004, "solokills_t": 0.006986027944111776, "kills_t": 0.035429141716566866, "kp": 0.4372895622895623, "deaths_t": 0.035429141716566866, "assists_t": 0.04141716566866267, "csscore_t": 0.7270459081836327, "teamgold_t": 62.30888223552894, "vision_score_t": 0.8065440094512996, "wards_placed_t": 0.06536926147704591, "gold_graph_diffs_t": 11.6062874251497}