{"id": "EUN1_3573788769", "lvl": 600, "literal level": "BRONZE II", "time": 1514, "solokills_t": 0.008586525759577279, "kills_t": 0.047556142668428, "kp": 0.5009361702127659, "deaths_t": 0.04821664464993395, "assists_t": 0.071334214002642, "csscore_t": 0.654557463672391, "teamgold_t": 68.21202113606341, "vision_score_t": 0.7479824741464635, "wards_placed_t": 0.05746367239101717, "gold_graph_diffs_t": 12.218626155878468}