{"id": "EUN1_3558515942", "lvl": 700, "literal level": "BRONZE I", "time": 1320, "solokills_t": 0.016666666666666666, "kills_t": 0.041666666666666664, "kp": 0.3812925170068027, "deaths_t": 0.041666666666666664, "assists_t": 0.04015151515151515, "csscore_t": 0.7128787878787879, "teamgold_t": 60.13560606060606, "vision_score_t": 0.7343633116006711, "wards_placed_t": 0.05, "gold_graph_diffs_t": 16.955303030303032}