{"id": "EUN1_3551963614", "lvl": 700, "literal level": "BRONZE I", "time": 2049, "solokills_t": 0.00634455832113226, "kills_t": 0.035627135187896536, "kp": 0.514900153609831, "deaths_t": 0.035627135187896536, "assists_t": 0.05710102489019034, "csscore_t": 0.6852122986822841, "teamgold_t": 62.834065397755005, "vision_score_t": 0.9491548728281881, "wards_placed_t": 0.07125427037579307, "gold_graph_diffs_t": 14.200585651537335}