{"id": "EUN1_3576495658", "lvl": 400, "literal level": "BRONZE IV", "time": 2155, "solokills_t": 0.0037122969837587007, "kills_t": 0.031090487238979118, "kp": 0.5272893772893773, "deaths_t": 0.031090487238979118, "assists_t": 0.05011600928074246, "csscore_t": 0.7475638051044083, "teamgold_t": 60.15452436194896, "vision_score_t": 0.8095485929723957, "wards_placed_t": 0.058004640371229696, "gold_graph_diffs_t": 13.180046403712296}