{"id": "EUN1_3534238573", "lvl": 900, "literal level": "SILVER III", "time": 1306, "solokills_t": 0.008422664624808576, "kills_t": 0.03139356814701378, "kp": 0.4031746031746032, "deaths_t": 0.03139356814701378, "assists_t": 0.030627871362940276, "csscore_t": 0.776416539050536, "teamgold_t": 62.25267993874426, "vision_score_t": 0.8070756436760533, "wards_placed_t": 0.06049004594180704, "gold_graph_diffs_t": 10.4104134762634}