{"id": "EUN1_3562405257", "lvl": 1000, "literal level": "SILVER II", "time": 2110, "solokills_t": 0.0071090047393364926, "kills_t": 0.04170616113744076, "kp": 0.4837606837606837, "deaths_t": 0.04170616113744076, "assists_t": 0.06066350710900474, "csscore_t": 0.7014218009478673, "teamgold_t": 64.96255924170616, "vision_score_t": 0.7883097097219306, "wards_placed_t": 0.05829383886255924, "gold_graph_diffs_t": 12.96824644549763}