{"id": "EUN1_3560708979", "lvl": 900, "literal level": "SILVER III", "time": 1608, "solokills_t": 0.008706467661691543, "kills_t": 0.02736318407960199, "kp": 0.4107936507936508, "deaths_t": 0.02736318407960199, "assists_t": 0.026119402985074626, "csscore_t": 0.7960199004975125, "teamgold_t": 61.024253731343286, "vision_score_t": 0.7040305044295451, "wards_placed_t": 0.05037313432835821, "gold_graph_diffs_t": 11.347636815920398}