{"id": "EUN1_3530345613", "lvl": 1000, "literal level": "SILVER II", "time": 1898, "solokills_t": 0.008429926238145416, "kills_t": 0.02845100105374078, "kp": 0.4098901098901099, "deaths_t": 0.02845100105374078, "assists_t": 0.030031612223393046, "csscore_t": 0.8640674394099052, "teamgold_t": 63.69704952581665, "vision_score_t": 0.9198586037608383, "wards_placed_t": 0.07060063224446786, "gold_graph_diffs_t": 15.032139093782929}