{"id": "EUN1_3537060105", "lvl": 800, "literal level": "SILVER IV", "time": 2154, "solokills_t": 0.009749303621169917, "kills_t": 0.039925719591457756, "kp": 0.4369517543859649, "deaths_t": 0.039925719591457756, "assists_t": 0.04828226555246054, "csscore_t": 0.6973073351903436, "teamgold_t": 62.778551532033426, "vision_score_t": 0.9569404360676892, "wards_placed_t": 0.06870937790157845, "gold_graph_diffs_t": 11.710770659238626}