{"id": "EUN1_3551497544", "lvl": 300, "literal level": "IRON I", "time": 1655, "solokills_t": 0.016314199395770394, "kills_t": 0.0404833836858006, "kp": 0.3708510638297873, "deaths_t": 0.0404833836858006, "assists_t": 0.033836858006042296, "csscore_t": 0.7280966767371602, "teamgold_t": 62.34441087613293, "vision_score_t": 0.6162621353209072, "wards_placed_t": 0.045921450151057405, "gold_graph_diffs_t": 13.009063444108762}