{"id": "EUN1_3560644116", "lvl": 800, "literal level": "SILVER IV", "time": 1732, "solokills_t": 0.008660508083140877, "kills_t": 0.03695150115473441, "kp": 0.4279957582184518, "deaths_t": 0.03695150115473441, "assists_t": 0.04041570438799076, "csscore_t": 0.7696304849884527, "teamgold_t": 67.2188221709007, "vision_score_t": 0.7448064355070361, "wards_placed_t": 0.05658198614318707, "gold_graph_diffs_t": 11.229214780600461}