{"id": "EUN1_3559536018", "lvl": 900, "literal level": "SILVER III", "time": 1975, "solokills_t": 0.012658227848101266, "kills_t": 0.04810126582278481, "kp": 0.4411111111111111, "deaths_t": 0.04860759493670886, "assists_t": 0.05822784810126582, "csscore_t": 0.739746835443038, "teamgold_t": 70.9559493670886, "vision_score_t": 0.8657163171663168, "wards_placed_t": 0.06582278481012659, "gold_graph_diffs_t": 15.302278481012658}