{"id": "EUN1_3583528450", "lvl": 500, "literal level": "BRONZE III", "time": 2645, "solokills_t": 0.00831758034026465, "kills_t": 0.04234404536862004, "kp": 0.4392857142857142, "deaths_t": 0.04234404536862004, "assists_t": 0.05066162570888469, "csscore_t": 0.7293005671077505, "teamgold_t": 65.8257088846881, "vision_score_t": 0.8473840659414783, "wards_placed_t": 0.052930056710775046, "gold_graph_diffs_t": 15.321361058601134}