{"id": "EUN1_3561299225", "lvl": 800, "literal level": "SILVER IV", "time": 2160, "solokills_t": 0.011574074074074073, "kills_t": 0.04537037037037037, "kp": 0.4712879760376551, "deaths_t": 0.04537037037037037, "assists_t": 0.06111111111111111, "csscore_t": 0.7268518518518519, "teamgold_t": 71.24305555555556, "vision_score_t": 0.8099198857716827, "wards_placed_t": 0.06805555555555555, "gold_graph_diffs_t": 15.163425925925926}