{"id": "EUN1_3558590838", "lvl": 800, "literal level": "SILVER IV", "time": 2042, "solokills_t": 0.011263467189030362, "kills_t": 0.03672869735553379, "kp": 0.40661764705882353, "deaths_t": 0.03721841332027424, "assists_t": 0.03672869735553379, "csscore_t": 0.8114593535749265, "teamgold_t": 65.0230166503428, "vision_score_t": 0.8890765697594238, "wards_placed_t": 0.059745347698334964, "gold_graph_diffs_t": 15.186581782566112}