{"id": "EUN1_3562610773", "lvl": 500, "literal level": "BRONZE III", "time": 2012, "solokills_t": 0.005964214711729622, "kills_t": 0.030815109343936383, "kp": 0.4701587301587301, "deaths_t": 0.030815109343936383, "assists_t": 0.04125248508946322, "csscore_t": 0.8330019880715706, "teamgold_t": 65.66898608349901, "vision_score_t": 0.9000214658213466, "wards_placed_t": 0.06908548707753479, "gold_graph_diffs_t": 11.032803180914513}