{"id": "EUN1_3553517727", "lvl": 900, "literal level": "SILVER III", "time": 1230, "solokills_t": 0.012195121951219513, "kills_t": 0.03008130081300813, "kp": 0.38944099378881986, "deaths_t": 0.03008130081300813, "assists_t": 0.026016260162601626, "csscore_t": 0.7585365853658537, "teamgold_t": 59.90325203252033, "vision_score_t": 0.6549012996589122, "wards_placed_t": 0.041463414634146344, "gold_graph_diffs_t": 8.701626016260162}