{"id": "EUN1_3567334127", "lvl": 600, "literal level": "BRONZE II", "time": 937, "solokills_t": 0.007470651013874066, "kills_t": 0.02774813233724653, "kp": 0.419047619047619, "deaths_t": 0.02774813233724653, "assists_t": 0.032017075773746, "csscore_t": 0.8036286019210246, "teamgold_t": 59.738527214514406, "vision_score_t": 0.4407897022125532, "wards_placed_t": 0.04375667022411953, "gold_graph_diffs_t": 11.034151547491996}