{"id": "EUN1_3577972292", "lvl": 600, "literal level": "BRONZE II", "time": 1807, "solokills_t": 0.008301051466519093, "kills_t": 0.0326508024349751, "kp": 0.4924768518518518, "deaths_t": 0.0326508024349751, "assists_t": 0.047592695074709465, "csscore_t": 0.6745987825124515, "teamgold_t": 58.452684006640844, "vision_score_t": 0.9357312105496767, "wards_placed_t": 0.07138904261206419, "gold_graph_diffs_t": 11.293857221914775}