{"id": "EUN1_3569197970", "lvl": 600, "literal level": "BRONZE II", "time": 1741, "solokills_t": 0.009190120620333142, "kills_t": 0.043653072946582425, "kp": 0.5229691876750701, "deaths_t": 0.043653072946582425, "assists_t": 0.0700746697300402, "csscore_t": 0.688110281447444, "teamgold_t": 66.16771970132108, "vision_score_t": 0.7841052784529561, "wards_placed_t": 0.05973578403216542, "gold_graph_diffs_t": 16.3917288914417}