{"id": "EUN1_3570086225", "lvl": 1100, "literal level": "SILVER I", "time": 584, "solokills_t": 0.00684931506849315, "kills_t": 0.017123287671232876, "kp": 0.3125, "deaths_t": 0.017123287671232876, "assists_t": 0.010273972602739725, "csscore_t": 0.8116438356164384, "teamgold_t": 51.477739726027394, "vision_score_t": 0.4720688622385757, "wards_placed_t": 0.04794520547945205, "gold_graph_diffs_t": 5.066780821917808}