{"id": "EUN1_3562734655", "lvl": 800, "literal level": "SILVER IV", "time": 1089, "solokills_t": 0.005509641873278237, "kills_t": 0.02295684113865932, "kp": 0.3626984126984127, "deaths_t": 0.02295684113865932, "assists_t": 0.021120293847566574, "csscore_t": 0.8438934802571166, "teamgold_t": 58.59044995408632, "vision_score_t": 0.6513995950788389, "wards_placed_t": 0.05876951331496786, "gold_graph_diffs_t": 10.774104683195592}