{"id": "EUN1_3552773594", "lvl": 600, "literal level": "BRONZE II", "time": 1902, "solokills_t": 0.012618296529968454, "kills_t": 0.035226077812828605, "kp": 0.40544464609800357, "deaths_t": 0.035226077812828605, "assists_t": 0.03680336487907466, "csscore_t": 0.8811777076761304, "teamgold_t": 64.07308096740273, "vision_score_t": 1.0455407343853533, "wards_placed_t": 0.06887486855941115, "gold_graph_diffs_t": 11.645110410094638}