{"id": "EUN1_3572256397", "lvl": 500, "literal level": "BRONZE III", "time": 2074, "solokills_t": 0.0057859209257473485, "kills_t": 0.0351976856316297, "kp": 0.46849624060150374, "deaths_t": 0.0351976856316297, "assists_t": 0.04725168756027001, "csscore_t": 0.7025072324011572, "teamgold_t": 62.810511089681775, "vision_score_t": 0.9070945036990761, "wards_placed_t": 0.06509161041465766, "gold_graph_diffs_t": 11.385245901639344}