{"id": "EUN1_3570912153", "lvl": 800, "literal level": "SILVER IV", "time": 1954, "solokills_t": 0.011258955987717503, "kills_t": 0.044012282497441144, "kp": 0.41000000000000003, "deaths_t": 0.044012282497441144, "assists_t": 0.0465711361310133, "csscore_t": 0.7226202661207779, "teamgold_t": 66.87819856704196, "vision_score_t": 0.6204843906134038, "wards_placed_t": 0.05578300921187308, "gold_graph_diffs_t": 17.286591606960084}