{"id": "EUN1_3584247897", "lvl": 400, "literal level": "BRONZE IV", "time": 2223, "solokills_t": 0.016644174538911382, "kills_t": 0.04543409806567701, "kp": 0.39163851351351353, "deaths_t": 0.04588394062078273, "assists_t": 0.0413855150697256, "csscore_t": 0.7759784075573549, "teamgold_t": 68.76653171390014, "vision_score_t": 0.5371417978799949, "wards_placed_t": 0.04093567251461988, "gold_graph_diffs_t": 12.345479082321187}