{"id": "EUN1_3550230478", "lvl": 700, "literal level": "BRONZE I", "time": 1927, "solokills_t": 0.010378827192527244, "kills_t": 0.03736377789309808, "kp": 0.3903703703703703, "deaths_t": 0.03788271925272444, "assists_t": 0.03684483653347172, "csscore_t": 0.7348209652309289, "teamgold_t": 66.08614426569798, "vision_score_t": 0.7007895500138742, "wards_placed_t": 0.05552672548002076, "gold_graph_diffs_t": 12.985988583290089}