{"id": "EUN1_3583435119", "lvl": 400, "literal level": "BRONZE IV", "time": 1570, "solokills_t": 0.009554140127388535, "kills_t": 0.031210191082802548, "kp": 0.45215311004784686, "deaths_t": 0.03248407643312102, "assists_t": 0.0375796178343949, "csscore_t": 0.6687898089171974, "teamgold_t": 59.505095541401275, "vision_score_t": 0.6836965664034231, "wards_placed_t": 0.050955414012738856, "gold_graph_diffs_t": 12.50764331210191}