{"id": "EUN1_3574466393", "lvl": 500, "literal level": "BRONZE III", "time": 2227, "solokills_t": 0.013022002694207453, "kills_t": 0.03682083520431073, "kp": 0.4097793679189028, "deaths_t": 0.03682083520431073, "assists_t": 0.038616973506960035, "csscore_t": 0.7189043556353839, "teamgold_t": 62.46026044005389, "vision_score_t": 0.7232391591937805, "wards_placed_t": 0.05612932195779075, "gold_graph_diffs_t": 14.424337674000897}