{"id": "EUN1_3564738643", "lvl": 500, "literal level": "BRONZE III", "time": 1638, "solokills_t": 0.015262515262515262, "kills_t": 0.040903540903540904, "kp": 0.40309568480300184, "deaths_t": 0.040903540903540904, "assists_t": 0.042735042735042736, "csscore_t": 0.7173382173382173, "teamgold_t": 65.47680097680097, "vision_score_t": 0.6484035066982056, "wards_placed_t": 0.045177045177045176, "gold_graph_diffs_t": 11.465811965811966}