{"id": "EUN1_3543155858", "lvl": 700, "literal level": "BRONZE I", "time": 1962, "solokills_t": 0.010703363914373088, "kills_t": 0.03567787971457696, "kp": 0.40546677880571913, "deaths_t": 0.03618756371049949, "assists_t": 0.03618756371049949, "csscore_t": 0.7614678899082569, "teamgold_t": 64.27115188583079, "vision_score_t": 0.8180525771415047, "wards_placed_t": 0.05045871559633028, "gold_graph_diffs_t": 12.62691131498471}