{"id": "EUN1_3505305295", "lvl": 800, "literal level": "SILVER IV", "time": 2172, "solokills_t": 0.006906077348066298, "kills_t": 0.03591160220994475, "kp": 0.4520833333333333, "deaths_t": 0.03591160220994475, "assists_t": 0.04604051565377532, "csscore_t": 0.7790055248618785, "teamgold_t": 66.27532228360958, "vision_score_t": 0.8207067446192393, "wards_placed_t": 0.055248618784530384, "gold_graph_diffs_t": 14.380294659300183}