{"id": "EUN1_3551846959", "lvl": 600, "literal level": "BRONZE II", "time": 977, "solokills_t": 0.01330603889457523, "kills_t": 0.02354145342886387, "kp": 0.3169642857142857, "deaths_t": 0.02354145342886387, "assists_t": 0.011258955987717503, "csscore_t": 0.8178096212896623, "teamgold_t": 55.70112589559877, "vision_score_t": 0.6343548432325172, "wards_placed_t": 0.05834186284544524, "gold_graph_diffs_t": 9.586489252814738}