{"id": "EUN1_3561431919", "lvl": 1000, "literal level": "SILVER II", "time": 2560, "solokills_t": 0.006640625, "kills_t": 0.034765625, "kp": 0.486530612244898, "deaths_t": 0.034765625, "assists_t": 0.04921875, "csscore_t": 0.785546875, "teamgold_t": 64.8890625, "vision_score_t": 0.9073591847050304, "wards_placed_t": 0.069140625, "gold_graph_diffs_t": 12.05859375}