{"id": "EUN1_3562454302", "lvl": 600, "literal level": "BRONZE II", "time": 1515, "solokills_t": 0.015181518151815182, "kills_t": 0.04356435643564356, "kp": 0.3929170549860205, "deaths_t": 0.04356435643564356, "assists_t": 0.04092409240924092, "csscore_t": 0.7471947194719472, "teamgold_t": 68.87062706270628, "vision_score_t": 0.6925924510687888, "wards_placed_t": 0.0594059405940594, "gold_graph_diffs_t": 15.764356435643565}