{"id": "EUN1_3573290855", "lvl": 500, "literal level": "BRONZE III", "time": 1726, "solokills_t": 0.019119351100811123, "kills_t": 0.04287369640787949, "kp": 0.36941176470588244, "deaths_t": 0.04287369640787949, "assists_t": 0.03650057937427578, "csscore_t": 0.7821552723059096, "teamgold_t": 67.40150637311703, "vision_score_t": 0.7556173820795087, "wards_placed_t": 0.05909617612977984, "gold_graph_diffs_t": 13.498841251448436}