{"id": "EUN1_3552259078", "lvl": 400, "literal level": "BRONZE IV", "time": 1820, "solokills_t": 0.014285714285714285, "kills_t": 0.04725274725274725, "kp": 0.3899706744868035, "deaths_t": 0.04725274725274725, "assists_t": 0.0489010989010989, "csscore_t": 0.6543956043956044, "teamgold_t": 65.51373626373626, "vision_score_t": 0.6724516970945108, "wards_placed_t": 0.053296703296703295, "gold_graph_diffs_t": 14.007142857142858}