{"id": "EUN1_3578960481", "lvl": 1000, "literal level": "SILVER II", "time": 2398, "solokills_t": 0.0012510425354462051, "kills_t": 0.03336113427856547, "kp": 0.5705996131528048, "deaths_t": 0.03377814845704754, "assists_t": 0.06255212677231026, "csscore_t": 0.7710592160133445, "teamgold_t": 64.92743953294412, "vision_score_t": 1.0722594683907967, "wards_placed_t": 0.07381150959132611, "gold_graph_diffs_t": 13.55879899916597}