{"id": "EUN1_3582946674", "lvl": 3400, "literal level": "MASTER 200 lp", "time": 1913, "solokills_t": 0.010454783063251438, "kills_t": 0.0465237846314689, "kp": 0.4719897959183674, "deaths_t": 0.04704652378463147, "assists_t": 0.06272869837950862, "csscore_t": 0.8395190799790905, "teamgold_t": 72.1970726607423, "vision_score_t": 1.1525896963212208, "wards_placed_t": 0.07318348144276006, "gold_graph_diffs_t": 13.537375849451124}