{"id": "EUN1_3573635516", "lvl": 3100, "literal level": "MASTER 300 lp", "time": 1562, "solokills_t": 0.008962868117797696, "kills_t": 0.04289372599231754, "kp": 0.5155722326454033, "deaths_t": 0.04289372599231754, "assists_t": 0.06658130601792574, "csscore_t": 0.8457106274007683, "teamgold_t": 70.8719590268886, "vision_score_t": 0.9082199920341745, "wards_placed_t": 0.058898847631242, "gold_graph_diffs_t": 17.693982074263765}