{"id": "EUN1_3579104519", "lvl": 3400, "literal level": "MASTER 200 lp", "time": 1541, "solokills_t": 0.007138221933809215, "kills_t": 0.03374432186891629, "kp": 0.4083333333333333, "deaths_t": 0.03374432186891629, "assists_t": 0.03893575600259572, "csscore_t": 0.9026606099935107, "teamgold_t": 68.06554185593771, "vision_score_t": 0.928850331793764, "wards_placed_t": 0.07073329007138222, "gold_graph_diffs_t": 12.874107722258273}