{"id": "EUN1_3575155423", "lvl": 2800, "literal level": "MASTER 0 lp", "time": 2057, "solokills_t": 0.007292173067574137, "kills_t": 0.038405444822557123, "kp": 0.5058441558441558, "deaths_t": 0.038405444822557123, "assists_t": 0.05979581915410792, "csscore_t": 0.9037433155080213, "teamgold_t": 68.68206125425377, "vision_score_t": 1.0391990846225523, "wards_placed_t": 0.07389402041808459, "gold_graph_diffs_t": 12.021876519202722}