{"id": "EUN1_3565572843", "lvl": 2900, "literal level": "MASTER 100 lp", "time": 1920, "solokills_t": 0.007291666666666667, "kills_t": 0.040625, "kp": 0.493156146179402, "deaths_t": 0.04114583333333333, "assists_t": 0.06041666666666667, "csscore_t": 0.8697916666666666, "teamgold_t": 71.60364583333333, "vision_score_t": 0.9497807104711613, "wards_placed_t": 0.06770833333333333, "gold_graph_diffs_t": 14.958854166666667}