{"id": "EUN1_3585949246", "lvl": 3400, "literal level": "MASTER 200 lp", "time": 2089, "solokills_t": 0.011488750598372427, "kills_t": 0.052656773575873624, "kp": 0.4876657824933687, "deaths_t": 0.052656773575873624, "assists_t": 0.07611297271421733, "csscore_t": 0.8003829583532791, "teamgold_t": 74.53326950694112, "vision_score_t": 1.0384624378480307, "wards_placed_t": 0.0627094303494495, "gold_graph_diffs_t": 14.781235040689324}