{"id": "EUN1_3561518085", "lvl": 3400, "literal level": "MASTER 200 lp", "time": 1772, "solokills_t": 0.002257336343115124, "kills_t": 0.029909706546275394, "kp": 0.542878787878788, "deaths_t": 0.029909706546275394, "assists_t": 0.05248306997742664, "csscore_t": 0.9130925507900677, "teamgold_t": 66.96896162528216, "vision_score_t": 1.1082766972970202, "wards_placed_t": 0.08126410835214447, "gold_graph_diffs_t": 11.536681715575622}