{"id": "EUN1_3566020692", "lvl": 3000, "literal level": "MASTER 200 lp", "time": 1522, "solokills_t": 0.00788436268068331, "kills_t": 0.02890932982917214, "kp": 0.4238095238095238, "deaths_t": 0.02890932982917214, "assists_t": 0.0328515111695138, "csscore_t": 0.980946123521682, "teamgold_t": 66.1484888304862, "vision_score_t": 0.8969442810472128, "wards_placed_t": 0.06044678055190539, "gold_graph_diffs_t": 13.220762155059132}