{"id": "EUN1_3562577751", "lvl": 2600, "literal level": "DIAMOND II", "time": 2228, "solokills_t": 0.005385996409335727, "kills_t": 0.02917414721723519, "kp": 0.4718146718146718, "deaths_t": 0.02917414721723519, "assists_t": 0.039946140035906644, "csscore_t": 1.0076301615798924, "teamgold_t": 67.42504488330341, "vision_score_t": 1.3320273431417071, "wards_placed_t": 0.08393177737881508, "gold_graph_diffs_t": 13.460053859964093}