{"id": "EUN1_3563809174", "lvl": 2500, "literal level": "DIAMOND III", "time": 1975, "solokills_t": 0.007088607594936709, "kills_t": 0.03746835443037975, "kp": 0.4875492513790386, "deaths_t": 0.03746835443037975, "assists_t": 0.054177215189873416, "csscore_t": 0.8688607594936709, "teamgold_t": 68.79544303797468, "vision_score_t": 1.1158546464561274, "wards_placed_t": 0.07240506329113924, "gold_graph_diffs_t": 12.081518987341772}