{"id": "EUN1_3583880209", "lvl": 3400, "literal level": "MASTER 200 lp", "time": 1987, "solokills_t": 0.008555611474584801, "kills_t": 0.0412682435832914, "kp": 0.4530612244897959, "deaths_t": 0.0412682435832914, "assists_t": 0.05435329642677403, "csscore_t": 0.7906391545042778, "teamgold_t": 67.20885757423251, "vision_score_t": 1.1109956427222272, "wards_placed_t": 0.0754906894816306, "gold_graph_diffs_t": 12.95420231504781}