{"id": "EUN1_3587384952", "lvl": 3500, "literal level": "MASTER 300 lp", "time": 1714, "solokills_t": 0.004667444574095682, "kills_t": 0.022170361726954493, "kp": 0.5383333333333334, "deaths_t": 0.022753792298716453, "assists_t": 0.03733955659276546, "csscore_t": 1.0280046674445742, "teamgold_t": 64.48191365227538, "vision_score_t": 1.0379035376929644, "wards_placed_t": 0.07001166861143523, "gold_graph_diffs_t": 10.890315052508752}