{"id": "EUN1_3572552429", "lvl": 3200, "literal level": "MASTER 0 lp", "time": 2215, "solokills_t": 0.005417607223476298, "kills_t": 0.028442437923250564, "kp": 0.49126315789473696, "deaths_t": 0.028442437923250564, "assists_t": 0.04198645598194131, "csscore_t": 0.8338600451467268, "teamgold_t": 63.98194130925508, "vision_score_t": 1.1055244094975685, "wards_placed_t": 0.07223476297968397, "gold_graph_diffs_t": 12.577878103837472}