{"id": "EUN1_3582224684", "lvl": 3400, "literal level": "MASTER 200 lp", "time": 916, "solokills_t": 0.007641921397379912, "kills_t": 0.028384279475982533, "kp": 0.40694444444444444, "deaths_t": 0.028384279475982533, "assists_t": 0.028384279475982533, "csscore_t": 0.9661572052401747, "teamgold_t": 65.11681222707423, "vision_score_t": 0.6393382152577604, "wards_placed_t": 0.0425764192139738, "gold_graph_diffs_t": 12.625545851528384}