{"id": "EUN1_3589441257", "lvl": 3400, "literal level": "MASTER 200 lp", "time": 2410, "solokills_t": 0.01037344398340249, "kills_t": 0.04896265560165975, "kp": 0.4751515151515152, "deaths_t": 0.04937759336099585, "assists_t": 0.06721991701244813, "csscore_t": 0.7966804979253111, "teamgold_t": 70.44647302904565, "vision_score_t": 0.932683246386272, "wards_placed_t": 0.06721991701244813, "gold_graph_diffs_t": 13.499585062240664}