{"id": "EUN1_3587838039", "lvl": 3500, "literal level": "MASTER 300 lp", "time": 1725, "solokills_t": 0.002898550724637681, "kills_t": 0.028985507246376812, "kp": 0.5876847290640395, "deaths_t": 0.028985507246376812, "assists_t": 0.058550724637681156, "csscore_t": 0.8846376811594203, "teamgold_t": 65.50376811594202, "vision_score_t": 1.1219946246344752, "wards_placed_t": 0.08057971014492754, "gold_graph_diffs_t": 13.453913043478261}