{"id": "EUN1_3585430492", "lvl": 3400, "literal level": "MASTER 200 lp", "time": 1143, "solokills_t": 0.009623797025371828, "kills_t": 0.04374453193350831, "kp": 0.4228571428571429, "deaths_t": 0.04461942257217848, "assists_t": 0.05074365704286964, "csscore_t": 0.9203849518810149, "teamgold_t": 69.73665791776028, "vision_score_t": 0.7032587553794873, "wards_placed_t": 0.051618547681539804, "gold_graph_diffs_t": 14.73753280839895}