{"id": "EUN1_3544429399", "lvl": 2600, "literal level": "DIAMOND II", "time": 1988, "solokills_t": 0.008551307847082495, "kills_t": 0.043259557344064385, "kp": 0.5511627906976744, "deaths_t": 0.0437625754527163, "assists_t": 0.07595573440643863, "csscore_t": 0.8485915492957746, "teamgold_t": 71.13430583501005, "vision_score_t": 1.0840548818028768, "wards_placed_t": 0.06488933601609657, "gold_graph_diffs_t": 17.54678068410463}