{"id": "EUN1_3545431774", "lvl": 2800, "literal level": "MASTER 0 lp", "time": 1605, "solokills_t": 0.00809968847352025, "kills_t": 0.04299065420560748, "kp": 0.4807300509337861, "deaths_t": 0.04299065420560748, "assists_t": 0.0616822429906542, "csscore_t": 0.874766355140187, "teamgold_t": 71.25794392523365, "vision_score_t": 1.111952537108035, "wards_placed_t": 0.0778816199376947, "gold_graph_diffs_t": 13.51588785046729}