{"id": "EUN1_3576816293", "lvl": 3100, "literal level": "MASTER 300 lp", "time": 2122, "solokills_t": 0.006126295947219604, "kills_t": 0.03770028275212064, "kp": 0.5101938711694809, "deaths_t": 0.03770028275212064, "assists_t": 0.058435438265786996, "csscore_t": 0.9024505183788878, "teamgold_t": 70.72290292177192, "vision_score_t": 1.094552425987946, "wards_placed_t": 0.07869934024505183, "gold_graph_diffs_t": 14.979264844486334}