{"id": "EUN1_3590936604", "lvl": 3500, "literal level": "MASTER 300 lp", "time": 1178, "solokills_t": 0.004244482173174873, "kills_t": 0.01867572156196944, "kp": 0.45619047619047615, "deaths_t": 0.01867572156196944, "assists_t": 0.022920203735144314, "csscore_t": 0.9745331069609507, "teamgold_t": 61.053480475382, "vision_score_t": 0.869322282116826, "wards_placed_t": 0.06196943972835314, "gold_graph_diffs_t": 15.345500848896435}