{"id": "EUN1_3587526384", "lvl": 3300, "literal level": "MASTER 100 lp", "time": 1461, "solokills_t": 0.009582477754962354, "kills_t": 0.03969883641341547, "kp": 0.4290865384615385, "deaths_t": 0.03969883641341547, "assists_t": 0.04654346338124572, "csscore_t": 0.9281314168377823, "teamgold_t": 73.52156057494867, "vision_score_t": 0.9117559430387843, "wards_placed_t": 0.0650239561943874, "gold_graph_diffs_t": 12.325119780971937}