{"id": "EUN1_3570592615", "lvl": 3400, "literal level": "MASTER 200 lp", "time": 1505, "solokills_t": 0.008637873754152824, "kills_t": 0.02857142857142857, "kp": 0.4631720430107527, "deaths_t": 0.029235880398671095, "assists_t": 0.04053156146179402, "csscore_t": 0.8950166112956811, "teamgold_t": 61.803322259136216, "vision_score_t": 0.9431432223336602, "wards_placed_t": 0.06710963455149502, "gold_graph_diffs_t": 13.706312292358804}