{"id": "EUN1_3554576193", "lvl": 2600, "literal level": "DIAMOND II", "time": 1731, "solokills_t": 0.005777007510109763, "kills_t": 0.036395147313691506, "kp": 0.5046370967741934, "deaths_t": 0.036395147313691506, "assists_t": 0.05545927209705372, "csscore_t": 0.9451184286539572, "teamgold_t": 70.38994800693241, "vision_score_t": 0.9858957919172824, "wards_placed_t": 0.0681686886192952, "gold_graph_diffs_t": 12.878682842287695}