{"id": "EUN1_3578528571", "lvl": 3400, "literal level": "MASTER 200 lp", "time": 2157, "solokills_t": 0.00880853036624942, "kills_t": 0.05146036161335188, "kp": 0.4923976608187135, "deaths_t": 0.052387575336114975, "assists_t": 0.07510431154381085, "csscore_t": 0.7885952712100139, "teamgold_t": 72.40658321743162, "vision_score_t": 1.0776906912658175, "wards_placed_t": 0.06675938803894298, "gold_graph_diffs_t": 11.946685210941123}