{"id": "EUN1_3558598805", "lvl": 2800, "literal level": "MASTER 0 lp", "time": 927, "solokills_t": 0.008629989212513484, "kills_t": 0.038834951456310676, "kp": 0.4838461538461538, "deaths_t": 0.038834951456310676, "assists_t": 0.05717367853290183, "csscore_t": 0.8468176914778857, "teamgold_t": 66.43042071197411, "vision_score_t": 0.7706911251037137, "wards_placed_t": 0.05717367853290183, "gold_graph_diffs_t": 13.125134843581446}