{"id": "EUN1_3568487912", "lvl": 2800, "literal level": "MASTER 0 lp", "time": 1457, "solokills_t": 0.0061770761839396015, "kills_t": 0.030199039121482498, "kp": 0.4666666666666666, "deaths_t": 0.030199039121482498, "assists_t": 0.04598490048043926, "csscore_t": 0.8503774879890186, "teamgold_t": 61.488675360329445, "vision_score_t": 0.911276660593041, "wards_placed_t": 0.06451612903225806, "gold_graph_diffs_t": 13.41729581331503}