{"id": "EUN1_3582010952", "lvl": 3300, "literal level": "MASTER 100 lp", "time": 1921, "solokills_t": 0.007808433107756377, "kills_t": 0.03800104112441437, "kp": 0.4750757575757575, "deaths_t": 0.038521603331598125, "assists_t": 0.05153565851119209, "csscore_t": 0.8802706923477356, "teamgold_t": 68.29307652264445, "vision_score_t": 1.1896297349839453, "wards_placed_t": 0.07808433107756377, "gold_graph_diffs_t": 14.121290994273815}