{"id": "EUN1_3564981081", "lvl": 2900, "literal level": "MASTER 100 lp", "time": 1507, "solokills_t": 0.007962840079628402, "kills_t": 0.035169210351692105, "kp": 0.45904761904761904, "deaths_t": 0.035169210351692105, "assists_t": 0.0451227604512276, "csscore_t": 0.8148639681486397, "teamgold_t": 67.28334439283344, "vision_score_t": 0.869302624877383, "wards_placed_t": 0.059057730590577305, "gold_graph_diffs_t": 13.313868613138686}