{"id": "EUN1_3564132768", "lvl": 3100, "literal level": "MASTER 300 lp", "time": 1866, "solokills_t": 0.008038585209003215, "kills_t": 0.04287245444801715, "kp": 0.5100687929956222, "deaths_t": 0.04287245444801715, "assists_t": 0.06645230439442658, "csscore_t": 0.8285101822079314, "teamgold_t": 70.83172561629154, "vision_score_t": 0.8898386712106359, "wards_placed_t": 0.06109324758842444, "gold_graph_diffs_t": 11.347266881028938}