{"id": "EUN1_3561982871", "lvl": 3100, "literal level": "MASTER 300 lp", "time": 2437, "solokills_t": 0.0036930652441526466, "kills_t": 0.029544521953221173, "kp": 0.5757575757575757, "deaths_t": 0.029544521953221173, "assists_t": 0.055806319244973326, "csscore_t": 0.8132950348789495, "teamgold_t": 65.2207632334838, "vision_score_t": 1.0361607339050471, "wards_placed_t": 0.062371768567911365, "gold_graph_diffs_t": 14.595404185473944}