{"id": "EUN1_3577910596", "lvl": 3400, "literal level": "MASTER 200 lp", "time": 1547, "solokills_t": 0.007756948933419522, "kills_t": 0.02262443438914027, "kp": 0.4428571428571428, "deaths_t": 0.02262443438914027, "assists_t": 0.028442146089204912, "csscore_t": 0.9676793794440853, "teamgold_t": 62.86619263089851, "vision_score_t": 1.0391781186824276, "wards_placed_t": 0.06851971557853911, "gold_graph_diffs_t": 14.471881060116354}