{"id": "EUN1_3589785144", "lvl": 3100, "literal level": "MASTER 300 lp", "time": 1955, "solokills_t": 0.003069053708439898, "kills_t": 0.03273657289002557, "kp": 0.578235294117647, "deaths_t": 0.03273657289002557, "assists_t": 0.061892583120204604, "csscore_t": 0.7370843989769821, "teamgold_t": 64.38312020460359, "vision_score_t": 1.0435598647326305, "wards_placed_t": 0.06905370843989769, "gold_graph_diffs_t": 13.470588235294118}