{"id": "EUN1_3559756567", "lvl": 3000, "literal level": "MASTER 200 lp", "time": 1562, "solokills_t": 0.008322663252240717, "kills_t": 0.03969270166453265, "kp": 0.46260504201680674, "deaths_t": 0.03969270166453265, "assists_t": 0.052496798975672214, "csscore_t": 0.8457106274007683, "teamgold_t": 68.03008962868118, "vision_score_t": 0.9621097907191626, "wards_placed_t": 0.06274007682458387, "gold_graph_diffs_t": 14.3348271446863}