{"id": "EUN1_3550837191", "lvl": 2400, "literal level": "DIAMOND IV", "time": 1160, "solokills_t": 0.014655172413793103, "kills_t": 0.05172413793103448, "kp": 0.4658385093167702, "deaths_t": 0.05172413793103448, "assists_t": 0.06206896551724138, "csscore_t": 0.8405172413793104, "teamgold_t": 76.06293103448276, "vision_score_t": 0.7112928931690066, "wards_placed_t": 0.054310344827586204, "gold_graph_diffs_t": 24.32155172413793}