{"id": "EUN1_3557245165", "lvl": 2700, "literal level": "DIAMOND I", "time": 2042, "solokills_t": 0.006366307541625857, "kills_t": 0.03525954946131244, "kp": 0.5226006191950464, "deaths_t": 0.03525954946131244, "assists_t": 0.05680705190989226, "csscore_t": 0.8863858961802155, "teamgold_t": 68.73408423114593, "vision_score_t": 1.2328277909349858, "wards_placed_t": 0.07443682664054849, "gold_graph_diffs_t": 14.572477962781587}