{"id": "EUN1_3564937365", "lvl": 3100, "literal level": "MASTER 300 lp", "time": 967, "solokills_t": 0.01344364012409514, "kills_t": 0.031023784901758014, "kp": 0.38076923076923075, "deaths_t": 0.031023784901758014, "assists_t": 0.025853154084798345, "csscore_t": 0.9296794208893485, "teamgold_t": 62.22543950361944, "vision_score_t": 0.7356903062359368, "wards_placed_t": 0.09824198552223372, "gold_graph_diffs_t": 17.302998965873837}