{"id": "EUN1_3562787812", "lvl": 3000, "literal level": "MASTER 200 lp", "time": 1495, "solokills_t": 0.006020066889632107, "kills_t": 0.043478260869565216, "kp": 0.5395000000000001, "deaths_t": 0.043478260869565216, "assists_t": 0.07357859531772576, "csscore_t": 0.7933110367892977, "teamgold_t": 68.95719063545151, "vision_score_t": 0.8712302537012627, "wards_placed_t": 0.06421404682274247, "gold_graph_diffs_t": 16.863545150501672}