{"id": "EUN1_3587925034", "lvl": 3400, "literal level": "MASTER 200 lp", "time": 1656, "solokills_t": 0.012077294685990338, "kills_t": 0.0392512077294686, "kp": 0.4234892787524366, "deaths_t": 0.0392512077294686, "assists_t": 0.04710144927536232, "csscore_t": 0.8701690821256038, "teamgold_t": 69.10205314009661, "vision_score_t": 0.9555536129068274, "wards_placed_t": 0.06884057971014493, "gold_graph_diffs_t": 16.617753623188406}