{"id": "EUN1_3585552345", "lvl": 3300, "literal level": "MASTER 100 lp", "time": 1866, "solokills_t": 0.015541264737406217, "kills_t": 0.04715969989281887, "kp": 0.40366576819407013, "deaths_t": 0.04715969989281887, "assists_t": 0.04930332261521972, "csscore_t": 0.9131832797427653, "teamgold_t": 71.85798499464094, "vision_score_t": 1.076657215267465, "wards_placed_t": 0.06162915326902465, "gold_graph_diffs_t": 13.19989281886388}