{"id": "EUN1_3590410560", "lvl": 3200, "literal level": "MASTER 0 lp", "time": 1164, "solokills_t": 0.010309278350515464, "kills_t": 0.029209621993127148, "kp": 0.37857142857142856, "deaths_t": 0.029209621993127148, "assists_t": 0.024054982817869417, "csscore_t": 0.9544673539518901, "teamgold_t": 64.07302405498282, "vision_score_t": 0.885187152470784, "wards_placed_t": 0.06872852233676977, "gold_graph_diffs_t": 16.830756013745706}