{"id": "EUN1_3576445101", "lvl": 3300, "literal level": "MASTER 100 lp", "time": 2160, "solokills_t": 0.012037037037037037, "kills_t": 0.04259259259259259, "kp": 0.43693181818181814, "deaths_t": 0.04259259259259259, "assists_t": 0.05092592592592592, "csscore_t": 0.9018518518518519, "teamgold_t": 70.61944444444444, "vision_score_t": 1.1283185557712938, "wards_placed_t": 0.07222222222222222, "gold_graph_diffs_t": 13.792592592592593}