{"id": "EUN1_3559770711", "lvl": 2800, "literal level": "MASTER 0 lp", "time": 1651, "solokills_t": 0.012719563900666263, "kills_t": 0.03755299818291944, "kp": 0.3831765935214211, "deaths_t": 0.03755299818291944, "assists_t": 0.034524530587522716, "csscore_t": 0.9606299212598425, "teamgold_t": 68.40642035130224, "vision_score_t": 1.0427967137519096, "wards_placed_t": 0.07571168988491823, "gold_graph_diffs_t": 15.153846153846153}