{"id": "EUN1_3559144988", "lvl": 3200, "literal level": "MASTER 0 lp", "time": 1108, "solokills_t": 0.009927797833935019, "kills_t": 0.0388086642599278, "kp": 0.4248768472906404, "deaths_t": 0.039711191335740074, "assists_t": 0.042418772563176894, "csscore_t": 0.8998194945848376, "teamgold_t": 70.58754512635379, "vision_score_t": 0.6693602870075612, "wards_placed_t": 0.04963898916967509, "gold_graph_diffs_t": 13.139891696750903}