{"id": "EUN1_3556793127", "lvl": 2800, "literal level": "MASTER 0 lp", "time": 1672, "solokills_t": 0.00777511961722488, "kills_t": 0.03708133971291866, "kp": 0.48357142857142854, "deaths_t": 0.03708133971291866, "assists_t": 0.05083732057416268, "csscore_t": 0.9126794258373205, "teamgold_t": 69.04425837320574, "vision_score_t": 1.064464330415086, "wards_placed_t": 0.0735645933014354, "gold_graph_diffs_t": 11.992822966507177}