{"id": "EUN1_3576618765", "lvl": 3200, "literal level": "MASTER 0 lp", "time": 1826, "solokills_t": 0.006024096385542169, "kills_t": 0.033406352683461114, "kp": 0.5163398692810458, "deaths_t": 0.033406352683461114, "assists_t": 0.05421686746987952, "csscore_t": 0.8406352683461117, "teamgold_t": 64.88061336254107, "vision_score_t": 1.0434729808705157, "wards_placed_t": 0.06845564074479737, "gold_graph_diffs_t": 14.141292442497262}