{"id": "EUN1_3567621117", "lvl": 3000, "literal level": "MASTER 200 lp", "time": 1482, "solokills_t": 0.016194331983805668, "kills_t": 0.04116059379217274, "kp": 0.3859625668449198, "deaths_t": 0.04116059379217274, "assists_t": 0.03913630229419703, "csscore_t": 0.9392712550607287, "teamgold_t": 70.54116059379217, "vision_score_t": 0.9093402818384242, "wards_placed_t": 0.0620782726045884, "gold_graph_diffs_t": 16.411605937921728}