{"id": "EUN1_3563747411", "lvl": 3100, "literal level": "MASTER 300 lp", "time": 1605, "solokills_t": 0.009968847352024923, "kills_t": 0.03426791277258567, "kp": 0.44320652173913044, "deaths_t": 0.03489096573208723, "assists_t": 0.04361370716510903, "csscore_t": 0.9433021806853582, "teamgold_t": 67.4797507788162, "vision_score_t": 1.132369336243571, "wards_placed_t": 0.07601246105919003, "gold_graph_diffs_t": 14.171339563862928}