{"id": "EUN1_3589442112", "lvl": 3300, "literal level": "MASTER 100 lp", "time": 1459, "solokills_t": 0.006854009595613434, "kills_t": 0.03289924605894448, "kp": 0.5021428571428572, "deaths_t": 0.03289924605894448, "assists_t": 0.05140507196710076, "csscore_t": 1.0047978067169294, "teamgold_t": 68.44619602467444, "vision_score_t": 1.0202151050153474, "wards_placed_t": 0.07059629883481837, "gold_graph_diffs_t": 13.220699108978753}