{"id": "EUN1_3565109670", "lvl": 3200, "literal level": "MASTER 0 lp", "time": 1467, "solokills_t": 0.00954328561690525, "kills_t": 0.05521472392638037, "kp": 0.48993548387096764, "deaths_t": 0.05521472392638037, "assists_t": 0.08043626448534424, "csscore_t": 0.7484662576687117, "teamgold_t": 75.44171779141104, "vision_score_t": 1.1223007089158032, "wards_placed_t": 0.07430129516019086, "gold_graph_diffs_t": 12.506475800954329}