{"id": "EUN1_3562237441", "lvl": 2500, "literal level": "DIAMOND III", "time": 1569, "solokills_t": 0.004461440407903123, "kills_t": 0.0331421287444232, "kp": 0.5184873949579831, "deaths_t": 0.0331421287444232, "assists_t": 0.05417463352453792, "csscore_t": 0.9216061185468452, "teamgold_t": 67.15041427660931, "vision_score_t": 0.9766504155952311, "wards_placed_t": 0.058636073932441045, "gold_graph_diffs_t": 12.878903760356915}