{"id": "EUN1_3571999604", "lvl": 3100, "literal level": "MASTER 300 lp", "time": 1604, "solokills_t": 0.005610972568578554, "kills_t": 0.03927680798004988, "kp": 0.5215725806451613, "deaths_t": 0.03927680798004988, "assists_t": 0.06296758104738155, "csscore_t": 0.9033665835411472, "teamgold_t": 69.99812967581047, "vision_score_t": 0.9977362239790505, "wards_placed_t": 0.06920199501246883, "gold_graph_diffs_t": 15.378428927680797}