{"id": "EUN1_3585932238", "lvl": 3300, "literal level": "MASTER 100 lp", "time": 1858, "solokills_t": 0.013455328310010764, "kills_t": 0.04413347685683531, "kp": 0.4678921568627451, "deaths_t": 0.04413347685683531, "assists_t": 0.0581270182992465, "csscore_t": 0.8003229278794403, "teamgold_t": 69.38589881593111, "vision_score_t": 1.0647432886161503, "wards_placed_t": 0.06297093649085038, "gold_graph_diffs_t": 14.03606027987083}