{"id": "EUN1_3564090235", "lvl": 2900, "literal level": "MASTER 100 lp", "time": 1668, "solokills_t": 0.005995203836930456, "kills_t": 0.030575539568345324, "kp": 0.46678571428571425, "deaths_t": 0.030575539568345324, "assists_t": 0.04316546762589928, "csscore_t": 0.9316546762589928, "teamgold_t": 68.52218225419664, "vision_score_t": 1.0474683118185226, "wards_placed_t": 0.07194244604316546, "gold_graph_diffs_t": 11.830335731414868}