{"id": "EUN1_3589405010", "lvl": 3700, "literal level": "MASTER 100 lp", "time": 1411, "solokills_t": 0.005669737774627924, "kills_t": 0.023387668320340185, "kp": 0.42000000000000004, "deaths_t": 0.023387668320340185, "assists_t": 0.025513819985825654, "csscore_t": 1.0729978738483346, "teamgold_t": 67.18214032600993, "vision_score_t": 1.1269647535503189, "wards_placed_t": 0.073706591070163, "gold_graph_diffs_t": 10.921332388377037}