{"id": "EUN1_3564234681", "lvl": 3000, "literal level": "MASTER 200 lp", "time": 1356, "solokills_t": 0.003687315634218289, "kills_t": 0.028761061946902654, "kp": 0.5006896551724138, "deaths_t": 0.028761061946902654, "assists_t": 0.03908554572271387, "csscore_t": 0.8325958702064897, "teamgold_t": 63.47271386430678, "vision_score_t": 0.8287685213942277, "wards_placed_t": 0.05825958702064897, "gold_graph_diffs_t": 16.614306784660766}