{"id": "EUN1_3587414517", "lvl": 3300, "literal level": "MASTER 100 lp", "time": 1421, "solokills_t": 0.007741027445460943, "kills_t": 0.02674173117522871, "kp": 0.5245210727969349, "deaths_t": 0.02674173117522871, "assists_t": 0.04433497536945813, "csscore_t": 0.9634060520760028, "teamgold_t": 66.56931738212526, "vision_score_t": 0.9633817215634881, "wards_placed_t": 0.06474313863476425, "gold_graph_diffs_t": 11.67558057705841}