{"id": "EUN1_3577373965", "lvl": 3300, "literal level": "MASTER 100 lp", "time": 920, "solokills_t": 0.009782608695652175, "kills_t": 0.020652173913043477, "kp": 0.41470588235294115, "deaths_t": 0.020652173913043477, "assists_t": 0.015217391304347827, "csscore_t": 1.0347826086956522, "teamgold_t": 58.47826086956522, "vision_score_t": 0.6717511759912039, "wards_placed_t": 0.05326086956521739, "gold_graph_diffs_t": 11.669565217391304}