{"id": "EUN1_3588118058", "lvl": 3100, "literal level": "MASTER 300 lp", "time": 2373, "solokills_t": 0.008006742520016857, "kills_t": 0.03286978508217446, "kp": 0.4694293478260869, "deaths_t": 0.03286978508217446, "assists_t": 0.044669195111672985, "csscore_t": 0.9700800674252001, "teamgold_t": 68.0008428150021, "vision_score_t": 1.0187660287135984, "wards_placed_t": 0.06826801517067003, "gold_graph_diffs_t": 11.710914454277287}