{"id": "EUN1_3585462008", "lvl": 3200, "literal level": "MASTER 0 lp", "time": 1184, "solokills_t": 0.005067567567567568, "kills_t": 0.033783783783783786, "kp": 0.511904761904762, "deaths_t": 0.033783783783783786, "assists_t": 0.052364864864864864, "csscore_t": 0.8699324324324325, "teamgold_t": 68.61317567567568, "vision_score_t": 0.7092374569746311, "wards_placed_t": 0.057432432432432436, "gold_graph_diffs_t": 10.532094594594595}