{"id": "EUN1_3587169367", "lvl": 3200, "literal level": "MASTER 0 lp", "time": 2172, "solokills_t": 0.0055248618784530384, "kills_t": 0.03222836095764273, "kp": 0.5715762273901809, "deaths_t": 0.03222836095764273, "assists_t": 0.058011049723756904, "csscore_t": 0.9000920810313076, "teamgold_t": 68.20580110497238, "vision_score_t": 1.2151074854632469, "wards_placed_t": 0.08241252302025782, "gold_graph_diffs_t": 13.972836095764272}