{"id": "EUN1_3564631171", "lvl": 3100, "literal level": "MASTER 300 lp", "time": 1477, "solokills_t": 0.005416384563303994, "kills_t": 0.026404874746106973, "kp": 0.43076923076923074, "deaths_t": 0.026404874746106973, "assists_t": 0.03114421123899797, "csscore_t": 1.012863913337847, "teamgold_t": 65.88354773188897, "vision_score_t": 1.1068456141925629, "wards_placed_t": 0.07109004739336493, "gold_graph_diffs_t": 12.070412999322953}