{"id": "EUN1_3588909607", "lvl": 3500, "literal level": "MASTER 300 lp", "time": 1551, "solokills_t": 0.014829142488716958, "kills_t": 0.038039974210186976, "kp": 0.43982558139534883, "deaths_t": 0.038039974210186976, "assists_t": 0.0425531914893617, "csscore_t": 0.9548678272082527, "teamgold_t": 69.9645390070922, "vision_score_t": 0.9041242251952137, "wards_placed_t": 0.06769825918762089, "gold_graph_diffs_t": 11.38555770470664}