{"id": "EUN1_3564014030", "lvl": 3000, "literal level": "MASTER 200 lp", "time": 1371, "solokills_t": 0.007293946024799417, "kills_t": 0.027716994894237783, "kp": 0.4172619047619047, "deaths_t": 0.027716994894237783, "assists_t": 0.029175784099197667, "csscore_t": 0.9883296863603209, "teamgold_t": 67.86870897155362, "vision_score_t": 0.984445586922212, "wards_placed_t": 0.07148067104303428, "gold_graph_diffs_t": 10.590809628008753}