{"id": "EUN1_3548165272", "lvl": 3100, "literal level": "MASTER 300 lp", "time": 1517, "solokills_t": 0.005932762030323006, "kills_t": 0.025708635464733027, "kp": 0.5013793103448275, "deaths_t": 0.025708635464733027, "assists_t": 0.037574159525379035, "csscore_t": 0.9261700725115359, "teamgold_t": 63.24851680949242, "vision_score_t": 0.9432863843552326, "wards_placed_t": 0.06262359920896507, "gold_graph_diffs_t": 12.278180619644035}