{"id": "EUN1_3572599952", "lvl": 3200, "literal level": "MASTER 0 lp", "time": 2026, "solokills_t": 0.009871668311944718, "kills_t": 0.039486673247778874, "kp": 0.43968253968253973, "deaths_t": 0.03998025666337611, "assists_t": 0.047877591312931886, "csscore_t": 0.914116485686081, "teamgold_t": 70.69101678183613, "vision_score_t": 1.1644706106713305, "wards_placed_t": 0.07798617966436328, "gold_graph_diffs_t": 15.850937808489634}