{"id": "EUN1_3576607370", "lvl": 3200, "literal level": "MASTER 0 lp", "time": 1861, "solokills_t": 0.00967221923696937, "kills_t": 0.039763567974207416, "kp": 0.4057017543859649, "deaths_t": 0.039763567974207416, "assists_t": 0.04083825900053734, "csscore_t": 0.9328318108543794, "teamgold_t": 71.55400322407309, "vision_score_t": 1.0075688109433074, "wards_placed_t": 0.060720042987641054, "gold_graph_diffs_t": 14.677055346587856}