{"id": "EUN1_3588581938", "lvl": 3300, "literal level": "MASTER 100 lp", "time": 1832, "solokills_t": 0.003820960698689956, "kills_t": 0.027838427947598252, "kp": 0.562037037037037, "deaths_t": 0.027838427947598252, "assists_t": 0.05131004366812227, "csscore_t": 0.9115720524017468, "teamgold_t": 63.95906113537118, "vision_score_t": 1.193862392456602, "wards_placed_t": 0.07969432314410481, "gold_graph_diffs_t": 13.490720524017467}