{"id": "EUN1_3574182878", "lvl": 2600, "literal level": "DIAMOND II", "time": 1753, "solokills_t": 0.007986309184255563, "kills_t": 0.03479749001711352, "kp": 0.488903743315508, "deaths_t": 0.03479749001711352, "assists_t": 0.050770108385624645, "csscore_t": 0.9309754706217912, "teamgold_t": 68.31831146605819, "vision_score_t": 1.0586946547997222, "wards_placed_t": 0.0713063320022818, "gold_graph_diffs_t": 15.80718767826583}