{"id": "EUN1_3583865301", "lvl": 3600, "literal level": "MASTER 0 lp", "time": 1889, "solokills_t": 0.004235044997353097, "kills_t": 0.03176283748014823, "kp": 0.5830357142857142, "deaths_t": 0.03176283748014823, "assists_t": 0.0614081524616199, "csscore_t": 0.9608258337744838, "teamgold_t": 66.500794070937, "vision_score_t": 1.118289754950915, "wards_placed_t": 0.08523028057173107, "gold_graph_diffs_t": 14.60772895712017}