{"id": "EUN1_3581067879", "lvl": 3200, "literal level": "MASTER 0 lp", "time": 1585, "solokills_t": 0.008832807570977918, "kills_t": 0.032176656151419555, "kp": 0.43287037037037035, "deaths_t": 0.032176656151419555, "assists_t": 0.03785488958990536, "csscore_t": 0.9318611987381703, "teamgold_t": 65.76719242902209, "vision_score_t": 1.0758682160898927, "wards_placed_t": 0.06624605678233439, "gold_graph_diffs_t": 14.4801261829653}