{"id": "EUN1_3589015351", "lvl": 3300, "literal level": "MASTER 100 lp", "time": 1756, "solokills_t": 0.012528473804100227, "kills_t": 0.040432801822323464, "kp": 0.4115384615384615, "deaths_t": 0.040432801822323464, "assists_t": 0.04214123006833713, "csscore_t": 0.8843963553530751, "teamgold_t": 69.49772209567197, "vision_score_t": 0.9774413814732903, "wards_placed_t": 0.06719817767653759, "gold_graph_diffs_t": 14.342824601366743}