{"id": "EUN1_3566470771", "lvl": 3200, "literal level": "MASTER 0 lp", "time": 1690, "solokills_t": 0.007692307692307693, "kills_t": 0.038461538461538464, "kp": 0.4942528735632184, "deaths_t": 0.038461538461538464, "assists_t": 0.05739644970414201, "csscore_t": 0.8650887573964497, "teamgold_t": 70.20769230769231, "vision_score_t": 0.8130707919588943, "wards_placed_t": 0.05088757396449704, "gold_graph_diffs_t": 17.032544378698226}