{"id": "EUN1_3544204890", "lvl": 2600, "literal level": "DIAMOND II", "time": 1390, "solokills_t": 0.011510791366906475, "kills_t": 0.045323741007194246, "kp": 0.5002325581395348, "deaths_t": 0.045323741007194246, "assists_t": 0.06474820143884892, "csscore_t": 0.8122302158273381, "teamgold_t": 68.4546762589928, "vision_score_t": 0.7814288505190159, "wards_placed_t": 0.05107913669064748, "gold_graph_diffs_t": 17.359712230215827}