{"id": "EUN1_3559166368", "lvl": 3100, "literal level": "MASTER 300 lp", "time": 2034, "solokills_t": 0.004424778761061947, "kills_t": 0.038348082595870206, "kp": 0.5710963455149501, "deaths_t": 0.038348082595870206, "assists_t": 0.07227138643067847, "csscore_t": 0.8667649950835792, "teamgold_t": 69.90117994100295, "vision_score_t": 1.1630136710009729, "wards_placed_t": 0.08013765978367748, "gold_graph_diffs_t": 11.74582104228122}