{"id": "EUN1_3586218381", "lvl": 3500, "literal level": "MASTER 300 lp", "time": 932, "solokills_t": 0.01072961373390558, "kills_t": 0.032188841201716736, "kp": 0.37083333333333324, "deaths_t": 0.033261802575107295, "assists_t": 0.034334763948497854, "csscore_t": 0.9173819742489271, "teamgold_t": 61.90450643776824, "vision_score_t": 0.8791356807758817, "wards_placed_t": 0.06866952789699571, "gold_graph_diffs_t": 10.17489270386266}