{"id": "EUN1_3584118436", "lvl": 3000, "literal level": "MASTER 200 lp", "time": 1808, "solokills_t": 0.014933628318584071, "kills_t": 0.04314159292035398, "kp": 0.4036684782608696, "deaths_t": 0.04314159292035398, "assists_t": 0.04092920353982301, "csscore_t": 0.9070796460176991, "teamgold_t": 73.98727876106194, "vision_score_t": 0.8714939231695993, "wards_placed_t": 0.06084070796460177, "gold_graph_diffs_t": 16.04811946902655}