{"id": "EUN1_3589045886", "lvl": 3500, "literal level": "MASTER 300 lp", "time": 1649, "solokills_t": 0.0066707095209217705, "kills_t": 0.024863553668890235, "kp": 0.46752873563218394, "deaths_t": 0.024863553668890235, "assists_t": 0.03759854457246816, "csscore_t": 0.944815039417829, "teamgold_t": 63.312310491206794, "vision_score_t": 1.0744020589801668, "wards_placed_t": 0.07459066100667071, "gold_graph_diffs_t": 11.611885991510006}