{"id": "EUN1_3547079500", "lvl": 3200, "literal level": "MASTER 0 lp", "time": 2032, "solokills_t": 0.0044291338582677165, "kills_t": 0.027559055118110236, "kp": 0.5038461538461538, "deaths_t": 0.028051181102362203, "assists_t": 0.041830708661417325, "csscore_t": 0.8720472440944882, "teamgold_t": 65.55462598425197, "vision_score_t": 1.0711284438109172, "wards_placed_t": 0.06446850393700787, "gold_graph_diffs_t": 14.51033464566929}