{"id": "EUN1_3563774826", "lvl": 2500, "literal level": "DIAMOND III", "time": 1857, "solokills_t": 0.010770059235325794, "kills_t": 0.03284868066774367, "kp": 0.43298368298368306, "deaths_t": 0.03284868066774367, "assists_t": 0.03769520732364028, "csscore_t": 0.8686052773290253, "teamgold_t": 66.95961227786754, "vision_score_t": 0.9198876571453478, "wards_placed_t": 0.06785137318255251, "gold_graph_diffs_t": 8.640818524501885}