{"id": "EUN1_3564669898", "lvl": 3100, "literal level": "MASTER 300 lp", "time": 1510, "solokills_t": 0.004635761589403974, "kills_t": 0.0456953642384106, "kp": 0.5511324041811847, "deaths_t": 0.0456953642384106, "assists_t": 0.08211920529801324, "csscore_t": 0.8403973509933775, "teamgold_t": 72.42450331125828, "vision_score_t": 0.8691010548797771, "wards_placed_t": 0.06688741721854305, "gold_graph_diffs_t": 14.639072847682119}