{"id": "EUN1_3574871344", "lvl": 2500, "literal level": "DIAMOND III", "time": 1931, "solokills_t": 0.008285862247540134, "kills_t": 0.0398757120662869, "kp": 0.4714285714285714, "deaths_t": 0.0398757120662869, "assists_t": 0.05489383738995339, "csscore_t": 0.827550491973071, "teamgold_t": 68.53443811496633, "vision_score_t": 1.020372165650047, "wards_placed_t": 0.061108234075608496, "gold_graph_diffs_t": 15.240807871569135}