{"id": "EUN1_3585455272", "lvl": 3300, "literal level": "MASTER 100 lp", "time": 1159, "solokills_t": 0.010353753235547885, "kills_t": 0.0362381363244176, "kp": 0.40703812316715543, "deaths_t": 0.03710094909404659, "assists_t": 0.03968938740293356, "csscore_t": 0.9508196721311475, "teamgold_t": 68.78688524590164, "vision_score_t": 0.8538909411046177, "wards_placed_t": 0.06816220880069025, "gold_graph_diffs_t": 13.518550474547023}