{"id": "EUN1_3548994519", "lvl": 2800, "literal level": "MASTER 0 lp", "time": 1649, "solokills_t": 0.006064281382656155, "kills_t": 0.02971497877501516, "kp": 0.4682795698924731, "deaths_t": 0.02971497877501516, "assists_t": 0.041237113402061855, "csscore_t": 0.9436021831412977, "teamgold_t": 66.5591267434809, "vision_score_t": 1.021042870008156, "wards_placed_t": 0.06488781079442087, "gold_graph_diffs_t": 12.62098241358399}