{"id": "EUN1_3564953277", "lvl": 3200, "literal level": "MASTER 0 lp", "time": 1511, "solokills_t": 0.009927200529450696, "kills_t": 0.03242885506287227, "kp": 0.4023297491039427, "deaths_t": 0.03242885506287227, "assists_t": 0.03242885506287227, "csscore_t": 0.9503639973527466, "teamgold_t": 65.01389808074123, "vision_score_t": 1.0115541935787378, "wards_placed_t": 0.06353408338848444, "gold_graph_diffs_t": 9.449371277299802}