{"id": "EUN1_3567023623", "lvl": 2700, "literal level": "DIAMOND I", "time": 1050, "solokills_t": 0.008571428571428572, "kills_t": 0.02857142857142857, "kp": 0.41, "deaths_t": 0.02857142857142857, "assists_t": 0.03333333333333333, "csscore_t": 0.9180952380952381, "teamgold_t": 62.06761904761905, "vision_score_t": 0.8355081466620696, "wards_placed_t": 0.06190476190476191, "gold_graph_diffs_t": 9.006666666666666}