{"id": "EUN1_3574610790", "lvl": 2700, "literal level": "DIAMOND I", "time": 1418, "solokills_t": 0.011988716502115656, "kills_t": 0.04301833568406206, "kp": 0.43850129198966403, "deaths_t": 0.04301833568406206, "assists_t": 0.05077574047954866, "csscore_t": 0.8949224259520452, "teamgold_t": 73.12270803949224, "vision_score_t": 0.9077822714333085, "wards_placed_t": 0.06558533145275035, "gold_graph_diffs_t": 18.600846262341324}