{"id": "EUN1_3570282626", "lvl": 3300, "literal level": "MASTER 100 lp", "time": 952, "solokills_t": 0.007352941176470588, "kills_t": 0.038865546218487396, "kp": 0.4114906832298136, "deaths_t": 0.038865546218487396, "assists_t": 0.04096638655462185, "csscore_t": 0.8256302521008403, "teamgold_t": 65.57563025210084, "vision_score_t": 0.8269231756108407, "wards_placed_t": 0.06197478991596639, "gold_graph_diffs_t": 12.367647058823529}