{"id": "EUN1_3584355712", "lvl": 3100, "literal level": "MASTER 300 lp", "time": 1778, "solokills_t": 0.008998875140607425, "kills_t": 0.04049493813273341, "kp": 0.46996138996139003, "deaths_t": 0.04049493813273341, "assists_t": 0.05511811023622047, "csscore_t": 0.8773903262092239, "teamgold_t": 70.08605174353205, "vision_score_t": 1.157545338523997, "wards_placed_t": 0.0703037120359955, "gold_graph_diffs_t": 17.46400449943757}