{"id": "EUN1_3590650976", "lvl": 3500, "literal level": "MASTER 300 lp", "time": 1724, "solokills_t": 0.0063805104408352666, "kills_t": 0.031322505800464036, "kp": 0.4738345864661655, "deaths_t": 0.031322505800464036, "assists_t": 0.04582366589327146, "csscore_t": 0.9251740139211136, "teamgold_t": 66.21925754060325, "vision_score_t": 0.9699609256100648, "wards_placed_t": 0.07076566125290024, "gold_graph_diffs_t": 16.611368909512763}