{"id": "EUN1_3574479368", "lvl": 3300, "literal level": "MASTER 100 lp", "time": 1673, "solokills_t": 0.002988643156007173, "kills_t": 0.02630005977286312, "kp": 0.521875, "deaths_t": 0.026897788404064555, "assists_t": 0.04662283323371189, "csscore_t": 0.9581589958158996, "teamgold_t": 65.9994022713688, "vision_score_t": 0.9112505078024039, "wards_placed_t": 0.06037059175134489, "gold_graph_diffs_t": 16.80394500896593}