{"id": "EUN1_3588116770", "lvl": 3600, "literal level": "MASTER 0 lp", "time": 1825, "solokills_t": 0.0032876712328767125, "kills_t": 0.02904109589041096, "kp": 0.5297142857142856, "deaths_t": 0.02904109589041096, "assists_t": 0.04821917808219178, "csscore_t": 0.9227397260273973, "teamgold_t": 66.32602739726028, "vision_score_t": 1.2010378688060368, "wards_placed_t": 0.07780821917808219, "gold_graph_diffs_t": 12.864109589041096}