{"id": "EUN1_3587816971", "lvl": 3500, "literal level": "MASTER 300 lp", "time": 1908, "solokills_t": 0.005765199161425576, "kills_t": 0.03930817610062893, "kp": 0.5587976539589443, "deaths_t": 0.039832285115303984, "assists_t": 0.07285115303983228, "csscore_t": 0.8464360587002097, "teamgold_t": 68.27672955974843, "vision_score_t": 1.1128617141518495, "wards_placed_t": 0.07337526205450734, "gold_graph_diffs_t": 14.281970649895179}