{"id": "EUN1_3580571480", "lvl": 3200, "literal level": "MASTER 0 lp", "time": 1536, "solokills_t": 0.005208333333333333, "kills_t": 0.028645833333333332, "kp": 0.4719047619047618, "deaths_t": 0.028645833333333332, "assists_t": 0.039713541666666664, "csscore_t": 0.9466145833333334, "teamgold_t": 66.29231770833333, "vision_score_t": 1.0392960324412999, "wards_placed_t": 0.0703125, "gold_graph_diffs_t": 13.754557291666666}