{"id": "EUN1_3551363550", "lvl": 2300, "literal level": "EMERALD I", "time": 2358, "solokills_t": 0.009329940627650551, "kills_t": 0.035199321458863446, "kp": 0.448499399759904, "deaths_t": 0.035199321458863446, "assists_t": 0.044529262086514, "csscore_t": 0.8859202714164546, "teamgold_t": 69.7735368956743, "vision_score_t": 0.9088152314289163, "wards_placed_t": 0.06149279050042409, "gold_graph_diffs_t": 14.436810856658186}