{"id": "EUN1_3587283972", "lvl": 3200, "literal level": "MASTER 0 lp", "time": 1198, "solokills_t": 0.01001669449081803, "kills_t": 0.035058430717863104, "kp": 0.43925925925925924, "deaths_t": 0.035058430717863104, "assists_t": 0.03923205342237062, "csscore_t": 0.8981636060100167, "teamgold_t": 65.36978297161937, "vision_score_t": 0.8635855759625036, "wards_placed_t": 0.0667779632721202, "gold_graph_diffs_t": 10.02754590984975}