{"id": "EUN1_3590618165", "lvl": 3400, "literal level": "MASTER 200 lp", "time": 970, "solokills_t": 0.007216494845360825, "kills_t": 0.02577319587628866, "kp": 0.4246031746031746, "deaths_t": 0.02577319587628866, "assists_t": 0.031958762886597936, "csscore_t": 0.977319587628866, "teamgold_t": 63.12268041237113, "vision_score_t": 0.8445457293659574, "wards_placed_t": 0.06804123711340206, "gold_graph_diffs_t": 12.41958762886598}