{"id": "EUN1_3585131633", "lvl": 3200, "literal level": "MASTER 0 lp", "time": 924, "solokills_t": 0.015151515151515152, "kills_t": 0.03896103896103896, "kp": 0.37037037037037035, "deaths_t": 0.03896103896103896, "assists_t": 0.02813852813852814, "csscore_t": 0.9837662337662337, "teamgold_t": 65.52164502164503, "vision_score_t": 0.6871293149395079, "wards_placed_t": 0.05519480519480519, "gold_graph_diffs_t": 9.824675324675324}