{"id": "EUN1_3576787238", "lvl": 3200, "literal level": "MASTER 0 lp", "time": 1296, "solokills_t": 0.009259259259259259, "kills_t": 0.03009259259259259, "kp": 0.43518518518518523, "deaths_t": 0.030864197530864196, "assists_t": 0.031635802469135804, "csscore_t": 0.9375, "teamgold_t": 65.06095679012346, "vision_score_t": 0.6905230441974746, "wards_placed_t": 0.04861111111111111, "gold_graph_diffs_t": 12.636574074074074}