{"id": "EUN1_3566467954", "lvl": 3100, "literal level": "MASTER 300 lp", "time": 924, "solokills_t": 0.005411255411255411, "kills_t": 0.025974025974025976, "kp": 0.49111111111111105, "deaths_t": 0.025974025974025976, "assists_t": 0.03571428571428571, "csscore_t": 0.9155844155844156, "teamgold_t": 60.37987012987013, "vision_score_t": 0.7830204937253621, "wards_placed_t": 0.05844155844155844, "gold_graph_diffs_t": 12.241341991341992}