{"id": "EUN1_3587603844", "lvl": 3300, "literal level": "MASTER 100 lp", "time": 1936, "solokills_t": 0.00878099173553719, "kills_t": 0.033574380165289255, "kp": 0.4576923076923077, "deaths_t": 0.033574380165289255, "assists_t": 0.045454545454545456, "csscore_t": 0.9421487603305785, "teamgold_t": 68.5284090909091, "vision_score_t": 1.1138440577399853, "wards_placed_t": 0.07799586776859505, "gold_graph_diffs_t": 13.81663223140496}