{"id": "EUN1_3554485426", "lvl": 2600, "literal level": "DIAMOND II", "time": 1676, "solokills_t": 0.007159904534606206, "kills_t": 0.03937947494033413, "kp": 0.5094017094017094, "deaths_t": 0.03937947494033413, "assists_t": 0.060859188544152745, "csscore_t": 0.8914081145584726, "teamgold_t": 70.1109785202864, "vision_score_t": 0.9295055370359219, "wards_placed_t": 0.06324582338902147, "gold_graph_diffs_t": 15.525059665871122}