{"id": "EUN1_3556958011", "lvl": 2900, "literal level": "MASTER 100 lp", "time": 1685, "solokills_t": 0.002967359050445104, "kills_t": 0.032047477744807124, "kp": 0.49444444444444435, "deaths_t": 0.032047477744807124, "assists_t": 0.048071216617210685, "csscore_t": 0.9394658753709199, "teamgold_t": 68.41186943620178, "vision_score_t": 0.8927683940736199, "wards_placed_t": 0.058160237388724036, "gold_graph_diffs_t": 10.760830860534124}