{"id": "EUN1_3564516244", "lvl": 3000, "literal level": "MASTER 200 lp", "time": 1484, "solokills_t": 0.009433962264150943, "kills_t": 0.03436657681940701, "kp": 0.4382142857142857, "deaths_t": 0.03436657681940701, "assists_t": 0.04177897574123989, "csscore_t": 0.8504043126684636, "teamgold_t": 65.31536388140162, "vision_score_t": 0.9140638452751183, "wards_placed_t": 0.05727762803234501, "gold_graph_diffs_t": 16.38544474393531}