{"id": "EUN1_3574411249", "lvl": 2500, "literal level": "DIAMOND III", "time": 1550, "solokills_t": 0.00903225806451613, "kills_t": 0.03483870967741935, "kp": 0.428021978021978, "deaths_t": 0.03483870967741935, "assists_t": 0.04, "csscore_t": 0.9064516129032258, "teamgold_t": 67.2374193548387, "vision_score_t": 1.0059385202917928, "wards_placed_t": 0.06709677419354838, "gold_graph_diffs_t": 12.918709677419354}