{"id": "EUN1_3579077620", "lvl": 3300, "literal level": "MASTER 100 lp", "time": 1743, "solokills_t": 0.006310958118187034, "kills_t": 0.03384968445209409, "kp": 0.4768518518518518, "deaths_t": 0.03384968445209409, "assists_t": 0.04647160068846816, "csscore_t": 0.9483648881239243, "teamgold_t": 70.877223178428, "vision_score_t": 1.184764572607012, "wards_placed_t": 0.09179575444635686, "gold_graph_diffs_t": 13.74354561101549}