{"id": "EUN1_3584408894", "lvl": 3200, "literal level": "MASTER 0 lp", "time": 1706, "solokills_t": 0.0076201641266119575, "kills_t": 0.038686987104337635, "kp": 0.4862487360970678, "deaths_t": 0.038686987104337635, "assists_t": 0.056858147713950764, "csscore_t": 0.8763188745603752, "teamgold_t": 68.89331770222744, "vision_score_t": 0.8193043103692219, "wards_placed_t": 0.05509964830011723, "gold_graph_diffs_t": 12.683470105509965}