{"id": "EUN1_3560907821", "lvl": 2900, "literal level": "MASTER 100 lp", "time": 2113, "solokills_t": 0.006152389966871746, "kills_t": 0.0326549929010885, "kp": 0.5007692307692307, "deaths_t": 0.03312825366777094, "assists_t": 0.04969238050165641, "csscore_t": 0.8173213440605773, "teamgold_t": 65.96119261713204, "vision_score_t": 1.0791774889370451, "wards_placed_t": 0.06956933270231898, "gold_graph_diffs_t": 14.07193563653573}