{"id": "EUN1_3579306201", "lvl": 3300, "literal level": "MASTER 100 lp", "time": 1726, "solokills_t": 0.005793742757821553, "kills_t": 0.027809965237543453, "kp": 0.4701098901098901, "deaths_t": 0.027809965237543453, "assists_t": 0.034183082271147164, "csscore_t": 0.966396292004635, "teamgold_t": 65.97682502896872, "vision_score_t": 0.9742553928456605, "wards_placed_t": 0.07068366164542295, "gold_graph_diffs_t": 11.3603707995365}