{"id": "EUN1_3583742498", "lvl": 3400, "literal level": "MASTER 200 lp", "time": 1221, "solokills_t": 0.01638001638001638, "kills_t": 0.044226044226044224, "kp": 0.3888157894736842, "deaths_t": 0.044226044226044224, "assists_t": 0.03849303849303849, "csscore_t": 0.8574938574938575, "teamgold_t": 66.43407043407043, "vision_score_t": 0.7702896227926896, "wards_placed_t": 0.05241605241605242, "gold_graph_diffs_t": 15.45945945945946}