{"id": "EUN1_3579819347", "lvl": 3100, "literal level": "MASTER 300 lp", "time": 2019, "solokills_t": 0.0064388311045071814, "kills_t": 0.03467062902426944, "kp": 0.4868140868140868, "deaths_t": 0.03467062902426944, "assists_t": 0.05052005943536404, "csscore_t": 0.787518573551263, "teamgold_t": 63.623080733036154, "vision_score_t": 1.1942614849796536, "wards_placed_t": 0.06884596334819218, "gold_graph_diffs_t": 13.28132738979693}