{"id": "EUN1_3560746340", "lvl": 3000, "literal level": "MASTER 200 lp", "time": 1377, "solokills_t": 0.007262164124909223, "kills_t": 0.034858387799564274, "kp": 0.492436974789916, "deaths_t": 0.034858387799564274, "assists_t": 0.04938271604938271, "csscore_t": 0.9629629629629629, "teamgold_t": 69.01234567901234, "vision_score_t": 1.0005727788423975, "wards_placed_t": 0.07407407407407407, "gold_graph_diffs_t": 15.18082788671024}