{"id": "EUN1_3573663501", "lvl": 3300, "literal level": "MASTER 100 lp", "time": 2463, "solokills_t": 0.008526187576126675, "kills_t": 0.03451075923670321, "kp": 0.5110923423423424, "deaths_t": 0.03451075923670321, "assists_t": 0.05278116118554608, "csscore_t": 0.9447827852212749, "teamgold_t": 70.30166463662201, "vision_score_t": 1.0147703947848237, "wards_placed_t": 0.06455542021924482, "gold_graph_diffs_t": 16.01258627689809}