{"id": "EUN1_3566762776", "lvl": 3000, "literal level": "MASTER 200 lp", "time": 1643, "solokills_t": 0.007303712720632989, "kills_t": 0.03834449178332319, "kp": 0.48093126385809315, "deaths_t": 0.03834449178332319, "assists_t": 0.05538648813146683, "csscore_t": 0.9032258064516129, "teamgold_t": 69.96895922093731, "vision_score_t": 0.8479700496711036, "wards_placed_t": 0.05538648813146683, "gold_graph_diffs_t": 13.622032866707244}