{"id": "EUN1_3581592936", "lvl": 3200, "literal level": "MASTER 0 lp", "time": 2553, "solokills_t": 0.0050920485703094395, "kills_t": 0.027418723070896985, "kp": 0.5041666666666667, "deaths_t": 0.027418723070896985, "assists_t": 0.04191147669408539, "csscore_t": 0.8977673325499412, "teamgold_t": 66.15236976106542, "vision_score_t": 1.3543158510291953, "wards_placed_t": 0.09831570701135918, "gold_graph_diffs_t": 12.667058362710536}