{"id": "EUN1_3563612961", "lvl": 3000, "literal level": "MASTER 200 lp", "time": 1532, "solokills_t": 0.00587467362924282, "kills_t": 0.04242819843342036, "kp": 0.5488372093023257, "deaths_t": 0.04242819843342036, "assists_t": 0.07049608355091384, "csscore_t": 0.8661879895561357, "teamgold_t": 71.19843342036553, "vision_score_t": 0.9278496608363633, "wards_placed_t": 0.06592689295039164, "gold_graph_diffs_t": 17.54177545691906}