{"id": "EUN1_3582110566", "lvl": 3200, "literal level": "MASTER 0 lp", "time": 1711, "solokills_t": 0.007597895967270602, "kills_t": 0.03974284044418469, "kp": 0.46612466124661245, "deaths_t": 0.03974284044418469, "assists_t": 0.05376972530683811, "csscore_t": 0.8509643483343075, "teamgold_t": 67.32612507305669, "vision_score_t": 1.0277545644675867, "wards_placed_t": 0.07130333138515488, "gold_graph_diffs_t": 14.499707773232029}