{"id": "EUN1_3576933687", "lvl": 3100, "literal level": "MASTER 300 lp", "time": 1764, "solokills_t": 0.007369614512471655, "kills_t": 0.048752834467120185, "kp": 0.4653333333333333, "deaths_t": 0.04931972789115646, "assists_t": 0.06462585034013606, "csscore_t": 0.8475056689342404, "teamgold_t": 76.27437641723355, "vision_score_t": 1.0396525733367612, "wards_placed_t": 0.06462585034013606, "gold_graph_diffs_t": 13.264172335600907}