{"id": "EUN1_3564152250", "lvl": 3100, "literal level": "MASTER 300 lp", "time": 1881, "solokills_t": 0.004253056884635832, "kills_t": 0.03402445507708666, "kp": 0.48166666666666663, "deaths_t": 0.03402445507708666, "assists_t": 0.049973418394471024, "csscore_t": 0.9197235513024987, "teamgold_t": 67.8809144072302, "vision_score_t": 0.919011097421895, "wards_placed_t": 0.06220095693779904, "gold_graph_diffs_t": 12.23391812865497}