{"id": "EUN1_3571893588", "lvl": 2700, "literal level": "DIAMOND I", "time": 1414, "solokills_t": 0.009900990099009901, "kills_t": 0.03323903818953324, "kp": 0.45833333333333337, "deaths_t": 0.03323903818953324, "assists_t": 0.03818953323903819, "csscore_t": 0.9519094766619519, "teamgold_t": 69.21852899575671, "vision_score_t": 0.9246591287980772, "wards_placed_t": 0.06152758132956153, "gold_graph_diffs_t": 14.094059405940595}