{"id": "EUN1_3566989666", "lvl": 2300, "literal level": "EMERALD I", "time": 1504, "solokills_t": 0.007313829787234043, "kills_t": 0.03856382978723404, "kp": 0.5191304347826088, "deaths_t": 0.03922872340425532, "assists_t": 0.06316489361702128, "csscore_t": 0.8131648936170213, "teamgold_t": 69.08976063829788, "vision_score_t": 0.931448832064499, "wards_placed_t": 0.059175531914893616, "gold_graph_diffs_t": 15.350398936170214}