{"id": "EUN1_3559577036", "lvl": 2800, "literal level": "MASTER 0 lp", "time": 1407, "solokills_t": 0.0028429282160625444, "kills_t": 0.028429282160625444, "kp": 0.4384615384615384, "deaths_t": 0.028429282160625444, "assists_t": 0.03553660270078181, "csscore_t": 0.914001421464108, "teamgold_t": 65.49040511727078, "vision_score_t": 1.1051723211595086, "wards_placed_t": 0.07178393745557925, "gold_graph_diffs_t": 16.906183368869936}