{"id": "EUN1_3573889103", "lvl": 2600, "literal level": "DIAMOND II", "time": 1247, "solokills_t": 0.011226944667201283, "kills_t": 0.02967121090617482, "kp": 0.42243589743589743, "deaths_t": 0.030473135525260625, "assists_t": 0.03127506014434643, "csscore_t": 0.8837209302325582, "teamgold_t": 62.97113071371291, "vision_score_t": 0.7982947109143018, "wards_placed_t": 0.05854049719326383, "gold_graph_diffs_t": 12.34402566158781}