{"id": "EUN1_3584441239", "lvl": 3200, "literal level": "MASTER 0 lp", "time": 1794, "solokills_t": 0.008918617614269788, "kills_t": 0.048494983277591976, "kp": 0.5005813953488373, "deaths_t": 0.04905239687848383, "assists_t": 0.07302118171683389, "csscore_t": 0.7887402452619844, "teamgold_t": 72.52898550724638, "vision_score_t": 0.9287045383471767, "wards_placed_t": 0.06521739130434782, "gold_graph_diffs_t": 17.642697881828315}