{"id": "EUN1_3578069386", "lvl": 2800, "literal level": "MASTER 0 lp", "time": 1473, "solokills_t": 0.008146639511201629, "kills_t": 0.04955872369314324, "kp": 0.47373158756137473, "deaths_t": 0.04955872369314324, "assists_t": 0.06924643584521385, "csscore_t": 0.8642226748133062, "teamgold_t": 73.47929395790904, "vision_score_t": 0.9064385491008607, "wards_placed_t": 0.06109979633401222, "gold_graph_diffs_t": 14.691785471826204}