{"id": "EUN1_3587097921", "lvl": 3200, "literal level": "MASTER 0 lp", "time": 1402, "solokills_t": 0.012838801711840228, "kills_t": 0.037803138373751786, "kp": 0.39614035087719296, "deaths_t": 0.037803138373751786, "assists_t": 0.03566333808844508, "csscore_t": 0.9386590584878745, "teamgold_t": 69.65763195435093, "vision_score_t": 0.9575991295985983, "wards_placed_t": 0.07061340941512126, "gold_graph_diffs_t": 14.191155492154065}