{"id": "EUN1_3588570441", "lvl": 3400, "literal level": "MASTER 200 lp", "time": 1388, "solokills_t": 0.004322766570605188, "kills_t": 0.02377521613832853, "kp": 0.49722222222222223, "deaths_t": 0.02377521613832853, "assists_t": 0.0345821325648415, "csscore_t": 0.9719020172910663, "teamgold_t": 63.595821325648416, "vision_score_t": 0.9659518676083723, "wards_placed_t": 0.0670028818443804, "gold_graph_diffs_t": 12.520893371757925}