{"id": "EUN1_3567322289", "lvl": 2700, "literal level": "DIAMOND I", "time": 1617, "solokills_t": 0.0074211502782931356, "kills_t": 0.03896103896103896, "kp": 0.4755717255717256, "deaths_t": 0.03896103896103896, "assists_t": 0.05442176870748299, "csscore_t": 0.8886827458256029, "teamgold_t": 68.7408781694496, "vision_score_t": 0.9656675813333851, "wards_placed_t": 0.06493506493506493, "gold_graph_diffs_t": 16.964749536178108}