{"id": "EUN1_3550712103", "lvl": 3200, "literal level": "MASTER 0 lp", "time": 2125, "solokills_t": 0.002352941176470588, "kills_t": 0.03058823529411765, "kp": 0.6243833017077799, "deaths_t": 0.03058823529411765, "assists_t": 0.06494117647058824, "csscore_t": 0.8790588235294118, "teamgold_t": 66.36564705882353, "vision_score_t": 1.0782428624828724, "wards_placed_t": 0.06352941176470588, "gold_graph_diffs_t": 13.226823529411766}