{"id": "EUN1_3563055941", "lvl": 2500, "literal level": "DIAMOND III", "time": 2406, "solokills_t": 0.011221945137157107, "kills_t": 0.03574397339983375, "kp": 0.43794815223386657, "deaths_t": 0.03574397339983375, "assists_t": 0.04239401496259352, "csscore_t": 0.9347464671654198, "teamgold_t": 70.61346633416458, "vision_score_t": 1.1874345654578151, "wards_placed_t": 0.07356608478802992, "gold_graph_diffs_t": 12.260182876142975}