{"id": "EUN1_3589600047", "lvl": 3600, "literal level": "MASTER 0 lp", "time": 2070, "solokills_t": 0.003864734299516908, "kills_t": 0.035265700483091786, "kp": 0.5288288288288288, "deaths_t": 0.035265700483091786, "assists_t": 0.057971014492753624, "csscore_t": 0.8082125603864734, "teamgold_t": 67.28550724637681, "vision_score_t": 1.1119153731853912, "wards_placed_t": 0.06859903381642513, "gold_graph_diffs_t": 13.297101449275363}