{"id": "EUN1_3585151149", "lvl": 3200, "literal level": "MASTER 0 lp", "time": 1313, "solokills_t": 0.008377760853008377, "kills_t": 0.035034272658035034, "kp": 0.4655913978494623, "deaths_t": 0.035034272658035034, "assists_t": 0.046458492003046456, "csscore_t": 0.8598629093678599, "teamgold_t": 66.61538461538461, "vision_score_t": 0.8995863348866712, "wards_placed_t": 0.05635948210205636, "gold_graph_diffs_t": 14.184310738766184}