{"id": "EUN1_3585913266", "lvl": 3500, "literal level": "MASTER 300 lp", "time": 938, "solokills_t": 0.0010660980810234541, "kills_t": 0.013859275053304905, "kp": 0.4966666666666666, "deaths_t": 0.013859275053304905, "assists_t": 0.019189765458422176, "csscore_t": 1.0095948827292112, "teamgold_t": 55.672707889125796, "vision_score_t": 0.6226210679057312, "wards_placed_t": 0.05543710021321962, "gold_graph_diffs_t": 7.934968017057569}