{"id": "EUN1_3582443783", "lvl": 3300, "literal level": "MASTER 100 lp", "time": 1386, "solokills_t": 0.007936507936507936, "kills_t": 0.02813852813852814, "kp": 0.4416666666666667, "deaths_t": 0.02813852813852814, "assists_t": 0.03535353535353535, "csscore_t": 0.9011544011544012, "teamgold_t": 64.46969696969697, "vision_score_t": 0.9242405535163183, "wards_placed_t": 0.06349206349206349, "gold_graph_diffs_t": 13.918470418470418}