{"id": "EUN1_3547060086", "lvl": 2800, "literal level": "MASTER 0 lp", "time": 1537, "solokills_t": 0.007807417046193884, "kills_t": 0.0494469746258946, "kp": 0.5009826152683295, "deaths_t": 0.0494469746258946, "assists_t": 0.07156798959011061, "csscore_t": 0.852309694209499, "teamgold_t": 75.92517891997397, "vision_score_t": 0.9749243245752306, "wards_placed_t": 0.07026675341574495, "gold_graph_diffs_t": 17.001301236174367}