{"id": "EUN1_3581993394", "lvl": 3100, "literal level": "MASTER 300 lp", "time": 1681, "solokills_t": 0.004759071980963712, "kills_t": 0.032123735871505056, "kp": 0.5409090909090909, "deaths_t": 0.032123735871505056, "assists_t": 0.05651397977394408, "csscore_t": 0.8726948245092208, "teamgold_t": 64.46876859012492, "vision_score_t": 1.0088302125133342, "wards_placed_t": 0.06841165972635337, "gold_graph_diffs_t": 16.083283759666866}