{"id": "EUN1_3576229583", "lvl": 3100, "literal level": "MASTER 300 lp", "time": 1594, "solokills_t": 0.010037641154328732, "kills_t": 0.028858218318695106, "kp": 0.39941520467836256, "deaths_t": 0.028858218318695106, "assists_t": 0.028230865746549563, "csscore_t": 0.8964868255959849, "teamgold_t": 63.849435382685066, "vision_score_t": 0.9805831644149752, "wards_placed_t": 0.06273525721455459, "gold_graph_diffs_t": 14.340025094102886}