{"id": "EUN1_3573207189", "lvl": 3300, "literal level": "MASTER 100 lp", "time": 927, "solokills_t": 0.006472491909385114, "kills_t": 0.034519956850053934, "kp": 0.4154589371980676, "deaths_t": 0.034519956850053934, "assists_t": 0.036677454153182305, "csscore_t": 0.8845738942826321, "teamgold_t": 63.69363538295577, "vision_score_t": 0.6864277274125087, "wards_placed_t": 0.04746494066882417, "gold_graph_diffs_t": 9.98705501618123}