{"id": "EUN1_3553925508", "lvl": 2600, "literal level": "DIAMOND II", "time": 2290, "solokills_t": 0.00960698689956332, "kills_t": 0.036244541484716154, "kp": 0.43825581395348834, "deaths_t": 0.036244541484716154, "assists_t": 0.04323144104803493, "csscore_t": 0.874235807860262, "teamgold_t": 68.6410480349345, "vision_score_t": 0.9880057138223531, "wards_placed_t": 0.06593886462882097, "gold_graph_diffs_t": 14.247161572052402}