{"id": "EUN1_3585094085", "lvl": 3200, "literal level": "MASTER 0 lp", "time": 990, "solokills_t": 0.00909090909090909, "kills_t": 0.03232323232323232, "kp": 0.42363636363636364, "deaths_t": 0.03232323232323232, "assists_t": 0.03636363636363636, "csscore_t": 0.897979797979798, "teamgold_t": 64.51515151515152, "vision_score_t": 0.8686393242182596, "wards_placed_t": 0.06565656565656566, "gold_graph_diffs_t": 11.26060606060606}