{"id": "EUN1_3576319185", "lvl": 3300, "literal level": "MASTER 100 lp", "time": 1727, "solokills_t": 0.007527504342790967, "kills_t": 0.03647944412275622, "kp": 0.5166666666666666, "deaths_t": 0.03647944412275622, "assists_t": 0.056745801968731906, "csscore_t": 0.8587145338737695, "teamgold_t": 66.80602200347423, "vision_score_t": 0.9595081803252429, "wards_placed_t": 0.07006369426751592, "gold_graph_diffs_t": 13.504342790966994}