{"id": "EUN1_3590640121", "lvl": 3500, "literal level": "MASTER 300 lp", "time": 1938, "solokills_t": 0.007223942208462332, "kills_t": 0.04489164086687306, "kp": 0.5060606060606061, "deaths_t": 0.04489164086687306, "assists_t": 0.07017543859649122, "csscore_t": 0.7858617131062952, "teamgold_t": 70.04127966976264, "vision_score_t": 0.9549687474765275, "wards_placed_t": 0.06398348813209494, "gold_graph_diffs_t": 16.922600619195048}