{"id": "EUN1_3588944579", "lvl": 3600, "literal level": "MASTER 0 lp", "time": 1763, "solokills_t": 0.005672149744753261, "kills_t": 0.03176403857061826, "kp": 0.548148148148148, "deaths_t": 0.03176403857061826, "assists_t": 0.055587067498581964, "csscore_t": 0.942711287577992, "teamgold_t": 67.57912648893931, "vision_score_t": 1.1676354796866717, "wards_placed_t": 0.0822461712989223, "gold_graph_diffs_t": 13.619965967101532}