{"id": "EUN1_3556728355", "lvl": 2500, "literal level": "DIAMOND III", "time": 1951, "solokills_t": 0.011788826242952332, "kills_t": 0.037929267042542285, "kp": 0.4114583333333333, "deaths_t": 0.037929267042542285, "assists_t": 0.041517170681701694, "csscore_t": 0.8549461814454126, "teamgold_t": 68.73500768836495, "vision_score_t": 1.0279477022674544, "wards_placed_t": 0.07842132239876987, "gold_graph_diffs_t": 12.705279343926192}