{"id": "EUN1_3571915691", "lvl": 2900, "literal level": "MASTER 100 lp", "time": 1744, "solokills_t": 0.007454128440366973, "kills_t": 0.04988532110091743, "kp": 0.5340659340659342, "deaths_t": 0.04988532110091743, "assists_t": 0.08428899082568807, "csscore_t": 0.7689220183486238, "teamgold_t": 71.45183486238533, "vision_score_t": 0.8383288414762801, "wards_placed_t": 0.06135321100917431, "gold_graph_diffs_t": 14.478211009174313}