{"id": "EUN1_3564621500", "lvl": 2500, "literal level": "DIAMOND III", "time": 1590, "solokills_t": 0.00880503144654088, "kills_t": 0.04968553459119497, "kp": 0.46742021276595747, "deaths_t": 0.04968553459119497, "assists_t": 0.06666666666666667, "csscore_t": 0.8817610062893082, "teamgold_t": 73.38553459119497, "vision_score_t": 0.9354536795996481, "wards_placed_t": 0.06729559748427673, "gold_graph_diffs_t": 13.847169811320756}