{"id": "EUN1_3586928968", "lvl": 3400, "literal level": "MASTER 200 lp", "time": 914, "solokills_t": 0.0087527352297593, "kills_t": 0.018599562363238512, "kp": 0.2865384615384615, "deaths_t": 0.019693654266958426, "assists_t": 0.009846827133479213, "csscore_t": 0.8971553610503282, "teamgold_t": 59.50109409190372, "vision_score_t": 0.5148454664781341, "wards_placed_t": 0.04814004376367615, "gold_graph_diffs_t": 16.603938730853393}