{"id": "EUN1_3572326469", "lvl": 3200, "literal level": "MASTER 0 lp", "time": 1648, "solokills_t": 0.012135922330097087, "kills_t": 0.046723300970873786, "kp": 0.48244444444444434, "deaths_t": 0.046723300970873786, "assists_t": 0.06553398058252427, "csscore_t": 0.8391990291262136, "teamgold_t": 70.5127427184466, "vision_score_t": 0.9326662874812349, "wards_placed_t": 0.07099514563106796, "gold_graph_diffs_t": 18.246966019417474}