{"id": "EUN1_3566654452", "lvl": 3200, "literal level": "MASTER 0 lp", "time": 1695, "solokills_t": 0.015339233038348082, "kills_t": 0.04188790560471976, "kp": 0.37892628205128204, "deaths_t": 0.04188790560471976, "assists_t": 0.03716814159292035, "csscore_t": 0.8985250737463126, "teamgold_t": 72.00117994100295, "vision_score_t": 0.89091103806579, "wards_placed_t": 0.06548672566371681, "gold_graph_diffs_t": 15.9952802359882}