{"id": "EUN1_3556940034", "lvl": 2800, "literal level": "MASTER 0 lp", "time": 1495, "solokills_t": 0.008026755852842809, "kills_t": 0.03277591973244147, "kp": 0.44879310344827583, "deaths_t": 0.03277591973244147, "assists_t": 0.04013377926421405, "csscore_t": 0.9438127090301003, "teamgold_t": 68.04682274247492, "vision_score_t": 1.1287751891681785, "wards_placed_t": 0.07892976588628763, "gold_graph_diffs_t": 13.189297658862877}