{"id": "EUN1_3587480311", "lvl": 3200, "literal level": "MASTER 0 lp", "time": 1589, "solokills_t": 0.0031466331025802393, "kills_t": 0.03838892385147892, "kp": 0.5193333333333333, "deaths_t": 0.03838892385147892, "assists_t": 0.06293266205160478, "csscore_t": 0.8829452485840151, "teamgold_t": 70.29767149150409, "vision_score_t": 1.04083488050028, "wards_placed_t": 0.07300188797986155, "gold_graph_diffs_t": 13.104468219005664}