{"id": "EUN1_3590064909", "lvl": 3200, "literal level": "MASTER 0 lp", "time": 1589, "solokills_t": 0.01195720578980491, "kills_t": 0.04405286343612335, "kp": 0.4154761904761905, "deaths_t": 0.04405286343612335, "assists_t": 0.04657016991818754, "csscore_t": 0.8791692888609188, "teamgold_t": 70.92070484581498, "vision_score_t": 0.8963862677557186, "wards_placed_t": 0.05726872246696035, "gold_graph_diffs_t": 12.794839521711769}