{"id": "EUN1_3581849124", "lvl": 3600, "literal level": "MASTER 0 lp", "time": 1411, "solokills_t": 0.008504606661941885, "kills_t": 0.04748405386250886, "kp": 0.49505882352941183, "deaths_t": 0.04748405386250886, "assists_t": 0.07016300496102056, "csscore_t": 0.7980155917788803, "teamgold_t": 67.70588235294117, "vision_score_t": 0.9895759496052815, "wards_placed_t": 0.06520198440822111, "gold_graph_diffs_t": 13.959603118355776}