{"id": "EUN1_3575936125", "lvl": 3200, "literal level": "MASTER 0 lp", "time": 1424, "solokills_t": 0.0049157303370786515, "kills_t": 0.033707865168539325, "kp": 0.5178571428571428, "deaths_t": 0.033707865168539325, "assists_t": 0.05407303370786517, "csscore_t": 0.9396067415730337, "teamgold_t": 69.20856741573034, "vision_score_t": 0.9013107150863998, "wards_placed_t": 0.059691011235955056, "gold_graph_diffs_t": 15.077949438202246}