{"id": "EUN1_3590499774", "lvl": 3400, "literal level": "MASTER 200 lp", "time": 1757, "solokills_t": 0.008537279453614115, "kills_t": 0.040978941377347755, "kp": 0.46719118804091264, "deaths_t": 0.04154809334092203, "assists_t": 0.05463858850313034, "csscore_t": 0.842344906089926, "teamgold_t": 72.75697211155378, "vision_score_t": 1.1102508826570519, "wards_placed_t": 0.08081957882754695, "gold_graph_diffs_t": 13.81900967558338}