{"id": "EUN1_3572596222", "lvl": 3300, "literal level": "MASTER 100 lp", "time": 958, "solokills_t": 0.010438413361169102, "kills_t": 0.025052192066805846, "kp": 0.325, "deaths_t": 0.025052192066805846, "assists_t": 0.017745302713987474, "csscore_t": 0.9676409185803758, "teamgold_t": 59.930062630480165, "vision_score_t": 0.8368223975216456, "wards_placed_t": 0.059498956158663886, "gold_graph_diffs_t": 9.721294363256785}