{"id": "EUN1_3565760866", "lvl": 3300, "literal level": "MASTER 100 lp", "time": 1889, "solokills_t": 0.005823186871360508, "kills_t": 0.030174695606140816, "kp": 0.46098484848484844, "deaths_t": 0.030174695606140816, "assists_t": 0.04023292747485442, "csscore_t": 0.884065643197459, "teamgold_t": 66.90471148755955, "vision_score_t": 1.0275602492587042, "wards_placed_t": 0.06511381683430387, "gold_graph_diffs_t": 13.712546320804659}