{"id": "EUN1_3581199399", "lvl": 3300, "literal level": "MASTER 100 lp", "time": 1825, "solokills_t": 0.0032876712328767125, "kills_t": 0.033424657534246574, "kp": 0.5799771167048056, "deaths_t": 0.033424657534246574, "assists_t": 0.06410958904109589, "csscore_t": 0.8947945205479452, "teamgold_t": 66.76164383561644, "vision_score_t": 1.0887450520103577, "wards_placed_t": 0.0663013698630137, "gold_graph_diffs_t": 13.727123287671233}