{"id": "EUN1_3566322929", "lvl": 3000, "literal level": "MASTER 200 lp", "time": 2334, "solokills_t": 0.006855184233076264, "kills_t": 0.04113110539845758, "kp": 0.4888888888888888, "deaths_t": 0.04113110539845758, "assists_t": 0.05912596401028278, "csscore_t": 0.8337617823479005, "teamgold_t": 73.48714652956298, "vision_score_t": 1.001208311008043, "wards_placed_t": 0.06726649528706084, "gold_graph_diffs_t": 17.99014567266495}