{"id": "EUN1_3589608900", "lvl": 3300, "literal level": "MASTER 100 lp", "time": 1442, "solokills_t": 0.009015256588072122, "kills_t": 0.038834951456310676, "kp": 0.4766666666666667, "deaths_t": 0.038834951456310676, "assists_t": 0.05409153952843273, "csscore_t": 0.8099861303744799, "teamgold_t": 66.37725381414702, "vision_score_t": 0.8357911839256362, "wards_placed_t": 0.06726768377253814, "gold_graph_diffs_t": 10.969486823855755}