{"id": "EUN1_3585198691", "lvl": 3200, "literal level": "MASTER 0 lp", "time": 1460, "solokills_t": 0.010273972602739725, "kills_t": 0.04726027397260274, "kp": 0.48641114982578404, "deaths_t": 0.04726027397260274, "assists_t": 0.06643835616438357, "csscore_t": 0.8691780821917808, "teamgold_t": 72.9513698630137, "vision_score_t": 1.0171488286951436, "wards_placed_t": 0.07328767123287672, "gold_graph_diffs_t": 13.873287671232877}