{"id": "EUN1_3564246585", "lvl": 3000, "literal level": "MASTER 200 lp", "time": 1971, "solokills_t": 0.0076103500761035, "kills_t": 0.04667681380010147, "kp": 0.5042307692307691, "deaths_t": 0.04667681380010147, "assists_t": 0.07052257737189244, "csscore_t": 0.8153221714865551, "teamgold_t": 72.18315575849823, "vision_score_t": 0.9521755552360979, "wards_placed_t": 0.0684931506849315, "gold_graph_diffs_t": 18.9066463723998}