{"id": "EUN1_3584378407", "lvl": 3600, "literal level": "MASTER 0 lp", "time": 1541, "solokills_t": 0.005191434133679429, "kills_t": 0.03439325113562622, "kp": 0.5313988095238095, "deaths_t": 0.03439325113562622, "assists_t": 0.05386112913692408, "csscore_t": 0.9279688513951979, "teamgold_t": 67.63919532770927, "vision_score_t": 1.0496935994669563, "wards_placed_t": 0.07138221933809215, "gold_graph_diffs_t": 14.799480856586632}