{"id": "EUN1_3566678954", "lvl": 3000, "literal level": "MASTER 200 lp", "time": 1462, "solokills_t": 0.01709986320109439, "kills_t": 0.04582763337893297, "kp": 0.38788235294117646, "deaths_t": 0.04582763337893297, "assists_t": 0.04035567715458276, "csscore_t": 0.7975376196990424, "teamgold_t": 69.33036935704514, "vision_score_t": 0.8460491754419905, "wards_placed_t": 0.058823529411764705, "gold_graph_diffs_t": 14.985636114911081}