{"id": "EUN1_3563223599", "lvl": 3000, "literal level": "MASTER 200 lp", "time": 1512, "solokills_t": 0.005291005291005291, "kills_t": 0.03571428571428571, "kp": 0.5208275862068965, "deaths_t": 0.03571428571428571, "assists_t": 0.056878306878306875, "csscore_t": 0.9014550264550265, "teamgold_t": 67.07010582010582, "vision_score_t": 1.0443547897244483, "wards_placed_t": 0.06812169312169312, "gold_graph_diffs_t": 13.324074074074074}