{"id": "EUN1_3587951474", "lvl": 3200, "literal level": "MASTER 0 lp", "time": 986, "solokills_t": 0.013184584178498986, "kills_t": 0.04563894523326572, "kp": 0.40144230769230765, "deaths_t": 0.04563894523326572, "assists_t": 0.04462474645030426, "csscore_t": 0.9137931034482759, "teamgold_t": 69.59330628803245, "vision_score_t": 0.7390001380842847, "wards_placed_t": 0.056795131845841784, "gold_graph_diffs_t": 13.950304259634889}