{"id": "EUN1_3562220599", "lvl": 3100, "literal level": "MASTER 300 lp", "time": 1593, "solokills_t": 0.008160703075957313, "kills_t": 0.030759573132454487, "kp": 0.4529824561403508, "deaths_t": 0.030759573132454487, "assists_t": 0.0389202762084118, "csscore_t": 0.8185812931575643, "teamgold_t": 62.64846202134338, "vision_score_t": 0.9640858549449952, "wards_placed_t": 0.05963590709353421, "gold_graph_diffs_t": 11.60389202762084}