{"id": "EUN1_3576606301", "lvl": 3300, "literal level": "MASTER 100 lp", "time": 1613, "solokills_t": 0.006199628022318661, "kills_t": 0.035337879727216366, "kp": 0.4990540540540541, "deaths_t": 0.035337879727216366, "assists_t": 0.053316800991940486, "csscore_t": 0.9132052076875388, "teamgold_t": 68.50526968381897, "vision_score_t": 1.0369469756570926, "wards_placed_t": 0.07067575945443273, "gold_graph_diffs_t": 16.2548047117173}