{"id": "EUN1_3576731138", "lvl": 3200, "literal level": "MASTER 0 lp", "time": 1553, "solokills_t": 0.00643915003219575, "kills_t": 0.032839665164198326, "kp": 0.47319749216300944, "deaths_t": 0.032839665164198326, "assists_t": 0.04507405022537025, "csscore_t": 0.9175788795878944, "teamgold_t": 66.84417256922086, "vision_score_t": 1.0989180277460942, "wards_placed_t": 0.06632324533161622, "gold_graph_diffs_t": 11.852543464262718}