{"id": "EUN1_3576744004", "lvl": 3200, "literal level": "MASTER 0 lp", "time": 2155, "solokills_t": 0.0060324825986078886, "kills_t": 0.03062645011600928, "kp": 0.5155555555555555, "deaths_t": 0.03062645011600928, "assists_t": 0.04779582366589327, "csscore_t": 0.9225058004640371, "teamgold_t": 67.17679814385151, "vision_score_t": 1.2888704742204853, "wards_placed_t": 0.0802784222737819, "gold_graph_diffs_t": 12.436194895591647}