{"id": "EUN1_3584128734", "lvl": 3200, "literal level": "MASTER 0 lp", "time": 1184, "solokills_t": 0.007601351351351352, "kills_t": 0.03209459459459459, "kp": 0.4346801346801346, "deaths_t": 0.03209459459459459, "assists_t": 0.036317567567567564, "csscore_t": 0.9383445945945946, "teamgold_t": 65.20101351351352, "vision_score_t": 0.8708070182133072, "wards_placed_t": 0.06841216216216216, "gold_graph_diffs_t": 9.162162162162161}