{"id": "EUN1_3564490078", "lvl": 3200, "literal level": "MASTER 0 lp", "time": 1679, "solokills_t": 0.016676593210244194, "kills_t": 0.04586063132817153, "kp": 0.3990182328190744, "deaths_t": 0.04586063132817153, "assists_t": 0.04645622394282311, "csscore_t": 0.8153662894580107, "teamgold_t": 69.59499702203692, "vision_score_t": 0.9343661808015655, "wards_placed_t": 0.07444907683144729, "gold_graph_diffs_t": 11.1697438951757}