{"id": "EUN1_3556630786", "lvl": 2600, "literal level": "DIAMOND II", "time": 1996, "solokills_t": 0.005511022044088177, "kills_t": 0.03557114228456914, "kp": 0.5494435612082671, "deaths_t": 0.03557114228456914, "assists_t": 0.06212424849699399, "csscore_t": 0.8537074148296593, "teamgold_t": 68.92835671342685, "vision_score_t": 1.2639193399853197, "wards_placed_t": 0.08667334669338678, "gold_graph_diffs_t": 17.21793587174349}