{"id": "EUN1_3576415347", "lvl": 3300, "literal level": "MASTER 100 lp", "time": 1903, "solokills_t": 0.004203888596952181, "kills_t": 0.02837624802942722, "kp": 0.4752840909090909, "deaths_t": 0.02837624802942722, "assists_t": 0.03888596952180767, "csscore_t": 0.9437729900157645, "teamgold_t": 67.18549658434051, "vision_score_t": 1.1327700999185673, "wards_placed_t": 0.08565423016290068, "gold_graph_diffs_t": 13.634261692065161}