{"id": "EUN1_3584038949", "lvl": 3100, "literal level": "MASTER 300 lp", "time": 1902, "solokills_t": 0.008412197686645636, "kills_t": 0.04574132492113565, "kp": 0.48218085106382985, "deaths_t": 0.04574132492113565, "assists_t": 0.06466876971608833, "csscore_t": 0.8459516298633017, "teamgold_t": 70.1267087276551, "vision_score_t": 0.971945102263948, "wards_placed_t": 0.0583596214511041, "gold_graph_diffs_t": 11.70820189274448}