{"id": "EUN1_3585653527", "lvl": 3200, "literal level": "MASTER 0 lp", "time": 1286, "solokills_t": 0.013996889580093312, "kills_t": 0.048989113530326596, "kp": 0.4694444444444444, "deaths_t": 0.048989113530326596, "assists_t": 0.0645412130637636, "csscore_t": 0.8475894245723172, "teamgold_t": 72.84992223950233, "vision_score_t": 0.7431185249381997, "wards_placed_t": 0.0583203732503888, "gold_graph_diffs_t": 14.476671850699844}