{"id": "EUN1_3566593655", "lvl": 3100, "literal level": "MASTER 300 lp", "time": 1293, "solokills_t": 0.007733952049497293, "kills_t": 0.037122969837587005, "kp": 0.4032258064516129, "deaths_t": 0.037122969837587005, "assists_t": 0.03789636504253674, "csscore_t": 0.9358081979891725, "teamgold_t": 70.43387470997679, "vision_score_t": 0.723842542424913, "wards_placed_t": 0.05104408352668213, "gold_graph_diffs_t": 11.853828306264502}