{"id": "EUN1_3588884538", "lvl": 3100, "literal level": "MASTER 300 lp", "time": 2289, "solokills_t": 0.008300567933595456, "kills_t": 0.037570991699432066, "kp": 0.500328947368421, "deaths_t": 0.037570991699432066, "assists_t": 0.057230231542158144, "csscore_t": 0.8020969855832241, "teamgold_t": 65.91218872870249, "vision_score_t": 1.0870554975178737, "wards_placed_t": 0.06684141546526867, "gold_graph_diffs_t": 12.753604193971167}