{"id": "EUN1_3566153426", "lvl": 2900, "literal level": "MASTER 100 lp", "time": 2128, "solokills_t": 0.008458646616541353, "kills_t": 0.03148496240601504, "kp": 0.4908067542213884, "deaths_t": 0.03148496240601504, "assists_t": 0.044642857142857144, "csscore_t": 0.9595864661654135, "teamgold_t": 69.40413533834587, "vision_score_t": 0.9883248108444656, "wards_placed_t": 0.06766917293233082, "gold_graph_diffs_t": 11.455827067669173}