{"id": "EUN1_3589507103", "lvl": 3600, "literal level": "MASTER 0 lp", "time": 2149, "solokills_t": 0.00604932526756631, "kills_t": 0.03955328059562587, "kp": 0.5088235294117647, "deaths_t": 0.03955328059562587, "assists_t": 0.0604932526756631, "csscore_t": 0.8962308050255933, "teamgold_t": 72.06607724523035, "vision_score_t": 1.0838973080170577, "wards_placed_t": 0.07166123778501629, "gold_graph_diffs_t": 15.638901814797581}