{"id": "EUN1_3585357246", "lvl": 3500, "literal level": "MASTER 300 lp", "time": 1432, "solokills_t": 0.006983240223463687, "kills_t": 0.0356145251396648, "kp": 0.4470588235294118, "deaths_t": 0.0356145251396648, "assists_t": 0.0446927374301676, "csscore_t": 0.9294692737430168, "teamgold_t": 69.55586592178771, "vision_score_t": 1.1767359917798779, "wards_placed_t": 0.08519553072625698, "gold_graph_diffs_t": 16.695530726256983}