{"id": "EUN1_3589095097", "lvl": 3000, "literal level": "MASTER 200 lp", "time": 1506, "solokills_t": 0.013280212483399735, "kills_t": 0.04448871181938911, "kp": 0.3999074074074074, "deaths_t": 0.04448871181938911, "assists_t": 0.043824701195219126, "csscore_t": 0.9402390438247012, "teamgold_t": 70.45484727755644, "vision_score_t": 0.9575554031410982, "wards_placed_t": 0.06905710491367861, "gold_graph_diffs_t": 12.599601593625499}