{"id": "EUN1_3562833224", "lvl": 2800, "literal level": "MASTER 0 lp", "time": 1271, "solokills_t": 0.0007867820613690008, "kills_t": 0.01966955153422502, "kp": 0.5, "deaths_t": 0.01966955153422502, "assists_t": 0.03068450039339103, "csscore_t": 0.9260424862313139, "teamgold_t": 59.38709677419355, "vision_score_t": 1.0256442816336284, "wards_placed_t": 0.07317073170731707, "gold_graph_diffs_t": 14.060582218725413}