{"id": "EUN1_3583145634", "lvl": 3000, "literal level": "MASTER 200 lp", "time": 1787, "solokills_t": 0.010632344711807499, "kills_t": 0.04141018466703973, "kp": 0.4169542385596399, "deaths_t": 0.041969781757134866, "assists_t": 0.047006155567991044, "csscore_t": 0.9171796306659206, "teamgold_t": 72.95075545607163, "vision_score_t": 1.0537506478937164, "wards_placed_t": 0.07554560716284275, "gold_graph_diffs_t": 10.594851706771125}