{"id": "EUN1_3554529830", "lvl": 2700, "literal level": "DIAMOND I", "time": 1980, "solokills_t": 0.0035353535353535356, "kills_t": 0.03888888888888889, "kp": 0.5316666666666667, "deaths_t": 0.03888888888888889, "assists_t": 0.06717171717171717, "csscore_t": 0.7868686868686868, "teamgold_t": 67.87676767676767, "vision_score_t": 1.136637817631806, "wards_placed_t": 0.07727272727272727, "gold_graph_diffs_t": 16.555555555555557}