{"id": "EUN1_3590920698", "lvl": 3600, "literal level": "MASTER 0 lp", "time": 1498, "solokills_t": 0.0033377837116154874, "kills_t": 0.028037383177570093, "kp": 0.49861111111111106, "deaths_t": 0.028037383177570093, "assists_t": 0.043391188251001335, "csscore_t": 0.9445927903871829, "teamgold_t": 66.56809078771695, "vision_score_t": 0.8311994401173554, "wards_placed_t": 0.05941255006675567, "gold_graph_diffs_t": 19.66955941255007}