{"id": "EUN1_3585967407", "lvl": 3100, "literal level": "MASTER 300 lp", "time": 1362, "solokills_t": 0.019823788546255508, "kills_t": 0.04405286343612335, "kp": 0.3678571428571429, "deaths_t": 0.04405286343612335, "assists_t": 0.03671071953010279, "csscore_t": 0.908957415565345, "teamgold_t": 71.38325991189427, "vision_score_t": 1.0392149284685908, "wards_placed_t": 0.06754772393538913, "gold_graph_diffs_t": 17.397944199706313}