{"id": "EUN1_3590860926", "lvl": 3500, "literal level": "MASTER 300 lp", "time": 1691, "solokills_t": 0.012418687167356593, "kills_t": 0.03725606150206978, "kp": 0.40875831485587577, "deaths_t": 0.03725606150206978, "assists_t": 0.03784742755765819, "csscore_t": 0.9485511531638084, "teamgold_t": 69.96156120638675, "vision_score_t": 0.9651918758004218, "wards_placed_t": 0.07155529272619751, "gold_graph_diffs_t": 14.363690124186872}