{"id": "EUN1_3567218357", "lvl": 2600, "literal level": "DIAMOND II", "time": 1719, "solokills_t": 0.015706806282722512, "kills_t": 0.04304828388598022, "kp": 0.37090909090909097, "deaths_t": 0.04304828388598022, "assists_t": 0.03723094822571262, "csscore_t": 0.9057591623036649, "teamgold_t": 71.95753344968004, "vision_score_t": 0.9572970269850056, "wards_placed_t": 0.062245491564863295, "gold_graph_diffs_t": 12.353112274578244}