{"id": "EUN1_3578631028", "lvl": 3600, "literal level": "MASTER 0 lp", "time": 1630, "solokills_t": 0.004294478527607362, "kills_t": 0.03374233128834356, "kp": 0.5258513931888544, "deaths_t": 0.03374233128834356, "assists_t": 0.053987730061349694, "csscore_t": 0.8993865030674847, "teamgold_t": 67.06993865030675, "vision_score_t": 1.0826746568347025, "wards_placed_t": 0.07300613496932515, "gold_graph_diffs_t": 12.996319018404908}