{"id": "EUN1_3574761927", "lvl": 2600, "literal level": "DIAMOND II", "time": 2263, "solokills_t": 0.011931064958020326, "kills_t": 0.05037560760053027, "kp": 0.4603174603174603, "deaths_t": 0.05081749889527176, "assists_t": 0.06539991162174105, "csscore_t": 0.794078656650464, "teamgold_t": 73.909412284578, "vision_score_t": 1.0377126023428154, "wards_placed_t": 0.07114449845338047, "gold_graph_diffs_t": 16.338930623066727}