{"id": "EUN1_3582575244", "lvl": 3200, "literal level": "MASTER 0 lp", "time": 1049, "solokills_t": 0.01811248808388942, "kills_t": 0.04099142040038131, "kp": 0.3472906403940887, "deaths_t": 0.04194470924690181, "assists_t": 0.030505243088655862, "csscore_t": 0.9342230695900858, "teamgold_t": 68.30886558627265, "vision_score_t": 0.9581313763534922, "wards_placed_t": 0.07340324118207817, "gold_graph_diffs_t": 12.486177311725452}