{"id": "EUN1_3588971197", "lvl": 3300, "literal level": "MASTER 100 lp", "time": 1680, "solokills_t": 0.005952380952380952, "kills_t": 0.041666666666666664, "kp": 0.47333333333333333, "deaths_t": 0.041666666666666664, "assists_t": 0.05773809523809524, "csscore_t": 0.7922619047619047, "teamgold_t": 69.81071428571428, "vision_score_t": 0.8995051522946248, "wards_placed_t": 0.058333333333333334, "gold_graph_diffs_t": 14.777380952380952}