{"id": "EUN1_3559733804", "lvl": 3100, "literal level": "MASTER 300 lp", "time": 1731, "solokills_t": 0.006932409012131715, "kills_t": 0.02657423454650491, "kp": 0.45524475524475516, "deaths_t": 0.02657423454650491, "assists_t": 0.0317735413056037, "csscore_t": 0.8711727325245523, "teamgold_t": 65.63604852686308, "vision_score_t": 1.0585036271927637, "wards_placed_t": 0.07452339688041594, "gold_graph_diffs_t": 12.068168688619295}