{"id": "EUN1_3557585525", "lvl": 3200, "literal level": "MASTER 0 lp", "time": 1575, "solokills_t": 0.007619047619047619, "kills_t": 0.0419047619047619, "kp": 0.46363636363636357, "deaths_t": 0.0419047619047619, "assists_t": 0.05523809523809524, "csscore_t": 0.9212698412698412, "teamgold_t": 72.89777777777778, "vision_score_t": 0.9584117410980525, "wards_placed_t": 0.0692063492063492, "gold_graph_diffs_t": 12.95111111111111}