{"id": "EUN1_3588875136", "lvl": 3200, "literal level": "MASTER 0 lp", "time": 2323, "solokills_t": 0.006026689625484288, "kills_t": 0.036160137752905726, "kp": 0.48931818181818176, "deaths_t": 0.03659061558329746, "assists_t": 0.052518295307791646, "csscore_t": 0.9827808867843306, "teamgold_t": 72.61041756349547, "vision_score_t": 0.9715511108225139, "wards_placed_t": 0.06500215238915195, "gold_graph_diffs_t": 15.03745157124408}