{"id": "EUN1_3587315513", "lvl": 3300, "literal level": "MASTER 100 lp", "time": 2070, "solokills_t": 0.00676328502415459, "kills_t": 0.04106280193236715, "kp": 0.5147256438969764, "deaths_t": 0.04106280193236715, "assists_t": 0.0642512077294686, "csscore_t": 0.8801932367149758, "teamgold_t": 71.62415458937198, "vision_score_t": 1.1445672146494528, "wards_placed_t": 0.07294685990338164, "gold_graph_diffs_t": 13.912077294685991}