{"id": "EUN1_3566020990", "lvl": 3200, "literal level": "MASTER 0 lp", "time": 1566, "solokills_t": 0.013409961685823755, "kills_t": 0.044061302681992334, "kp": 0.41893939393939394, "deaths_t": 0.044061302681992334, "assists_t": 0.04853128991060025, "csscore_t": 0.8780332056194126, "teamgold_t": 73.14942528735632, "vision_score_t": 0.9349359702007277, "wards_placed_t": 0.06449553001277139, "gold_graph_diffs_t": 17.58109833971903}