{"id": "EUN1_3589397056", "lvl": 3600, "literal level": "MASTER 0 lp", "time": 1561, "solokills_t": 0.008968609865470852, "kills_t": 0.03587443946188341, "kp": 0.44338549075391176, "deaths_t": 0.03587443946188341, "assists_t": 0.04676489429852659, "csscore_t": 0.9769378603459321, "teamgold_t": 69.87315823190262, "vision_score_t": 1.0941906063110343, "wards_placed_t": 0.07559256886611147, "gold_graph_diffs_t": 14.928891736066625}