{"id": "EUN1_3556884085", "lvl": 2700, "literal level": "DIAMOND I", "time": 1203, "solokills_t": 0.0033250207813798837, "kills_t": 0.0199501246882793, "kp": 0.4655462184873949, "deaths_t": 0.0199501246882793, "assists_t": 0.023275145469659187, "csscore_t": 0.9975062344139651, "teamgold_t": 60.89609310058188, "vision_score_t": 0.9611707903670943, "wards_placed_t": 0.06650041562759768, "gold_graph_diffs_t": 12.234413965087281}