{"id": "EUN1_3584463112", "lvl": 3200, "literal level": "MASTER 0 lp", "time": 1306, "solokills_t": 0.007656967840735069, "kills_t": 0.039816232771822356, "kp": 0.44102564102564107, "deaths_t": 0.04058192955589587, "assists_t": 0.0444104134762634, "csscore_t": 0.8568147013782542, "teamgold_t": 70.44869831546707, "vision_score_t": 0.8580434934734796, "wards_placed_t": 0.12863705972434916, "gold_graph_diffs_t": 17.627871362940276}