{"id": "EUN1_3562076141", "lvl": 3100, "literal level": "MASTER 300 lp", "time": 1928, "solokills_t": 0.008298755186721992, "kills_t": 0.04045643153526971, "kp": 0.46868402533427167, "deaths_t": 0.04045643153526971, "assists_t": 0.052904564315352696, "csscore_t": 0.8744813278008299, "teamgold_t": 70.46109958506224, "vision_score_t": 0.992759463043336, "wards_placed_t": 0.0679460580912863, "gold_graph_diffs_t": 12.963174273858922}