{"id": "EUN1_3579148422", "lvl": 3100, "literal level": "MASTER 300 lp", "time": 1944, "solokills_t": 0.0051440329218107, "kills_t": 0.040123456790123455, "kp": 0.48852999340804215, "deaths_t": 0.040123456790123455, "assists_t": 0.058127572016460904, "csscore_t": 0.8122427983539094, "teamgold_t": 67.1604938271605, "vision_score_t": 0.954765950615808, "wards_placed_t": 0.06378600823045268, "gold_graph_diffs_t": 10.931069958847736}