{"id": "EUN1_3589126063", "lvl": 3500, "literal level": "MASTER 300 lp", "time": 748, "solokills_t": 0.014705882352941176, "kills_t": 0.034759358288770054, "kp": 0.312781954887218, "deaths_t": 0.0374331550802139, "assists_t": 0.02406417112299465, "csscore_t": 0.8836898395721925, "teamgold_t": 64.11229946524064, "vision_score_t": 0.5148871612665077, "wards_placed_t": 0.04679144385026738, "gold_graph_diffs_t": 13.120320855614974}