{"id": "EUN1_3567599024", "lvl": 2600, "literal level": "DIAMOND II", "time": 1687, "solokills_t": 0.013633669235328987, "kills_t": 0.051570835803200946, "kp": 0.4247119815668203, "deaths_t": 0.051570835803200946, "assists_t": 0.05690574985180794, "csscore_t": 0.919383521043272, "teamgold_t": 78.67397747480734, "vision_score_t": 1.0134115994135604, "wards_placed_t": 0.06816834617664493, "gold_graph_diffs_t": 15.710136336692353}