{"id": "EUN1_3564294233", "lvl": 3300, "literal level": "MASTER 100 lp", "time": 1370, "solokills_t": 0.013138686131386862, "kills_t": 0.051824817518248176, "kp": 0.4356382978723404, "deaths_t": 0.051824817518248176, "assists_t": 0.059854014598540145, "csscore_t": 0.9124087591240876, "teamgold_t": 78.10510948905109, "vision_score_t": 0.9087975434802958, "wards_placed_t": 0.0708029197080292, "gold_graph_diffs_t": 18.58102189781022}