{"id": "EUN1_3576782104", "lvl": 3300, "literal level": "MASTER 100 lp", "time": 1556, "solokills_t": 0.005784061696658098, "kills_t": 0.037917737789203085, "kp": 0.4916666666666667, "deaths_t": 0.037917737789203085, "assists_t": 0.05912596401028278, "csscore_t": 0.7988431876606684, "teamgold_t": 64.64845758354755, "vision_score_t": 0.9741155611252985, "wards_placed_t": 0.06940874035989718, "gold_graph_diffs_t": 13.210154241645244}