{"id": "EUN1_3582044979", "lvl": 3200, "literal level": "MASTER 0 lp", "time": 2858, "solokills_t": 0.0031490552834149755, "kills_t": 0.02729181245626312, "kp": 0.540657894736842, "deaths_t": 0.02729181245626312, "assists_t": 0.046536039188243526, "csscore_t": 0.8533939818054583, "teamgold_t": 63.80860741777467, "vision_score_t": 1.2213173762638112, "wards_placed_t": 0.07767669699090272, "gold_graph_diffs_t": 14.625262421273618}