{"id": "EUN1_3564190268", "lvl": 2500, "literal level": "DIAMOND III", "time": 1421, "solokills_t": 0.007037297677691766, "kills_t": 0.03166783954961295, "kp": 0.5038461538461538, "deaths_t": 0.03166783954961295, "assists_t": 0.04785362420830401, "csscore_t": 0.8691062631949331, "teamgold_t": 63.990851513019, "vision_score_t": 0.8361432639182966, "wards_placed_t": 0.06755805770584096, "gold_graph_diffs_t": 11.53061224489796}