{"id": "EUN1_3587985395", "lvl": 3400, "literal level": "MASTER 200 lp", "time": 1182, "solokills_t": 0.008460236886632826, "kills_t": 0.03553299492385787, "kp": 0.4009615384615385, "deaths_t": 0.03637901861252115, "assists_t": 0.03468697123519458, "csscore_t": 0.9458544839255499, "teamgold_t": 68.32994923857868, "vision_score_t": 0.8595641075765578, "wards_placed_t": 0.05668358714043993, "gold_graph_diffs_t": 11.367174280879865}