{"id": "EUN1_3575172566", "lvl": 3000, "literal level": "MASTER 200 lp", "time": 1656, "solokills_t": 0.004830917874396135, "kills_t": 0.03140096618357488, "kp": 0.48039215686274506, "deaths_t": 0.03140096618357488, "assists_t": 0.04468599033816425, "csscore_t": 0.9836956521739131, "teamgold_t": 71.17270531400966, "vision_score_t": 1.084290093893435, "wards_placed_t": 0.08031400966183574, "gold_graph_diffs_t": 14.871980676328503}