{"id": "EUN1_3564433722", "lvl": 3000, "literal level": "MASTER 200 lp", "time": 1235, "solokills_t": 0.0072874493927125505, "kills_t": 0.032388663967611336, "kp": 0.3956112852664577, "deaths_t": 0.032388663967611336, "assists_t": 0.0340080971659919, "csscore_t": 0.9959514170040485, "teamgold_t": 68.5093117408907, "vision_score_t": 0.934525438860145, "wards_placed_t": 0.07044534412955465, "gold_graph_diffs_t": 14.750607287449393}