{"id": "EUN1_3557127382", "lvl": 2700, "literal level": "DIAMOND I", "time": 1783, "solokills_t": 0.005608524957936063, "kills_t": 0.0269209197980931, "kp": 0.44375, "deaths_t": 0.0269209197980931, "assists_t": 0.035333707234997194, "csscore_t": 0.9988782950084127, "teamgold_t": 65.80201906898486, "vision_score_t": 1.1469994324607025, "wards_placed_t": 0.07739764441951767, "gold_graph_diffs_t": 12.69377453729669}