{"id": "EUN1_3566463309", "lvl": 3200, "literal level": "MASTER 0 lp", "time": 1361, "solokills_t": 0.0073475385745775165, "kills_t": 0.04481998530492285, "kp": 0.506201550387597, "deaths_t": 0.04481998530492285, "assists_t": 0.06612784717119764, "csscore_t": 0.8537839823659075, "teamgold_t": 71.34386480529022, "vision_score_t": 0.9078975603176186, "wards_placed_t": 0.06980161645848641, "gold_graph_diffs_t": 18.243203526818515}