{"id": "EUN1_3563057898", "lvl": 3200, "literal level": "MASTER 0 lp", "time": 1799, "solokills_t": 0.007782101167315175, "kills_t": 0.0405780989438577, "kp": 0.4945283018867925, "deaths_t": 0.0405780989438577, "assists_t": 0.055586436909394105, "csscore_t": 0.8510283490828238, "teamgold_t": 70.62923846581434, "vision_score_t": 1.017282378623389, "wards_placed_t": 0.06503613118399111, "gold_graph_diffs_t": 13.366314619232908}