{"id": "EUN1_3558193318", "lvl": 2900, "literal level": "MASTER 100 lp", "time": 1862, "solokills_t": 0.0053705692803437165, "kills_t": 0.03383458646616541, "kp": 0.5687110187110187, "deaths_t": 0.03383458646616541, "assists_t": 0.061224489795918366, "csscore_t": 0.8045112781954887, "teamgold_t": 65.84479054779807, "vision_score_t": 0.9934523043603815, "wards_placed_t": 0.06659505907626208, "gold_graph_diffs_t": 14.16702470461869}