{"id": "EUN1_3567713457", "lvl": 2800, "literal level": "MASTER 0 lp", "time": 1469, "solokills_t": 0.010891763104152484, "kills_t": 0.043567052416609936, "kp": 0.41485714285714287, "deaths_t": 0.04424778761061947, "assists_t": 0.05037440435670524, "csscore_t": 0.8774676650782846, "teamgold_t": 72.51327433628319, "vision_score_t": 0.855413832679419, "wards_placed_t": 0.049693669162695714, "gold_graph_diffs_t": 16.750170183798502}