{"id": "EUN1_3590963641", "lvl": 3400, "literal level": "MASTER 200 lp", "time": 1151, "solokills_t": 0.011294526498696786, "kills_t": 0.045178105994787145, "kp": 0.4497297297297297, "deaths_t": 0.045178105994787145, "assists_t": 0.05734144222415291, "csscore_t": 0.9496090356211989, "teamgold_t": 72.14596003475239, "vision_score_t": 0.8231891507452529, "wards_placed_t": 0.05994787141615986, "gold_graph_diffs_t": 14.528236316246742}