{"id": "EUN1_3589417052", "lvl": 3500, "literal level": "MASTER 300 lp", "time": 1604, "solokills_t": 0.004364089775561097, "kills_t": 0.04177057356608479, "kp": 0.5084761904761905, "deaths_t": 0.04177057356608479, "assists_t": 0.06296758104738155, "csscore_t": 0.9594763092269327, "teamgold_t": 74.06733167082294, "vision_score_t": 0.9497090616670937, "wards_placed_t": 0.05486284289276808, "gold_graph_diffs_t": 14.629675810473815}