{"id": "EUN1_3587485117", "lvl": 3300, "literal level": "MASTER 100 lp", "time": 1369, "solokills_t": 0.007304601899196494, "kills_t": 0.04967129291453616, "kp": 0.481578947368421, "deaths_t": 0.04967129291453616, "assists_t": 0.0723155588020453, "csscore_t": 0.8626734842951059, "teamgold_t": 76.18334550766983, "vision_score_t": 0.9170446928900529, "wards_placed_t": 0.06720233747260775, "gold_graph_diffs_t": 11.97881665449233}