{"id": "EUN1_3585562253", "lvl": 3100, "literal level": "MASTER 300 lp", "time": 1711, "solokills_t": 0.009351256575102279, "kills_t": 0.03682057276446522, "kp": 0.4569844789356985, "deaths_t": 0.03682057276446522, "assists_t": 0.04441846873173583, "csscore_t": 0.8790181180596143, "teamgold_t": 68.08766803039158, "vision_score_t": 0.957328078408076, "wards_placed_t": 0.06838106370543542, "gold_graph_diffs_t": 12.080654587960257}