{"id": "EUN1_3560159519", "lvl": 2700, "literal level": "DIAMOND I", "time": 263, "solokills_t": 0.015209125475285171, "kills_t": 0.026615969581749048, "kp": 0.2833333333333333, "deaths_t": 0.026615969581749048, "assists_t": 0.011406844106463879, "csscore_t": 0.55893536121673, "teamgold_t": 53.88212927756654, "vision_score_t": 0.2656922631803148, "wards_placed_t": 0.034220532319391636, "gold_graph_diffs_t": 4.2927756653992395}