{"id": "EUN1_3566697830", "lvl": 3100, "literal level": "MASTER 300 lp", "time": 1882, "solokills_t": 0.005313496280552604, "kills_t": 0.028692879914984058, "kp": 0.49350649350649356, "deaths_t": 0.02922422954303932, "assists_t": 0.039319872476089264, "csscore_t": 0.944739638682253, "teamgold_t": 64.10733262486717, "vision_score_t": 0.9367657150583704, "wards_placed_t": 0.06482465462274177, "gold_graph_diffs_t": 12.930924548352817}