{"id": "EUN1_3573851560", "lvl": 2600, "literal level": "DIAMOND II", "time": 1837, "solokills_t": 0.012520413718018509, "kills_t": 0.043549265106151334, "kp": 0.4269423558897243, "deaths_t": 0.043549265106151334, "assists_t": 0.04953728905824714, "csscore_t": 0.8747958628198149, "teamgold_t": 72.88078388677191, "vision_score_t": 1.2027735076406196, "wards_placed_t": 0.07512248230811105, "gold_graph_diffs_t": 15.492651061513337}