{"id": "EUN1_3573078977", "lvl": 3100, "literal level": "MASTER 300 lp", "time": 1912, "solokills_t": 0.008368200836820083, "kills_t": 0.03347280334728033, "kp": 0.45493646138807425, "deaths_t": 0.03347280334728033, "assists_t": 0.04288702928870293, "csscore_t": 0.9748953974895398, "teamgold_t": 70.7071129707113, "vision_score_t": 1.13424122663628, "wards_placed_t": 0.07269874476987448, "gold_graph_diffs_t": 17.90376569037657}