{"id": "EUN1_3584554808", "lvl": 3200, "literal level": "MASTER 0 lp", "time": 2336, "solokills_t": 0.014126712328767123, "kills_t": 0.041523972602739725, "kp": 0.42917038358608384, "deaths_t": 0.04238013698630137, "assists_t": 0.04794520547945205, "csscore_t": 0.9178082191780822, "teamgold_t": 73.70248287671232, "vision_score_t": 1.1542807556121526, "wards_placed_t": 0.07577054794520548, "gold_graph_diffs_t": 14.954195205479452}