{"id": "EUN1_3554470703", "lvl": 2500, "literal level": "DIAMOND III", "time": 1515, "solokills_t": 0.0039603960396039604, "kills_t": 0.022442244224422443, "kp": 0.5599999999999999, "deaths_t": 0.022442244224422443, "assists_t": 0.041584158415841586, "csscore_t": 0.9854785478547855, "teamgold_t": 63.53663366336634, "vision_score_t": 0.9547602639975713, "wards_placed_t": 0.066006600660066, "gold_graph_diffs_t": 13.164356435643564}