{"id": "EUN1_3585197230", "lvl": 3200, "literal level": "MASTER 0 lp", "time": 1507, "solokills_t": 0.0072992700729927005, "kills_t": 0.0411413404114134, "kp": 0.4757142857142857, "deaths_t": 0.0411413404114134, "assists_t": 0.05640345056403451, "csscore_t": 0.7650962176509621, "teamgold_t": 66.39150630391507, "vision_score_t": 0.8224369110459298, "wards_placed_t": 0.0650298606502986, "gold_graph_diffs_t": 12.6635700066357}