{"id": "EUN1_3578585191", "lvl": 3500, "literal level": "MASTER 300 lp", "time": 1890, "solokills_t": 0.007936507936507936, "kills_t": 0.03650793650793651, "kp": 0.515, "deaths_t": 0.03650793650793651, "assists_t": 0.05925925925925926, "csscore_t": 0.8566137566137566, "teamgold_t": 68.42910052910052, "vision_score_t": 1.0922336675359463, "wards_placed_t": 0.07989417989417989, "gold_graph_diffs_t": 14.130687830687831}