{"id": "EUN1_3587300166", "lvl": 3500, "literal level": "MASTER 300 lp", "time": 1579, "solokills_t": 0.00506649778340722, "kills_t": 0.030398986700443317, "kp": 0.5135714285714286, "deaths_t": 0.03103229892336922, "assists_t": 0.04749841671944269, "csscore_t": 0.9892336922102597, "teamgold_t": 67.6504116529449, "vision_score_t": 1.471086838353893, "wards_placed_t": 0.09563014566181127, "gold_graph_diffs_t": 14.958834705509817}