{"id": "EUN1_3588308508", "lvl": 2800, "literal level": "MASTER 0 lp", "time": 918, "solokills_t": 0.00980392156862745, "kills_t": 0.030501089324618737, "kp": 0.34285714285714286, "deaths_t": 0.030501089324618737, "assists_t": 0.026143790849673203, "csscore_t": 0.9727668845315904, "teamgold_t": 64.10893246187364, "vision_score_t": 0.8024070604466239, "wards_placed_t": 0.06753812636165578, "gold_graph_diffs_t": 11.997821350762527}