{"id": "EUN1_3579621146", "lvl": 3200, "literal level": "MASTER 0 lp", "time": 1843, "solokills_t": 0.009766684753119913, "kills_t": 0.0352685838307108, "kp": 0.49259962049335854, "deaths_t": 0.0352685838307108, "assists_t": 0.05208898534997287, "csscore_t": 0.9213239283776451, "teamgold_t": 67.2056429734129, "vision_score_t": 1.0602545264351306, "wards_placed_t": 0.07216494845360824, "gold_graph_diffs_t": 11.272924579489962}