{"id": "EUN1_3575877772", "lvl": 3200, "literal level": "MASTER 0 lp", "time": 1071, "solokills_t": 0.008403361344537815, "kills_t": 0.029878618113912233, "kp": 0.37916666666666665, "deaths_t": 0.029878618113912233, "assists_t": 0.03081232492997199, "csscore_t": 0.9047619047619048, "teamgold_t": 60.790849673202615, "vision_score_t": 0.8653757902397681, "wards_placed_t": 0.06349206349206349, "gold_graph_diffs_t": 13.319327731092438}