{"id": "EUN1_3568998979", "lvl": 2700, "literal level": "DIAMOND I", "time": 1204, "solokills_t": 0.005813953488372093, "kills_t": 0.019933554817275746, "kp": 0.4, "deaths_t": 0.019933554817275746, "assists_t": 0.019933554817275746, "csscore_t": 0.9260797342192691, "teamgold_t": 57.87541528239203, "vision_score_t": 0.9663041591236944, "wards_placed_t": 0.0681063122923588, "gold_graph_diffs_t": 8.09468438538206}