{"id": "EUN1_3557161072", "lvl": 2700, "literal level": "DIAMOND I", "time": 1342, "solokills_t": 0.007451564828614009, "kills_t": 0.038748137108792845, "kp": 0.4934640522875817, "deaths_t": 0.038748137108792845, "assists_t": 0.05514157973174367, "csscore_t": 0.9157973174366617, "teamgold_t": 71.23174366616989, "vision_score_t": 0.8304863337139368, "wards_placed_t": 0.06259314456035768, "gold_graph_diffs_t": 15.444858420268256}