{"id": "EUN1_3582087651", "lvl": 3300, "literal level": "MASTER 100 lp", "time": 2224, "solokills_t": 0.005845323741007194, "kills_t": 0.030575539568345324, "kp": 0.5756140350877194, "deaths_t": 0.030575539568345324, "assists_t": 0.05710431654676259, "csscore_t": 0.9078237410071942, "teamgold_t": 65.67131294964028, "vision_score_t": 1.0398791121160602, "wards_placed_t": 0.07284172661870504, "gold_graph_diffs_t": 15.462679856115107}