{"id": "EUN1_3576220358", "lvl": 3200, "literal level": "MASTER 0 lp", "time": 1346, "solokills_t": 0.01188707280832095, "kills_t": 0.03937592867756315, "kp": 0.4311111111111111, "deaths_t": 0.04011887072808321, "assists_t": 0.04606240713224369, "csscore_t": 0.8811292719167905, "teamgold_t": 71.14933135215453, "vision_score_t": 1.0611563114704285, "wards_placed_t": 0.07726597325408618, "gold_graph_diffs_t": 12.99925705794948}