{"id": "EUN1_3560990308", "lvl": 2800, "literal level": "MASTER 0 lp", "time": 1240, "solokills_t": 0.010483870967741936, "kills_t": 0.04032258064516129, "kp": 0.4272058823529412, "deaths_t": 0.04032258064516129, "assists_t": 0.04596774193548387, "csscore_t": 0.9112903225806451, "teamgold_t": 69.13629032258065, "vision_score_t": 0.8802819337903989, "wards_placed_t": 0.06290322580645161, "gold_graph_diffs_t": 14.412096774193548}