{"id": "EUN1_3561866217", "lvl": 3300, "literal level": "MASTER 100 lp", "time": 1934, "solokills_t": 0.005687693898655636, "kills_t": 0.03257497414684592, "kp": 0.6, "deaths_t": 0.03257497414684592, "assists_t": 0.06773526370217166, "csscore_t": 0.7683557394002068, "teamgold_t": 65.08376421923475, "vision_score_t": 0.9773062774131113, "wards_placed_t": 0.06153050672182006, "gold_graph_diffs_t": 14.56670113753878}