{"id": "EUN1_3590208213", "lvl": 3100, "literal level": "MASTER 300 lp", "time": 1821, "solokills_t": 0.009884678747940691, "kills_t": 0.04118616144975288, "kp": 0.4369843527738265, "deaths_t": 0.04118616144975288, "assists_t": 0.04887424492037342, "csscore_t": 0.8753432180120813, "teamgold_t": 70.69412410763317, "vision_score_t": 1.1571490398456385, "wards_placed_t": 0.07797913234486546, "gold_graph_diffs_t": 14.745744096650192}