{"id": "EUN1_3577091526", "lvl": 3200, "literal level": "MASTER 0 lp", "time": 2088, "solokills_t": 0.008620689655172414, "kills_t": 0.033524904214559385, "kp": 0.44449958643507037, "deaths_t": 0.033524904214559385, "assists_t": 0.040229885057471264, "csscore_t": 0.8960727969348659, "teamgold_t": 68.74952107279694, "vision_score_t": 1.150665804599376, "wards_placed_t": 0.07806513409961686, "gold_graph_diffs_t": 15.34243295019157}