{"id": "EUN1_3581513212", "lvl": 3300, "literal level": "MASTER 100 lp", "time": 1832, "solokills_t": 0.007641921397379912, "kills_t": 0.02947598253275109, "kp": 0.5327819548872179, "deaths_t": 0.02947598253275109, "assists_t": 0.047489082969432314, "csscore_t": 0.8253275109170306, "teamgold_t": 62.57805676855895, "vision_score_t": 1.088427060738234, "wards_placed_t": 0.08024017467248909, "gold_graph_diffs_t": 10.120633187772926}