{"id": "EUN1_3581543932", "lvl": 3000, "literal level": "MASTER 200 lp", "time": 1844, "solokills_t": 0.00596529284164859, "kills_t": 0.03796095444685466, "kp": 0.5078630897317299, "deaths_t": 0.03850325379609545, "assists_t": 0.05639913232104121, "csscore_t": 0.9490238611713666, "teamgold_t": 70.81941431670282, "vision_score_t": 1.091557441883137, "wards_placed_t": 0.07049891540130152, "gold_graph_diffs_t": 13.748915401301518}