{"id": "EUN1_3555699291", "lvl": 3000, "literal level": "MASTER 200 lp", "time": 1832, "solokills_t": 0.006004366812227074, "kills_t": 0.03111353711790393, "kp": 0.4734848484848485, "deaths_t": 0.03111353711790393, "assists_t": 0.04312227074235808, "csscore_t": 0.9410480349344978, "teamgold_t": 66.9099344978166, "vision_score_t": 1.1295215246971106, "wards_placed_t": 0.07969432314410481, "gold_graph_diffs_t": 11.658842794759826}