{"id": "EUN1_3589129712", "lvl": 3100, "literal level": "MASTER 300 lp", "time": 1772, "solokills_t": 0.001693002257336343, "kills_t": 0.029909706546275394, "kp": 0.6491379310344827, "deaths_t": 0.029909706546275394, "assists_t": 0.06715575620767494, "csscore_t": 0.8521444695259593, "teamgold_t": 65.73306997742664, "vision_score_t": 0.9109228539378078, "wards_placed_t": 0.061512415349887134, "gold_graph_diffs_t": 16.570541760722346}