{"id": "EUN1_3566021265", "lvl": 3200, "literal level": "MASTER 0 lp", "time": 1517, "solokills_t": 0.008569545154911009, "kills_t": 0.04284772577455504, "kp": 0.458976833976834, "deaths_t": 0.043506921555702044, "assists_t": 0.05405405405405406, "csscore_t": 0.8885959129861569, "teamgold_t": 73.06921555702044, "vision_score_t": 1.0700462973161309, "wards_placed_t": 0.07646671061305207, "gold_graph_diffs_t": 16.06196440342782}