{"id": "EUN1_3549044359", "lvl": 2900, "literal level": "MASTER 100 lp", "time": 1087, "solokills_t": 0.00827966881324747, "kills_t": 0.02483900643974241, "kp": 0.38355263157894737, "deaths_t": 0.02483900643974241, "assists_t": 0.025758969641214352, "csscore_t": 0.9632014719411224, "teamgold_t": 63.268629254829804, "vision_score_t": 0.8514938746635045, "wards_placed_t": 0.06439742410303588, "gold_graph_diffs_t": 13.951241950321988}