{"id": "EUN1_3575070045", "lvl": 3500, "literal level": "MASTER 300 lp", "time": 1448, "solokills_t": 0.0055248618784530384, "kills_t": 0.04419889502762431, "kp": 0.5450450450450451, "deaths_t": 0.04419889502762431, "assists_t": 0.07665745856353591, "csscore_t": 0.7562154696132597, "teamgold_t": 71.34530386740332, "vision_score_t": 0.8911104209218588, "wards_placed_t": 0.06906077348066299, "gold_graph_diffs_t": 14.070441988950277}