{"id": "EUN1_3575752827", "lvl": 3900, "literal level": "MASTER 300 lp", "time": 1689, "solokills_t": 0.002960331557134399, "kills_t": 0.02427471876850207, "kp": 0.5338164251207729, "deaths_t": 0.02427471876850207, "assists_t": 0.04085257548845471, "csscore_t": 0.9609236234458259, "teamgold_t": 64.39727649496744, "vision_score_t": 0.987926173357627, "wards_placed_t": 0.06986382474837181, "gold_graph_diffs_t": 13.291296625222024}