{"id": "EUN1_3579929605", "lvl": 3700, "literal level": "MASTER 100 lp", "time": 1794, "solokills_t": 0.00947603121516165, "kills_t": 0.05016722408026756, "kp": 0.48516746411483247, "deaths_t": 0.05016722408026756, "assists_t": 0.06911928651059086, "csscore_t": 0.842809364548495, "teamgold_t": 74.82608695652173, "vision_score_t": 1.1684155626276242, "wards_placed_t": 0.08249721293199554, "gold_graph_diffs_t": 14.74247491638796}