{"id": "EUN1_3574368583", "lvl": 3500, "literal level": "MASTER 300 lp", "time": 1139, "solokills_t": 0.007901668129938543, "kills_t": 0.03950834064969271, "kp": 0.48888888888888893, "deaths_t": 0.04038630377524144, "assists_t": 0.05706760316066725, "csscore_t": 0.9411764705882353, "teamgold_t": 70.40122914837576, "vision_score_t": 0.7063546892915818, "wards_placed_t": 0.04477611940298507, "gold_graph_diffs_t": 11.249341527655838}