{"id": "EUN1_3574554514", "lvl": 3800, "literal level": "MASTER 200 lp", "time": 1579, "solokills_t": 0.005699810006333122, "kills_t": 0.04053198226725776, "kp": 0.5627450980392157, "deaths_t": 0.04053198226725776, "assists_t": 0.07346421785940468, "csscore_t": 0.883470550981634, "teamgold_t": 69.98860037998733, "vision_score_t": 0.9737516793916724, "wards_placed_t": 0.07093096896770108, "gold_graph_diffs_t": 16.458518049398354}