{"id": "EUN1_3555211001", "lvl": 3400, "literal level": "MASTER 200 lp", "time": 1377, "solokills_t": 0.015250544662309368, "kills_t": 0.048656499636891795, "kp": 0.40871143375680585, "deaths_t": 0.048656499636891795, "assists_t": 0.050835148874364564, "csscore_t": 0.8605664488017429, "teamgold_t": 73.51706608569354, "vision_score_t": 0.9428863329798091, "wards_placed_t": 0.0718954248366013, "gold_graph_diffs_t": 16.20406681190995}