{"id": "EUN1_3577983248", "lvl": 3800, "literal level": "MASTER 200 lp", "time": 1675, "solokills_t": 0.007164179104477612, "kills_t": 0.04417910447761194, "kp": 0.5168582375478927, "deaths_t": 0.04417910447761194, "assists_t": 0.06865671641791045, "csscore_t": 0.8555223880597015, "teamgold_t": 71.53373134328358, "vision_score_t": 0.8780173783214431, "wards_placed_t": 0.06746268656716418, "gold_graph_diffs_t": 13.456119402985074}