{"id": "EUN1_3565318603", "lvl": 3100, "literal level": "MASTER 300 lp", "time": 1559, "solokills_t": 0.012187299550994226, "kills_t": 0.04105195638229634, "kp": 0.43500000000000005, "deaths_t": 0.04105195638229634, "assists_t": 0.048749198203976905, "csscore_t": 0.9300833867864016, "teamgold_t": 71.50288646568313, "vision_score_t": 0.9934767427661232, "wards_placed_t": 0.07312379730596537, "gold_graph_diffs_t": 12.992302758178319}