{"id": "EUN1_3565189381", "lvl": 3200, "literal level": "MASTER 0 lp", "time": 1653, "solokills_t": 0.012099213551119177, "kills_t": 0.05263157894736842, "kp": 0.4619815668202765, "deaths_t": 0.05263157894736842, "assists_t": 0.06533575317604355, "csscore_t": 0.8784029038112523, "teamgold_t": 76.58802177858439, "vision_score_t": 1.1231344797950582, "wards_placed_t": 0.07985480943738657, "gold_graph_diffs_t": 15.662431941923774}