{"id": "EUN1_3572039748", "lvl": 3800, "literal level": "MASTER 200 lp", "time": 1672, "solokills_t": 0.0011961722488038277, "kills_t": 0.023923444976076555, "kp": 0.5964646464646465, "deaths_t": 0.023923444976076555, "assists_t": 0.04724880382775119, "csscore_t": 0.9748803827751196, "teamgold_t": 64.55562200956938, "vision_score_t": 1.2120551394237256, "wards_placed_t": 0.08313397129186603, "gold_graph_diffs_t": 10.73744019138756}