{"id": "EUN1_3575357095", "lvl": 3800, "literal level": "MASTER 200 lp", "time": 1407, "solokills_t": 0.004975124378109453, "kills_t": 0.024875621890547265, "kp": 0.4944055944055945, "deaths_t": 0.0255863539445629, "assists_t": 0.037668798862828715, "csscore_t": 0.8855721393034826, "teamgold_t": 61.52452025586354, "vision_score_t": 0.9857172871720137, "wards_placed_t": 0.06467661691542288, "gold_graph_diffs_t": 9.163468372423596}