{"id": "EUN1_3573658089", "lvl": 3600, "literal level": "MASTER 0 lp", "time": 1826, "solokills_t": 0.0065717415115005475, "kills_t": 0.039978094194961664, "kp": 0.5827067669172934, "deaths_t": 0.039978094194961664, "assists_t": 0.07612267250821468, "csscore_t": 0.7814895947426068, "teamgold_t": 68.63526834611172, "vision_score_t": 0.9878734650721185, "wards_placed_t": 0.06955093099671412, "gold_graph_diffs_t": 16.521358159912378}