{"id": "EUN1_3580389670", "lvl": 3700, "literal level": "MASTER 100 lp", "time": 1656, "solokills_t": 0.010265700483091788, "kills_t": 0.041666666666666664, "kp": 0.48336363636363633, "deaths_t": 0.042874396135265704, "assists_t": 0.05555555555555555, "csscore_t": 0.8013285024154589, "teamgold_t": 69.0126811594203, "vision_score_t": 0.9968510294884945, "wards_placed_t": 0.06823671497584541, "gold_graph_diffs_t": 14.81340579710145}