{"id": "EUN1_3578275845", "lvl": 3900, "literal level": "MASTER 300 lp", "time": 1748, "solokills_t": 0.009725400457665904, "kills_t": 0.029748283752860413, "kp": 0.4512121212121212, "deaths_t": 0.029748283752860413, "assists_t": 0.036041189931350116, "csscore_t": 0.9782608695652174, "teamgold_t": 66.57265446224257, "vision_score_t": 1.0161506768767037, "wards_placed_t": 0.062356979405034325, "gold_graph_diffs_t": 13.114988558352403}