{"id": "EUN1_3584787628", "lvl": 3600, "literal level": "MASTER 0 lp", "time": 1707, "solokills_t": 0.007029876977152899, "kills_t": 0.03749267721148213, "kp": 0.4786901270772238, "deaths_t": 0.03749267721148213, "assists_t": 0.05213825424721734, "csscore_t": 0.9601640304628002, "teamgold_t": 71.17223198594024, "vision_score_t": 1.0483316911995875, "wards_placed_t": 0.07088459285295841, "gold_graph_diffs_t": 11.848271821909783}