{"id": "EUN1_3576513070", "lvl": 3400, "literal level": "MASTER 200 lp", "time": 1878, "solokills_t": 0.0026624068157614484, "kills_t": 0.022896698615548456, "kp": 0.5175324675324674, "deaths_t": 0.022896698615548456, "assists_t": 0.0362087326943557, "csscore_t": 0.902555910543131, "teamgold_t": 62.03407880724175, "vision_score_t": 1.2935276746585396, "wards_placed_t": 0.09744408945686901, "gold_graph_diffs_t": 11.953141640042599}