{"id": "EUN1_3590069332", "lvl": 3700, "literal level": "MASTER 100 lp", "time": 1451, "solokills_t": 0.009648518263266712, "kills_t": 0.043418332184700204, "kp": 0.4822826086956521, "deaths_t": 0.043418332184700204, "assists_t": 0.06202618883528601, "csscore_t": 0.8407994486560992, "teamgold_t": 70.19710544452101, "vision_score_t": 0.9952997194692743, "wards_placed_t": 0.06753962784286699, "gold_graph_diffs_t": 17.070985527222604}