{"id": "EUN1_3576097380", "lvl": 3300, "literal level": "MASTER 100 lp", "time": 1496, "solokills_t": 0.017379679144385027, "kills_t": 0.04144385026737968, "kp": 0.37136363636363634, "deaths_t": 0.04144385026737968, "assists_t": 0.03542780748663102, "csscore_t": 0.983957219251337, "teamgold_t": 70.74197860962566, "vision_score_t": 0.957009551300042, "wards_placed_t": 0.05748663101604278, "gold_graph_diffs_t": 11.557486631016042}