{"id": "EUN1_3572757605", "lvl": 3500, "literal level": "MASTER 300 lp", "time": 1594, "solokills_t": 0.009410288582183186, "kills_t": 0.039523212045169384, "kp": 0.4663201663201663, "deaths_t": 0.039523212045169384, "assists_t": 0.05332496863237139, "csscore_t": 0.8607277289836889, "teamgold_t": 69.41468005018821, "vision_score_t": 1.2747900316977048, "wards_placed_t": 0.07716436637390213, "gold_graph_diffs_t": 14.175031367628607}