{"id": "EUN1_3574660064", "lvl": 3600, "literal level": "MASTER 0 lp", "time": 1737, "solokills_t": 0.0069084628670120895, "kills_t": 0.028785261945883708, "kp": 0.46858974358974353, "deaths_t": 0.028785261945883708, "assists_t": 0.03857225100748417, "csscore_t": 0.9119170984455959, "teamgold_t": 65.70236039147956, "vision_score_t": 1.0159060234335997, "wards_placed_t": 0.06505469199769717, "gold_graph_diffs_t": 10.906735751295336}