{"id": "EUN1_3575830807", "lvl": 3600, "literal level": "MASTER 0 lp", "time": 1455, "solokills_t": 0.004810996563573883, "kills_t": 0.028178694158075602, "kp": 0.48611111111111105, "deaths_t": 0.028178694158075602, "assists_t": 0.04536082474226804, "csscore_t": 1.024742268041237, "teamgold_t": 67.38694158075602, "vision_score_t": 0.852855380110474, "wards_placed_t": 0.06529209621993128, "gold_graph_diffs_t": 9.986254295532646}