{"id": "EUN1_3579311366", "lvl": 3500, "literal level": "MASTER 300 lp", "time": 1600, "solokills_t": 0.004375, "kills_t": 0.02625, "kp": 0.4481481481481481, "deaths_t": 0.02625, "assists_t": 0.034375, "csscore_t": 1.018125, "teamgold_t": 67.80375, "vision_score_t": 1.0611410848861564, "wards_placed_t": 0.07, "gold_graph_diffs_t": 16.78375}