{"id": "EUN1_3588970169", "lvl": 3800, "literal level": "MASTER 200 lp", "time": 1686, "solokills_t": 0.0035587188612099642, "kills_t": 0.027876631079478055, "kp": 0.5065134099616858, "deaths_t": 0.027876631079478055, "assists_t": 0.04329774614472123, "csscore_t": 0.9934756820877817, "teamgold_t": 69.77520759193357, "vision_score_t": 0.9188332527124944, "wards_placed_t": 0.05931198102016608, "gold_graph_diffs_t": 12.301897983392646}