{"id": "EUN1_3580967715", "lvl": 3900, "literal level": "MASTER 300 lp", "time": 1817, "solokills_t": 0.00825536598789213, "kills_t": 0.05558613098514034, "kp": 0.5223663522012578, "deaths_t": 0.05558613098514034, "assists_t": 0.089157952669235, "csscore_t": 0.8018712162905889, "teamgold_t": 78.02916895982389, "vision_score_t": 1.1297406759511357, "wards_placed_t": 0.0787011557512383, "gold_graph_diffs_t": 14.844799119427629}