{"id": "EUN1_3590294348", "lvl": 3700, "literal level": "MASTER 100 lp", "time": 1563, "solokills_t": 0.009596928982725527, "kills_t": 0.0345489443378119, "kp": 0.45559210526315785, "deaths_t": 0.0345489443378119, "assists_t": 0.045425463851567496, "csscore_t": 0.8854766474728087, "teamgold_t": 64.97056941778631, "vision_score_t": 1.0453210587534032, "wards_placed_t": 0.07933461292386436, "gold_graph_diffs_t": 15.449136276391554}