{"id": "EUN1_3583638016", "lvl": 3700, "literal level": "MASTER 100 lp", "time": 1677, "solokills_t": 0.00655933214072749, "kills_t": 0.03398926654740608, "kp": 0.5155303030303031, "deaths_t": 0.03398926654740608, "assists_t": 0.05426356589147287, "csscore_t": 0.9785330948121646, "teamgold_t": 70.99642218246869, "vision_score_t": 1.084540748382615, "wards_placed_t": 0.07513416815742398, "gold_graph_diffs_t": 17.14788312462731}