{"id": "EUN1_3579865650", "lvl": 3800, "literal level": "MASTER 200 lp", "time": 1140, "solokills_t": 0.013157894736842105, "kills_t": 0.04035087719298246, "kp": 0.42124999999999996, "deaths_t": 0.04035087719298246, "assists_t": 0.042105263157894736, "csscore_t": 0.9447368421052632, "teamgold_t": 69.84298245614035, "vision_score_t": 0.72395256854789, "wards_placed_t": 0.054385964912280704, "gold_graph_diffs_t": 13.118421052631579}