{"id": "EUN1_3583678679", "lvl": 3500, "literal level": "MASTER 300 lp", "time": 1380, "solokills_t": 0.006521739130434782, "kills_t": 0.03333333333333333, "kp": 0.46838709677419355, "deaths_t": 0.03333333333333333, "assists_t": 0.0463768115942029, "csscore_t": 0.936231884057971, "teamgold_t": 69.59420289855072, "vision_score_t": 1.0333331840930746, "wards_placed_t": 0.07536231884057971, "gold_graph_diffs_t": 17.85072463768116}