{"id": "EUN1_3570914286", "lvl": 3800, "literal level": "MASTER 200 lp", "time": 1884, "solokills_t": 0.007961783439490446, "kills_t": 0.03768577494692144, "kp": 0.46767676767676764, "deaths_t": 0.03768577494692144, "assists_t": 0.05148619957537155, "csscore_t": 0.9479830148619958, "teamgold_t": 71.34023354564756, "vision_score_t": 1.21597359286915, "wards_placed_t": 0.08014861995753715, "gold_graph_diffs_t": 12.296709129511678}