{"id": "EUN1_3566642633", "lvl": 3000, "literal level": "MASTER 200 lp", "time": 1598, "solokills_t": 0.00688360450563204, "kills_t": 0.03879849812265332, "kp": 0.48508771929824557, "deaths_t": 0.03879849812265332, "assists_t": 0.057571964956195244, "csscore_t": 0.9599499374217773, "teamgold_t": 73.5775969962453, "vision_score_t": 1.0388122741556105, "wards_placed_t": 0.07384230287859825, "gold_graph_diffs_t": 13.68648310387985}