{"id": "EUN1_3580818256", "lvl": 4000, "literal level": "MASTER 0 lp", "time": 1380, "solokills_t": 0.0007246376811594203, "kills_t": 0.02608695652173913, "kp": 0.5541666666666666, "deaths_t": 0.02608695652173913, "assists_t": 0.0463768115942029, "csscore_t": 0.9239130434782609, "teamgold_t": 65.02391304347826, "vision_score_t": 0.815807496153256, "wards_placed_t": 0.0572463768115942, "gold_graph_diffs_t": 11.951449275362318}