{"id": "EUN1_3581134790", "lvl": 3600, "literal level": "MASTER 0 lp", "time": 934, "solokills_t": 0.008565310492505354, "kills_t": 0.028907922912205567, "kp": 0.4600000000000001, "deaths_t": 0.028907922912205567, "assists_t": 0.032119914346895075, "csscore_t": 0.8854389721627409, "teamgold_t": 61.92398286937902, "vision_score_t": 0.8299476657332059, "wards_placed_t": 0.06423982869379015, "gold_graph_diffs_t": 13.519271948608138}