{"id": "EUN1_3578366363", "lvl": 3500, "literal level": "MASTER 300 lp", "time": 1937, "solokills_t": 0.00980898296334538, "kills_t": 0.041300980898296334, "kp": 0.529040404040404, "deaths_t": 0.041300980898296334, "assists_t": 0.06763035622096025, "csscore_t": 0.8311822405782138, "teamgold_t": 69.86835312338668, "vision_score_t": 1.235039766411493, "wards_placed_t": 0.08260196179659267, "gold_graph_diffs_t": 14.026329375322664}