{"id": "EUN1_3573888131", "lvl": 3300, "literal level": "MASTER 100 lp", "time": 1971, "solokills_t": 0.0050735667174023336, "kills_t": 0.032470826991374935, "kp": 0.5412412412412412, "deaths_t": 0.032470826991374935, "assists_t": 0.05428716387620497, "csscore_t": 0.8503297818366311, "teamgold_t": 67.42059868087266, "vision_score_t": 1.246263848019272, "wards_placed_t": 0.08117706747843734, "gold_graph_diffs_t": 12.266869609335362}