{"id": "EUN1_3580049898", "lvl": 3800, "literal level": "MASTER 200 lp", "time": 1134, "solokills_t": 0.007936507936507936, "kills_t": 0.042328042328042326, "kp": 0.5063025210084034, "deaths_t": 0.042328042328042326, "assists_t": 0.06790123456790123, "csscore_t": 0.9329805996472663, "teamgold_t": 70.79012345679013, "vision_score_t": 1.0694353953824036, "wards_placed_t": 0.07407407407407407, "gold_graph_diffs_t": 16.58730158730159}