{"id": "EUN1_3574112561", "lvl": 3200, "literal level": "MASTER 0 lp", "time": 1634, "solokills_t": 0.006731946144430845, "kills_t": 0.02692778457772338, "kp": 0.512008281573499, "deaths_t": 0.02692778457772338, "assists_t": 0.04222766217870257, "csscore_t": 0.9516523867809058, "teamgold_t": 66.05385556915544, "vision_score_t": 1.1420570354419701, "wards_placed_t": 0.07221542227662178, "gold_graph_diffs_t": 13.49204406364749}