{"id": "EUN1_3585242199", "lvl": 3500, "literal level": "MASTER 300 lp", "time": 1895, "solokills_t": 0.005804749340369393, "kills_t": 0.042744063324538256, "kp": 0.5137592137592137, "deaths_t": 0.042744063324538256, "assists_t": 0.06596306068601583, "csscore_t": 0.8496042216358839, "teamgold_t": 73.97836411609498, "vision_score_t": 1.1740529988683752, "wards_placed_t": 0.08390501319261214, "gold_graph_diffs_t": 18.539841688654352}