{"id": "EUN1_3589743830", "lvl": 3800, "literal level": "MASTER 200 lp", "time": 1721, "solokills_t": 0.003486345148169669, "kills_t": 0.03137710633352702, "kp": 0.5088235294117647, "deaths_t": 0.03137710633352702, "assists_t": 0.04880883207437536, "csscore_t": 0.9453805926786751, "teamgold_t": 68.02963393375944, "vision_score_t": 1.0905684791823502, "wards_placed_t": 0.06624055781522371, "gold_graph_diffs_t": 13.479953515398025}