{"id": "EUN1_3576002769", "lvl": 3600, "literal level": "MASTER 0 lp", "time": 921, "solokills_t": 0.0054288816503800215, "kills_t": 0.03474484256243214, "kp": 0.44740740740740736, "deaths_t": 0.03474484256243214, "assists_t": 0.03908794788273615, "csscore_t": 0.8881650380021715, "teamgold_t": 63.792616720955486, "vision_score_t": 0.6413332143891225, "wards_placed_t": 0.05211726384364821, "gold_graph_diffs_t": 14.118349619978284}