{"id": "EUN1_3574433130", "lvl": 3800, "literal level": "MASTER 200 lp", "time": 1690, "solokills_t": 0.016568047337278107, "kills_t": 0.05680473372781065, "kp": 0.43716891011723835, "deaths_t": 0.05680473372781065, "assists_t": 0.06745562130177515, "csscore_t": 0.8, "teamgold_t": 76.2698224852071, "vision_score_t": 1.0344620461765772, "wards_placed_t": 0.07100591715976332, "gold_graph_diffs_t": 15.25680473372781}