{"id": "EUN1_3559224489", "lvl": 3100, "literal level": "MASTER 300 lp", "time": 1730, "solokills_t": 0.008092485549132947, "kills_t": 0.030635838150289016, "kp": 0.49818181818181806, "deaths_t": 0.03121387283236994, "assists_t": 0.04335260115606936, "csscore_t": 1.0086705202312138, "teamgold_t": 69.99364161849711, "vision_score_t": 0.8870263940943651, "wards_placed_t": 0.05433526011560694, "gold_graph_diffs_t": 14.839884393063583}