{"id": "EUN1_3576471651", "lvl": 3600, "literal level": "MASTER 0 lp", "time": 1528, "solokills_t": 0.011780104712041885, "kills_t": 0.037303664921465966, "kp": 0.4548780487804878, "deaths_t": 0.037303664921465966, "assists_t": 0.04384816753926701, "csscore_t": 0.931282722513089, "teamgold_t": 70.96924083769633, "vision_score_t": 0.9174558940622017, "wards_placed_t": 0.06479057591623037, "gold_graph_diffs_t": 14.708769633507853}