{"id": "EUN1_3589059150", "lvl": 3600, "literal level": "MASTER 0 lp", "time": 1822, "solokills_t": 0.005488474204171241, "kills_t": 0.03402854006586169, "kp": 0.5147157190635452, "deaths_t": 0.03402854006586169, "assists_t": 0.05323819978046103, "csscore_t": 0.8732162458836443, "teamgold_t": 67.09879253567509, "vision_score_t": 1.0684215924833549, "wards_placed_t": 0.07025246981339188, "gold_graph_diffs_t": 15.052689352360044}