{"id": "EUN1_3574171512", "lvl": 3500, "literal level": "MASTER 300 lp", "time": 1245, "solokills_t": 0.00963855421686747, "kills_t": 0.04257028112449799, "kp": 0.4501754385964912, "deaths_t": 0.04257028112449799, "assists_t": 0.05542168674698795, "csscore_t": 0.8771084337349397, "teamgold_t": 69.3421686746988, "vision_score_t": 0.9243256088077354, "wards_placed_t": 0.06506024096385542, "gold_graph_diffs_t": 19.393574297188756}