{"id": "EUN1_3580876817", "lvl": 3700, "literal level": "MASTER 100 lp", "time": 2147, "solokills_t": 0.0032603632976245926, "kills_t": 0.033535165346995806, "kp": 0.5166800320769848, "deaths_t": 0.033535165346995806, "assists_t": 0.05263157894736842, "csscore_t": 0.9548206800186306, "teamgold_t": 70.88868188169539, "vision_score_t": 1.1095217238648432, "wards_placed_t": 0.07405682347461574, "gold_graph_diffs_t": 16.989287377736375}