{"id": "EUN1_3575322893", "lvl": 3800, "literal level": "MASTER 200 lp", "time": 485, "solokills_t": 0.006185567010309278, "kills_t": 0.020618556701030927, "kp": 0.37777777777777777, "deaths_t": 0.020618556701030927, "assists_t": 0.016494845360824743, "csscore_t": 0.8309278350515464, "teamgold_t": 54.44948453608247, "vision_score_t": 0.38478031153457404, "wards_placed_t": 0.03917525773195876, "gold_graph_diffs_t": 7.806185567010309}