{"id": "EUN1_3583190304", "lvl": 3500, "literal level": "MASTER 300 lp", "time": 1111, "solokills_t": 0.009000900090009001, "kills_t": 0.0297029702970297, "kp": 0.3630434782608695, "deaths_t": 0.0297029702970297, "assists_t": 0.0279027902790279, "csscore_t": 0.8766876687668766, "teamgold_t": 61.85958595859586, "vision_score_t": 0.7995490753664352, "wards_placed_t": 0.050405040504050404, "gold_graph_diffs_t": 12.694869486948695}