{"id": "EUN1_3579039845", "lvl": 3800, "literal level": "MASTER 200 lp", "time": 1219, "solokills_t": 0.005742411812961444, "kills_t": 0.034454470877768664, "kp": 0.491875, "deaths_t": 0.034454470877768664, "assists_t": 0.054963084495488104, "csscore_t": 0.8990976210008204, "teamgold_t": 66.30106644790813, "vision_score_t": 0.8553442877990527, "wards_placed_t": 0.054963084495488104, "gold_graph_diffs_t": 15.600492206726825}