{"id": "EUN1_3575175523", "lvl": 3500, "literal level": "MASTER 300 lp", "time": 1546, "solokills_t": 0.009055627425614488, "kills_t": 0.04139715394566624, "kp": 0.46600221483942417, "deaths_t": 0.04139715394566624, "assists_t": 0.054333764553686936, "csscore_t": 0.8564036222509702, "teamgold_t": 68.90038809831825, "vision_score_t": 1.0455731367829155, "wards_placed_t": 0.07891332470892626, "gold_graph_diffs_t": 13.45536869340233}