{"id": "EUN1_3586516595", "lvl": 3700, "literal level": "MASTER 100 lp", "time": 1413, "solokills_t": 0.013446567586694975, "kills_t": 0.04175513092710545, "kp": 0.38734335839598993, "deaths_t": 0.04246284501061571, "assists_t": 0.038924274593064405, "csscore_t": 0.8846426043878273, "teamgold_t": 70.14154281670206, "vision_score_t": 0.8633976698693617, "wards_placed_t": 0.050955414012738856, "gold_graph_diffs_t": 15.851380042462845}