{"id": "EUN1_3587996903", "lvl": 3700, "literal level": "MASTER 100 lp", "time": 2040, "solokills_t": 0.012254901960784314, "kills_t": 0.031862745098039214, "kp": 0.43787878787878787, "deaths_t": 0.031862745098039214, "assists_t": 0.03627450980392157, "csscore_t": 0.8485294117647059, "teamgold_t": 66.04607843137255, "vision_score_t": 1.0306119906698012, "wards_placed_t": 0.06323529411764706, "gold_graph_diffs_t": 17.499019607843138}