{"id": "EUN1_3572017658", "lvl": 3400, "literal level": "MASTER 200 lp", "time": 1087, "solokills_t": 0.010119595216191352, "kills_t": 0.035878564857405704, "kp": 0.4379032258064516, "deaths_t": 0.035878564857405704, "assists_t": 0.04139834406623735, "csscore_t": 0.9392824287028518, "teamgold_t": 68.44066237350506, "vision_score_t": 0.8467021643610086, "wards_placed_t": 0.05887764489420423, "gold_graph_diffs_t": 16.736890524379024}