{"id": "EUN1_3574777701", "lvl": 3500, "literal level": "MASTER 300 lp", "time": 2040, "solokills_t": 0.014215686274509804, "kills_t": 0.052941176470588235, "kp": 0.4349014181943964, "deaths_t": 0.052941176470588235, "assists_t": 0.06323529411764706, "csscore_t": 0.836764705882353, "teamgold_t": 75.20441176470588, "vision_score_t": 1.1318066196725616, "wards_placed_t": 0.07745098039215687, "gold_graph_diffs_t": 13.341666666666667}