{"id": "EUN1_3574215074", "lvl": 3400, "literal level": "MASTER 200 lp", "time": 1980, "solokills_t": 0.00404040404040404, "kills_t": 0.024242424242424242, "kp": 0.5417989417989417, "deaths_t": 0.024242424242424242, "assists_t": 0.04242424242424243, "csscore_t": 0.9333333333333333, "teamgold_t": 64.1959595959596, "vision_score_t": 1.1876340279475865, "wards_placed_t": 0.06767676767676768, "gold_graph_diffs_t": 13.926262626262627}