{"id": "EUN1_3573904071", "lvl": 3700, "literal level": "MASTER 100 lp", "time": 1961, "solokills_t": 0.0025497195308516064, "kills_t": 0.02906680265170831, "kp": 0.5471464019851117, "deaths_t": 0.02906680265170831, "assists_t": 0.049974502804691484, "csscore_t": 0.9464558898521163, "teamgold_t": 70.16624171341152, "vision_score_t": 1.1608247575396224, "wards_placed_t": 0.07292197858235594, "gold_graph_diffs_t": 12.816930137684855}