{"id": "EUN1_3583916852", "lvl": 3800, "literal level": "MASTER 200 lp", "time": 1744, "solokills_t": 0.010321100917431193, "kills_t": 0.04243119266055046, "kp": 0.44559386973180076, "deaths_t": 0.04243119266055046, "assists_t": 0.05103211009174312, "csscore_t": 0.9111238532110092, "teamgold_t": 72.20183486238533, "vision_score_t": 0.94960585364162, "wards_placed_t": 0.06651376146788991, "gold_graph_diffs_t": 11.24197247706422}