{"id": "EUN1_3567613768", "lvl": 3100, "literal level": "MASTER 300 lp", "time": 1854, "solokills_t": 0.004314994606256742, "kills_t": 0.03182308522114347, "kp": 0.5524475524475525, "deaths_t": 0.03182308522114347, "assists_t": 0.05663430420711974, "csscore_t": 0.9223300970873787, "teamgold_t": 66.25134843581445, "vision_score_t": 1.1316560902404738, "wards_placed_t": 0.07173678532901834, "gold_graph_diffs_t": 12.484358144552319}