{"id": "EUN1_3571970273", "lvl": 3800, "literal level": "MASTER 200 lp", "time": 1848, "solokills_t": 0.005411255411255411, "kills_t": 0.04383116883116883, "kp": 0.5413725490196077, "deaths_t": 0.04383116883116883, "assists_t": 0.07413419913419914, "csscore_t": 0.8382034632034632, "teamgold_t": 73.68722943722943, "vision_score_t": 1.0840541299126611, "wards_placed_t": 0.0735930735930736, "gold_graph_diffs_t": 17.72943722943723}