{"id": "EUN1_3571189095", "lvl": 3300, "literal level": "MASTER 100 lp", "time": 1468, "solokills_t": 0.008174386920980926, "kills_t": 0.04223433242506812, "kp": 0.4756818181818181, "deaths_t": 0.04223433242506812, "assists_t": 0.060626702997275204, "csscore_t": 0.8610354223433242, "teamgold_t": 69.46525885558583, "vision_score_t": 0.8821072111733551, "wards_placed_t": 0.06130790190735695, "gold_graph_diffs_t": 12.775885558583106}