{"id": "EUN1_3572603725", "lvl": 3700, "literal level": "MASTER 100 lp", "time": 1618, "solokills_t": 0.004944375772558714, "kills_t": 0.034610630407911, "kp": 0.4972357723577236, "deaths_t": 0.034610630407911, "assists_t": 0.05067985166872682, "csscore_t": 0.9264524103831892, "teamgold_t": 66.93016069221261, "vision_score_t": 0.8869187589667096, "wards_placed_t": 0.06427688504326329, "gold_graph_diffs_t": 14.045117428924598}