{"id": "EUN1_3572073256", "lvl": 3800, "literal level": "MASTER 200 lp", "time": 1778, "solokills_t": 0.003937007874015748, "kills_t": 0.03374578177727784, "kp": 0.5586368977673326, "deaths_t": 0.03374578177727784, "assists_t": 0.06299212598425197, "csscore_t": 0.9493813273340832, "teamgold_t": 67.89651293588301, "vision_score_t": 0.9901461064850352, "wards_placed_t": 0.07255343082114736, "gold_graph_diffs_t": 11.520809898762655}