{"id": "EUN1_3573596877", "lvl": 3600, "literal level": "MASTER 0 lp", "time": 1971, "solokills_t": 0.0060882800608828, "kills_t": 0.0365296803652968, "kp": 0.5216519647153167, "deaths_t": 0.0365296803652968, "assists_t": 0.06037544393708777, "csscore_t": 0.9467275494672754, "teamgold_t": 69.71385083713851, "vision_score_t": 0.9439149654285, "wards_placed_t": 0.059868087265347536, "gold_graph_diffs_t": 14.385591070522578}