{"id": "EUN1_3576135910", "lvl": 3800, "literal level": "MASTER 200 lp", "time": 1568, "solokills_t": 0.008928571428571428, "kills_t": 0.030612244897959183, "kp": 0.457563025210084, "deaths_t": 0.030612244897959183, "assists_t": 0.03762755102040816, "csscore_t": 0.9834183673469388, "teamgold_t": 67.63329081632654, "vision_score_t": 0.8830489390118696, "wards_placed_t": 0.06186224489795918, "gold_graph_diffs_t": 11.94451530612245}