{"id": "EUN1_3589835933", "lvl": 3500, "literal level": "MASTER 300 lp", "time": 1360, "solokills_t": 0.010294117647058823, "kills_t": 0.03161764705882353, "kp": 0.40717592592592594, "deaths_t": 0.03161764705882353, "assists_t": 0.03455882352941177, "csscore_t": 0.8757352941176471, "teamgold_t": 62.94338235294118, "vision_score_t": 0.905326070193707, "wards_placed_t": 0.07205882352941176, "gold_graph_diffs_t": 10.80955882352941}