{"id": "EUN1_3590815466", "lvl": 3600, "literal level": "MASTER 0 lp", "time": 1240, "solokills_t": 0.00967741935483871, "kills_t": 0.03790322580645161, "kp": 0.4375, "deaths_t": 0.03790322580645161, "assists_t": 0.042741935483870966, "csscore_t": 0.9370967741935484, "teamgold_t": 71.88629032258065, "vision_score_t": 0.6070968406125319, "wards_placed_t": 0.04435483870967742, "gold_graph_diffs_t": 13.800806451612903}