{"id": "EUN1_3578911269", "lvl": 3900, "literal level": "MASTER 300 lp", "time": 1562, "solokills_t": 0.006402048655569782, "kills_t": 0.02880921895006402, "kp": 0.49333333333333335, "deaths_t": 0.02880921895006402, "assists_t": 0.03969270166453265, "csscore_t": 0.9891165172855314, "teamgold_t": 67.63956466069142, "vision_score_t": 0.9741427611115565, "wards_placed_t": 0.06274007682458387, "gold_graph_diffs_t": 10.628040973111396}