{"id": "EUN1_3572648018", "lvl": 3500, "literal level": "MASTER 300 lp", "time": 912, "solokills_t": 0.017543859649122806, "kills_t": 0.046052631578947366, "kp": 0.3571428571428571, "deaths_t": 0.046052631578947366, "assists_t": 0.04057017543859649, "csscore_t": 0.8870614035087719, "teamgold_t": 67.76425438596492, "vision_score_t": 0.8537378781899634, "wards_placed_t": 0.06140350877192982, "gold_graph_diffs_t": 10.505482456140351}