{"id": "EUN1_3582932194", "lvl": 3800, "literal level": "MASTER 200 lp", "time": 1411, "solokills_t": 0.012756909992912827, "kills_t": 0.041105598866052445, "kp": 0.4070807453416149, "deaths_t": 0.041814316087880936, "assists_t": 0.04323175053153792, "csscore_t": 0.9014883061658399, "teamgold_t": 70.29978738483345, "vision_score_t": 0.9225630685339556, "wards_placed_t": 0.06945428773919206, "gold_graph_diffs_t": 11.406803685329553}