{"id": "EUN1_3589581489", "lvl": 3700, "literal level": "MASTER 100 lp", "time": 1921, "solokills_t": 0.008849557522123894, "kills_t": 0.04060385216033316, "kp": 0.46410256410256406, "deaths_t": 0.04060385216033316, "assists_t": 0.05361790733992712, "csscore_t": 0.7688703800104112, "teamgold_t": 68.76991150442478, "vision_score_t": 1.0831421474277765, "wards_placed_t": 0.07235814679854242, "gold_graph_diffs_t": 11.967204580947422}