{"id": "EUN1_3575831980", "lvl": 3500, "literal level": "MASTER 300 lp", "time": 2202, "solokills_t": 0.005449591280653951, "kills_t": 0.03860127157129882, "kp": 0.5096452328159646, "deaths_t": 0.03860127157129882, "assists_t": 0.05994550408719346, "csscore_t": 0.7783832879200726, "teamgold_t": 68.42415985467757, "vision_score_t": 1.169108827944403, "wards_placed_t": 0.07901907356948229, "gold_graph_diffs_t": 14.097184377838328}