{"id": "EUN1_3576100475", "lvl": 3700, "literal level": "MASTER 100 lp", "time": 1571, "solokills_t": 0.007001909611712286, "kills_t": 0.037555697008274984, "kp": 0.4913194444444445, "deaths_t": 0.03819223424570337, "assists_t": 0.0547422024188415, "csscore_t": 0.8357733927434755, "teamgold_t": 66.6123488224061, "vision_score_t": 1.0072206824390484, "wards_placed_t": 0.06810948440483769, "gold_graph_diffs_t": 17.887969446212605}