{"id": "EUN1_3588598086", "lvl": 3600, "literal level": "MASTER 0 lp", "time": 1712, "solokills_t": 0.005257009345794392, "kills_t": 0.028621495327102803, "kp": 0.5051136363636364, "deaths_t": 0.028621495327102803, "assists_t": 0.04205607476635514, "csscore_t": 0.9877336448598131, "teamgold_t": 68.33294392523365, "vision_score_t": 0.9368834609304418, "wards_placed_t": 0.06483644859813084, "gold_graph_diffs_t": 13.473130841121495}