{"id": "EUN1_3588869068", "lvl": 3900, "literal level": "MASTER 300 lp", "time": 1629, "solokills_t": 0.009821976672805401, "kills_t": 0.042971147943523635, "kp": 0.44527972027972024, "deaths_t": 0.04358502148557397, "assists_t": 0.050951503990178025, "csscore_t": 0.9729895641497851, "teamgold_t": 73.88888888888889, "vision_score_t": 1.0161016274697705, "wards_placed_t": 0.06568446899938613, "gold_graph_diffs_t": 15.907305095150399}