{"id": "EUN1_3584165822", "lvl": 3700, "literal level": "MASTER 100 lp", "time": 1869, "solokills_t": 0.005350454788657036, "kills_t": 0.020331728196896735, "kp": 0.5190476190476191, "deaths_t": 0.02086677367576244, "assists_t": 0.03103263777421081, "csscore_t": 0.9373996789727127, "teamgold_t": 62.29052969502408, "vision_score_t": 1.006756855411122, "wards_placed_t": 0.06420545746388442, "gold_graph_diffs_t": 13.92134831460674}