{"id": "EUN1_3574956109", "lvl": 3600, "literal level": "MASTER 0 lp", "time": 1877, "solokills_t": 0.006925945657964837, "kills_t": 0.036228023441662226, "kp": 0.5010610079575597, "deaths_t": 0.036228023441662226, "assists_t": 0.05594033031433138, "csscore_t": 0.9126265316995205, "teamgold_t": 67.72882258923815, "vision_score_t": 1.1169584392495997, "wards_placed_t": 0.07458710708577518, "gold_graph_diffs_t": 12.298881193393713}