{"id": "EUN1_3573915479", "lvl": 3400, "literal level": "MASTER 200 lp", "time": 2234, "solokills_t": 0.0035810205908683975, "kills_t": 0.03222918531781558, "kp": 0.5914860681114551, "deaths_t": 0.03222918531781558, "assists_t": 0.06311548791405551, "csscore_t": 0.8178155774395702, "teamgold_t": 65.01790510295434, "vision_score_t": 1.2106921528992922, "wards_placed_t": 0.07788719785138765, "gold_graph_diffs_t": 12.833482542524619}