{"id": "EUN1_3577717379", "lvl": 3500, "literal level": "MASTER 300 lp", "time": 1320, "solokills_t": 0.011363636363636364, "kills_t": 0.041666666666666664, "kp": 0.40201238390092886, "deaths_t": 0.04242424242424243, "assists_t": 0.04318181818181818, "csscore_t": 0.9318181818181818, "teamgold_t": 69.98712121212121, "vision_score_t": 0.8424909492937548, "wards_placed_t": 0.05303030303030303, "gold_graph_diffs_t": 15.231060606060606}