{"id": "EUN1_3577754287", "lvl": 3700, "literal level": "MASTER 100 lp", "time": 1479, "solokills_t": 0.00878972278566599, "kills_t": 0.03583502366463827, "kp": 0.48310810810810806, "deaths_t": 0.03583502366463827, "assists_t": 0.04597701149425287, "csscore_t": 0.9837728194726166, "teamgold_t": 71.01690331304935, "vision_score_t": 0.9735756374457771, "wards_placed_t": 0.07234617985125084, "gold_graph_diffs_t": 15.409060175794457}