{"id": "EUN1_3565269719", "lvl": 3500, "literal level": "MASTER 300 lp", "time": 1356, "solokills_t": 0.008849557522123894, "kills_t": 0.036135693215339236, "kp": 0.44428571428571423, "deaths_t": 0.036135693215339236, "assists_t": 0.0420353982300885, "csscore_t": 0.9572271386430679, "teamgold_t": 69.62094395280236, "vision_score_t": 0.9648490737151668, "wards_placed_t": 0.06637168141592921, "gold_graph_diffs_t": 13.631268436578171}