{"id": "EUN1_3584741378", "lvl": 3600, "literal level": "MASTER 0 lp", "time": 1937, "solokills_t": 0.006711409395973154, "kills_t": 0.029943211151264842, "kp": 0.49828431372549026, "deaths_t": 0.029943211151264842, "assists_t": 0.04697986577181208, "csscore_t": 0.9473412493546721, "teamgold_t": 66.52555498193082, "vision_score_t": 1.1281277554888312, "wards_placed_t": 0.07589055240061951, "gold_graph_diffs_t": 16.443985544656684}