{"id": "EUN1_3580524525", "lvl": 3500, "literal level": "MASTER 300 lp", "time": 1550, "solokills_t": 0.0025806451612903226, "kills_t": 0.02129032258064516, "kp": 0.509090909090909, "deaths_t": 0.02129032258064516, "assists_t": 0.036774193548387096, "csscore_t": 1.0593548387096774, "teamgold_t": 66.34322580645161, "vision_score_t": 1.002579544418364, "wards_placed_t": 0.06580645161290323, "gold_graph_diffs_t": 13.085161290322581}