{"id": "EUN1_3566891562", "lvl": 3500, "literal level": "MASTER 300 lp", "time": 1509, "solokills_t": 0.004638833664678595, "kills_t": 0.04440026507620941, "kp": 0.4956848030018762, "deaths_t": 0.04440026507620941, "assists_t": 0.06428098078197482, "csscore_t": 0.8389662027833003, "teamgold_t": 73.70775347912524, "vision_score_t": 0.8573661661786218, "wards_placed_t": 0.0636182902584493, "gold_graph_diffs_t": 15.959575878064944}