{"id": "EUN1_3584287404", "lvl": 3800, "literal level": "MASTER 200 lp", "time": 1110, "solokills_t": 0.00990990990990991, "kills_t": 0.02882882882882883, "kp": 0.40384615384615385, "deaths_t": 0.02882882882882883, "assists_t": 0.02972972972972973, "csscore_t": 0.9009009009009009, "teamgold_t": 63.17387387387387, "vision_score_t": 0.9483461800549058, "wards_placed_t": 0.07387387387387387, "gold_graph_diffs_t": 15.51981981981982}