{"id": "EUN1_3587031205", "lvl": 4000, "literal level": "MASTER 0 lp", "time": 1185, "solokills_t": 0.01181434599156118, "kills_t": 0.04050632911392405, "kp": 0.39714285714285713, "deaths_t": 0.04050632911392405, "assists_t": 0.04050632911392405, "csscore_t": 0.830379746835443, "teamgold_t": 68.93417721518988, "vision_score_t": 0.8318350783495049, "wards_placed_t": 0.06751054852320675, "gold_graph_diffs_t": 14.628691983122362}