{"id": "EUN1_3565716678", "lvl": 3200, "literal level": "MASTER 0 lp", "time": 1411, "solokills_t": 0.008504606661941885, "kills_t": 0.03330970942593905, "kp": 0.485483870967742, "deaths_t": 0.03330970942593905, "assists_t": 0.04677533664068037, "csscore_t": 0.8625088589652729, "teamgold_t": 67.26789510985117, "vision_score_t": 1.063930095210217, "wards_placed_t": 0.08221119773210489, "gold_graph_diffs_t": 13.41389085754784}