{"id": "EUN1_3588731465", "lvl": 3900, "literal level": "MASTER 300 lp", "time": 1098, "solokills_t": 0.010018214936247723, "kills_t": 0.040983606557377046, "kp": 0.4258064516129032, "deaths_t": 0.040983606557377046, "assists_t": 0.0482695810564663, "csscore_t": 0.8561020036429873, "teamgold_t": 68.2103825136612, "vision_score_t": 0.9984375112674371, "wards_placed_t": 0.07194899817850638, "gold_graph_diffs_t": 13.226775956284152}