{"id": "EUN1_3573874513", "lvl": 3700, "literal level": "MASTER 100 lp", "time": 1410, "solokills_t": 0.007801418439716312, "kills_t": 0.03687943262411347, "kp": 0.4565359477124183, "deaths_t": 0.03687943262411347, "assists_t": 0.04609929078014184, "csscore_t": 0.8801418439716312, "teamgold_t": 68.39574468085107, "vision_score_t": 0.9137491741117625, "wards_placed_t": 0.0673758865248227, "gold_graph_diffs_t": 15.791489361702128}