{"id": "EUN1_3574637717", "lvl": 3400, "literal level": "MASTER 200 lp", "time": 1679, "solokills_t": 0.007742703990470518, "kills_t": 0.03156640857653365, "kp": 0.48698412698412696, "deaths_t": 0.03156640857653365, "assists_t": 0.044073853484216795, "csscore_t": 0.8850506253722454, "teamgold_t": 65.38951756998213, "vision_score_t": 1.092029680819201, "wards_placed_t": 0.07087552114353782, "gold_graph_diffs_t": 10.68671828469327}