{"id": "EUN1_3586564096", "lvl": 3700, "literal level": "MASTER 100 lp", "time": 2042, "solokills_t": 0.006366307541625857, "kills_t": 0.03819784524975514, "kp": 0.5017275747508305, "deaths_t": 0.03819784524975514, "assists_t": 0.05827619980411362, "csscore_t": 0.8937316356513222, "teamgold_t": 70.61557296767874, "vision_score_t": 1.0208424441237927, "wards_placed_t": 0.07394711067580803, "gold_graph_diffs_t": 14.356023506366308}