{"id": "EUN1_3588985859", "lvl": 3700, "literal level": "MASTER 100 lp", "time": 1742, "solokills_t": 0.004592422502870264, "kills_t": 0.03616532721010333, "kp": 0.5584210526315789, "deaths_t": 0.03616532721010333, "assists_t": 0.0677382319173364, "csscore_t": 0.9058553386911596, "teamgold_t": 68.65499425947188, "vision_score_t": 1.1241327649514814, "wards_placed_t": 0.07520091848450057, "gold_graph_diffs_t": 13.146383467278989}