{"id": "EUN1_3589316136", "lvl": 3700, "literal level": "MASTER 100 lp", "time": 1879, "solokills_t": 0.011708355508249068, "kills_t": 0.04683342203299627, "kp": 0.46061235080435914, "deaths_t": 0.04683342203299627, "assists_t": 0.06067056945183608, "csscore_t": 0.8712080894092602, "teamgold_t": 73.2634379989356, "vision_score_t": 1.0659619771376387, "wards_placed_t": 0.07557211282597126, "gold_graph_diffs_t": 14.111761575306014}