{"id": "EUN1_3577352361", "lvl": 3800, "literal level": "MASTER 200 lp", "time": 1258, "solokills_t": 0.009538950715421303, "kills_t": 0.03577106518282989, "kp": 0.4133333333333334, "deaths_t": 0.03577106518282989, "assists_t": 0.038950715421303655, "csscore_t": 0.8910969793322735, "teamgold_t": 66.7893481717011, "vision_score_t": 0.9078346832118103, "wards_placed_t": 0.06120826709062003, "gold_graph_diffs_t": 14.140699523052465}