{"id": "EUN1_3572542253", "lvl": 3700, "literal level": "MASTER 100 lp", "time": 1495, "solokills_t": 0.0033444816053511705, "kills_t": 0.031438127090301006, "kp": 0.5339366515837105, "deaths_t": 0.031438127090301006, "assists_t": 0.05217391304347826, "csscore_t": 0.9217391304347826, "teamgold_t": 67.14515050167225, "vision_score_t": 0.8516533595496286, "wards_placed_t": 0.05819397993311037, "gold_graph_diffs_t": 15.225418060200669}