{"id": "EUN1_3554249948", "lvl": 3000, "literal level": "MASTER 200 lp", "time": 1842, "solokills_t": 0.004885993485342019, "kills_t": 0.03745928338762215, "kp": 0.5224108658743634, "deaths_t": 0.03745928338762215, "assists_t": 0.06026058631921824, "csscore_t": 0.8203040173724213, "teamgold_t": 67.29478827361564, "vision_score_t": 1.033605014966536, "wards_placed_t": 0.06948968512486428, "gold_graph_diffs_t": 14.539087947882736}