{"id": "EUN1_3573421578", "lvl": 3300, "literal level": "MASTER 100 lp", "time": 1965, "solokills_t": 0.0061068702290076335, "kills_t": 0.02748091603053435, "kp": 0.5247058823529411, "deaths_t": 0.02748091603053435, "assists_t": 0.044783715012722644, "csscore_t": 0.8432569974554708, "teamgold_t": 63.8351145038168, "vision_score_t": 1.1062139802402642, "wards_placed_t": 0.07226463104325699, "gold_graph_diffs_t": 11.878880407124681}