{"id": "EUN1_3565201257", "lvl": 3300, "literal level": "MASTER 100 lp", "time": 1783, "solokills_t": 0.005608524957936063, "kills_t": 0.028042624789680313, "kp": 0.5213903743315509, "deaths_t": 0.028042624789680313, "assists_t": 0.04206393718452047, "csscore_t": 1.0112170499158721, "teamgold_t": 66.93325855300056, "vision_score_t": 1.1083938609523698, "wards_placed_t": 0.06618059450364554, "gold_graph_diffs_t": 12.287156477846326}