{"id": "EUN1_3583119893", "lvl": 3700, "literal level": "MASTER 100 lp", "time": 2233, "solokills_t": 0.005821764442454098, "kills_t": 0.03179579041648007, "kp": 0.48754152823920266, "deaths_t": 0.03179579041648007, "assists_t": 0.04433497536945813, "csscore_t": 0.8414688759516346, "teamgold_t": 67.90595611285266, "vision_score_t": 1.1643134680110883, "wards_placed_t": 0.06941334527541423, "gold_graph_diffs_t": 15.707120465741156}