{"id": "EUN1_3575652251", "lvl": 3500, "literal level": "MASTER 300 lp", "time": 1391, "solokills_t": 0.006470165348670022, "kills_t": 0.03522645578720345, "kp": 0.5076470588235293, "deaths_t": 0.03522645578720345, "assists_t": 0.056074766355140186, "csscore_t": 0.9180445722501798, "teamgold_t": 68.4097771387491, "vision_score_t": 0.8182067875511784, "wards_placed_t": 0.058231488138030196, "gold_graph_diffs_t": 14.66139468008627}