{"id": "EUN1_3554334905", "lvl": 3100, "literal level": "MASTER 300 lp", "time": 1145, "solokills_t": 0.013973799126637555, "kills_t": 0.034934497816593885, "kp": 0.3601880877742946, "deaths_t": 0.034934497816593885, "assists_t": 0.03056768558951965, "csscore_t": 1.0034934497816594, "teamgold_t": 66.1353711790393, "vision_score_t": 0.8946011606417992, "wards_placed_t": 0.06812227074235808, "gold_graph_diffs_t": 13.394759825327512}