{"id": "EUN1_3588753356", "lvl": 3400, "literal level": "MASTER 200 lp", "time": 1766, "solokills_t": 0.010192525481313703, "kills_t": 0.04020385050962627, "kp": 0.4701626016260163, "deaths_t": 0.04020385050962627, "assists_t": 0.05379388448471121, "csscore_t": 0.8822197055492639, "teamgold_t": 69.76840317100793, "vision_score_t": 1.08052528506239, "wards_placed_t": 0.07757644394110985, "gold_graph_diffs_t": 16.669875424688563}