{"id": "EUN1_3573099185", "lvl": 3800, "literal level": "MASTER 200 lp", "time": 1503, "solokills_t": 0.008649367930805056, "kills_t": 0.047238855622089154, "kp": 0.5075581395348838, "deaths_t": 0.047238855622089154, "assists_t": 0.07052561543579508, "csscore_t": 0.9427811044577512, "teamgold_t": 74.82568196939454, "vision_score_t": 0.922313877376633, "wards_placed_t": 0.06254158349966733, "gold_graph_diffs_t": 17.960745176314038}