{"id": "EUN1_3588128821", "lvl": 3600, "literal level": "MASTER 0 lp", "time": 1178, "solokills_t": 0.016129032258064516, "kills_t": 0.0466893039049236, "kp": 0.3678571428571428, "deaths_t": 0.0466893039049236, "assists_t": 0.04159592529711375, "csscore_t": 0.9227504244482173, "teamgold_t": 70.67317487266554, "vision_score_t": 0.8236795344559298, "wards_placed_t": 0.0636672325976231, "gold_graph_diffs_t": 11.868421052631579}