{"id": "EUN1_3574457405", "lvl": 3800, "literal level": "MASTER 200 lp", "time": 1659, "solokills_t": 0.010247136829415311, "kills_t": 0.050030138637733576, "kp": 0.49806110458284375, "deaths_t": 0.050030138637733576, "assists_t": 0.07414104882459313, "csscore_t": 0.8251959011452682, "teamgold_t": 73.54189270644967, "vision_score_t": 0.8929008646532127, "wards_placed_t": 0.06329113924050633, "gold_graph_diffs_t": 14.792043399638336}