{"id": "EUN1_3590796259", "lvl": 3700, "literal level": "MASTER 100 lp", "time": 916, "solokills_t": 0.014192139737991267, "kills_t": 0.05131004366812227, "kp": 0.3757309941520468, "deaths_t": 0.05131004366812227, "assists_t": 0.04475982532751092, "csscore_t": 0.8919213973799127, "teamgold_t": 71.53384279475982, "vision_score_t": 0.7198046435821432, "wards_placed_t": 0.055676855895196505, "gold_graph_diffs_t": 15.782751091703057}