{"id": "EUN1_3588585666", "lvl": 3600, "literal level": "MASTER 0 lp", "time": 1725, "solokills_t": 0.004057971014492754, "kills_t": 0.02782608695652174, "kp": 0.5447552447552447, "deaths_t": 0.02782608695652174, "assists_t": 0.04753623188405797, "csscore_t": 0.9773913043478261, "teamgold_t": 65.88231884057971, "vision_score_t": 0.9164525867881818, "wards_placed_t": 0.07188405797101449, "gold_graph_diffs_t": 9.531014492753624}