{"id": "EUN1_3588937251", "lvl": 3800, "literal level": "MASTER 200 lp", "time": 912, "solokills_t": 0.01206140350877193, "kills_t": 0.03508771929824561, "kp": 0.34114285714285714, "deaths_t": 0.03508771929824561, "assists_t": 0.027412280701754384, "csscore_t": 0.9879385964912281, "teamgold_t": 64.41776315789474, "vision_score_t": 0.6844308489926034, "wards_placed_t": 0.13048245614035087, "gold_graph_diffs_t": 11.547149122807017}