{"id": "EUN1_3572004499", "lvl": 3300, "literal level": "MASTER 100 lp", "time": 1468, "solokills_t": 0.006811989100817439, "kills_t": 0.03474114441416894, "kp": 0.5296052631578947, "deaths_t": 0.03474114441416894, "assists_t": 0.05926430517711172, "csscore_t": 0.885558583106267, "teamgold_t": 64.8692098092643, "vision_score_t": 1.0223977013552887, "wards_placed_t": 0.07425068119891008, "gold_graph_diffs_t": 13.596730245231608}