{"id": "EUN1_3586910892", "lvl": 3800, "literal level": "MASTER 200 lp", "time": 1544, "solokills_t": 0.0025906735751295338, "kills_t": 0.029145077720207253, "kp": 0.5338056680161942, "deaths_t": 0.029145077720207253, "assists_t": 0.048575129533678756, "csscore_t": 0.8814766839378239, "teamgold_t": 63.82836787564767, "vision_score_t": 1.134491275424443, "wards_placed_t": 0.07772020725388601, "gold_graph_diffs_t": 13.413860103626943}