{"id": "EUN1_3589091938", "lvl": 3700, "literal level": "MASTER 100 lp", "time": 1971, "solokills_t": 0.005580923389142567, "kills_t": 0.043125317097919835, "kp": 0.5596989966555184, "deaths_t": 0.043125317097919835, "assists_t": 0.07711821410451547, "csscore_t": 0.8269913749365804, "teamgold_t": 71.26433282597667, "vision_score_t": 1.0253019141506217, "wards_placed_t": 0.0669710806697108, "gold_graph_diffs_t": 15.566717402333841}