{"id": "EUN1_3577761645", "lvl": 3500, "literal level": "MASTER 300 lp", "time": 2021, "solokills_t": 0.009401286491835725, "kills_t": 0.047006432459178626, "kp": 0.4933063791554357, "deaths_t": 0.0475012370113805, "assists_t": 0.06927263730826323, "csscore_t": 0.8357248886689758, "teamgold_t": 72.16823354774864, "vision_score_t": 1.180639672388161, "wards_placed_t": 0.0677882236516576, "gold_graph_diffs_t": 13.131123206333498}