{"id": "EUN1_3579385082", "lvl": 3900, "literal level": "MASTER 300 lp", "time": 1543, "solokills_t": 0.007128969539857421, "kills_t": 0.04342190537913156, "kp": 0.48120155038759693, "deaths_t": 0.0440699935191186, "assists_t": 0.0609202851587816, "csscore_t": 0.9358392741412832, "teamgold_t": 74.41153596889177, "vision_score_t": 1.0898175409756263, "wards_placed_t": 0.07906675307841866, "gold_graph_diffs_t": 17.834737524303304}