{"id": "EUN1_3577756155", "lvl": 3700, "literal level": "MASTER 100 lp", "time": 1145, "solokills_t": 0.0069868995633187774, "kills_t": 0.03056768558951965, "kp": 0.388, "deaths_t": 0.03056768558951965, "assists_t": 0.03056768558951965, "csscore_t": 0.9179039301310044, "teamgold_t": 62.29170305676856, "vision_score_t": 0.8356967841142489, "wards_placed_t": 0.05589519650655022, "gold_graph_diffs_t": 12.193886462882096}