{"id": "EUN1_3576329237", "lvl": 3800, "literal level": "MASTER 200 lp", "time": 1311, "solokills_t": 0.004576659038901602, "kills_t": 0.033562166285278416, "kp": 0.5017857142857143, "deaths_t": 0.034324942791762014, "assists_t": 0.05186880244088482, "csscore_t": 0.9054157131960335, "teamgold_t": 67.94584286803966, "vision_score_t": 0.9750839336675451, "wards_placed_t": 0.06178489702517163, "gold_graph_diffs_t": 15.715484363081616}