{"id": "EUN1_3579587678", "lvl": 3700, "literal level": "MASTER 100 lp", "time": 1811, "solokills_t": 0.004417448923246825, "kills_t": 0.03313086692435119, "kp": 0.5249999999999999, "deaths_t": 0.03368304803975704, "assists_t": 0.05632247377139702, "csscore_t": 0.9237990060739922, "teamgold_t": 68.15681943677527, "vision_score_t": 1.4719565630125693, "wards_placed_t": 0.08724461623412479, "gold_graph_diffs_t": 12.409718387631143}