{"id": "EUN1_3554831960", "lvl": 3200, "literal level": "MASTER 0 lp", "time": 1453, "solokills_t": 0.01169993117687543, "kills_t": 0.034411562284927734, "kp": 0.42370766488413547, "deaths_t": 0.034411562284927734, "assists_t": 0.03785271851342051, "csscore_t": 0.9215416379903648, "teamgold_t": 66.7618719889883, "vision_score_t": 0.8169867952882253, "wards_placed_t": 0.056434962147281484, "gold_graph_diffs_t": 13.250516173434274}