{"id": "EUN1_3574135461", "lvl": 3500, "literal level": "MASTER 300 lp", "time": 1945, "solokills_t": 0.007712082262210797, "kills_t": 0.032390745501285345, "kp": 0.4922379032258065, "deaths_t": 0.032390745501285345, "assists_t": 0.04730077120822622, "csscore_t": 0.922879177377892, "teamgold_t": 68.75167095115681, "vision_score_t": 1.1481253328009227, "wards_placed_t": 0.07506426735218509, "gold_graph_diffs_t": 14.312596401028278}