{"id": "EUN1_3557115690", "lvl": 3300, "literal level": "MASTER 100 lp", "time": 1889, "solokills_t": 0.008999470619375331, "kills_t": 0.03123345685547909, "kp": 0.45273809523809516, "deaths_t": 0.03123345685547909, "assists_t": 0.04076230809952356, "csscore_t": 0.9295923769190048, "teamgold_t": 69.76124933827423, "vision_score_t": 1.1165727887665244, "wards_placed_t": 0.07305452620434093, "gold_graph_diffs_t": 14.5214399152991}