{"id": "EUN1_3590834775", "lvl": 3300, "literal level": "MASTER 100 lp", "time": 1529, "solokills_t": 0.015696533682145193, "kills_t": 0.03597122302158273, "kp": 0.38181818181818183, "deaths_t": 0.03662524525833878, "assists_t": 0.032701111837802485, "csscore_t": 0.9365598430346632, "teamgold_t": 69.3734466971877, "vision_score_t": 0.8185493271029651, "wards_placed_t": 0.058207979071288427, "gold_graph_diffs_t": 13.393067364290387}