{"id": "EUN1_3572139512", "lvl": 3700, "literal level": "MASTER 100 lp", "time": 1439, "solokills_t": 0.005559416261292564, "kills_t": 0.03474635163307853, "kp": 0.5214912280701756, "deaths_t": 0.03474635163307853, "assists_t": 0.056289089645587216, "csscore_t": 0.9923558026407228, "teamgold_t": 71.09381514940931, "vision_score_t": 0.8453597472222967, "wards_placed_t": 0.056289089645587216, "gold_graph_diffs_t": 12.490618485059068}