{"id": "EUN1_3576403342", "lvl": 3500, "literal level": "MASTER 300 lp", "time": 1516, "solokills_t": 0.005936675461741424, "kills_t": 0.04287598944591029, "kp": 0.5370600414078675, "deaths_t": 0.04287598944591029, "assists_t": 0.07321899736147758, "csscore_t": 0.8588390501319261, "teamgold_t": 71.20316622691293, "vision_score_t": 0.8192046898944765, "wards_placed_t": 0.05474934036939314, "gold_graph_diffs_t": 16.3311345646438}