{"id": "EUN1_3574132356", "lvl": 3700, "literal level": "MASTER 100 lp", "time": 1909, "solokills_t": 0.006809848088004191, "kills_t": 0.03981141959140912, "kp": 0.5035940803382664, "deaths_t": 0.03981141959140912, "assists_t": 0.060764798323729705, "csscore_t": 0.9381875327396543, "teamgold_t": 72.83394447354635, "vision_score_t": 0.9216606399815991, "wards_placed_t": 0.06705081194342588, "gold_graph_diffs_t": 16.62231534834992}