{"id": "EUN1_3576887987", "lvl": 3700, "literal level": "MASTER 100 lp", "time": 1214, "solokills_t": 0.018121911037891267, "kills_t": 0.047775947281713346, "kp": 0.3897674418604652, "deaths_t": 0.047775947281713346, "assists_t": 0.039538714991762765, "csscore_t": 0.9324546952224053, "teamgold_t": 72.31878088962108, "vision_score_t": 0.8143483240186262, "wards_placed_t": 0.057660626029654036, "gold_graph_diffs_t": 16.702635914332784}