{"id": "EUN1_3576650040", "lvl": 3500, "literal level": "MASTER 300 lp", "time": 2060, "solokills_t": 0.007766990291262136, "kills_t": 0.03495145631067961, "kp": 0.48391608391608393, "deaths_t": 0.03495145631067961, "assists_t": 0.04951456310679612, "csscore_t": 0.8980582524271845, "teamgold_t": 67.55097087378641, "vision_score_t": 1.1467891468453968, "wards_placed_t": 0.07233009708737864, "gold_graph_diffs_t": 13.678155339805825}