{"id": "EUN1_3588025885", "lvl": 3700, "literal level": "MASTER 100 lp", "time": 1571, "solokills_t": 0.010821133036282623, "kills_t": 0.04010184595798854, "kp": 0.4485869565217392, "deaths_t": 0.04010184595798854, "assists_t": 0.04964990451941439, "csscore_t": 0.954169318905156, "teamgold_t": 73.16995544239337, "vision_score_t": 1.0689314489173571, "wards_placed_t": 0.07702100572883513, "gold_graph_diffs_t": 14.266072565245066}