{"id": "EUN1_3585314096", "lvl": 3600, "literal level": "MASTER 0 lp", "time": 1620, "solokills_t": 0.012962962962962963, "kills_t": 0.03641975308641975, "kp": 0.3844705882352941, "deaths_t": 0.03641975308641975, "assists_t": 0.03271604938271605, "csscore_t": 0.9561728395061728, "teamgold_t": 67.0716049382716, "vision_score_t": 0.8237059447935142, "wards_placed_t": 0.06172839506172839, "gold_graph_diffs_t": 11.301234567901234}