{"id": "EUN1_3580029126", "lvl": 3700, "literal level": "MASTER 100 lp", "time": 1748, "solokills_t": 0.002860411899313501, "kills_t": 0.02402745995423341, "kp": 0.5888563049853373, "deaths_t": 0.02402745995423341, "assists_t": 0.04919908466819222, "csscore_t": 0.967391304347826, "teamgold_t": 63.77059496567506, "vision_score_t": 1.0857998641942603, "wards_placed_t": 0.07379862700228833, "gold_graph_diffs_t": 12.639016018306636}