{"id": "EUN1_3577360349", "lvl": 3600, "literal level": "MASTER 0 lp", "time": 912, "solokills_t": 0.007675438596491228, "kills_t": 0.03289473684210526, "kp": 0.4, "deaths_t": 0.03289473684210526, "assists_t": 0.03289473684210526, "csscore_t": 0.9572368421052632, "teamgold_t": 64.4594298245614, "vision_score_t": 0.8691398868104075, "wards_placed_t": 0.06578947368421052, "gold_graph_diffs_t": 15.18311403508772}