{"id": "EUN1_3574283752", "lvl": 3900, "literal level": "MASTER 300 lp", "time": 1431, "solokills_t": 0.011879804332634521, "kills_t": 0.05380852550663871, "kp": 0.4729559748427673, "deaths_t": 0.05380852550663871, "assists_t": 0.07407407407407407, "csscore_t": 0.8204053109713487, "teamgold_t": 71.85394828791055, "vision_score_t": 0.8930010141550788, "wards_placed_t": 0.06009783368273934, "gold_graph_diffs_t": 15.908455625436758}