{"id": "EUN1_3580444883", "lvl": 3500, "literal level": "MASTER 300 lp", "time": 1722, "solokills_t": 0.0040650406504065045, "kills_t": 0.023809523809523808, "kp": 0.5722499999999999, "deaths_t": 0.023809523809523808, "assists_t": 0.04587688734030197, "csscore_t": 0.8548199767711963, "teamgold_t": 60.69163763066202, "vision_score_t": 1.1349983249763465, "wards_placed_t": 0.07665505226480836, "gold_graph_diffs_t": 12.759001161440185}