{"id": "EUN1_3574391435", "lvl": 3400, "literal level": "MASTER 200 lp", "time": 1328, "solokills_t": 0.01355421686746988, "kills_t": 0.05271084337349398, "kp": 0.42000000000000004, "deaths_t": 0.05271084337349398, "assists_t": 0.060240963855421686, "csscore_t": 0.891566265060241, "teamgold_t": 76.86521084337349, "vision_score_t": 0.8752496401098799, "wards_placed_t": 0.05798192771084337, "gold_graph_diffs_t": 15.725150602409638}