{"id": "EUN1_3575660495", "lvl": 3500, "literal level": "MASTER 300 lp", "time": 1722, "solokills_t": 0.012195121951219513, "kills_t": 0.038908246225319396, "kp": 0.46116152450090747, "deaths_t": 0.038908246225319396, "assists_t": 0.05168408826945412, "csscore_t": 0.8664343786295006, "teamgold_t": 68.51103368176538, "vision_score_t": 0.9098064743497603, "wards_placed_t": 0.062137049941927994, "gold_graph_diffs_t": 15.738675958188153}