{"id": "EUN1_3574805155", "lvl": 3800, "literal level": "MASTER 200 lp", "time": 999, "solokills_t": 0.006006006006006006, "kills_t": 0.03003003003003003, "kp": 0.525, "deaths_t": 0.03003003003003003, "assists_t": 0.044044044044044044, "csscore_t": 0.8938938938938938, "teamgold_t": 63.76176176176176, "vision_score_t": 0.64699179965526, "wards_placed_t": 0.05305305305305305, "gold_graph_diffs_t": 12.81081081081081}