{"id": "EUN1_3574303440", "lvl": 3500, "literal level": "MASTER 300 lp", "time": 1948, "solokills_t": 0.012833675564681724, "kills_t": 0.04620123203285421, "kp": 0.456547619047619, "deaths_t": 0.04620123203285421, "assists_t": 0.059034907597535935, "csscore_t": 0.8352156057494866, "teamgold_t": 73.15041067761807, "vision_score_t": 0.9949432289744944, "wards_placed_t": 0.06673511293634497, "gold_graph_diffs_t": 17.80852156057495}