{"id": "EUN1_3575844097", "lvl": 3600, "literal level": "MASTER 0 lp", "time": 1595, "solokills_t": 0.003761755485893417, "kills_t": 0.030721003134796237, "kp": 0.5744485294117647, "deaths_t": 0.030721003134796237, "assists_t": 0.06018808777429467, "csscore_t": 0.936050156739812, "teamgold_t": 66.40376175548589, "vision_score_t": 1.028869474965495, "wards_placed_t": 0.07147335423197493, "gold_graph_diffs_t": 14.243260188087774}