{"id": "EUN1_3587397877", "lvl": 3600, "literal level": "MASTER 0 lp", "time": 2185, "solokills_t": 0.006864988558352402, "kills_t": 0.05034324942791762, "kp": 0.5538894405825886, "deaths_t": 0.05034324942791762, "assists_t": 0.08924485125858124, "csscore_t": 0.8659038901601831, "teamgold_t": 76.32860411899314, "vision_score_t": 0.985678625227323, "wards_placed_t": 0.07093821510297482, "gold_graph_diffs_t": 14.034782608695652}