{"id": "EUN1_3573703290", "lvl": 3800, "literal level": "MASTER 200 lp", "time": 1564, "solokills_t": 0.0076726342710997444, "kills_t": 0.04092071611253197, "kp": 0.4525, "deaths_t": 0.04219948849104859, "assists_t": 0.05434782608695652, "csscore_t": 0.8849104859335039, "teamgold_t": 71.5153452685422, "vision_score_t": 0.9637223689557702, "wards_placed_t": 0.0741687979539642, "gold_graph_diffs_t": 15.27621483375959}