{"id": "EUN1_3572704990", "lvl": 3600, "literal level": "MASTER 0 lp", "time": 1449, "solokills_t": 0.00966183574879227, "kills_t": 0.04416839199447895, "kp": 0.4145641025641026, "deaths_t": 0.04416839199447895, "assists_t": 0.04692891649413389, "csscore_t": 0.9137336093857833, "teamgold_t": 71.40027605244997, "vision_score_t": 1.0780514642840047, "wards_placed_t": 0.0800552104899931, "gold_graph_diffs_t": 14.565217391304348}