{"id": "EUN1_3573727585", "lvl": 3500, "literal level": "MASTER 300 lp", "time": 1619, "solokills_t": 0.009882643607164917, "kills_t": 0.034589252625077206, "kp": 0.47098150782361303, "deaths_t": 0.034589252625077206, "assists_t": 0.053736874613959235, "csscore_t": 0.942557134033354, "teamgold_t": 66.47436689314391, "vision_score_t": 0.9624458740981734, "wards_placed_t": 0.06979617047560223, "gold_graph_diffs_t": 15.061148857319333}