{"id": "EUN1_3580946188", "lvl": 3800, "literal level": "MASTER 200 lp", "time": 1486, "solokills_t": 0.006056527590847914, "kills_t": 0.02759084791386272, "kp": 0.45242424242424234, "deaths_t": 0.02759084791386272, "assists_t": 0.0370121130551817, "csscore_t": 1.0343203230148048, "teamgold_t": 66.93741588156124, "vision_score_t": 1.041179053838499, "wards_placed_t": 0.0693135935397039, "gold_graph_diffs_t": 14.923956931359355}