{"id": "EUN1_3588529438", "lvl": 3800, "literal level": "MASTER 200 lp", "time": 963, "solokills_t": 0.01142263759086189, "kills_t": 0.032191069574247146, "kp": 0.36576086956521736, "deaths_t": 0.032191069574247146, "assists_t": 0.02596053997923157, "csscore_t": 0.9470404984423676, "teamgold_t": 64.45482866043614, "vision_score_t": 0.7077014566176654, "wards_placed_t": 0.11318795430944964, "gold_graph_diffs_t": 7.653167185877466}