{"id": "EUN1_3570697114", "lvl": 3300, "literal level": "MASTER 100 lp", "time": 982, "solokills_t": 0.006109979633401222, "kills_t": 0.03665987780040733, "kp": 0.4546153846153846, "deaths_t": 0.03665987780040733, "assists_t": 0.04786150712830957, "csscore_t": 0.8329938900203666, "teamgold_t": 65.10285132382892, "vision_score_t": 0.8985680510863112, "wards_placed_t": 0.059063136456211814, "gold_graph_diffs_t": 14.106924643584522}