{"id": "EUN1_3573744226", "lvl": 3700, "literal level": "MASTER 100 lp", "time": 1864, "solokills_t": 0.011802575107296138, "kills_t": 0.03487124463519313, "kp": 0.382051282051282, "deaths_t": 0.03487124463519313, "assists_t": 0.03272532188841202, "csscore_t": 0.9763948497854077, "teamgold_t": 69.40450643776823, "vision_score_t": 1.0694975374818572, "wards_placed_t": 0.07510729613733906, "gold_graph_diffs_t": 15.599785407725323}