{"id": "EUN1_3577393159", "lvl": 4000, "literal level": "MASTER 0 lp", "time": 1951, "solokills_t": 0.0046130189646335215, "kills_t": 0.04202972834443875, "kp": 0.5285629099582587, "deaths_t": 0.04254228600717581, "assists_t": 0.06868272680676576, "csscore_t": 0.8303434136340339, "teamgold_t": 72.3331624807791, "vision_score_t": 1.0417756470203292, "wards_placed_t": 0.06868272680676576, "gold_graph_diffs_t": 11.659661711942594}