{"id": "EUN1_3558836224", "lvl": 3000, "literal level": "MASTER 200 lp", "time": 1401, "solokills_t": 0.009279086366880799, "kills_t": 0.04139900071377588, "kp": 0.44335403726708067, "deaths_t": 0.04139900071377588, "assists_t": 0.04925053533190578, "csscore_t": 0.9172019985724482, "teamgold_t": 69.0521056388294, "vision_score_t": 0.978497394930625, "wards_placed_t": 0.06923625981441828, "gold_graph_diffs_t": 14.632405424696644}