{"id": "EUN1_3557286705", "lvl": 3400, "literal level": "MASTER 200 lp", "time": 1684, "solokills_t": 0.006532066508313539, "kills_t": 0.040973871733966744, "kp": 0.5060344827586207, "deaths_t": 0.040973871733966744, "assists_t": 0.06413301662707839, "csscore_t": 0.9043942992874109, "teamgold_t": 71.6793349168646, "vision_score_t": 0.9048887120177577, "wards_placed_t": 0.06353919239904988, "gold_graph_diffs_t": 11.975059382422803}