{"id": "EUN1_3576046061", "lvl": 3500, "literal level": "MASTER 300 lp", "time": 1673, "solokills_t": 0.010161386730424387, "kills_t": 0.049013747758517634, "kp": 0.4632275132275132, "deaths_t": 0.049013747758517634, "assists_t": 0.06276150627615062, "csscore_t": 0.8332337118947998, "teamgold_t": 70.95457262402869, "vision_score_t": 0.7527374351401229, "wards_placed_t": 0.05439330543933055, "gold_graph_diffs_t": 15.907352062163778}