{"id": "EUN1_3581148468", "lvl": 3400, "literal level": "MASTER 200 lp", "time": 1829, "solokills_t": 0.0065609622744669215, "kills_t": 0.04100601421541826, "kp": 0.5126453488372092, "deaths_t": 0.04100601421541826, "assists_t": 0.06560962274466922, "csscore_t": 0.8829961727720066, "teamgold_t": 71.43302351011482, "vision_score_t": 1.171642163195313, "wards_placed_t": 0.07435757244395845, "gold_graph_diffs_t": 14.630399125205031}