{"id": "EUN1_3574977922", "lvl": 3600, "literal level": "MASTER 0 lp", "time": 1498, "solokills_t": 0.004005340453938585, "kills_t": 0.025367156208277702, "kp": 0.49043478260869566, "deaths_t": 0.025367156208277702, "assists_t": 0.036048064085447265, "csscore_t": 0.9572763684913218, "teamgold_t": 66.80707610146862, "vision_score_t": 0.9956624994311021, "wards_placed_t": 0.06074766355140187, "gold_graph_diffs_t": 9.235647530040053}