{"id": "EUN1_3554880080", "lvl": 3500, "literal level": "MASTER 300 lp", "time": 1134, "solokills_t": 0.014109347442680775, "kills_t": 0.059082892416225746, "kp": 0.43999999999999995, "deaths_t": 0.059082892416225746, "assists_t": 0.06613756613756613, "csscore_t": 0.7654320987654321, "teamgold_t": 77.69400352733686, "vision_score_t": 0.6849282725584857, "wards_placed_t": 0.05291005291005291, "gold_graph_diffs_t": 14.355379188712522}