{"id": "EUN1_3589059762", "lvl": 3800, "literal level": "MASTER 200 lp", "time": 1417, "solokills_t": 0.014820042342978124, "kills_t": 0.043754410726887794, "kp": 0.4204545454545454, "deaths_t": 0.043754410726887794, "assists_t": 0.043754410726887794, "csscore_t": 0.9089625970359916, "teamgold_t": 71.64149611856034, "vision_score_t": 1.0664049416822288, "wards_placed_t": 0.08045165843330981, "gold_graph_diffs_t": 15.531404375441072}