{"id": "EUN1_3575031064", "lvl": 3600, "literal level": "MASTER 0 lp", "time": 1596, "solokills_t": 0.010025062656641603, "kills_t": 0.043233082706766915, "kp": 0.466090909090909, "deaths_t": 0.043233082706766915, "assists_t": 0.05764411027568922, "csscore_t": 0.8521303258145363, "teamgold_t": 70.49561403508773, "vision_score_t": 0.9923872948305593, "wards_placed_t": 0.07268170426065163, "gold_graph_diffs_t": 15.137218045112782}