{"id": "EUN1_3574195083", "lvl": 3700, "literal level": "MASTER 100 lp", "time": 1969, "solokills_t": 0.004062976130015236, "kills_t": 0.03555104113763331, "kp": 0.5562448304383788, "deaths_t": 0.03605891315388522, "assists_t": 0.06348400203148806, "csscore_t": 0.9238191975622143, "teamgold_t": 69.84103605891315, "vision_score_t": 1.1050376976148635, "wards_placed_t": 0.07313357034027425, "gold_graph_diffs_t": 16.572371762315896}