{"id": "EUN1_3575498787", "lvl": 3400, "literal level": "MASTER 200 lp", "time": 1212, "solokills_t": 0.010726072607260726, "kills_t": 0.02557755775577558, "kp": 0.42181818181818176, "deaths_t": 0.02557755775577558, "assists_t": 0.03052805280528053, "csscore_t": 0.9364686468646864, "teamgold_t": 62.21699669966997, "vision_score_t": 0.8584695940597061, "wards_placed_t": 0.06188118811881188, "gold_graph_diffs_t": 9.754950495049505}