{"id": "EUN1_3560517363", "lvl": 3500, "literal level": "MASTER 300 lp", "time": 1570, "solokills_t": 0.005732484076433121, "kills_t": 0.03503184713375796, "kp": 0.48790760869565214, "deaths_t": 0.035668789808917196, "assists_t": 0.050955414012738856, "csscore_t": 0.9796178343949045, "teamgold_t": 70.1108280254777, "vision_score_t": 1.1427273947050764, "wards_placed_t": 0.07452229299363057, "gold_graph_diffs_t": 13.439490445859873}