{"id": "EUN1_3573639667", "lvl": 3700, "literal level": "MASTER 100 lp", "time": 940, "solokills_t": 0.010638297872340425, "kills_t": 0.03404255319148936, "kp": 0.4206477732793522, "deaths_t": 0.03404255319148936, "assists_t": 0.03723404255319149, "csscore_t": 0.8627659574468085, "teamgold_t": 64.48191489361702, "vision_score_t": 0.8452570213770192, "wards_placed_t": 0.06170212765957447, "gold_graph_diffs_t": 9.279787234042553}