{"id": "EUN1_3580568988", "lvl": 3600, "literal level": "MASTER 0 lp", "time": 1736, "solokills_t": 0.0069124423963133645, "kills_t": 0.023617511520737326, "kp": 0.4236263736263736, "deaths_t": 0.023617511520737326, "assists_t": 0.02476958525345622, "csscore_t": 1.0529953917050692, "teamgold_t": 65.6307603686636, "vision_score_t": 1.0072112884967397, "wards_placed_t": 0.06394009216589862, "gold_graph_diffs_t": 10.63536866359447}