{"id": "EUN1_3583039611", "lvl": 3700, "literal level": "MASTER 100 lp", "time": 785, "solokills_t": 0.006369426751592357, "kills_t": 0.035668789808917196, "kp": 0.46111111111111114, "deaths_t": 0.035668789808917196, "assists_t": 0.044585987261146494, "csscore_t": 0.8726114649681529, "teamgold_t": 64.75541401273885, "vision_score_t": 0.7746340946891802, "wards_placed_t": 0.061146496815286625, "gold_graph_diffs_t": 8.819108280254778}