{"id": "EUN1_3572522128", "lvl": 3600, "literal level": "MASTER 0 lp", "time": 1477, "solokills_t": 0.004739336492890996, "kills_t": 0.025727826675693975, "kp": 0.49714285714285716, "deaths_t": 0.025727826675693975, "assists_t": 0.03926878808395396, "csscore_t": 0.916723087339201, "teamgold_t": 65.17806364251862, "vision_score_t": 0.9990515252584491, "wards_placed_t": 0.06770480704129993, "gold_graph_diffs_t": 16.668923493568045}