{"id": "EUN1_3590615589", "lvl": 3800, "literal level": "MASTER 200 lp", "time": 1495, "solokills_t": 0.009364548494983277, "kills_t": 0.046153846153846156, "kp": 0.4632727272727273, "deaths_t": 0.046153846153846156, "assists_t": 0.06020066889632107, "csscore_t": 0.8983277591973244, "teamgold_t": 76.13913043478261, "vision_score_t": 0.8763894655940151, "wards_placed_t": 0.05953177257525084, "gold_graph_diffs_t": 11.043478260869565}