{"id": "EUN1_3575930464", "lvl": 3500, "literal level": "MASTER 300 lp", "time": 1326, "solokills_t": 0.003770739064856712, "kills_t": 0.02262443438914027, "kp": 0.44230769230769235, "deaths_t": 0.02262443438914027, "assists_t": 0.03092006033182504, "csscore_t": 0.8981900452488688, "teamgold_t": 60.9683257918552, "vision_score_t": 0.7609232049736716, "wards_placed_t": 0.058069381598793365, "gold_graph_diffs_t": 11.633484162895927}