{"id": "EUN1_3576000511", "lvl": 3700, "literal level": "MASTER 100 lp", "time": 1960, "solokills_t": 0.002551020408163265, "kills_t": 0.023979591836734693, "kp": 0.55, "deaths_t": 0.023979591836734693, "assists_t": 0.042346938775510205, "csscore_t": 1.0397959183673469, "teamgold_t": 66.80663265306123, "vision_score_t": 0.9679091267281923, "wards_placed_t": 0.06836734693877551, "gold_graph_diffs_t": 12.776020408163266}