{"id": "EUN1_3563379363", "lvl": 3400, "literal level": "MASTER 200 lp", "time": 1605, "solokills_t": 0.006230529595015576, "kills_t": 0.04236760124610592, "kp": 0.4521428571428571, "deaths_t": 0.04299065420560748, "assists_t": 0.05482866043613707, "csscore_t": 0.891588785046729, "teamgold_t": 72.60311526479751, "vision_score_t": 0.813843793856603, "wards_placed_t": 0.051713395638629284, "gold_graph_diffs_t": 14.310280373831775}