{"id": "EUN1_3575933329", "lvl": 3800, "literal level": "MASTER 200 lp", "time": 2065, "solokills_t": 0.008232445520581114, "kills_t": 0.0387409200968523, "kp": 0.4425, "deaths_t": 0.03922518159806295, "assists_t": 0.04697336561743341, "csscore_t": 0.9525423728813559, "teamgold_t": 73.3501210653753, "vision_score_t": 1.4340384155398216, "wards_placed_t": 0.09636803874092009, "gold_graph_diffs_t": 14.601452784503632}