{"id": "EUN1_3586440372", "lvl": 3900, "literal level": "MASTER 300 lp", "time": 1933, "solokills_t": 0.006207966890843249, "kills_t": 0.04138644593895499, "kp": 0.48771929824561405, "deaths_t": 0.04138644593895499, "assists_t": 0.06001034661148474, "csscore_t": 0.8701500258665287, "teamgold_t": 72.21210553543715, "vision_score_t": 1.0871413409663062, "wards_placed_t": 0.08380755302638386, "gold_graph_diffs_t": 14.7366787377134}