{"id": "EUN1_3578720095", "lvl": 3300, "literal level": "MASTER 100 lp", "time": 1840, "solokills_t": 0.006521739130434782, "kills_t": 0.02717391304347826, "kp": 0.5038095238095238, "deaths_t": 0.02717391304347826, "assists_t": 0.0375, "csscore_t": 0.9934782608695653, "teamgold_t": 65.78315217391304, "vision_score_t": 1.0299202438775208, "wards_placed_t": 0.06576086956521739, "gold_graph_diffs_t": 12.60054347826087}