{"id": "EUN1_3581986343", "lvl": 3700, "literal level": "MASTER 100 lp", "time": 1401, "solokills_t": 0.0035688793718772305, "kills_t": 0.02069950035688794, "kp": 0.585, "deaths_t": 0.02069950035688794, "assists_t": 0.039257673090649536, "csscore_t": 0.9186295503211992, "teamgold_t": 63.12562455389008, "vision_score_t": 0.8569930941094703, "wards_placed_t": 0.0635260528194147, "gold_graph_diffs_t": 14.116345467523198}