{"id": "EUN1_3575491638", "lvl": 3800, "literal level": "MASTER 200 lp", "time": 1995, "solokills_t": 0.009523809523809525, "kills_t": 0.03609022556390978, "kp": 0.4585714285714285, "deaths_t": 0.03609022556390978, "assists_t": 0.04661654135338346, "csscore_t": 0.9197994987468672, "teamgold_t": 69.87568922305765, "vision_score_t": 1.2463876786834884, "wards_placed_t": 0.08270676691729323, "gold_graph_diffs_t": 15.565914786967419}