{"id": "EUN1_3587043554", "lvl": 3900, "literal level": "MASTER 300 lp", "time": 1528, "solokills_t": 0.006544502617801047, "kills_t": 0.0412303664921466, "kp": 0.5183157894736842, "deaths_t": 0.0412303664921466, "assists_t": 0.06282722513089005, "csscore_t": 0.9227748691099477, "teamgold_t": 70.71793193717278, "vision_score_t": 0.9730535065048075, "wards_placed_t": 0.07264397905759162, "gold_graph_diffs_t": 16.483638743455497}