{"id": "EUN1_3574273129", "lvl": 3600, "literal level": "MASTER 0 lp", "time": 1581, "solokills_t": 0.008222643896268185, "kills_t": 0.03542061986084757, "kp": 0.46038709677419354, "deaths_t": 0.03542061986084757, "assists_t": 0.04680581910183428, "csscore_t": 0.9032258064516129, "teamgold_t": 65.52877925363694, "vision_score_t": 1.0394211737458514, "wards_placed_t": 0.07716635041113219, "gold_graph_diffs_t": 10.511701454775459}