{"id": "EUN1_3571757125", "lvl": 3600, "literal level": "MASTER 0 lp", "time": 1302, "solokills_t": 0.0069124423963133645, "kills_t": 0.042242703533026116, "kp": 0.4954545454545455, "deaths_t": 0.042242703533026116, "assists_t": 0.06144393241167435, "csscore_t": 0.9178187403993856, "teamgold_t": 78.68663594470046, "vision_score_t": 0.8583824376935997, "wards_placed_t": 0.055299539170506916, "gold_graph_diffs_t": 15.854070660522273}