{"id": "EUN1_3569974502", "lvl": 3500, "literal level": "MASTER 300 lp", "time": 1332, "solokills_t": 0.015015015015015015, "kills_t": 0.0472972972972973, "kp": 0.41495215311004785, "deaths_t": 0.0472972972972973, "assists_t": 0.0472972972972973, "csscore_t": 0.8701201201201201, "teamgold_t": 71.57807807807808, "vision_score_t": 0.775609493235488, "wards_placed_t": 0.05930930930930931, "gold_graph_diffs_t": 14.24924924924925}