{"id": "EUN1_3579453662", "lvl": 3700, "literal level": "MASTER 100 lp", "time": 1501, "solokills_t": 0.009993337774816789, "kills_t": 0.041305796135909394, "kp": 0.4822742474916388, "deaths_t": 0.041305796135909394, "assists_t": 0.06129247168554297, "csscore_t": 0.8241172551632245, "teamgold_t": 72.06728847435043, "vision_score_t": 1.0611497541728245, "wards_placed_t": 0.07128580946035976, "gold_graph_diffs_t": 20.896069287141906}