{"id": "EUN1_3577327552", "lvl": 3900, "literal level": "MASTER 300 lp", "time": 2066, "solokills_t": 0.005324298160696999, "kills_t": 0.03872216844143272, "kp": 0.570959595959596, "deaths_t": 0.03920619554695063, "assists_t": 0.07308809293320426, "csscore_t": 0.8727008712487899, "teamgold_t": 68.89399806389157, "vision_score_t": 1.1076062875263255, "wards_placed_t": 0.06631171345595353, "gold_graph_diffs_t": 15.716844143272024}