{"id": "EUN1_3590537141", "lvl": 3800, "literal level": "MASTER 200 lp", "time": 1512, "solokills_t": 0.011904761904761904, "kills_t": 0.041005291005291, "kp": 0.43143812709030105, "deaths_t": 0.041005291005291, "assists_t": 0.04497354497354497, "csscore_t": 0.9001322751322751, "teamgold_t": 70.21494708994709, "vision_score_t": 0.951949383073841, "wards_placed_t": 0.0582010582010582, "gold_graph_diffs_t": 13.748015873015873}