{"id": "EUN1_3575456956", "lvl": 3600, "literal level": "MASTER 0 lp", "time": 1335, "solokills_t": 0.011235955056179775, "kills_t": 0.04344569288389513, "kp": 0.4276315789473684, "deaths_t": 0.04344569288389513, "assists_t": 0.04794007490636704, "csscore_t": 0.8599250936329588, "teamgold_t": 72.6374531835206, "vision_score_t": 1.1094265202665834, "wards_placed_t": 0.07715355805243446, "gold_graph_diffs_t": 17.519850187265916}