{"id": "EUN1_3588430805", "lvl": 3800, "literal level": "MASTER 200 lp", "time": 2049, "solokills_t": 0.005856515373352855, "kills_t": 0.042947779404587605, "kp": 0.5162105263157895, "deaths_t": 0.042947779404587605, "assists_t": 0.06637384089799903, "csscore_t": 0.8350414836505613, "teamgold_t": 74.25378233284529, "vision_score_t": 1.1615700939520122, "wards_placed_t": 0.07515861395802831, "gold_graph_diffs_t": 19.27086383601757}