{"id": "EUN1_3587399441", "lvl": 3600, "literal level": "MASTER 0 lp", "time": 1327, "solokills_t": 0.010550113036925395, "kills_t": 0.0452147701582517, "kp": 0.4751196172248804, "deaths_t": 0.045968349660889224, "assists_t": 0.06179351921627732, "csscore_t": 0.8583270535041447, "teamgold_t": 71.93293142426526, "vision_score_t": 0.7949673463300357, "wards_placed_t": 0.05727204220045215, "gold_graph_diffs_t": 16.160512434061793}