{"id": "EUN1_3581737246", "lvl": 3600, "literal level": "MASTER 0 lp", "time": 1706, "solokills_t": 0.0017584994138335288, "kills_t": 0.026963657678780773, "kp": 0.5906759906759907, "deaths_t": 0.026963657678780773, "assists_t": 0.053927315357561546, "csscore_t": 0.8692848769050411, "teamgold_t": 60.76318874560375, "vision_score_t": 1.1134479691116748, "wards_placed_t": 0.06565064478311841, "gold_graph_diffs_t": 11.893317702227433}