{"id": "EUN1_3573007290", "lvl": 3500, "literal level": "MASTER 300 lp", "time": 1398, "solokills_t": 0.000715307582260372, "kills_t": 0.027181688125894134, "kp": 0.5538888888888888, "deaths_t": 0.027896995708154508, "assists_t": 0.04792560801144492, "csscore_t": 0.9127324749642346, "teamgold_t": 64.71816881258941, "vision_score_t": 1.0408538319496046, "wards_placed_t": 0.07939914163090128, "gold_graph_diffs_t": 14.459227467811159}