{"id": "EUN1_3570352283", "lvl": 3300, "literal level": "MASTER 100 lp", "time": 1866, "solokills_t": 0.004287245444801715, "kills_t": 0.03054662379421222, "kp": 0.5066666666666666, "deaths_t": 0.03054662379421222, "assists_t": 0.04715969989281887, "csscore_t": 1.007502679528403, "teamgold_t": 67.86602357984995, "vision_score_t": 1.0649947777611948, "wards_placed_t": 0.07502679528403002, "gold_graph_diffs_t": 12.167202572347266}