{"id": "EUN1_3577919093", "lvl": 3900, "literal level": "MASTER 300 lp", "time": 1692, "solokills_t": 0.0065011820330969266, "kills_t": 0.03250591016548463, "kp": 0.5166666666666666, "deaths_t": 0.03250591016548463, "assists_t": 0.05319148936170213, "csscore_t": 0.8806146572104019, "teamgold_t": 66.72517730496453, "vision_score_t": 1.14365504410227, "wards_placed_t": 0.08628841607565012, "gold_graph_diffs_t": 11.58806146572104}