{"id": "EUN1_3580430621", "lvl": 3900, "literal level": "MASTER 300 lp", "time": 1098, "solokills_t": 0.00546448087431694, "kills_t": 0.026411657559198543, "kp": 0.453, "deaths_t": 0.026411657559198543, "assists_t": 0.033697632058287796, "csscore_t": 1.0309653916211294, "teamgold_t": 63.52367941712204, "vision_score_t": 0.8719244973680302, "wards_placed_t": 0.05919854280510018, "gold_graph_diffs_t": 11.91712204007286}