{"id": "EUN1_3582631383", "lvl": 3800, "literal level": "MASTER 200 lp", "time": 987, "solokills_t": 0.011144883485309016, "kills_t": 0.04356636271529889, "kp": 0.46448863636363635, "deaths_t": 0.044579533941236066, "assists_t": 0.05673758865248227, "csscore_t": 0.8044579533941236, "teamgold_t": 68.06585612968591, "vision_score_t": 0.7962547146777765, "wards_placed_t": 0.06484295845997974, "gold_graph_diffs_t": 19.96048632218845}