{"id": "EUN1_3577509760", "lvl": 3800, "literal level": "MASTER 200 lp", "time": 1889, "solokills_t": 0.010587612493382742, "kills_t": 0.04076230809952356, "kp": 0.48939808481532143, "deaths_t": 0.04076230809952356, "assists_t": 0.059290629962943354, "csscore_t": 0.8591847538380095, "teamgold_t": 71.7358390682901, "vision_score_t": 1.0296911518846845, "wards_placed_t": 0.06511381683430387, "gold_graph_diffs_t": 16.96929592376919}