{"id": "EUN1_3566590994", "lvl": 3600, "literal level": "MASTER 0 lp", "time": 2023, "solokills_t": 0.003954522985664854, "kills_t": 0.03163618388531883, "kp": 0.48571428571428565, "deaths_t": 0.03163618388531883, "assists_t": 0.045477014335145824, "csscore_t": 0.9624320316361838, "teamgold_t": 70.8902619871478, "vision_score_t": 1.0370541377194087, "wards_placed_t": 0.07859614434008898, "gold_graph_diffs_t": 15.053386060306476}