{"id": "EUN1_3578346167", "lvl": 3700, "literal level": "MASTER 100 lp", "time": 1748, "solokills_t": 0.006864988558352402, "kills_t": 0.036041189931350116, "kp": 0.4957142857142857, "deaths_t": 0.036041189931350116, "assists_t": 0.05320366132723112, "csscore_t": 0.950228832951945, "teamgold_t": 69.13157894736842, "vision_score_t": 0.8940255906410141, "wards_placed_t": 0.06292906178489703, "gold_graph_diffs_t": 11.993135011441648}