{"id": "EUN1_3574649675", "lvl": 3400, "literal level": "MASTER 200 lp", "time": 1831, "solokills_t": 0.012015292190060076, "kills_t": 0.03440742763517204, "kp": 0.4059475806451613, "deaths_t": 0.03440742763517204, "assists_t": 0.0354997269251775, "csscore_t": 0.9497542326597488, "teamgold_t": 70.12179137083561, "vision_score_t": 0.9904370584624722, "wards_placed_t": 0.07536865101037685, "gold_graph_diffs_t": 11.017476788640087}