{"id": "EUN1_3585488722", "lvl": 3700, "literal level": "MASTER 100 lp", "time": 1721, "solokills_t": 0.006972690296339338, "kills_t": 0.04067402672864614, "kp": 0.5213333333333333, "deaths_t": 0.04067402672864614, "assists_t": 0.06682161533991865, "csscore_t": 0.8762347472399767, "teamgold_t": 68.56304474142941, "vision_score_t": 0.9734160030146068, "wards_placed_t": 0.0726321905868681, "gold_graph_diffs_t": 11.768158047646716}