{"id": "EUN1_3572104330", "lvl": 3700, "literal level": "MASTER 100 lp", "time": 1823, "solokills_t": 0.004936917169500823, "kills_t": 0.04278661546900713, "kp": 0.5397142857142857, "deaths_t": 0.04278661546900713, "assists_t": 0.07076247942951179, "csscore_t": 0.8195282501371366, "teamgold_t": 70.52386176631926, "vision_score_t": 1.0733829476977526, "wards_placed_t": 0.06692265496434449, "gold_graph_diffs_t": 15.710916072408118}