{"id": "EUN1_3584362150", "lvl": 3700, "literal level": "MASTER 100 lp", "time": 1841, "solokills_t": 0.007061379684953829, "kills_t": 0.03367734926670288, "kp": 0.5207264957264958, "deaths_t": 0.03367734926670288, "assists_t": 0.052688756110809344, "csscore_t": 0.9022270505160239, "teamgold_t": 67.95111352525801, "vision_score_t": 0.9808576129715296, "wards_placed_t": 0.0706137968495383, "gold_graph_diffs_t": 13.890277023356871}