{"id": "EUN1_3575416981", "lvl": 3500, "literal level": "MASTER 300 lp", "time": 1129, "solokills_t": 0.002657218777679362, "kills_t": 0.023914968999114262, "kp": 0.47857142857142854, "deaths_t": 0.023914968999114262, "assists_t": 0.03454384410983171, "csscore_t": 0.9087688219663419, "teamgold_t": 57.91496899911426, "vision_score_t": 0.9819148935134516, "wards_placed_t": 0.07174490699734277, "gold_graph_diffs_t": 7.766164747564216}