{"id": "EUN1_3576486088", "lvl": 3600, "literal level": "MASTER 0 lp", "time": 2262, "solokills_t": 0.007073386383731211, "kills_t": 0.033156498673740056, "kp": 0.5118035190615835, "deaths_t": 0.03359858532272325, "assists_t": 0.05305039787798409, "csscore_t": 0.8346595932802829, "teamgold_t": 66.421308576481, "vision_score_t": 1.227850440514954, "wards_placed_t": 0.07692307692307693, "gold_graph_diffs_t": 15.339080459770114}