{"id": "EUN1_3588341393", "lvl": 3700, "literal level": "MASTER 100 lp", "time": 1205, "solokills_t": 0.012448132780082987, "kills_t": 0.03983402489626556, "kp": 0.44840294840294836, "deaths_t": 0.03983402489626556, "assists_t": 0.03900414937759336, "csscore_t": 0.8780082987551867, "teamgold_t": 69.650622406639, "vision_score_t": 0.6651211904757383, "wards_placed_t": 0.04979253112033195, "gold_graph_diffs_t": 13.526141078838174}