{"id": "EUN1_3590825531", "lvl": 3400, "literal level": "MASTER 200 lp", "time": 2050, "solokills_t": 0.008292682926829269, "kills_t": 0.041463414634146344, "kp": 0.4602130325814537, "deaths_t": 0.041463414634146344, "assists_t": 0.05365853658536585, "csscore_t": 0.86, "teamgold_t": 71.2180487804878, "vision_score_t": 1.0509361239170418, "wards_placed_t": 0.07170731707317073, "gold_graph_diffs_t": 11.858048780487804}