{"id": "EUN1_3582687628", "lvl": 3800, "literal level": "MASTER 200 lp", "time": 1615, "solokills_t": 0.009287925696594427, "kills_t": 0.04272445820433437, "kp": 0.4513539651837524, "deaths_t": 0.04272445820433437, "assists_t": 0.05696594427244582, "csscore_t": 0.9752321981424149, "teamgold_t": 74.82600619195047, "vision_score_t": 0.9455146916337327, "wards_placed_t": 0.06873065015479876, "gold_graph_diffs_t": 15.046439628482972}