{"id": "EUN1_3579326283", "lvl": 3700, "literal level": "MASTER 100 lp", "time": 1561, "solokills_t": 0.005765534913516977, "kills_t": 0.03267136450992953, "kp": 0.5552631578947368, "deaths_t": 0.033311979500320305, "assists_t": 0.05445227418321589, "csscore_t": 0.9147982062780269, "teamgold_t": 66.6739269698911, "vision_score_t": 0.8921289887458895, "wards_placed_t": 0.06598334401024984, "gold_graph_diffs_t": 13.433696348494555}