{"id": "EUN1_3578225942", "lvl": 3600, "literal level": "MASTER 0 lp", "time": 1795, "solokills_t": 0.0038997214484679664, "kills_t": 0.04178272980501393, "kp": 0.5477777777777777, "deaths_t": 0.04178272980501393, "assists_t": 0.07242339832869081, "csscore_t": 0.7944289693593315, "teamgold_t": 69.95320334261838, "vision_score_t": 1.2733598457163664, "wards_placed_t": 0.083008356545961, "gold_graph_diffs_t": 16.248467966573816}