{"id": "EUN1_3577445471", "lvl": 3900, "literal level": "MASTER 300 lp", "time": 2141, "solokills_t": 0.003269500233535731, "kills_t": 0.02382064455861747, "kp": 0.6107692307692308, "deaths_t": 0.02382064455861747, "assists_t": 0.04904250350303596, "csscore_t": 0.8547407753386268, "teamgold_t": 61.2274638019617, "vision_score_t": 1.151654085731293, "wards_placed_t": 0.07052779075198505, "gold_graph_diffs_t": 13.43577767398412}