{"id": "EUN1_3562380357", "lvl": 3400, "literal level": "MASTER 200 lp", "time": 1289, "solokills_t": 0.005430566330488751, "kills_t": 0.027928626842513578, "kp": 0.5206896551724138, "deaths_t": 0.028704422032583398, "assists_t": 0.03801396431342126, "csscore_t": 1.0318076027928627, "teamgold_t": 64.34755624515128, "vision_score_t": 1.0479838179027792, "wards_placed_t": 0.07990690457719161, "gold_graph_diffs_t": 11.730023273855702}