{"id": "EUN1_3577441467", "lvl": 3600, "literal level": "MASTER 0 lp", "time": 1589, "solokills_t": 0.006922592825676526, "kills_t": 0.039647577092511016, "kp": 0.5021428571428571, "deaths_t": 0.039647577092511016, "assists_t": 0.06104468219005664, "csscore_t": 0.9257394587791064, "teamgold_t": 70.33039647577093, "vision_score_t": 1.172317870966571, "wards_placed_t": 0.0736312146003776, "gold_graph_diffs_t": 14.699181875393329}