{"id": "EUN1_3582855941", "lvl": 4000, "literal level": "MASTER 0 lp", "time": 1539, "solokills_t": 0.002599090318388564, "kills_t": 0.03183885640025991, "kp": 0.48616666666666664, "deaths_t": 0.03183885640025991, "assists_t": 0.04548408057179987, "csscore_t": 0.8817413905133203, "teamgold_t": 65.67771280051981, "vision_score_t": 1.0583283824967107, "wards_placed_t": 0.06692657569850552, "gold_graph_diffs_t": 10.766731643924626}