{"id": "EUN1_3576636460", "lvl": 3600, "literal level": "MASTER 0 lp", "time": 1176, "solokills_t": 0.006802721088435374, "kills_t": 0.034013605442176874, "kp": 0.4163009404388715, "deaths_t": 0.03486394557823129, "assists_t": 0.04081632653061224, "csscore_t": 0.951530612244898, "teamgold_t": 65.60884353741497, "vision_score_t": 0.9338150684032961, "wards_placed_t": 0.06462585034013606, "gold_graph_diffs_t": 9.170068027210885}