{"id": "EUN1_3569744784", "lvl": 3300, "literal level": "MASTER 100 lp", "time": 1817, "solokills_t": 0.007154650522839846, "kills_t": 0.023665382498624106, "kp": 0.4905128205128205, "deaths_t": 0.024215740231150248, "assists_t": 0.033571821684094665, "csscore_t": 0.9840396257567419, "teamgold_t": 63.18051733626857, "vision_score_t": 1.1701106047242693, "wards_placed_t": 0.08090258668134287, "gold_graph_diffs_t": 11.62190423775454}