{"id": "EUN1_3553789723", "lvl": 3000, "literal level": "MASTER 200 lp", "time": 1644, "solokills_t": 0.0072992700729927005, "kills_t": 0.037712895377128956, "kp": 0.5004273504273504, "deaths_t": 0.037712895377128956, "assists_t": 0.05900243309002433, "csscore_t": 0.878345498783455, "teamgold_t": 66.8448905109489, "vision_score_t": 1.1595792889044587, "wards_placed_t": 0.0851581508515815, "gold_graph_diffs_t": 14.112530413625304}