{"id": "EUN1_3569574122", "lvl": 3400, "literal level": "MASTER 200 lp", "time": 2362, "solokills_t": 0.00550381033022862, "kills_t": 0.03683319220999153, "kp": 0.49549310710498407, "deaths_t": 0.03725656223539373, "assists_t": 0.05419136325148179, "csscore_t": 0.8484335309060118, "teamgold_t": 70.35774767146486, "vision_score_t": 0.953596756859775, "wards_placed_t": 0.06181202370872142, "gold_graph_diffs_t": 17.895427603725658}