{"id": "EUN1_3587129656", "lvl": 3900, "literal level": "MASTER 300 lp", "time": 1538, "solokills_t": 0.007802340702210663, "kills_t": 0.0305591677503251, "kp": 0.4860887096774194, "deaths_t": 0.0305591677503251, "assists_t": 0.044863459037711315, "csscore_t": 0.9278283485045513, "teamgold_t": 67.02275682704811, "vision_score_t": 1.278961262738764, "wards_placed_t": 0.08387516254876463, "gold_graph_diffs_t": 16.033159947984394}