{"id": "EUN1_3586439065", "lvl": 3700, "literal level": "MASTER 100 lp", "time": 2429, "solokills_t": 0.006175380815150268, "kills_t": 0.033347056401811445, "kp": 0.4933687002652519, "deaths_t": 0.0337587484561548, "assists_t": 0.05104981473857555, "csscore_t": 0.92383696994648, "teamgold_t": 69.4549197200494, "vision_score_t": 1.0395042974395932, "wards_placed_t": 0.07039934129271305, "gold_graph_diffs_t": 17.30341704405105}