{"id": "EUN1_3571280137", "lvl": 3300, "literal level": "MASTER 100 lp", "time": 1204, "solokills_t": 0.01079734219269103, "kills_t": 0.0473421926910299, "kp": 0.44529411764705873, "deaths_t": 0.0473421926910299, "assists_t": 0.05564784053156146, "csscore_t": 0.9343853820598007, "teamgold_t": 73.5016611295681, "vision_score_t": 0.6775405931749351, "wards_placed_t": 0.04318936877076412, "gold_graph_diffs_t": 18.460132890365447}