{"id": "EUN1_3578542830", "lvl": 4000, "literal level": "MASTER 0 lp", "time": 1539, "solokills_t": 0.008447043534762833, "kills_t": 0.03898635477582846, "kp": 0.4504524886877828, "deaths_t": 0.03898635477582846, "assists_t": 0.04873294346978557, "csscore_t": 0.8576998050682261, "teamgold_t": 67.98375568551008, "vision_score_t": 0.932934751669914, "wards_placed_t": 0.06757634827810266, "gold_graph_diffs_t": 16.482781026640676}