{"id": "EUN1_3584701869", "lvl": 3700, "literal level": "MASTER 100 lp", "time": 970, "solokills_t": 0.002061855670103093, "kills_t": 0.020618556701030927, "kp": 0.5078431372549019, "deaths_t": 0.020618556701030927, "assists_t": 0.029896907216494847, "csscore_t": 1.1123711340206186, "teamgold_t": 61.68556701030928, "vision_score_t": 0.9410155533934695, "wards_placed_t": 0.058762886597938144, "gold_graph_diffs_t": 8.856701030927836}