{"id": "EUN1_3576823708", "lvl": 3700, "literal level": "MASTER 100 lp", "time": 1376, "solokills_t": 0.00944767441860465, "kills_t": 0.03488372093023256, "kp": 0.3998185117967332, "deaths_t": 0.03488372093023256, "assists_t": 0.03561046511627907, "csscore_t": 1.023982558139535, "teamgold_t": 70.40988372093024, "vision_score_t": 1.0649433267392232, "wards_placed_t": 0.07485465116279069, "gold_graph_diffs_t": 14.082848837209303}