{"id": "EUN1_3569986019", "lvl": 3200, "literal level": "MASTER 0 lp", "time": 1244, "solokills_t": 0.00482315112540193, "kills_t": 0.024115755627009645, "kp": 0.47777777777777775, "deaths_t": 0.024115755627009645, "assists_t": 0.03295819935691318, "csscore_t": 0.9405144694533762, "teamgold_t": 63.17363344051447, "vision_score_t": 0.8593012140615046, "wards_placed_t": 0.06511254019292605, "gold_graph_diffs_t": 12.292604501607718}