{"id": "EUN1_3587695388", "lvl": 3800, "literal level": "MASTER 200 lp", "time": 1740, "solokills_t": 0.004597701149425287, "kills_t": 0.032758620689655175, "kp": 0.5037662337662338, "deaths_t": 0.032758620689655175, "assists_t": 0.05057471264367816, "csscore_t": 0.9614942528735633, "teamgold_t": 70.25862068965517, "vision_score_t": 1.3341737357307424, "wards_placed_t": 0.07471264367816093, "gold_graph_diffs_t": 13.042528735632184}