{"id": "EUN1_3585546047", "lvl": 3700, "literal level": "MASTER 100 lp", "time": 1174, "solokills_t": 0.007666098807495741, "kills_t": 0.03492333901192504, "kp": 0.43379120879120875, "deaths_t": 0.03492333901192504, "assists_t": 0.04003407155025554, "csscore_t": 0.9412265758091993, "teamgold_t": 67.44718909710392, "vision_score_t": 0.8545854008585344, "wards_placed_t": 0.07325383304940375, "gold_graph_diffs_t": 14.31771720613288}