{"id": "EUN1_3588856055", "lvl": 3900, "literal level": "MASTER 300 lp", "time": 1535, "solokills_t": 0.004560260586319218, "kills_t": 0.04560260586319218, "kp": 0.5877584780810587, "deaths_t": 0.04560260586319218, "assists_t": 0.08859934853420195, "csscore_t": 0.8618892508143322, "teamgold_t": 75.19348534201954, "vision_score_t": 1.004667852191968, "wards_placed_t": 0.06579804560260587, "gold_graph_diffs_t": 16.76742671009772}