{"id": "EUN1_3582812444", "lvl": 3700, "literal level": "MASTER 100 lp", "time": 2017, "solokills_t": 0.006445215666831929, "kills_t": 0.047595438770451165, "kp": 0.5183566433566434, "deaths_t": 0.047595438770451165, "assists_t": 0.07486365889935548, "csscore_t": 0.8790282597917699, "teamgold_t": 75.56172533465543, "vision_score_t": 0.960038598304884, "wards_placed_t": 0.06346058502726822, "gold_graph_diffs_t": 12.514625681705503}