{"id": "EUN1_3569049601", "lvl": 3400, "literal level": "MASTER 200 lp", "time": 1577, "solokills_t": 0.0050729232720355105, "kills_t": 0.04121750158528852, "kp": 0.4926136363636363, "deaths_t": 0.04121750158528852, "assists_t": 0.060240963855421686, "csscore_t": 0.8731769181991123, "teamgold_t": 72.78947368421052, "vision_score_t": 0.9385754800881683, "wards_placed_t": 0.05326569435637286, "gold_graph_diffs_t": 15.596068484464173}