{"id": "EUN1_3588405316", "lvl": 3600, "literal level": "MASTER 0 lp", "time": 1643, "solokills_t": 0.011564211807668898, "kills_t": 0.03834449178332319, "kp": 0.42857142857142855, "deaths_t": 0.03834449178332319, "assists_t": 0.041387705416920266, "csscore_t": 0.9738283627510651, "teamgold_t": 70.14850882531954, "vision_score_t": 0.884087118879622, "wards_placed_t": 0.057212416311625075, "gold_graph_diffs_t": 14.63542300669507}