{"id": "EUN1_3574318717", "lvl": 3500, "literal level": "MASTER 300 lp", "time": 1962, "solokills_t": 0.0056065239551478085, "kills_t": 0.04128440366972477, "kp": 0.5604268292682926, "deaths_t": 0.0417940876656473, "assists_t": 0.0744138634046891, "csscore_t": 0.7380224260958206, "teamgold_t": 68.32976554536188, "vision_score_t": 0.9926150272860494, "wards_placed_t": 0.06931702344546381, "gold_graph_diffs_t": 15.100407747196739}