{"id": "EUN1_3584116614", "lvl": 3700, "literal level": "MASTER 100 lp", "time": 1185, "solokills_t": 0.006751054852320675, "kills_t": 0.03459915611814346, "kp": 0.4658974358974358, "deaths_t": 0.03459915611814346, "assists_t": 0.04472573839662447, "csscore_t": 1.0286919831223629, "teamgold_t": 69.48016877637131, "vision_score_t": 0.8893140827673017, "wards_placed_t": 0.06497890295358649, "gold_graph_diffs_t": 11.162869198312237}