{"id": "EUN1_3573713392", "lvl": 3600, "literal level": "MASTER 0 lp", "time": 1862, "solokills_t": 0.00644468313641246, "kills_t": 0.038131041890440386, "kp": 0.4622331691297209, "deaths_t": 0.038131041890440386, "assists_t": 0.050483351235230935, "csscore_t": 0.8340494092373791, "teamgold_t": 68.2266380236305, "vision_score_t": 1.0863589362870272, "wards_placed_t": 0.07411385606874328, "gold_graph_diffs_t": 12.77873254564984}