{"id": "EUN1_3582712012", "lvl": 3600, "literal level": "MASTER 0 lp", "time": 1529, "solokills_t": 0.005886200130804447, "kills_t": 0.03466317854807063, "kp": 0.4916666666666666, "deaths_t": 0.03466317854807063, "assists_t": 0.04905166775670373, "csscore_t": 0.9555264879005886, "teamgold_t": 66.97776324395029, "vision_score_t": 0.9904576592270276, "wards_placed_t": 0.06801831262262917, "gold_graph_diffs_t": 13.72334859385219}