{"id": "EUN1_3586502533", "lvl": 3800, "literal level": "MASTER 200 lp", "time": 1315, "solokills_t": 0.006844106463878327, "kills_t": 0.033460076045627375, "kp": 0.47647058823529403, "deaths_t": 0.033460076045627375, "assists_t": 0.04410646387832699, "csscore_t": 0.9787072243346008, "teamgold_t": 69.75893536121673, "vision_score_t": 0.8210023078425049, "wards_placed_t": 0.060836501901140684, "gold_graph_diffs_t": 16.092015209125474}