{"id": "EUN1_3580295647", "lvl": 3700, "literal level": "MASTER 100 lp", "time": 1813, "solokills_t": 0.00827357970215113, "kills_t": 0.03640375068946498, "kp": 0.5394444444444444, "deaths_t": 0.03640375068946498, "assists_t": 0.061224489795918366, "csscore_t": 0.8753447324875896, "teamgold_t": 66.40430226144512, "vision_score_t": 1.1287128196602376, "wards_placed_t": 0.07060121345835632, "gold_graph_diffs_t": 11.786541643684501}