{"id": "EUN1_3576975323", "lvl": 3700, "literal level": "MASTER 100 lp", "time": 1388, "solokills_t": 0.009365994236311239, "kills_t": 0.037463976945244955, "kp": 0.4575163398692811, "deaths_t": 0.037463976945244955, "assists_t": 0.04899135446685879, "csscore_t": 0.8213256484149856, "teamgold_t": 66.31700288184437, "vision_score_t": 0.8411340634622627, "wards_placed_t": 0.05979827089337176, "gold_graph_diffs_t": 13.953890489913544}