{"id": "EUN1_3577428650", "lvl": 3700, "literal level": "MASTER 100 lp", "time": 1483, "solokills_t": 0.0033715441672285905, "kills_t": 0.03438975050573163, "kp": 0.5230645161290323, "deaths_t": 0.03438975050573163, "assists_t": 0.05529332434254889, "csscore_t": 0.9642616318273769, "teamgold_t": 69.57046527309508, "vision_score_t": 0.9506089591540295, "wards_placed_t": 0.07687120701281187, "gold_graph_diffs_t": 11.9291975724882}