{"id": "EUN1_3569999012", "lvl": 3300, "literal level": "MASTER 100 lp", "time": 1313, "solokills_t": 0.00456968773800457, "kills_t": 0.022086824067022087, "kp": 0.48916666666666664, "deaths_t": 0.022086824067022087, "assists_t": 0.0297029702970297, "csscore_t": 0.9748667174409749, "teamgold_t": 63.774562071591774, "vision_score_t": 0.9831905859987614, "wards_placed_t": 0.07692307692307693, "gold_graph_diffs_t": 11.343488194973343}