{"id": "EUN1_3572457045", "lvl": 200, "literal level": "IRON II", "time": 1425, "solokills_t": 0.01263157894736842, "kills_t": 0.036491228070175435, "kp": 0.4388632872503839, "deaths_t": 0.036491228070175435, "assists_t": 0.0456140350877193, "csscore_t": 0.6807017543859649, "teamgold_t": 59.34947368421053, "vision_score_t": 0.6521357855325293, "wards_placed_t": 0.051228070175438595, "gold_graph_diffs_t": 9.748070175438597}