{"id": "EUN1_3567412250", "lvl": 200, "literal level": "IRON II", "time": 2037, "solokills_t": 0.01521845851742759, "kills_t": 0.041728031418753066, "kp": 0.36941251596424013, "deaths_t": 0.041728031418753066, "assists_t": 0.035837015218458515, "csscore_t": 0.6661757486499754, "teamgold_t": 61.049582719685816, "vision_score_t": 0.6497329464216075, "wards_placed_t": 0.046637211585665195, "gold_graph_diffs_t": 11.140893470790378}