{"id": "EUN1_3580431508", "lvl": 500, "literal level": "BRONZE III", "time": 2316, "solokills_t": 0.006476683937823834, "kills_t": 0.04620034542314335, "kp": 0.5239068100358422, "deaths_t": 0.04620034542314335, "assists_t": 0.07512953367875648, "csscore_t": 0.6796200345423143, "teamgold_t": 68.23359240069085, "vision_score_t": 0.7024554806143526, "wards_placed_t": 0.057426597582038, "gold_graph_diffs_t": 16.208549222797927}