{"id": "EUN1_3580326581", "lvl": 300, "literal level": "IRON I", "time": 2442, "solokills_t": 0.006142506142506142, "kills_t": 0.04054054054054054, "kp": 0.5438474159146842, "deaths_t": 0.04054054054054054, "assists_t": 0.06920556920556921, "csscore_t": 0.4369369369369369, "teamgold_t": 57.554054054054056, "vision_score_t": 0.7245026376899232, "wards_placed_t": 0.05896805896805897, "gold_graph_diffs_t": 12.607289107289107}