{"id": "EUN1_3542643702", "lvl": 400, "literal level": "BRONZE IV", "time": 2046, "solokills_t": 0.009286412512218964, "kills_t": 0.03763440860215054, "kp": 0.45941091954022995, "deaths_t": 0.03763440860215054, "assists_t": 0.04740957966764418, "csscore_t": 0.6666666666666666, "teamgold_t": 63.32697947214076, "vision_score_t": 0.7673478888519996, "wards_placed_t": 0.056695992179863146, "gold_graph_diffs_t": 14.497067448680351}