{"id": "EUN1_3560235616", "lvl": 500, "literal level": "BRONZE III", "time": 1926, "solokills_t": 0.006749740394600207, "kills_t": 0.036344755970924195, "kp": 0.44020185029436504, "deaths_t": 0.03686396677050883, "assists_t": 0.04361370716510903, "csscore_t": 0.7024922118380063, "teamgold_t": 64.70664589823468, "vision_score_t": 0.7438343621612337, "wards_placed_t": 0.05088265835929388, "gold_graph_diffs_t": 10.614226375908618}