{"id": "EUN1_3577758509", "lvl": 200, "literal level": "IRON II", "time": 2782, "solokills_t": 0.010783608914450037, "kills_t": 0.041696621135873475, "kp": 0.4204081632653061, "deaths_t": 0.041696621135873475, "assists_t": 0.04529115744069015, "csscore_t": 0.7343637670740475, "teamgold_t": 67.48634076204169, "vision_score_t": 0.6969455506751008, "wards_placed_t": 0.056074766355140186, "gold_graph_diffs_t": 13.037742631200576}