{"id": "EUN1_3553652814", "lvl": 400, "literal level": "BRONZE IV", "time": 1742, "solokills_t": 0.008610792192881744, "kills_t": 0.03788748564867968, "kp": 0.4659774436090226, "deaths_t": 0.03788748564867968, "assists_t": 0.05166475315729047, "csscore_t": 0.7468427095292767, "teamgold_t": 65.45579793340987, "vision_score_t": 0.6535179391860069, "wards_placed_t": 0.0574052812858783, "gold_graph_diffs_t": 13.130884041331802}