{"id": "EUN1_3566938742", "lvl": 200, "literal level": "IRON II", "time": 912, "solokills_t": 0.01206140350877193, "kills_t": 0.02412280701754386, "kp": 0.3017543859649123, "deaths_t": 0.02412280701754386, "assists_t": 0.015350877192982455, "csscore_t": 0.6820175438596491, "teamgold_t": 52.7171052631579, "vision_score_t": 0.3960926079184528, "wards_placed_t": 0.03289473684210526, "gold_graph_diffs_t": 12.93859649122807}