{"id": "EUN1_3573056957", "lvl": 800, "literal level": "SILVER IV", "time": 1935, "solokills_t": 0.012919896640826873, "kills_t": 0.044444444444444446, "kp": 0.4331165311653117, "deaths_t": 0.044444444444444446, "assists_t": 0.05219638242894057, "csscore_t": 0.7204134366925065, "teamgold_t": 68.12248062015505, "vision_score_t": 0.7248462026137237, "wards_placed_t": 0.05529715762273902, "gold_graph_diffs_t": 14.9328165374677}