{"id": "EUN1_3569660368", "lvl": 200, "literal level": "IRON II", "time": 2068, "solokills_t": 0.006286266924564797, "kills_t": 0.022727272727272728, "kp": 0.41597744360902256, "deaths_t": 0.022727272727272728, "assists_t": 0.024661508704061894, "csscore_t": 0.7799806576402321, "teamgold_t": 59.060928433268856, "vision_score_t": 0.632285858301254, "wards_placed_t": 0.05367504835589942, "gold_graph_diffs_t": 12.67311411992263}