{"id": "EUN1_3408111280", "lvl": 700, "literal level": "BRONZE I", "time": 1822, "solokills_t": 0.00823271130625686, "kills_t": 0.027991218441273325, "kp": 0.4303030303030303, "deaths_t": 0.027991218441273325, "assists_t": 0.030735455543358946, "csscore_t": 0.6877058177826564, "teamgold_t": 57.65806805708013, "vision_score_t": 0.730484149339498, "wards_placed_t": 0.06037321624588365, "gold_graph_diffs_t": 11.327661909989024}