{"id": "EUN1_3552393869", "lvl": 300, "literal level": "IRON I", "time": 1658, "solokills_t": 0.012062726176115802, "kills_t": 0.04523522316043426, "kp": 0.458, "deaths_t": 0.04523522316043426, "assists_t": 0.06031363088057901, "csscore_t": 0.6284680337756333, "teamgold_t": 66.56332931242461, "vision_score_t": 0.6939242407696832, "wards_placed_t": 0.0609167671893848, "gold_graph_diffs_t": 18.920386007237635}