{"id": "EUN1_3574545307", "lvl": 400, "literal level": "BRONZE IV", "time": 2789, "solokills_t": 0.007888131946934385, "kills_t": 0.04589458587307279, "kp": 0.475, "deaths_t": 0.04589458587307279, "assists_t": 0.06310505557547508, "csscore_t": 0.588024381498745, "teamgold_t": 65.31767658659018, "vision_score_t": 0.6212349095759578, "wards_placed_t": 0.048762997490139834, "gold_graph_diffs_t": 15.940121907493726}