{"id": "EUN1_3555883473", "lvl": 700, "literal level": "BRONZE I", "time": 1931, "solokills_t": 0.010875194199896427, "kills_t": 0.03780424650440187, "kp": 0.3836553945249598, "deaths_t": 0.03780424650440187, "assists_t": 0.035732780942516834, "csscore_t": 0.8606939409632315, "teamgold_t": 67.4432936302434, "vision_score_t": 0.8243802389591639, "wards_placed_t": 0.06059036768513724, "gold_graph_diffs_t": 13.451579492490938}