{"id": "EUN1_3471526645", "lvl": 500, "literal level": "BRONZE III", "time": 2336, "solokills_t": 0.008561643835616438, "kills_t": 0.02910958904109589, "kp": 0.46140350877192987, "deaths_t": 0.029537671232876712, "assists_t": 0.038527397260273974, "csscore_t": 0.733304794520548, "teamgold_t": 59.480736301369866, "vision_score_t": 0.6907997928231244, "wards_placed_t": 0.0586472602739726, "gold_graph_diffs_t": 11.63998287671233}