{"id": "EUN1_3549364560", "lvl": 300, "literal level": "IRON I", "time": 1691, "solokills_t": 0.00768775872264932, "kills_t": 0.03252513305736251, "kp": 0.45, "deaths_t": 0.03252513305736251, "assists_t": 0.04139562389118864, "csscore_t": 0.6842105263157895, "teamgold_t": 58.59550561797753, "vision_score_t": 0.6519488960076246, "wards_placed_t": 0.05263157894736842, "gold_graph_diffs_t": 12.567120047309285}