{"id": "EUN1_3566751051", "lvl": 400, "literal level": "BRONZE IV", "time": 1216, "solokills_t": 0.015625, "kills_t": 0.04523026315789474, "kp": 0.37631578947368427, "deaths_t": 0.04523026315789474, "assists_t": 0.03782894736842105, "csscore_t": 0.6759868421052632, "teamgold_t": 65.68914473684211, "vision_score_t": 0.7124456559996704, "wards_placed_t": 0.05921052631578947, "gold_graph_diffs_t": 14.514802631578947}