{"id": "EUN1_3577192538", "lvl": 200, "literal level": "IRON II", "time": 2566, "solokills_t": 0.008963367108339828, "kills_t": 0.03351519875292284, "kp": 0.4674418604651163, "deaths_t": 0.03351519875292284, "assists_t": 0.04481683554169914, "csscore_t": 0.5775526110678099, "teamgold_t": 56.386204208885424, "vision_score_t": 0.601150669917798, "wards_placed_t": 0.04676539360872954, "gold_graph_diffs_t": 10.255261106780981}