{"id": "EUN1_3561415986", "lvl": 700, "literal level": "BRONZE I", "time": 1227, "solokills_t": 0.009779951100244499, "kills_t": 0.029339853300733496, "kp": 0.422167487684729, "deaths_t": 0.029339853300733496, "assists_t": 0.02689486552567237, "csscore_t": 0.7114914425427873, "teamgold_t": 60.66422167889161, "vision_score_t": 0.5464929105762606, "wards_placed_t": 0.04482477587612062, "gold_graph_diffs_t": 15.645476772616137}