{"id": "EUN1_3581101943", "lvl": 200, "literal level": "IRON II", "time": 2313, "solokills_t": 0.019022913964548204, "kills_t": 0.05058365758754864, "kp": 0.3886018237082067, "deaths_t": 0.05101599654128837, "assists_t": 0.04755728491137051, "csscore_t": 0.5957630782533506, "teamgold_t": 66.94941634241245, "vision_score_t": 0.6677727381804501, "wards_placed_t": 0.05101599654128837, "gold_graph_diffs_t": 15.66018158236057}