{"id": "EUN1_3538705877", "lvl": 200, "literal level": "IRON II", "time": 1957, "solokills_t": 0.015840572304547777, "kills_t": 0.04445579969340828, "kp": 0.35334040296924707, "deaths_t": 0.04445579969340828, "assists_t": 0.0342360756259581, "csscore_t": 0.6392437404190087, "teamgold_t": 65.58456821665816, "vision_score_t": 0.6310526448395667, "wards_placed_t": 0.049565661727133364, "gold_graph_diffs_t": 12.927439959121104}