{"id": "EUN1_3553701287", "lvl": 300, "literal level": "IRON I", "time": 1292, "solokills_t": 0.008513931888544891, "kills_t": 0.039473684210526314, "kp": 0.49022727272727273, "deaths_t": 0.04024767801857585, "assists_t": 0.05108359133126935, "csscore_t": 0.6439628482972136, "teamgold_t": 62.8250773993808, "vision_score_t": 0.5184172111112121, "wards_placed_t": 0.04256965944272446, "gold_graph_diffs_t": 16.594427244582043}