{"id": "EUN1_3559414131", "lvl": 300, "literal level": "IRON I", "time": 1757, "solokills_t": 0.00796812749003984, "kills_t": 0.03016505406943654, "kp": 0.4412162162162162, "deaths_t": 0.03016505406943654, "assists_t": 0.035856573705179286, "csscore_t": 0.6903813318155948, "teamgold_t": 57.44166192373363, "vision_score_t": 0.6670057299075559, "wards_placed_t": 0.05520774046670461, "gold_graph_diffs_t": 12.685828116107}