{"id": "EUN1_3574968331", "lvl": 500, "literal level": "BRONZE III", "time": 1909, "solokills_t": 0.008381351492928235, "kills_t": 0.03404924044002095, "kp": 0.4275568181818182, "deaths_t": 0.03404924044002095, "assists_t": 0.03876375065479309, "csscore_t": 0.7014143530644317, "teamgold_t": 61.233630172865375, "vision_score_t": 0.7782874897776364, "wards_placed_t": 0.060240963855421686, "gold_graph_diffs_t": 12.286537454164485}