{"id": "EUN1_3559286568", "lvl": 400, "literal level": "BRONZE IV", "time": 1578, "solokills_t": 0.0063371356147021544, "kills_t": 0.03612167300380228, "kp": 0.4519047619047619, "deaths_t": 0.03612167300380228, "assists_t": 0.048795944233206594, "csscore_t": 0.7230671736375158, "teamgold_t": 61.58238276299113, "vision_score_t": 0.8309367001728176, "wards_placed_t": 0.06400506970849176, "gold_graph_diffs_t": 12.919518377693283}