{"id": "EUN1_3538266199", "lvl": 300, "literal level": "IRON I", "time": 2237, "solokills_t": 0.016540008940545373, "kills_t": 0.048725972284309346, "kp": 0.3998315363881402, "deaths_t": 0.048725972284309346, "assists_t": 0.048278945015645953, "csscore_t": 0.589181940098346, "teamgold_t": 64.9280286097452, "vision_score_t": 0.5647192055584302, "wards_placed_t": 0.05096110862762628, "gold_graph_diffs_t": 11.92489941886455}