{"id": "EUN1_3558324758", "lvl": 400, "literal level": "BRONZE IV", "time": 2748, "solokills_t": 0.013828238719068414, "kills_t": 0.049490538573508006, "kp": 0.4151041666666667, "deaths_t": 0.04985443959243086, "assists_t": 0.05276564774381368, "csscore_t": 0.6601164483260553, "teamgold_t": 67.27147016011645, "vision_score_t": 0.7472425470977208, "wards_placed_t": 0.05931586608442504, "gold_graph_diffs_t": 12.88136826783115}