{"id": "EUN1_3581615449", "lvl": 200, "literal level": "IRON II", "time": 940, "solokills_t": 0.00851063829787234, "kills_t": 0.027659574468085105, "kp": 0.35, "deaths_t": 0.027659574468085105, "assists_t": 0.02446808510638298, "csscore_t": 0.6957446808510638, "teamgold_t": 56.70957446808511, "vision_score_t": 0.5388011625879747, "wards_placed_t": 0.04468085106382979, "gold_graph_diffs_t": 15.264893617021277}