{"id": "EUN1_3549957374", "lvl": 600, "literal level": "BRONZE II", "time": 2193, "solokills_t": 0.017327861377108983, "kills_t": 0.044231646146830825, "kp": 0.3870212765957447, "deaths_t": 0.04468764249886001, "assists_t": 0.04103967168262654, "csscore_t": 0.7309621523027816, "teamgold_t": 66.84040127678979, "vision_score_t": 0.8514434258684407, "wards_placed_t": 0.0674874601003192, "gold_graph_diffs_t": 14.381668946648427}