{"id": "EUN1_3542058316", "lvl": 500, "literal level": "BRONZE III", "time": 2896, "solokills_t": 0.013812154696132596, "kills_t": 0.03970994475138122, "kp": 0.3838405356055995, "deaths_t": 0.03970994475138122, "assists_t": 0.03660220994475138, "csscore_t": 0.7406767955801105, "teamgold_t": 62.90331491712707, "vision_score_t": 0.9298189530305493, "wards_placed_t": 0.06802486187845304, "gold_graph_diffs_t": 10.823204419889503}