{"id": "EUN1_3581015733", "lvl": 500, "literal level": "BRONZE III", "time": 2013, "solokills_t": 0.01092896174863388, "kills_t": 0.040238450074515646, "kp": 0.4384516129032258, "deaths_t": 0.04073522106308992, "assists_t": 0.04918032786885246, "csscore_t": 0.7734724292101341, "teamgold_t": 66.06557377049181, "vision_score_t": 0.7715268298272224, "wards_placed_t": 0.05563835072031793, "gold_graph_diffs_t": 10.69846000993542}