{"id": "EUN1_3569038400", "lvl": 100, "literal level": "IRON III", "time": 1462, "solokills_t": 0.023939808481532147, "kills_t": 0.05198358413132695, "kp": 0.3513573000733676, "deaths_t": 0.05198358413132695, "assists_t": 0.03761969904240766, "csscore_t": 0.6600547195622435, "teamgold_t": 68.4781121751026, "vision_score_t": 0.469191357301855, "wards_placed_t": 0.03625170998632011, "gold_graph_diffs_t": 18.624487004103965}