{"id": "EUN1_3573320833", "lvl": 200, "literal level": "IRON II", "time": 2476, "solokills_t": 0.007269789983844911, "kills_t": 0.03715670436187399, "kp": 0.45290178571428574, "deaths_t": 0.03715670436187399, "assists_t": 0.049273021001615507, "csscore_t": 0.6938610662358643, "teamgold_t": 63.73788368336026, "vision_score_t": 0.7064960532742114, "wards_placed_t": 0.05533117932148627, "gold_graph_diffs_t": 12.670840064620355}