{"id": "EUN1_3502561583", "lvl": 600, "literal level": "BRONZE II", "time": 2121, "solokills_t": 0.011315417256011316, "kills_t": 0.031588873173031586, "kp": 0.4369175627240143, "deaths_t": 0.031588873173031586, "assists_t": 0.037246581801037244, "csscore_t": 0.7147571900047147, "teamgold_t": 59.9014615747289, "vision_score_t": 0.7462047388131454, "wards_placed_t": 0.056105610561056105, "gold_graph_diffs_t": 13.813767090994814}