{"id": "EUN1_3533099699", "lvl": 800, "literal level": "SILVER IV", "time": 1099, "solokills_t": 0.01091901728844404, "kills_t": 0.03548680618744313, "kp": 0.3762857142857142, "deaths_t": 0.03548680618744313, "assists_t": 0.03366696997270246, "csscore_t": 0.7370336669699727, "teamgold_t": 61.823475887170154, "vision_score_t": 0.653725750804292, "wards_placed_t": 0.048225659690627844, "gold_graph_diffs_t": 13.064604185623294}