{"id": "EUN1_3580105843", "lvl": 400, "literal level": "BRONZE IV", "time": 1316, "solokills_t": 0.0060790273556231, "kills_t": 0.0243161094224924, "kp": 0.4602564102564103, "deaths_t": 0.0243161094224924, "assists_t": 0.03115501519756839, "csscore_t": 0.8062310030395137, "teamgold_t": 56.01063829787234, "vision_score_t": 0.6454490560398761, "wards_placed_t": 0.05547112462006079, "gold_graph_diffs_t": 9.990881458966566}