{"id": "EUN1_3578675808", "lvl": 200, "literal level": "IRON II", "time": 1294, "solokills_t": 0.012364760432766615, "kills_t": 0.02472952086553323, "kp": 0.32753623188405795, "deaths_t": 0.02472952086553323, "assists_t": 0.015455950540958269, "csscore_t": 0.6854714064914992, "teamgold_t": 53.860896445131374, "vision_score_t": 0.5020029940404227, "wards_placed_t": 0.03941267387944358, "gold_graph_diffs_t": 9.488408037094281}