{"id": "EUN1_3576523853", "lvl": 200, "literal level": "IRON II", "time": 2679, "solokills_t": 0.010451661067562523, "kills_t": 0.036580813736468834, "kp": 0.4115319865319865, "deaths_t": 0.036580813736468834, "assists_t": 0.03882045539380366, "csscore_t": 0.6614408361328854, "teamgold_t": 62.361702127659576, "vision_score_t": 0.8412913888053829, "wards_placed_t": 0.07390817469204927, "gold_graph_diffs_t": 13.777155655095184}