{"id": "EUN1_3576640484", "lvl": 200, "literal level": "IRON II", "time": 1083, "solokills_t": 0.0110803324099723, "kills_t": 0.034164358264081256, "kp": 0.4, "deaths_t": 0.034164358264081256, "assists_t": 0.034164358264081256, "csscore_t": 0.6749769159741459, "teamgold_t": 60.822714681440445, "vision_score_t": 0.6145437694692713, "wards_placed_t": 0.04986149584487535, "gold_graph_diffs_t": 11.282548476454293}