{"id": "EUN1_3557338396", "lvl": 800, "literal level": "SILVER IV", "time": 1812, "solokills_t": 0.003863134657836645, "kills_t": 0.02869757174392936, "kp": 0.46622222222222226, "deaths_t": 0.02869757174392936, "assists_t": 0.0380794701986755, "csscore_t": 0.6749448123620309, "teamgold_t": 61.391280353200884, "vision_score_t": 0.9460773248696196, "wards_placed_t": 0.07229580573951434, "gold_graph_diffs_t": 12.719094922737307}