{"id": "EUN1_3542044136", "lvl": 400, "literal level": "BRONZE IV", "time": 947, "solokills_t": 0.010559662090813094, "kills_t": 0.027455121436114043, "kp": 0.3516666666666667, "deaths_t": 0.027455121436114043, "assists_t": 0.022175290390707498, "csscore_t": 0.7381203801478353, "teamgold_t": 55.99788806758184, "vision_score_t": 0.5348139884637007, "wards_placed_t": 0.04963041182682154, "gold_graph_diffs_t": 12.253431890179515}