{"id": "EUN1_3566825925", "lvl": 300, "literal level": "IRON I", "time": 1872, "solokills_t": 0.008012820512820512, "kills_t": 0.038995726495726496, "kp": 0.50425, "deaths_t": 0.038995726495726496, "assists_t": 0.05982905982905983, "csscore_t": 0.6137820512820513, "teamgold_t": 62.77403846153846, "vision_score_t": 0.7022608911327726, "wards_placed_t": 0.049679487179487176, "gold_graph_diffs_t": 13.484508547008547}