{"id": "EUN1_3552230592", "lvl": 200, "literal level": "IRON II", "time": 1364, "solokills_t": 0.005131964809384164, "kills_t": 0.024193548387096774, "kp": 0.4258241758241758, "deaths_t": 0.024193548387096774, "assists_t": 0.027126099706744868, "csscore_t": 0.6876832844574781, "teamgold_t": 55.42815249266862, "vision_score_t": 0.6421256996787216, "wards_placed_t": 0.05278592375366569, "gold_graph_diffs_t": 13.796187683284458}