{"id": "EUN1_3580553509", "lvl": 400, "literal level": "BRONZE IV", "time": 2010, "solokills_t": 0.010447761194029851, "kills_t": 0.03980099502487562, "kp": 0.4254985754985755, "deaths_t": 0.04029850746268657, "assists_t": 0.04825870646766169, "csscore_t": 0.6442786069651741, "teamgold_t": 61.464676616915426, "vision_score_t": 0.7096446593280952, "wards_placed_t": 0.05124378109452736, "gold_graph_diffs_t": 11.939303482587064}