{"id": "EUN1_3579265297", "lvl": 200, "literal level": "IRON II", "time": 2618, "solokills_t": 0.009549274255156608, "kills_t": 0.03972498090145149, "kp": 0.44132138857782754, "deaths_t": 0.03972498090145149, "assists_t": 0.04774637127578304, "csscore_t": 0.6665393430099312, "teamgold_t": 65.13521772345302, "vision_score_t": 0.7336398187487523, "wards_placed_t": 0.05500381970970206, "gold_graph_diffs_t": 13.550802139037433}