{"id": "EUN1_3538829645", "lvl": 600, "literal level": "BRONZE II", "time": 1142, "solokills_t": 0.00788091068301226, "kills_t": 0.03677758318739054, "kp": 0.40588235294117647, "deaths_t": 0.03677758318739054, "assists_t": 0.03765323992994746, "csscore_t": 0.6444833625218914, "teamgold_t": 62.095446584938706, "vision_score_t": 0.6711878341795716, "wards_placed_t": 0.05516637478108581, "gold_graph_diffs_t": 9.713660245183888}