{"id": "EUN1_3551186790", "lvl": 300, "literal level": "IRON I", "time": 2200, "solokills_t": 0.00909090909090909, "kills_t": 0.04454545454545455, "kp": 0.5419817470664927, "deaths_t": 0.045, "assists_t": 0.07772727272727273, "csscore_t": 0.6540909090909091, "teamgold_t": 64.65227272727273, "vision_score_t": 0.7727230115880492, "wards_placed_t": 0.06181818181818182, "gold_graph_diffs_t": 15.467727272727272}