{"id": "EUN1_3569232676", "lvl": 300, "literal level": "IRON I", "time": 2219, "solokills_t": 0.019378098242451555, "kills_t": 0.05137449301487156, "kp": 0.3807075008188667, "deaths_t": 0.05137449301487156, "assists_t": 0.044614691302388466, "csscore_t": 0.6881478143307797, "teamgold_t": 66.77647589004056, "vision_score_t": 0.6059821106212729, "wards_placed_t": 0.046417305092383954, "gold_graph_diffs_t": 12.300585849481749}