{"id": "EUN1_3575045712", "lvl": 200, "literal level": "IRON II", "time": 1598, "solokills_t": 0.016270337922403004, "kills_t": 0.05131414267834793, "kp": 0.3870967741935484, "deaths_t": 0.05131414267834793, "assists_t": 0.04881101376720901, "csscore_t": 0.5888610763454318, "teamgold_t": 66.5162703379224, "vision_score_t": 0.5013668293011098, "wards_placed_t": 0.041927409261576974, "gold_graph_diffs_t": 15.7540675844806}