{"id": "EUN1_3576667994", "lvl": 300, "literal level": "IRON I", "time": 2242, "solokills_t": 0.009812667261373774, "kills_t": 0.029884032114183764, "kp": 0.4136022514071295, "deaths_t": 0.029884032114183764, "assists_t": 0.032114183764495985, "csscore_t": 0.6966993755575379, "teamgold_t": 57.22167707404103, "vision_score_t": 0.9516408528871334, "wards_placed_t": 0.07894736842105263, "gold_graph_diffs_t": 10.340321141837645}