{"id": "EUN1_3571371577", "lvl": 100, "literal level": "IRON III", "time": 2176, "solokills_t": 0.008272058823529412, "kills_t": 0.028952205882352942, "kp": 0.44574036511156184, "deaths_t": 0.028952205882352942, "assists_t": 0.035386029411764705, "csscore_t": 0.6626838235294118, "teamgold_t": 55.341911764705884, "vision_score_t": 0.5263007229245729, "wards_placed_t": 0.04595588235294118, "gold_graph_diffs_t": 8.134191176470589}