{"id": "EUN1_3582591407", "lvl": 200, "literal level": "IRON II", "time": 1802, "solokills_t": 0.006659267480577136, "kills_t": 0.03107658157602664, "kp": 0.4375478927203066, "deaths_t": 0.03107658157602664, "assists_t": 0.03662597114317425, "csscore_t": 0.7130965593784684, "teamgold_t": 60.80022197558269, "vision_score_t": 0.6940813270249142, "wards_placed_t": 0.058823529411764705, "gold_graph_diffs_t": 13.634850166481687}