{"id": "EUN1_3537453120", "lvl": 400, "literal level": "BRONZE IV", "time": 2215, "solokills_t": 0.016252821670428894, "kills_t": 0.036568848758465014, "kp": 0.35155279503105585, "deaths_t": 0.036568848758465014, "assists_t": 0.029345372460496615, "csscore_t": 0.6058690744920994, "teamgold_t": 57.891196388261854, "vision_score_t": 0.7343946661589328, "wards_placed_t": 0.05869074492099323, "gold_graph_diffs_t": 11.059593679458239}