{"id": "EUN1_3574526384", "lvl": 500, "literal level": "BRONZE III", "time": 1687, "solokills_t": 0.016597510373443983, "kills_t": 0.04445761707172496, "kp": 0.3678921568627451, "deaths_t": 0.04445761707172496, "assists_t": 0.036751630112625965, "csscore_t": 0.8340248962655602, "teamgold_t": 66.63129816241849, "vision_score_t": 0.5769965046730395, "wards_placed_t": 0.04267931238885596, "gold_graph_diffs_t": 13.34380557202134}