{"id": "EUN1_3580296959", "lvl": 200, "literal level": "IRON II", "time": 1431, "solokills_t": 0.012578616352201259, "kills_t": 0.0496156533892383, "kp": 0.44255319148936173, "deaths_t": 0.0496156533892383, "assists_t": 0.06359189378057302, "csscore_t": 0.6149545772187281, "teamgold_t": 65.39972047519217, "vision_score_t": 0.6731604405560967, "wards_placed_t": 0.05660377358490566, "gold_graph_diffs_t": 13.926624737945493}