{"id": "EUN1_3578601123", "lvl": 100, "literal level": "IRON III", "time": 1974, "solokills_t": 0.004052684903748734, "kills_t": 0.019756838905775075, "kp": 0.43235294117647055, "deaths_t": 0.019756838905775075, "assists_t": 0.023809523809523808, "csscore_t": 0.8125633232016211, "teamgold_t": 56.35410334346505, "vision_score_t": 0.7100783647793693, "wards_placed_t": 0.0486322188449848, "gold_graph_diffs_t": 9.1403242147923}