{"id": "EUN1_3554746829", "lvl": 700, "literal level": "BRONZE I", "time": 1129, "solokills_t": 0.006200177147918512, "kills_t": 0.024800708591674048, "kp": 0.45080213903743316, "deaths_t": 0.024800708591674048, "assists_t": 0.03100088573959256, "csscore_t": 0.8511957484499557, "teamgold_t": 59.20549158547387, "vision_score_t": 0.6304543185069703, "wards_placed_t": 0.050487156775907885, "gold_graph_diffs_t": 10.730735163861825}