{"id": "EUN1_3542101252", "lvl": 300, "literal level": "IRON I", "time": 2005, "solokills_t": 0.011970074812967581, "kills_t": 0.0428927680798005, "kp": 0.4797777777777778, "deaths_t": 0.0428927680798005, "assists_t": 0.06084788029925187, "csscore_t": 0.6673316708229426, "teamgold_t": 64.46284289276808, "vision_score_t": 0.81900007076953, "wards_placed_t": 0.06084788029925187, "gold_graph_diffs_t": 14.86783042394015}