{"id": "EUN1_3573057357", "lvl": 200, "literal level": "IRON II", "time": 2179, "solokills_t": 0.011473152822395595, "kills_t": 0.03074804956402019, "kp": 0.3829268292682927, "deaths_t": 0.03074804956402019, "assists_t": 0.027535566773749427, "csscore_t": 0.7480495640201927, "teamgold_t": 60.81367599816429, "vision_score_t": 0.5125504297782586, "wards_placed_t": 0.04084442404772832, "gold_graph_diffs_t": 9.407526388251492}