{"id": "EUN1_3566904632", "lvl": 200, "literal level": "IRON II", "time": 1357, "solokills_t": 0.01105379513633014, "kills_t": 0.028739867354458364, "kp": 0.4, "deaths_t": 0.028739867354458364, "assists_t": 0.029476787030213707, "csscore_t": 0.7126013264554164, "teamgold_t": 57.229182019159914, "vision_score_t": 0.5939357014528366, "wards_placed_t": 0.045689019896831246, "gold_graph_diffs_t": 10.375829034635224}