{"id": "EUN1_3579633568", "lvl": 200, "literal level": "IRON II", "time": 2032, "solokills_t": 0.00984251968503937, "kills_t": 0.03641732283464567, "kp": 0.4779009608277901, "deaths_t": 0.03641732283464567, "assists_t": 0.051181102362204724, "csscore_t": 0.6540354330708661, "teamgold_t": 61.68946850393701, "vision_score_t": 0.757126821449385, "wards_placed_t": 0.05954724409448819, "gold_graph_diffs_t": 16.53494094488189}