{"id": "EUN1_3576782288", "lvl": 300, "literal level": "IRON I", "time": 1937, "solokills_t": 0.0123902942694889, "kills_t": 0.03458957150232318, "kp": 0.4048484848484849, "deaths_t": 0.03458957150232318, "assists_t": 0.03355704697986577, "csscore_t": 0.7960764068146619, "teamgold_t": 63.05110996386164, "vision_score_t": 0.5501531491443687, "wards_placed_t": 0.04491481672689726, "gold_graph_diffs_t": 10.213732576148683}