{"id": "EUN1_3426281718", "lvl": 800, "literal level": "SILVER IV", "time": 1578, "solokills_t": 0.010773130544993664, "kills_t": 0.04182509505703422, "kp": 0.48961538461538456, "deaths_t": 0.04182509505703422, "assists_t": 0.0614702154626109, "csscore_t": 0.6552598225602028, "teamgold_t": 65.49936628643853, "vision_score_t": 0.6764492945567351, "wards_placed_t": 0.048162230671736375, "gold_graph_diffs_t": 16.935361216730037}