{"id": "EUN1_3563344945", "lvl": 300, "literal level": "IRON I", "time": 1656, "solokills_t": 0.011473429951690822, "kills_t": 0.043478260869565216, "kp": 0.4016233766233766, "deaths_t": 0.043478260869565216, "assists_t": 0.04528985507246377, "csscore_t": 0.696256038647343, "teamgold_t": 68.14734299516908, "vision_score_t": 0.5164909656322234, "wards_placed_t": 0.03804347826086957, "gold_graph_diffs_t": 14.571256038647343}