{"id": "EUN1_3584023570", "lvl": 200, "literal level": "IRON II", "time": 1624, "solokills_t": 0.01293103448275862, "kills_t": 0.03571428571428571, "kp": 0.39583333333333337, "deaths_t": 0.03633004926108374, "assists_t": 0.035098522167487683, "csscore_t": 0.708128078817734, "teamgold_t": 63.256773399014776, "vision_score_t": 0.5697823362775634, "wards_placed_t": 0.04433497536945813, "gold_graph_diffs_t": 10.296182266009852}