{"id": "EUN1_3547613749", "lvl": 300, "literal level": "IRON I", "time": 2090, "solokills_t": 0.015311004784688996, "kills_t": 0.04784688995215311, "kp": 0.411698717948718, "deaths_t": 0.04784688995215311, "assists_t": 0.05071770334928229, "csscore_t": 0.6851674641148325, "teamgold_t": 68.99282296650718, "vision_score_t": 0.6100869504154433, "wards_placed_t": 0.046411483253588515, "gold_graph_diffs_t": 12.833014354066986}