{"id": "EUN1_3540068490", "lvl": 700, "literal level": "BRONZE I", "time": 2502, "solokills_t": 0.01598721023181455, "kills_t": 0.051159072741806554, "kp": 0.41791450457128737, "deaths_t": 0.051159072741806554, "assists_t": 0.05555555555555555, "csscore_t": 0.609912070343725, "teamgold_t": 70.57913669064749, "vision_score_t": 0.7756822068894913, "wards_placed_t": 0.05875299760191847, "gold_graph_diffs_t": 14.651878497202238}