{"id": "EUN1_3570985975", "lvl": 200, "literal level": "IRON II", "time": 2554, "solokills_t": 0.006656225528582615, "kills_t": 0.04267815191855912, "kp": 0.4884848484848484, "deaths_t": 0.04267815191855912, "assists_t": 0.06147220046985121, "csscore_t": 0.5563821456538762, "teamgold_t": 62.309710258418164, "vision_score_t": 0.5936610872058492, "wards_placed_t": 0.05677368833202819, "gold_graph_diffs_t": 15.031714956930305}