{"id": "EUN1_3494454228", "lvl": 400, "literal level": "BRONZE IV", "time": 2367, "solokills_t": 0.0063371356147021544, "kills_t": 0.03210815378115758, "kp": 0.49222222222222217, "deaths_t": 0.03210815378115758, "assists_t": 0.046894803548795945, "csscore_t": 0.6417405999155048, "teamgold_t": 60.50570342205323, "vision_score_t": 0.7259170712913775, "wards_placed_t": 0.057034220532319393, "gold_graph_diffs_t": 11.141951837769328}