{"id": "EUN1_3583040566", "lvl": 400, "literal level": "BRONZE IV", "time": 2047, "solokills_t": 0.005862237420615535, "kills_t": 0.028334147532975085, "kp": 0.45833333333333337, "deaths_t": 0.028334147532975085, "assists_t": 0.03663898387884709, "csscore_t": 0.782608695652174, "teamgold_t": 62.134342940889105, "vision_score_t": 0.7655949652077724, "wards_placed_t": 0.05764533463605276, "gold_graph_diffs_t": 10.605276013678553}