{"id": "EUN1_3559474092", "lvl": 300, "literal level": "IRON I", "time": 2009, "solokills_t": 0.009457441513190641, "kills_t": 0.041314086610253854, "kp": 0.4344362745098039, "deaths_t": 0.041314086610253854, "assists_t": 0.04828272772523644, "csscore_t": 0.6923842707814833, "teamgold_t": 66.1627675460428, "vision_score_t": 0.5590632995874517, "wards_placed_t": 0.0428073668491787, "gold_graph_diffs_t": 14.220507715281235}