{"id": "EUN1_3503523812", "lvl": 400, "literal level": "BRONZE IV", "time": 3212, "solokills_t": 0.0112079701120797, "kills_t": 0.040473225404732256, "kp": 0.44366263918502724, "deaths_t": 0.040473225404732256, "assists_t": 0.04950186799501868, "csscore_t": 0.6158156911581569, "teamgold_t": 61.67590286425903, "vision_score_t": 0.8246752089407405, "wards_placed_t": 0.058530510585305104, "gold_graph_diffs_t": 11.545143212951432}