{"id": "EUN1_3483528820", "lvl": 500, "literal level": "BRONZE III", "time": 1633, "solokills_t": 0.009797917942437232, "kills_t": 0.03368034292712799, "kp": 0.42852564102564106, "deaths_t": 0.03368034292712799, "assists_t": 0.04225352112676056, "csscore_t": 0.7366809552969994, "teamgold_t": 62.742804654011024, "vision_score_t": 0.7272269039052318, "wards_placed_t": 0.06307409675443969, "gold_graph_diffs_t": 13.804654011022658}