{"id": "EUN1_3543177426", "lvl": 300, "literal level": "IRON I", "time": 2119, "solokills_t": 0.0066068900424728644, "kills_t": 0.03539405379896177, "kp": 0.45111111111111113, "deaths_t": 0.03539405379896177, "assists_t": 0.04672015101462954, "csscore_t": 0.6073619631901841, "teamgold_t": 61.60028315243039, "vision_score_t": 0.8002513811899347, "wards_placed_t": 0.060405851816894764, "gold_graph_diffs_t": 13.130250117980179}