{"id": "EUN1_3534748014", "lvl": 300, "literal level": "IRON I", "time": 2287, "solokills_t": 0.00874508089199825, "kills_t": 0.034105815478793176, "kp": 0.482051282051282, "deaths_t": 0.03454306952339309, "assists_t": 0.048097944905990384, "csscore_t": 0.6738084827284653, "teamgold_t": 60.323567993003934, "vision_score_t": 0.7197031644199815, "wards_placed_t": 0.05596851770878881, "gold_graph_diffs_t": 10.236117184083954}