{"id": "EUN1_3573008265", "lvl": 100, "literal level": "IRON III", "time": 2260, "solokills_t": 0.01504424778761062, "kills_t": 0.03274336283185841, "kp": 0.37000000000000005, "deaths_t": 0.03274336283185841, "assists_t": 0.02743362831858407, "csscore_t": 0.7942477876106194, "teamgold_t": 62.74513274336283, "vision_score_t": 0.6124258469013745, "wards_placed_t": 0.05132743362831858, "gold_graph_diffs_t": 12.16283185840708}