{"id": "EUN1_3547963090", "lvl": 300, "literal level": "IRON I", "time": 1718, "solokills_t": 0.007566938300349243, "kills_t": 0.03841676367869616, "kp": 0.4496461071789687, "deaths_t": 0.0389988358556461, "assists_t": 0.04831199068684517, "csscore_t": 0.7130384167636787, "teamgold_t": 63.19906868451688, "vision_score_t": 0.7877725963167859, "wards_placed_t": 0.06053550640279395, "gold_graph_diffs_t": 12.195576251455181}