{"id": "EUN1_3568902044", "lvl": 200, "literal level": "IRON II", "time": 1650, "solokills_t": 0.012121212121212121, "kills_t": 0.04424242424242424, "kp": 0.42391304347826086, "deaths_t": 0.04424242424242424, "assists_t": 0.05090909090909091, "csscore_t": 0.649090909090909, "teamgold_t": 63.41939393939394, "vision_score_t": 0.5669627799065677, "wards_placed_t": 0.04727272727272727, "gold_graph_diffs_t": 12.972121212121213}