{"id": "EUN1_3576079960", "lvl": 300, "literal level": "IRON I", "time": 1551, "solokills_t": 0.01160541586073501, "kills_t": 0.0367504835589942, "kp": 0.3883823529411765, "deaths_t": 0.0367504835589942, "assists_t": 0.03288201160541586, "csscore_t": 0.7337201805286911, "teamgold_t": 59.89103803997421, "vision_score_t": 0.4734671717583903, "wards_placed_t": 0.04319793681495809, "gold_graph_diffs_t": 13.9464861379755}