{"id": "EUN1_3579377021", "lvl": 200, "literal level": "IRON II", "time": 1864, "solokills_t": 0.011802575107296138, "kills_t": 0.04184549356223176, "kp": 0.4465714285714285, "deaths_t": 0.04184549356223176, "assists_t": 0.050965665236051505, "csscore_t": 0.6432403433476395, "teamgold_t": 61.60783261802575, "vision_score_t": 0.4269283945739516, "wards_placed_t": 0.039163090128755365, "gold_graph_diffs_t": 13.83744635193133}