{"id": "EUN1_3568125000", "lvl": 100, "literal level": "IRON III", "time": 2640, "solokills_t": 0.006818181818181818, "kills_t": 0.023484848484848483, "kp": 0.4364681295715778, "deaths_t": 0.023863636363636365, "assists_t": 0.028409090909090908, "csscore_t": 0.7897727272727273, "teamgold_t": 57.787121212121214, "vision_score_t": 0.6587617272331636, "wards_placed_t": 0.051515151515151514, "gold_graph_diffs_t": 11.972727272727273}