{"id": "EUN1_3574289141", "lvl": 300, "literal level": "IRON I", "time": 1215, "solokills_t": 0.010699588477366255, "kills_t": 0.023045267489711935, "kp": 0.37, "deaths_t": 0.023045267489711935, "assists_t": 0.01810699588477366, "csscore_t": 0.7786008230452675, "teamgold_t": 56.05185185185185, "vision_score_t": 0.5397505083349111, "wards_placed_t": 0.04609053497942387, "gold_graph_diffs_t": 11.159670781893004}