{"id": "EUN1_3542682883", "lvl": 300, "literal level": "IRON I", "time": 1102, "solokills_t": 0.009981851179673321, "kills_t": 0.036297640653357534, "kp": 0.4225274725274725, "deaths_t": 0.036297640653357534, "assists_t": 0.04083484573502722, "csscore_t": 0.632486388384755, "teamgold_t": 60.00090744101633, "vision_score_t": 0.6600773169286991, "wards_placed_t": 0.04900181488203267, "gold_graph_diffs_t": 10.719600725952812}