{"id": "EUN1_3469126639", "lvl": 500, "literal level": "BRONZE III", "time": 1363, "solokills_t": 0.011005135730007337, "kills_t": 0.036683785766691124, "kp": 0.41833333333333333, "deaths_t": 0.036683785766691124, "assists_t": 0.03888481291269259, "csscore_t": 0.6962582538517975, "teamgold_t": 61.63609684519442, "vision_score_t": 0.7575707898568756, "wards_placed_t": 0.05942773294203962, "gold_graph_diffs_t": 13.482024944974322}