{"id": "EUN1_3569449755", "lvl": 200, "literal level": "IRON II", "time": 2508, "solokills_t": 0.009968102073365232, "kills_t": 0.03508771929824561, "kp": 0.4496969696969697, "deaths_t": 0.035486443381180226, "assists_t": 0.04146730462519936, "csscore_t": 0.7077352472089314, "teamgold_t": 63.850478468899524, "vision_score_t": 0.5928699680756649, "wards_placed_t": 0.05143540669856459, "gold_graph_diffs_t": 11.671052631578947}