{"id": "EUN1_3580296272", "lvl": 300, "literal level": "IRON I", "time": 1413, "solokills_t": 0.01556970983722576, "kills_t": 0.04175513092710545, "kp": 0.4303174603174603, "deaths_t": 0.04175513092710545, "assists_t": 0.04670912951167728, "csscore_t": 0.6008492569002123, "teamgold_t": 60.8202406227884, "vision_score_t": 0.5369763082665848, "wards_placed_t": 0.04175513092710545, "gold_graph_diffs_t": 14.811748053786271}