{"id": "EUN1_3555727748", "lvl": 800, "literal level": "SILVER IV", "time": 1427, "solokills_t": 0.005606166783461808, "kills_t": 0.027330063069376315, "kp": 0.5111111111111111, "deaths_t": 0.02803083391730904, "assists_t": 0.04484933426769446, "csscore_t": 0.7624386825508059, "teamgold_t": 58.23826208829713, "vision_score_t": 0.9028871644583918, "wards_placed_t": 0.06306937631394534, "gold_graph_diffs_t": 11.404344779257183}