{"id": "EUN1_3582106301", "lvl": 400, "literal level": "BRONZE IV", "time": 1749, "solokills_t": 0.009148084619782733, "kills_t": 0.03887935963407661, "kp": 0.40588235294117647, "deaths_t": 0.03887935963407661, "assists_t": 0.03945111492281304, "csscore_t": 0.6775300171526587, "teamgold_t": 60.94110920526015, "vision_score_t": 0.5925772947532435, "wards_placed_t": 0.051457975986277875, "gold_graph_diffs_t": 14.06060606060606}