{"id": "EUN1_3552364662", "lvl": 300, "literal level": "IRON I", "time": 1515, "solokills_t": 0.010561056105610561, "kills_t": 0.03564356435643564, "kp": 0.4419713831478537, "deaths_t": 0.03564356435643564, "assists_t": 0.04356435643564356, "csscore_t": 0.6798679867986799, "teamgold_t": 60.44026402640264, "vision_score_t": 0.7664250234526964, "wards_placed_t": 0.06468646864686468, "gold_graph_diffs_t": 15.042244224422442}