{"id": "EUN1_3552447337", "lvl": 300, "literal level": "IRON I", "time": 2386, "solokills_t": 0.0075440067057837385, "kills_t": 0.040653813914501256, "kp": 0.5221367521367521, "deaths_t": 0.04107292539815591, "assists_t": 0.06538139145012574, "csscore_t": 0.6303436714165969, "teamgold_t": 63.18524727577535, "vision_score_t": 0.8234763194066159, "wards_placed_t": 0.06035205364626991, "gold_graph_diffs_t": 16.13411567476949}