{"id": "EUN1_3571902312", "lvl": 200, "literal level": "IRON II", "time": 2693, "solokills_t": 0.006683995544002971, "kills_t": 0.031191979205347196, "kp": 0.46428571428571425, "deaths_t": 0.031191979205347196, "assists_t": 0.043074637950241364, "csscore_t": 0.7493501670998886, "teamgold_t": 62.5369476420349, "vision_score_t": 0.6051609208870428, "wards_placed_t": 0.05012996658002228, "gold_graph_diffs_t": 11.82844411437059}