{"id": "EUN1_3555152702", "lvl": 600, "literal level": "BRONZE II", "time": 2102, "solokills_t": 0.013320647002854425, "kills_t": 0.05280685061845861, "kp": 0.40525252525252525, "deaths_t": 0.05280685061845861, "assists_t": 0.05423406279733587, "csscore_t": 0.5946717411988582, "teamgold_t": 68.22026641294006, "vision_score_t": 0.7204248632431258, "wards_placed_t": 0.053758325404376785, "gold_graph_diffs_t": 14.35918173168411}