{"id": "EUN1_3569489252", "lvl": 300, "literal level": "IRON I", "time": 1708, "solokills_t": 0.007611241217798595, "kills_t": 0.045081967213114756, "kp": 0.4638513513513514, "deaths_t": 0.045081967213114756, "assists_t": 0.05913348946135832, "csscore_t": 0.6129976580796253, "teamgold_t": 66.47950819672131, "vision_score_t": 0.7521484516051864, "wards_placed_t": 0.053864168618266976, "gold_graph_diffs_t": 15.130562060889929}