{"id": "EUN1_3565315032", "lvl": 200, "literal level": "IRON II", "time": 1410, "solokills_t": 0.006382978723404255, "kills_t": 0.02624113475177305, "kp": 0.4428571428571429, "deaths_t": 0.02624113475177305, "assists_t": 0.032624113475177303, "csscore_t": 0.7397163120567376, "teamgold_t": 59.3468085106383, "vision_score_t": 0.8069534535059283, "wards_placed_t": 0.06170212765957447, "gold_graph_diffs_t": 11.094326241134752}