{"id": "EUN1_3577583396", "lvl": 300, "literal level": "IRON I", "time": 2508, "solokills_t": 0.009968102073365232, "kills_t": 0.04226475279106858, "kp": 0.4393226381461675, "deaths_t": 0.04226475279106858, "assists_t": 0.05063795853269538, "csscore_t": 0.6455342902711324, "teamgold_t": 65.36044657097288, "vision_score_t": 0.8429123764658015, "wards_placed_t": 0.07216905901116427, "gold_graph_diffs_t": 10.88835725677831}