{"id": "EUN1_3568918063", "lvl": 200, "literal level": "IRON II", "time": 2336, "solokills_t": 0.012414383561643835, "kills_t": 0.04409246575342466, "kp": 0.4306625577812019, "deaths_t": 0.04409246575342466, "assists_t": 0.05008561643835616, "csscore_t": 0.7059075342465754, "teamgold_t": 66.00256849315069, "vision_score_t": 0.5417813110378897, "wards_placed_t": 0.04280821917808219, "gold_graph_diffs_t": 13.323630136986301}