{"id": "EUN1_3579924800", "lvl": 100, "literal level": "IRON III", "time": 1348, "solokills_t": 0.008902077151335312, "kills_t": 0.040059347181008904, "kp": 0.5214626391096979, "deaths_t": 0.040059347181008904, "assists_t": 0.06379821958456973, "csscore_t": 0.6298219584569733, "teamgold_t": 61.85014836795252, "vision_score_t": 0.5442770635814401, "wards_placed_t": 0.04599406528189911, "gold_graph_diffs_t": 14.58160237388724}