{"id": "EUN1_3563560165", "lvl": 500, "literal level": "BRONZE III", "time": 1733, "solokills_t": 0.009809578765147143, "kills_t": 0.030005770340450086, "kp": 0.39722222222222225, "deaths_t": 0.030005770340450086, "assists_t": 0.029428736295441432, "csscore_t": 0.7743796884016156, "teamgold_t": 62.5533756491633, "vision_score_t": 0.7486387455862931, "wards_placed_t": 0.05366416618580496, "gold_graph_diffs_t": 11.170802077322563}