{"id": "EUN1_3571775956", "lvl": 200, "literal level": "IRON II", "time": 1835, "solokills_t": 0.007084468664850136, "kills_t": 0.03923705722070845, "kp": 0.48358473824312326, "deaths_t": 0.03978201634877384, "assists_t": 0.05231607629427793, "csscore_t": 0.6877384196185287, "teamgold_t": 65.50735694822889, "vision_score_t": 0.42086461917157847, "wards_placed_t": 0.037057220708446865, "gold_graph_diffs_t": 11.432152588555859}