{"id": "EUN1_3572981446", "lvl": 100, "literal level": "IRON III", "time": 2567, "solokills_t": 0.009738994935722634, "kills_t": 0.04129333852746397, "kp": 0.45094474153297687, "deaths_t": 0.04129333852746397, "assists_t": 0.05181145305804441, "csscore_t": 0.6345929100116868, "teamgold_t": 62.74756525126607, "vision_score_t": 0.4748807051790596, "wards_placed_t": 0.0292169848071679, "gold_graph_diffs_t": 14.029216984807167}