{"id": "EUN1_3541993227", "lvl": 300, "literal level": "IRON I", "time": 1458, "solokills_t": 0.00823045267489712, "kills_t": 0.03223593964334705, "kp": 0.4502262443438914, "deaths_t": 0.03223593964334705, "assists_t": 0.038408779149519894, "csscore_t": 0.789437585733882, "teamgold_t": 63.530178326474626, "vision_score_t": 0.7108632007560172, "wards_placed_t": 0.05692729766803841, "gold_graph_diffs_t": 12.270919067215363}