{"id": "EUN1_3552377930", "lvl": 500, "literal level": "BRONZE III", "time": 1533, "solokills_t": 0.008480104370515329, "kills_t": 0.03587736464448793, "kp": 0.4007142857142857, "deaths_t": 0.03587736464448793, "assists_t": 0.0365296803652968, "csscore_t": 0.8062622309197651, "teamgold_t": 63.77625570776256, "vision_score_t": 0.7548600344637039, "wards_placed_t": 0.05675146771037182, "gold_graph_diffs_t": 13.823222439660796}