{"id": "EUN1_3483509330", "lvl": 500, "literal level": "BRONZE III", "time": 1428, "solokills_t": 0.004901960784313725, "kills_t": 0.024509803921568627, "kp": 0.4188034188034188, "deaths_t": 0.025910364145658265, "assists_t": 0.02661064425770308, "csscore_t": 0.8284313725490197, "teamgold_t": 57.57422969187675, "vision_score_t": 0.5803817365931444, "wards_placed_t": 0.04831932773109244, "gold_graph_diffs_t": 12.324929971988796}