{"id": "EUN1_3541264583", "lvl": 100, "literal level": "IRON III", "time": 1683, "solokills_t": 0.008318478906714201, "kills_t": 0.035056446821152706, "kp": 0.40696969696969704, "deaths_t": 0.035056446821152706, "assists_t": 0.038027332144979206, "csscore_t": 0.6345811051693404, "teamgold_t": 61.554367201426025, "vision_score_t": 0.5638056475995253, "wards_placed_t": 0.0487225193107546, "gold_graph_diffs_t": 11.897801544860368}