{"id": "EUN1_3493721791", "lvl": 600, "literal level": "BRONZE II", "time": 2375, "solokills_t": 0.014736842105263158, "kills_t": 0.04968421052631579, "kp": 0.40232220609579106, "deaths_t": 0.04968421052631579, "assists_t": 0.05136842105263158, "csscore_t": 0.6101052631578947, "teamgold_t": 64.49557894736841, "vision_score_t": 0.6154594265743569, "wards_placed_t": 0.05347368421052632, "gold_graph_diffs_t": 13.321684210526316}