{"id": "EUN1_3576719940", "lvl": 100, "literal level": "IRON III", "time": 1659, "solokills_t": 0.019288728149487643, "kills_t": 0.04460518384569018, "kp": 0.3731366459627329, "deaths_t": 0.04460518384569018, "assists_t": 0.03676913803496082, "csscore_t": 0.6847498493068114, "teamgold_t": 61.66063893911995, "vision_score_t": 0.5548119656505127, "wards_placed_t": 0.046413502109704644, "gold_graph_diffs_t": 9.20253164556962}