{"id": "EUN1_3583567662", "lvl": 200, "literal level": "IRON II", "time": 1824, "solokills_t": 0.007675438596491228, "kills_t": 0.03892543859649123, "kp": 0.4840650406504065, "deaths_t": 0.03892543859649123, "assists_t": 0.05701754385964912, "csscore_t": 0.6611842105263158, "teamgold_t": 61.84155701754386, "vision_score_t": 0.5980435451162288, "wards_placed_t": 0.04057017543859649, "gold_graph_diffs_t": 9.487390350877194}