{"id": "EUN1_3577156116", "lvl": 300, "literal level": "IRON I", "time": 1772, "solokills_t": 0.007900677200902935, "kills_t": 0.03216704288939052, "kp": 0.4314024390243903, "deaths_t": 0.03216704288939052, "assists_t": 0.041196388261851014, "csscore_t": 0.6997742663656885, "teamgold_t": 60.42494356659142, "vision_score_t": 0.742834577048955, "wards_placed_t": 0.04909706546275395, "gold_graph_diffs_t": 12.226297968397292}