{"id": "EUN1_3534808831", "lvl": 600, "literal level": "BRONZE II", "time": 1833, "solokills_t": 0.009819967266775777, "kills_t": 0.03546099290780142, "kp": 0.4341991341991342, "deaths_t": 0.03546099290780142, "assists_t": 0.03709765411893071, "csscore_t": 0.7430441898527005, "teamgold_t": 63.274959083469724, "vision_score_t": 0.6817971991575735, "wards_placed_t": 0.05346426623022368, "gold_graph_diffs_t": 11.46808510638298}