{"id": "EUN1_3549735515", "lvl": 600, "literal level": "BRONZE II", "time": 2257, "solokills_t": 0.005316792202038104, "kills_t": 0.035002215330084185, "kp": 0.47000000000000003, "deaths_t": 0.035002215330084185, "assists_t": 0.04652193176783341, "csscore_t": 0.7806823216659282, "teamgold_t": 64.91271599468321, "vision_score_t": 0.8969014136852987, "wards_placed_t": 0.0669029685423128, "gold_graph_diffs_t": 13.778466991581746}