{"id": "EUN1_3555997798", "lvl": 800, "literal level": "SILVER IV", "time": 2595, "solokills_t": 0.004238921001926782, "kills_t": 0.028516377649325627, "kp": 0.5054093567251462, "deaths_t": 0.028516377649325627, "assists_t": 0.04354527938342967, "csscore_t": 0.766859344894027, "teamgold_t": 61.596146435452795, "vision_score_t": 0.719302432128065, "wards_placed_t": 0.04932562620423892, "gold_graph_diffs_t": 13.28709055876686}