{"id": "EUN1_3569625980", "lvl": 300, "literal level": "IRON I", "time": 2022, "solokills_t": 0.01582591493570722, "kills_t": 0.040553907022749754, "kp": 0.35857487922705317, "deaths_t": 0.040553907022749754, "assists_t": 0.032640949554896145, "csscore_t": 0.6844708209693373, "teamgold_t": 62.45548961424333, "vision_score_t": 0.730323094189535, "wards_placed_t": 0.057368941641938676, "gold_graph_diffs_t": 13.153808110781405}