{"id": "EUN1_3577053711", "lvl": 200, "literal level": "IRON II", "time": 1826, "solokills_t": 0.00547645125958379, "kills_t": 0.03231106243154436, "kp": 0.48358974358974355, "deaths_t": 0.03285870755750274, "assists_t": 0.04600219058050383, "csscore_t": 0.6768893756845564, "teamgold_t": 56.71631982475356, "vision_score_t": 0.5141690271801224, "wards_placed_t": 0.0416210295728368, "gold_graph_diffs_t": 9.46330777656079}