{"id": "EUN1_3528957647", "lvl": 900, "literal level": "SILVER III", "time": 2130, "solokills_t": 0.01643192488262911, "kills_t": 0.04178403755868545, "kp": 0.362993762993763, "deaths_t": 0.04178403755868545, "assists_t": 0.03427230046948357, "csscore_t": 0.8023474178403756, "teamgold_t": 67.41830985915493, "vision_score_t": 1.0404229036386625, "wards_placed_t": 0.07605633802816901, "gold_graph_diffs_t": 14.972300469483567}