{"id": "EUN1_3576840028", "lvl": 200, "literal level": "IRON II", "time": 1408, "solokills_t": 0.009232954545454546, "kills_t": 0.03196022727272727, "kp": 0.4411057692307693, "deaths_t": 0.03196022727272727, "assists_t": 0.03196022727272727, "csscore_t": 0.7201704545454546, "teamgold_t": 60.25213068181818, "vision_score_t": 0.5885826468984001, "wards_placed_t": 0.04261363636363636, "gold_graph_diffs_t": 13.489346590909092}