{"id": "EUN1_3570609591", "lvl": 300, "literal level": "IRON I", "time": 2136, "solokills_t": 0.009831460674157303, "kills_t": 0.0299625468164794, "kp": 0.38516057585825025, "deaths_t": 0.030430711610486893, "assists_t": 0.03089887640449438, "csscore_t": 0.7312734082397003, "teamgold_t": 58.54073033707865, "vision_score_t": 0.6723332669234494, "wards_placed_t": 0.054775280898876406, "gold_graph_diffs_t": 10.110955056179776}