{"id": "EUN1_3426261360", "lvl": 900, "literal level": "SILVER III", "time": 1502, "solokills_t": 0.011318242343541944, "kills_t": 0.03861517976031957, "kp": 0.4171052631578947, "deaths_t": 0.03861517976031957, "assists_t": 0.03994673768308921, "csscore_t": 0.7809587217043942, "teamgold_t": 63.564580559254324, "vision_score_t": 0.7614433606950098, "wards_placed_t": 0.05792276964047936, "gold_graph_diffs_t": 12.25699067909454}