{"id": "EUN1_3572323761", "lvl": 100, "literal level": "IRON III", "time": 1631, "solokills_t": 0.011036174126302882, "kills_t": 0.03923973022685469, "kp": 0.4666666666666667, "deaths_t": 0.03923973022685469, "assists_t": 0.0539546290619252, "csscore_t": 0.6364193746167995, "teamgold_t": 61.62599632127529, "vision_score_t": 0.455644759539631, "wards_placed_t": 0.04291845493562232, "gold_graph_diffs_t": 11.02391171060699}