{"id": "EUN1_3553097228", "lvl": 800, "literal level": "SILVER IV", "time": 2655, "solokills_t": 0.012429378531073447, "kills_t": 0.03992467043314501, "kp": 0.39832442067736185, "deaths_t": 0.03992467043314501, "assists_t": 0.03954802259887006, "csscore_t": 0.832391713747646, "teamgold_t": 70.1532956685499, "vision_score_t": 0.9203316526805988, "wards_placed_t": 0.07043314500941619, "gold_graph_diffs_t": 13.668173258003767}