{"id": "EUN1_3543133182", "lvl": 300, "literal level": "IRON I", "time": 1713, "solokills_t": 0.01926444833625219, "kills_t": 0.03852889667250438, "kp": 0.3648129423660263, "deaths_t": 0.03911266783420899, "assists_t": 0.02918855808523059, "csscore_t": 0.7361354349095155, "teamgold_t": 63.28371278458844, "vision_score_t": 0.6398179340859225, "wards_placed_t": 0.05253940455341506, "gold_graph_diffs_t": 11.510215995329832}