{"id": "EUN1_3572035953", "lvl": 200, "literal level": "IRON II", "time": 2050, "solokills_t": 0.013170731707317073, "kills_t": 0.03024390243902439, "kp": 0.3757575757575757, "deaths_t": 0.03073170731707317, "assists_t": 0.026341463414634145, "csscore_t": 0.7639024390243903, "teamgold_t": 58.964390243902436, "vision_score_t": 0.5902480676086587, "wards_placed_t": 0.04829268292682927, "gold_graph_diffs_t": 9.161463414634147}