{"id": "EUN1_3542667765", "lvl": 300, "literal level": "IRON I", "time": 1937, "solokills_t": 0.014455343314403717, "kills_t": 0.03768714506969541, "kp": 0.3854591836734693, "deaths_t": 0.03820340733092411, "assists_t": 0.035622096024780586, "csscore_t": 0.6608156943727413, "teamgold_t": 59.86577181208054, "vision_score_t": 0.5670237745686542, "wards_placed_t": 0.04697986577181208, "gold_graph_diffs_t": 13.212183789364998}