{"id": "EUN1_3575166736", "lvl": 100, "literal level": "IRON III", "time": 1574, "solokills_t": 0.011435832274459974, "kills_t": 0.042566709021601014, "kp": 0.4276576576576576, "deaths_t": 0.04383735705209657, "assists_t": 0.04891994917407878, "csscore_t": 0.6378653113087674, "teamgold_t": 63.979669631512074, "vision_score_t": 0.613902547318489, "wards_placed_t": 0.053367217280813214, "gold_graph_diffs_t": 12.688691232528589}