{"id": "EUN1_3581644012", "lvl": 400, "literal level": "BRONZE IV", "time": 2079, "solokills_t": 0.011544011544011544, "kills_t": 0.0456950456950457, "kp": 0.42719298245614035, "deaths_t": 0.0456950456950457, "assists_t": 0.05339105339105339, "csscore_t": 0.7417027417027418, "teamgold_t": 69.62578162578163, "vision_score_t": 0.7537040362505284, "wards_placed_t": 0.061087061087061086, "gold_graph_diffs_t": 16.036556036556036}