{"id": "EUN1_3567453854", "lvl": 200, "literal level": "IRON II", "time": 2401, "solokills_t": 0.009995835068721367, "kills_t": 0.036651395251978344, "kp": 0.41137521222410867, "deaths_t": 0.036651395251978344, "assists_t": 0.04039983340274885, "csscore_t": 0.749271137026239, "teamgold_t": 63.716368179925034, "vision_score_t": 0.8089080632429605, "wards_placed_t": 0.05206164098292378, "gold_graph_diffs_t": 14.041232819658475}