{"id": "EUN1_3572825731", "lvl": 200, "literal level": "IRON II", "time": 1329, "solokills_t": 0.014296463506395787, "kills_t": 0.04589917231000752, "kp": 0.3772036474164134, "deaths_t": 0.04589917231000752, "assists_t": 0.04138449962377728, "csscore_t": 0.6922498118886381, "teamgold_t": 65.98269375470278, "vision_score_t": 0.6496046923766892, "wards_placed_t": 0.05568096313017306, "gold_graph_diffs_t": 18.11813393528969}