{"id": "EUN1_3542735665", "lvl": 300, "literal level": "IRON I", "time": 1618, "solokills_t": 0.016069221260815822, "kills_t": 0.030284301606922127, "kp": 0.3417562724014337, "deaths_t": 0.030902348578491966, "assists_t": 0.022249690976514216, "csscore_t": 0.7484548825710754, "teamgold_t": 58.03955500618047, "vision_score_t": 0.44755906994726835, "wards_placed_t": 0.040173053152039555, "gold_graph_diffs_t": 14.454882571075402}