{"id": "EUN1_3551188308", "lvl": 700, "literal level": "BRONZE I", "time": 2003, "solokills_t": 0.014478282576135796, "kills_t": 0.040938592111832255, "kp": 0.3585, "deaths_t": 0.040938592111832255, "assists_t": 0.03394907638542187, "csscore_t": 0.7758362456315526, "teamgold_t": 68.01747378931603, "vision_score_t": 0.8003798864284185, "wards_placed_t": 0.06340489266100849, "gold_graph_diffs_t": 12.024463305042437}