{"id": "EUN1_3561059066", "lvl": 300, "literal level": "IRON I", "time": 2031, "solokills_t": 0.008862629246676515, "kills_t": 0.033973412112259974, "kp": 0.42153846153846153, "deaths_t": 0.034465780403742, "assists_t": 0.03840472673559823, "csscore_t": 0.6292466765140325, "teamgold_t": 60.35499753815854, "vision_score_t": 0.8669829902595204, "wards_placed_t": 0.05760709010339734, "gold_graph_diffs_t": 12.157065484982768}