{"id": "EUN1_3580969899", "lvl": 500, "literal level": "BRONZE III", "time": 1634, "solokills_t": 0.0055079559363525096, "kills_t": 0.037943696450428395, "kp": 0.4655518394648829, "deaths_t": 0.038555691554467565, "assists_t": 0.05018359853121175, "csscore_t": 0.7074663402692778, "teamgold_t": 64.66585067319461, "vision_score_t": 0.6264337236823763, "wards_placed_t": 0.052019583843329255, "gold_graph_diffs_t": 16.074663402692778}