{"id": "EUN1_3573071704", "lvl": 100, "literal level": "IRON III", "time": 1753, "solokills_t": 0.00912721049629207, "kills_t": 0.032515687393040504, "kp": 0.4279220779220779, "deaths_t": 0.032515687393040504, "assists_t": 0.037079292641186534, "csscore_t": 0.7410154021677124, "teamgold_t": 63.32002281802624, "vision_score_t": 0.7134687075595143, "wards_placed_t": 0.061038220193953226, "gold_graph_diffs_t": 14.837421563034798}