{"id": "EUN1_3542642358", "lvl": 200, "literal level": "IRON II", "time": 1818, "solokills_t": 0.014301430143014302, "kills_t": 0.03905390539053905, "kp": 0.41057692307692306, "deaths_t": 0.03905390539053905, "assists_t": 0.041804180418041806, "csscore_t": 0.6628162816281629, "teamgold_t": 60.08195819581958, "vision_score_t": 0.6121133981164719, "wards_placed_t": 0.05005500550055005, "gold_graph_diffs_t": 9.524202420242025}