{"id": "EUN1_3576498168", "lvl": 200, "literal level": "IRON II", "time": 1789, "solokills_t": 0.0184460592509782, "kills_t": 0.045276690888764674, "kp": 0.34668335419274093, "deaths_t": 0.045835662381218556, "assists_t": 0.03297931805477921, "csscore_t": 0.6299608719955282, "teamgold_t": 63.37898267188373, "vision_score_t": 0.6310177555181404, "wards_placed_t": 0.05869200670765791, "gold_graph_diffs_t": 11.287311347121296}