{"id": "EUN1_3548169823", "lvl": 200, "literal level": "IRON II", "time": 2013, "solokills_t": 0.01092896174863388, "kills_t": 0.050173869846000994, "kp": 0.4151587301587301, "deaths_t": 0.050173869846000994, "assists_t": 0.05414803775459513, "csscore_t": 0.624441132637854, "teamgold_t": 69.53551912568307, "vision_score_t": 0.6789428729993134, "wards_placed_t": 0.05365126676602087, "gold_graph_diffs_t": 16.050173869846002}