{"id": "EUN1_3547904732", "lvl": 200, "literal level": "IRON II", "time": 1985, "solokills_t": 0.012594458438287154, "kills_t": 0.042821158690176324, "kp": 0.4207871396895787, "deaths_t": 0.042821158690176324, "assists_t": 0.0473551637279597, "csscore_t": 0.5984886649874055, "teamgold_t": 64.40554156171285, "vision_score_t": 0.9376846671231418, "wards_placed_t": 0.07607052896725441, "gold_graph_diffs_t": 14.209068010075567}