{"id": "EUN1_3552343255", "lvl": 400, "literal level": "BRONZE IV", "time": 1555, "solokills_t": 0.006430868167202572, "kills_t": 0.0360128617363344, "kp": 0.4893939393939394, "deaths_t": 0.0360128617363344, "assists_t": 0.047588424437299034, "csscore_t": 0.6771704180064309, "teamgold_t": 61.755627009646304, "vision_score_t": 0.5729504657940814, "wards_placed_t": 0.04565916398713826, "gold_graph_diffs_t": 15.089389067524115}