{"id": "EUN1_3575331076", "lvl": 1800, "literal level": "PLATINUM II", "time": 2209, "solokills_t": 0.010864644635581712, "kills_t": 0.034404708012675415, "kp": 0.4003484320557492, "deaths_t": 0.034404708012675415, "assists_t": 0.03485740153915799, "csscore_t": 0.8976912630149388, "teamgold_t": 66.13671344499774, "vision_score_t": 0.9946399823586392, "wards_placed_t": 0.07605251244907198, "gold_graph_diffs_t": 12.72702580353101}