{"id": "EUN1_3572770836", "lvl": 1700, "literal level": "PLATINUM III", "time": 2458, "solokills_t": 0.0052888527257933275, "kills_t": 0.02807160292921074, "kp": 0.4976351351351352, "deaths_t": 0.02807160292921074, "assists_t": 0.04149715215622457, "csscore_t": 0.8441822620016274, "teamgold_t": 63.087876322213184, "vision_score_t": 0.9559325003863371, "wards_placed_t": 0.06631407648494711, "gold_graph_diffs_t": 11.401952807160294}