{"id": "EUN1_3572463480", "lvl": 1600, "literal level": "PLATINUM IV", "time": 1987, "solokills_t": 0.0055359838953195776, "kills_t": 0.035228988424760944, "kp": 0.48452481076534903, "deaths_t": 0.035732259687971814, "assists_t": 0.051836940110719675, "csscore_t": 0.8012078510317061, "teamgold_t": 63.52491192752894, "vision_score_t": 1.0091456452316225, "wards_placed_t": 0.06995470558631102, "gold_graph_diffs_t": 14.571716155007548}