{"id": "EUN1_3584175668", "lvl": 1000, "literal level": "SILVER II", "time": 1556, "solokills_t": 0.010282776349614395, "kills_t": 0.036632390745501286, "kp": 0.39095238095238094, "deaths_t": 0.036632390745501286, "assists_t": 0.03534704370179949, "csscore_t": 0.7949871465295629, "teamgold_t": 65.05077120822622, "vision_score_t": 0.7278093285210285, "wards_placed_t": 0.05398457583547558, "gold_graph_diffs_t": 12.360539845758355}