{"id": "EUN1_3576972484", "lvl": 1400, "literal level": "GOLD II", "time": 2042, "solokills_t": 0.00930460333006856, "kills_t": 0.03281096963761019, "kp": 0.46542857142857147, "deaths_t": 0.03281096963761019, "assists_t": 0.042605288932419196, "csscore_t": 0.8168462291870715, "teamgold_t": 63.63467189030362, "vision_score_t": 0.860371869195097, "wards_placed_t": 0.06758080313418217, "gold_graph_diffs_t": 14.229187071498531}