{"id": "EUN1_3572166428", "lvl": 1300, "literal level": "GOLD III", "time": 1573, "solokills_t": 0.007628734901462174, "kills_t": 0.034329307056579786, "kp": 0.4292613636363637, "deaths_t": 0.034329307056579786, "assists_t": 0.03941513032422123, "csscore_t": 0.764780673871583, "teamgold_t": 63.02097902097902, "vision_score_t": 0.7642286370468279, "wards_placed_t": 0.055944055944055944, "gold_graph_diffs_t": 11.917355371900827}