{"id": "EUN1_3549225128", "lvl": 1800, "literal level": "PLATINUM II", "time": 1191, "solokills_t": 0.011754827875734676, "kills_t": 0.036943744752308987, "kp": 0.5395833333333334, "deaths_t": 0.036943744752308987, "assists_t": 0.056255247691015954, "csscore_t": 0.7657430730478589, "teamgold_t": 65.3568429890848, "vision_score_t": 0.8069365767880452, "wards_placed_t": 0.055415617128463476, "gold_graph_diffs_t": 16.21998320738875}