{"id": "EUN1_3583207703", "lvl": 1600, "literal level": "PLATINUM IV", "time": 1117, "solokills_t": 0.008057296329453895, "kills_t": 0.03312444046553268, "kp": 0.4064516129032258, "deaths_t": 0.03312444046553268, "assists_t": 0.03491495076096687, "csscore_t": 0.855863921217547, "teamgold_t": 64.30438675022381, "vision_score_t": 0.7735347313321732, "wards_placed_t": 0.05461056401074306, "gold_graph_diffs_t": 15.452103849597135}