{"id": "EUN1_3586267441", "lvl": 1600, "literal level": "PLATINUM IV", "time": 1802, "solokills_t": 0.013318534961154272, "kills_t": 0.04273029966703663, "kp": 0.4583710407239819, "deaths_t": 0.04328523862375139, "assists_t": 0.0560488346281909, "csscore_t": 0.7136514983351832, "teamgold_t": 67.98113207547169, "vision_score_t": 1.0559997603243083, "wards_placed_t": 0.06881243063263041, "gold_graph_diffs_t": 13.955604883462819}