{"id": "EUN1_3579957911", "lvl": 1700, "literal level": "PLATINUM III", "time": 1991, "solokills_t": 0.011049723756906077, "kills_t": 0.03515821195379206, "kp": 0.4142136248948697, "deaths_t": 0.03515821195379206, "assists_t": 0.03766951280763436, "csscore_t": 0.8106479156202913, "teamgold_t": 65.89050728277248, "vision_score_t": 1.0284924393320853, "wards_placed_t": 0.06981416373681568, "gold_graph_diffs_t": 13.950778503264692}