{"id": "EUN1_3566649636", "lvl": 1700, "literal level": "PLATINUM III", "time": 1691, "solokills_t": 0.010053222945002957, "kills_t": 0.02956830277942046, "kp": 0.3865874363327674, "deaths_t": 0.02956830277942046, "assists_t": 0.02897693672383205, "csscore_t": 0.8693081017149615, "teamgold_t": 63.34299231224128, "vision_score_t": 0.7791795007336385, "wards_placed_t": 0.05322294500295683, "gold_graph_diffs_t": 11.871673565937316}