{"id": "EUN1_3570338245", "lvl": 1200, "literal level": "GOLD IV", "time": 1930, "solokills_t": 0.00932642487046632, "kills_t": 0.054404145077720206, "kp": 0.4946153846153846, "deaths_t": 0.05544041450777202, "assists_t": 0.0772020725388601, "csscore_t": 0.7637305699481866, "teamgold_t": 71.68704663212435, "vision_score_t": 0.6989325523219826, "wards_placed_t": 0.05181347150259067, "gold_graph_diffs_t": 12.766839378238341}