{"id": "EUN1_3562490943", "lvl": 1700, "literal level": "PLATINUM III", "time": 971, "solokills_t": 0.009268795056642637, "kills_t": 0.03192584963954686, "kp": 0.39345238095238094, "deaths_t": 0.03192584963954686, "assists_t": 0.027806385169927908, "csscore_t": 0.82389289392379, "teamgold_t": 62.09680741503605, "vision_score_t": 0.7025524718523337, "wards_placed_t": 0.05252317198764161, "gold_graph_diffs_t": 11.532440782698249}