{"id": "EUN1_3581709323", "lvl": 1700, "literal level": "PLATINUM III", "time": 1917, "solokills_t": 0.010954616588419406, "kills_t": 0.038601982263954095, "kp": 0.44366576819407016, "deaths_t": 0.038601982263954095, "assists_t": 0.04590505998956703, "csscore_t": 0.7678664580073031, "teamgold_t": 63.7339593114241, "vision_score_t": 0.8296346797644562, "wards_placed_t": 0.056859676577986434, "gold_graph_diffs_t": 15.775691184141888}