{"id": "EUN1_3583373952", "lvl": 1700, "literal level": "PLATINUM III", "time": 2030, "solokills_t": 0.0064039408866995075, "kills_t": 0.03940886699507389, "kp": 0.5101938711694809, "deaths_t": 0.03940886699507389, "assists_t": 0.061083743842364535, "csscore_t": 0.7103448275862069, "teamgold_t": 65.44876847290641, "vision_score_t": 0.7589286048492279, "wards_placed_t": 0.04876847290640394, "gold_graph_diffs_t": 10.706896551724139}