{"id": "EUN1_3546849796", "lvl": 1300, "literal level": "GOLD III", "time": 2378, "solokills_t": 0.008830950378469302, "kills_t": 0.030277544154751892, "kp": 0.4221276595744681, "deaths_t": 0.030277544154751892, "assists_t": 0.03280067283431455, "csscore_t": 0.9066442388561816, "teamgold_t": 65.67073170731707, "vision_score_t": 0.800653610533345, "wards_placed_t": 0.051303616484440706, "gold_graph_diffs_t": 12.364592094196803}