{"id": "EUN1_3578210680", "lvl": 1800, "literal level": "PLATINUM II", "time": 2784, "solokills_t": 0.007543103448275862, "kills_t": 0.031609195402298854, "kp": 0.4332641411520498, "deaths_t": 0.031609195402298854, "assists_t": 0.03627873563218391, "csscore_t": 0.9066091954022989, "teamgold_t": 65.42277298850574, "vision_score_t": 1.0593064992602208, "wards_placed_t": 0.06824712643678162, "gold_graph_diffs_t": 12.570043103448276}