{"id": "EUN1_3580311108", "lvl": 1400, "literal level": "GOLD II", "time": 2425, "solokills_t": 0.006597938144329897, "kills_t": 0.03711340206185567, "kp": 0.47633860275369705, "deaths_t": 0.03711340206185567, "assists_t": 0.052371134020618555, "csscore_t": 0.8144329896907216, "teamgold_t": 67.67876288659794, "vision_score_t": 0.905520773283414, "wards_placed_t": 0.06391752577319587, "gold_graph_diffs_t": 16.01360824742268}