{"id": "EUN1_3575113617", "lvl": 1900, "literal level": "PLATINUM I", "time": 1759, "solokills_t": 0.01023308698123934, "kills_t": 0.03411028993746447, "kp": 0.3834260289210234, "deaths_t": 0.03411028993746447, "assists_t": 0.03126776577600909, "csscore_t": 0.8641273450824332, "teamgold_t": 67.34678794769755, "vision_score_t": 0.8279440209695883, "wards_placed_t": 0.06651506537805571, "gold_graph_diffs_t": 10.556566230812962}