{"id": "EUN1_3564305052", "lvl": 1300, "literal level": "GOLD III", "time": 1998, "solokills_t": 0.01001001001001001, "kills_t": 0.04704704704704705, "kp": 0.48236130867709814, "deaths_t": 0.04704704704704705, "assists_t": 0.06756756756756757, "csscore_t": 0.7457457457457457, "teamgold_t": 68.76426426426427, "vision_score_t": 0.9166635903396599, "wards_placed_t": 0.06256256256256257, "gold_graph_diffs_t": 16.24974974974975}