{"id": "EUN1_3556357996", "lvl": 1800, "literal level": "PLATINUM II", "time": 1674, "solokills_t": 0.019115890083632018, "kills_t": 0.04958183990442055, "kp": 0.3670955882352941, "deaths_t": 0.04958183990442055, "assists_t": 0.04062126642771804, "csscore_t": 0.7945041816009558, "teamgold_t": 70.6726403823178, "vision_score_t": 0.9176233915714992, "wards_placed_t": 0.05854241338112306, "gold_graph_diffs_t": 13.405017921146953}