{"id": "EUN1_3557998816", "lvl": 1400, "literal level": "GOLD II", "time": 1379, "solokills_t": 0.005076142131979695, "kills_t": 0.02973168963016679, "kp": 0.5021978021978023, "deaths_t": 0.02973168963016679, "assists_t": 0.04713560551124003, "csscore_t": 0.7824510514865844, "teamgold_t": 62.0891950688905, "vision_score_t": 0.8762476013864451, "wards_placed_t": 0.06091370558375635, "gold_graph_diffs_t": 14.781000725163162}