{"id": "EUN1_3562680658", "lvl": 2100, "literal level": "EMERALD III", "time": 1743, "solokills_t": 0.008032128514056224, "kills_t": 0.03843947217441193, "kp": 0.43303571428571425, "deaths_t": 0.03901319563970167, "assists_t": 0.04475043029259897, "csscore_t": 0.8777969018932874, "teamgold_t": 68.64142283419392, "vision_score_t": 0.9270495975894377, "wards_placed_t": 0.0642570281124498, "gold_graph_diffs_t": 16.80665519219736}