{"id": "EUN1_3577709457", "lvl": 1400, "literal level": "GOLD II", "time": 1758, "solokills_t": 0.00739476678043231, "kills_t": 0.027872582480091012, "kp": 0.44642857142857145, "deaths_t": 0.027872582480091012, "assists_t": 0.03299203640500569, "csscore_t": 0.9277588168373151, "teamgold_t": 63.68600682593857, "vision_score_t": 0.8297616001411029, "wards_placed_t": 0.059726962457337884, "gold_graph_diffs_t": 14.246871444823663}