{"id": "EUN1_3585133430", "lvl": 1800, "literal level": "PLATINUM II", "time": 1853, "solokills_t": 0.011872638963842417, "kills_t": 0.0496492174851592, "kp": 0.43779448621553885, "deaths_t": 0.0496492174851592, "assists_t": 0.057204533189422556, "csscore_t": 0.788451160280626, "teamgold_t": 71.87479762547221, "vision_score_t": 0.8463103736097206, "wards_placed_t": 0.06260118726389638, "gold_graph_diffs_t": 14.341068537506747}