{"id": "EUN1_3573076494", "lvl": 1800, "literal level": "PLATINUM II", "time": 1686, "solokills_t": 0.008896797153024912, "kills_t": 0.03855278766310795, "kp": 0.4319238900634249, "deaths_t": 0.03855278766310795, "assists_t": 0.04329774614472123, "csscore_t": 0.858244365361803, "teamgold_t": 67.37247924080664, "vision_score_t": 0.7697165013578975, "wards_placed_t": 0.05041518386714116, "gold_graph_diffs_t": 11.823250296559905}