{"id": "EUN1_3565927554", "lvl": 1800, "literal level": "PLATINUM II", "time": 1478, "solokills_t": 0.014208389715832206, "kills_t": 0.04330175913396482, "kp": 0.397997997997998, "deaths_t": 0.04330175913396482, "assists_t": 0.04330175913396482, "csscore_t": 0.7875507442489851, "teamgold_t": 67.76657645466847, "vision_score_t": 0.7712545265113429, "wards_placed_t": 0.061569688768606225, "gold_graph_diffs_t": 14.53382949932341}