{"id": "EUN1_3572358837", "lvl": 2000, "literal level": "EMERALD IV", "time": 1539, "solokills_t": 0.010396361273554255, "kills_t": 0.037037037037037035, "kp": 0.4416666666666667, "deaths_t": 0.037037037037037035, "assists_t": 0.04548408057179987, "csscore_t": 0.8115659519168291, "teamgold_t": 65.85510071474984, "vision_score_t": 0.8436176553013087, "wards_placed_t": 0.06692657569850552, "gold_graph_diffs_t": 12.797270955165692}