{"id": "EUN1_3578310924", "lvl": 1600, "literal level": "PLATINUM IV", "time": 1559, "solokills_t": 0.006414368184733804, "kills_t": 0.02052597819114817, "kp": 0.4541666666666667, "deaths_t": 0.02245028864656831, "assists_t": 0.02245028864656831, "csscore_t": 0.8890314304041051, "teamgold_t": 59.5227710070558, "vision_score_t": 0.8410660830521154, "wards_placed_t": 0.055805003207184095, "gold_graph_diffs_t": 12.034637588197562}