{"id": "EUN1_3569221751", "lvl": 1400, "literal level": "GOLD II", "time": 2261, "solokills_t": 0.013710747456877488, "kills_t": 0.04643962848297214, "kp": 0.44114778694673673, "deaths_t": 0.04688191065900044, "assists_t": 0.054400707651481646, "csscore_t": 0.8031844316674038, "teamgold_t": 72.50375939849624, "vision_score_t": 0.9957642496739878, "wards_placed_t": 0.06457319770013269, "gold_graph_diffs_t": 15.308712958867758}