{"id": "EUN1_3564803078", "lvl": 1900, "literal level": "PLATINUM I", "time": 1659, "solokills_t": 0.012055455093429777, "kills_t": 0.044002411091018684, "kp": 0.4136434108527133, "deaths_t": 0.044002411091018684, "assists_t": 0.04701627486437613, "csscore_t": 0.8137432188065099, "teamgold_t": 71.35563592525618, "vision_score_t": 0.9480540412101508, "wards_placed_t": 0.06570223025919228, "gold_graph_diffs_t": 15.019288728149487}