{"id": "EUN1_3571732558", "lvl": 1800, "literal level": "PLATINUM II", "time": 1661, "solokills_t": 0.007224563515954244, "kills_t": 0.036122817579771226, "kp": 0.4732057416267942, "deaths_t": 0.036122817579771226, "assists_t": 0.054184226369656835, "csscore_t": 0.8217940999397954, "teamgold_t": 65.7423239012643, "vision_score_t": 1.015840029587189, "wards_placed_t": 0.059602649006622516, "gold_graph_diffs_t": 15.28476821192053}