{"id": "EUN1_3564627516", "lvl": 1900, "literal level": "PLATINUM I", "time": 2495, "solokills_t": 0.0036072144288577155, "kills_t": 0.031663326653306616, "kp": 0.5025032938076416, "deaths_t": 0.031663326653306616, "assists_t": 0.049298597194388775, "csscore_t": 0.8673346693386773, "teamgold_t": 66.17354709418838, "vision_score_t": 1.0530706246849366, "wards_placed_t": 0.06653306613226453, "gold_graph_diffs_t": 14.749899799599199}