{"id": "EUN1_3581428233", "lvl": 1500, "literal level": "GOLD I", "time": 2064, "solokills_t": 0.008236434108527133, "kills_t": 0.03197674418604651, "kp": 0.4610902255639098, "deaths_t": 0.03197674418604651, "assists_t": 0.041666666666666664, "csscore_t": 0.811046511627907, "teamgold_t": 64.1749031007752, "vision_score_t": 0.9393663839040185, "wards_placed_t": 0.06686046511627906, "gold_graph_diffs_t": 11.742732558139535}