{"id": "EUN1_3575093225", "lvl": 1900, "literal level": "PLATINUM I", "time": 1860, "solokills_t": 0.003763440860215054, "kills_t": 0.02903225806451613, "kp": 0.5164502164502164, "deaths_t": 0.02903225806451613, "assists_t": 0.0478494623655914, "csscore_t": 0.8741935483870967, "teamgold_t": 61.85215053763441, "vision_score_t": 1.0137818271891406, "wards_placed_t": 0.07096774193548387, "gold_graph_diffs_t": 11.140322580645162}