{"id": "EUN1_3586186523", "lvl": 1500, "literal level": "GOLD I", "time": 2076, "solokills_t": 0.01300578034682081, "kills_t": 0.03757225433526012, "kp": 0.3910526315789473, "deaths_t": 0.03757225433526012, "assists_t": 0.036127167630057806, "csscore_t": 0.8689788053949904, "teamgold_t": 69.57225433526011, "vision_score_t": 0.8945553752002187, "wards_placed_t": 0.05539499036608863, "gold_graph_diffs_t": 14.78709055876686}