{"id": "EUN1_3576908963", "lvl": 1600, "literal level": "PLATINUM IV", "time": 1386, "solokills_t": 0.011544011544011544, "kills_t": 0.04401154401154401, "kp": 0.4155773420479303, "deaths_t": 0.04401154401154401, "assists_t": 0.046897546897546896, "csscore_t": 0.8982683982683982, "teamgold_t": 69.77633477633478, "vision_score_t": 0.9171455102902184, "wards_placed_t": 0.06493506493506493, "gold_graph_diffs_t": 10.893217893217892}