{"id": "EUN1_3573504465", "lvl": 1800, "literal level": "PLATINUM II", "time": 1990, "solokills_t": 0.013567839195979899, "kills_t": 0.03919597989949749, "kp": 0.4075714285714286, "deaths_t": 0.04020100502512563, "assists_t": 0.0407035175879397, "csscore_t": 0.9396984924623115, "teamgold_t": 69.89698492462311, "vision_score_t": 0.9486778515350183, "wards_placed_t": 0.06984924623115578, "gold_graph_diffs_t": 14.247738693467337}