{"id": "EUN1_3578083824", "lvl": 1700, "literal level": "PLATINUM III", "time": 2013, "solokills_t": 0.009935419771485345, "kills_t": 0.043219076005961254, "kp": 0.4642629904559915, "deaths_t": 0.043219076005961254, "assists_t": 0.05663189269746647, "csscore_t": 0.7809239940387481, "teamgold_t": 69.57327372081471, "vision_score_t": 0.9725808687442374, "wards_placed_t": 0.06557377049180328, "gold_graph_diffs_t": 14.887729756582216}