{"id": "EUN1_3577252194", "lvl": 1500, "literal level": "GOLD I", "time": 1313, "solokills_t": 0.009900990099009901, "kills_t": 0.039603960396039604, "kp": 0.4397849462365591, "deaths_t": 0.039603960396039604, "assists_t": 0.046458492003046456, "csscore_t": 0.7837014470677837, "teamgold_t": 67.2056359482102, "vision_score_t": 0.8581962304192536, "wards_placed_t": 0.06473724295506474, "gold_graph_diffs_t": 14.727341964965728}