{"id": "EUN1_3582779234", "lvl": 1200, "literal level": "GOLD IV", "time": 1380, "solokills_t": 0.013043478260869565, "kills_t": 0.035507246376811595, "kp": 0.375, "deaths_t": 0.035507246376811595, "assists_t": 0.031159420289855074, "csscore_t": 0.7695652173913043, "teamgold_t": 65.00144927536232, "vision_score_t": 0.6898889138711205, "wards_placed_t": 0.04492753623188406, "gold_graph_diffs_t": 15.368115942028986}