{"id": "EUN1_3584108981", "lvl": 1600, "literal level": "PLATINUM IV", "time": 1474, "solokills_t": 0.0101763907734057, "kills_t": 0.03324287652645862, "kp": 0.42156862745098034, "deaths_t": 0.03459972862957938, "assists_t": 0.033921302578018994, "csscore_t": 0.8351424694708277, "teamgold_t": 64.12279511533242, "vision_score_t": 0.64785528120734, "wards_placed_t": 0.045454545454545456, "gold_graph_diffs_t": 13.619402985074627}