{"id": "EUN1_3579153203", "lvl": 1600, "literal level": "PLATINUM IV", "time": 1694, "solokills_t": 0.004722550177095631, "kills_t": 0.025974025974025976, "kp": 0.5260683760683761, "deaths_t": 0.025974025974025976, "assists_t": 0.04427390791027155, "csscore_t": 0.8382526564344747, "teamgold_t": 60.42798110979929, "vision_score_t": 0.8211774194696329, "wards_placed_t": 0.06611570247933884, "gold_graph_diffs_t": 11.087957497048405}