{"id": "EUN1_3564127479", "lvl": 1900, "literal level": "PLATINUM I", "time": 2177, "solokills_t": 0.008268259072117593, "kills_t": 0.03536977491961415, "kp": 0.4305049088359046, "deaths_t": 0.035829122645842905, "assists_t": 0.042259990813045475, "csscore_t": 0.926963711529628, "teamgold_t": 68.48920532843363, "vision_score_t": 1.0145806901889358, "wards_placed_t": 0.0633899862195682, "gold_graph_diffs_t": 12.950390445567294}