{"id": "EUN1_3560192330", "lvl": 2000, "literal level": "EMERALD IV", "time": 1673, "solokills_t": 0.008368200836820083, "kills_t": 0.03825463239689181, "kp": 0.4132890365448505, "deaths_t": 0.03825463239689181, "assists_t": 0.045427375971309025, "csscore_t": 0.8643156007172743, "teamgold_t": 68.60131500298864, "vision_score_t": 0.9368661041169071, "wards_placed_t": 0.06814106395696354, "gold_graph_diffs_t": 10.902570233114167}