{"id": "EUN1_3586373014", "lvl": 1600, "literal level": "PLATINUM IV", "time": 1863, "solokills_t": 0.007514761137949544, "kills_t": 0.040257648953301126, "kp": 0.5247863247863249, "deaths_t": 0.040257648953301126, "assists_t": 0.06548577563070317, "csscore_t": 0.8421900161030595, "teamgold_t": 70.02308105206656, "vision_score_t": 0.9302343807149451, "wards_placed_t": 0.06494900697799248, "gold_graph_diffs_t": 14.744498121309716}