{"id": "EUN1_3566667621", "lvl": 1700, "literal level": "PLATINUM III", "time": 2045, "solokills_t": 0.006356968215158924, "kills_t": 0.037163814180929094, "kp": 0.5112044817927172, "deaths_t": 0.037163814180929094, "assists_t": 0.05770171149144254, "csscore_t": 0.8185819070904645, "teamgold_t": 65.96088019559902, "vision_score_t": 0.9270027435520382, "wards_placed_t": 0.06650366748166259, "gold_graph_diffs_t": 14.593643031784842}