{"id": "EUN1_3581992663", "lvl": 1500, "literal level": "GOLD I", "time": 2192, "solokills_t": 0.015967153284671534, "kills_t": 0.055656934306569344, "kp": 0.41759784075573547, "deaths_t": 0.05611313868613139, "assists_t": 0.06113138686131387, "csscore_t": 0.7144160583941606, "teamgold_t": 72.6455291970803, "vision_score_t": 0.7830094880407213, "wards_placed_t": 0.05291970802919708, "gold_graph_diffs_t": 18.084397810218977}