{"id": "EUN1_3558505547", "lvl": 1200, "literal level": "GOLD IV", "time": 1671, "solokills_t": 0.009575104727707959, "kills_t": 0.03052064631956912, "kp": 0.425, "deaths_t": 0.03052064631956912, "assists_t": 0.03770197486535009, "csscore_t": 0.7965290245362059, "teamgold_t": 60.86774386594853, "vision_score_t": 0.8652556793975918, "wards_placed_t": 0.06223818073010173, "gold_graph_diffs_t": 14.272890484739676}