{"id": "EUN1_3552165890", "lvl": 1900, "literal level": "PLATINUM I", "time": 1991, "solokills_t": 0.011551983927674536, "kills_t": 0.03415369161225515, "kp": 0.40138888888888885, "deaths_t": 0.03415369161225515, "assists_t": 0.03415369161225515, "csscore_t": 0.8262179809141135, "teamgold_t": 64.18834756403817, "vision_score_t": 0.905251065849326, "wards_placed_t": 0.05926670015067805, "gold_graph_diffs_t": 12.200401808136615}