{"id": "EUN1_3573719557", "lvl": 1800, "literal level": "PLATINUM II", "time": 2274, "solokills_t": 0.011433597185576077, "kills_t": 0.03913808267370272, "kp": 0.4260577915376677, "deaths_t": 0.03913808267370272, "assists_t": 0.04573438874230431, "csscore_t": 0.8372911169744943, "teamgold_t": 68.14555848724714, "vision_score_t": 1.066428487026601, "wards_placed_t": 0.06156552330694811, "gold_graph_diffs_t": 15.924802110817941}