{"id": "EUN1_3569562464", "lvl": 1800, "literal level": "PLATINUM II", "time": 2385, "solokills_t": 0.010482180293501049, "kills_t": 0.03689727463312369, "kp": 0.4458592132505176, "deaths_t": 0.03689727463312369, "assists_t": 0.04570230607966457, "csscore_t": 0.859958071278826, "teamgold_t": 67.60796645702307, "vision_score_t": 1.184478423140035, "wards_placed_t": 0.08721174004192872, "gold_graph_diffs_t": 14.339203354297695}