{"id": "EUN1_3572822413", "lvl": 1800, "literal level": "PLATINUM II", "time": 2076, "solokills_t": 0.008188824662813102, "kills_t": 0.036608863198458574, "kp": 0.4844927536231884, "deaths_t": 0.036608863198458574, "assists_t": 0.04865125240847784, "csscore_t": 0.8945086705202312, "teamgold_t": 68.74036608863199, "vision_score_t": 0.7479819790530376, "wards_placed_t": 0.051059730250481696, "gold_graph_diffs_t": 13.732658959537572}