{"id": "EUN1_3577546159", "lvl": 1700, "literal level": "PLATINUM III", "time": 1761, "solokills_t": 0.005110732538330494, "kills_t": 0.04145371947756956, "kp": 0.4672727272727273, "deaths_t": 0.04145371947756956, "assists_t": 0.055650198750709826, "csscore_t": 0.7688813174332766, "teamgold_t": 69.17433276547416, "vision_score_t": 0.9268885890179103, "wards_placed_t": 0.059057353776263484, "gold_graph_diffs_t": 15.995457126632596}