{"id": "EUN1_3578070370", "lvl": 1600, "literal level": "PLATINUM IV", "time": 1224, "solokills_t": 0.008986928104575163, "kills_t": 0.03839869281045752, "kp": 0.461038961038961, "deaths_t": 0.03839869281045752, "assists_t": 0.04820261437908497, "csscore_t": 0.8578431372549019, "teamgold_t": 67.5547385620915, "vision_score_t": 0.8127808704286033, "wards_placed_t": 0.06699346405228758, "gold_graph_diffs_t": 16.659313725490197}