{"id": "EUN1_3576963817", "lvl": 1700, "literal level": "PLATINUM III", "time": 1979, "solokills_t": 0.007074279939363315, "kills_t": 0.04194037392622536, "kp": 0.4830817610062893, "deaths_t": 0.04244567963617989, "assists_t": 0.057604850934815564, "csscore_t": 0.7761495704901465, "teamgold_t": 68.8878221323901, "vision_score_t": 0.8245952693516727, "wards_placed_t": 0.05659423951490652, "gold_graph_diffs_t": 13.400202122283982}