{"id": "EUN1_3550495834", "lvl": 1700, "literal level": "PLATINUM III", "time": 2642, "solokills_t": 0.00757002271006813, "kills_t": 0.03785011355034065, "kp": 0.4666266506602642, "deaths_t": 0.03785011355034065, "assists_t": 0.050340651021953065, "csscore_t": 0.8205904617713853, "teamgold_t": 66.95041635124906, "vision_score_t": 0.988375690320121, "wards_placed_t": 0.06585919757759273, "gold_graph_diffs_t": 11.665026495079486}