{"id": "EUN1_3570412200", "lvl": 1500, "literal level": "GOLD I", "time": 2262, "solokills_t": 0.007073386383731211, "kills_t": 0.044650751547303275, "kp": 0.4899515738498789, "deaths_t": 0.044650751547303275, "assists_t": 0.06542882404951371, "csscore_t": 0.8359858532272325, "teamgold_t": 70.30901856763926, "vision_score_t": 0.9233786108353599, "wards_placed_t": 0.06321839080459771, "gold_graph_diffs_t": 14.208222811671087}