{"id": "EUN1_3558506072", "lvl": 1800, "literal level": "PLATINUM II", "time": 1806, "solokills_t": 0.008305647840531562, "kills_t": 0.03765227021040975, "kp": 0.45807017543859657, "deaths_t": 0.03765227021040975, "assists_t": 0.04928017718715393, "csscore_t": 0.8372093023255814, "teamgold_t": 67.30177187153932, "vision_score_t": 0.96766929302953, "wards_placed_t": 0.06090808416389812, "gold_graph_diffs_t": 16.338316722037654}