{"id": "EUN1_3578775429", "lvl": 1900, "literal level": "PLATINUM I", "time": 1774, "solokills_t": 0.010710259301014656, "kills_t": 0.050169109357384445, "kp": 0.46697061803444784, "deaths_t": 0.050169109357384445, "assists_t": 0.06764374295377677, "csscore_t": 0.7722660653889515, "teamgold_t": 72.108793686584, "vision_score_t": 0.9266660487086609, "wards_placed_t": 0.0636978579481398, "gold_graph_diffs_t": 13.859639233370913}