{"id": "EUN1_3557452353", "lvl": 1800, "literal level": "PLATINUM II", "time": 730, "solokills_t": 0.005479452054794521, "kills_t": 0.0273972602739726, "kp": 0.39, "deaths_t": 0.0273972602739726, "assists_t": 0.026027397260273973, "csscore_t": 0.678082191780822, "teamgold_t": 56.15890410958904, "vision_score_t": 0.6023654404771096, "wards_placed_t": 0.04794520547945205, "gold_graph_diffs_t": 6.673972602739726}