{"id": "EUN1_3566166966", "lvl": 1800, "literal level": "PLATINUM II", "time": 1981, "solokills_t": 0.007067137809187279, "kills_t": 0.03937405350832913, "kp": 0.49750000000000005, "deaths_t": 0.03937405350832913, "assists_t": 0.0585562847046946, "csscore_t": 0.8520949015648662, "teamgold_t": 67.13124684502776, "vision_score_t": 0.8452208530025687, "wards_placed_t": 0.05906108026249369, "gold_graph_diffs_t": 12.348813730439172}