{"id": "EUN1_3578681536", "lvl": 1800, "literal level": "PLATINUM II", "time": 1298, "solokills_t": 0.01386748844375963, "kills_t": 0.032357473035439135, "kp": 0.3303030303030303, "deaths_t": 0.032357473035439135, "assists_t": 0.020801232665639446, "csscore_t": 0.8243451463790447, "teamgold_t": 61.86979969183359, "vision_score_t": 0.741978800382621, "wards_placed_t": 0.05778120184899846, "gold_graph_diffs_t": 11.475346687211093}