{"id": "EUN1_3582208631", "lvl": 1400, "literal level": "GOLD II", "time": 1676, "solokills_t": 0.010739856801909307, "kills_t": 0.04474940334128878, "kp": 0.4340909090909091, "deaths_t": 0.045346062052505964, "assists_t": 0.05369928400954654, "csscore_t": 0.7923627684964201, "teamgold_t": 69.03520286396181, "vision_score_t": 0.8001419715246303, "wards_placed_t": 0.056682577565632455, "gold_graph_diffs_t": 16.02326968973747}