{"id": "EUN1_3558593172", "lvl": 1700, "literal level": "PLATINUM III", "time": 1593, "solokills_t": 0.010671688637790333, "kills_t": 0.04519774011299435, "kp": 0.42750000000000005, "deaths_t": 0.04519774011299435, "assists_t": 0.0514752040175769, "csscore_t": 0.903954802259887, "teamgold_t": 72.40426867545511, "vision_score_t": 0.7810554804624621, "wards_placed_t": 0.052102950408035156, "gold_graph_diffs_t": 14.121782799748901}