{"id": "EUN1_3580119330", "lvl": 1800, "literal level": "PLATINUM II", "time": 1764, "solokills_t": 0.007936507936507936, "kills_t": 0.03458049886621315, "kp": 0.43207317073170726, "deaths_t": 0.035147392290249435, "assists_t": 0.040249433106575964, "csscore_t": 0.822562358276644, "teamgold_t": 65.78287981859411, "vision_score_t": 0.9531820325263606, "wards_placed_t": 0.05782312925170068, "gold_graph_diffs_t": 10.179705215419501}