{"id": "EUN1_3586500955", "lvl": 1700, "literal level": "PLATINUM III", "time": 2500, "solokills_t": 0.012, "kills_t": 0.0428, "kp": 0.45919413919413926, "deaths_t": 0.0428, "assists_t": 0.056, "csscore_t": 0.7428, "teamgold_t": 70.7968, "vision_score_t": 0.9148369680107054, "wards_placed_t": 0.0596, "gold_graph_diffs_t": 16.2312}