{"id": "EUN1_3576709002", "lvl": 1200, "literal level": "GOLD IV", "time": 2203, "solokills_t": 0.014525646845211076, "kills_t": 0.04448479346345892, "kp": 0.4184523809523809, "deaths_t": 0.04448479346345892, "assists_t": 0.047208352246935995, "csscore_t": 0.7762142532909668, "teamgold_t": 66.61280072628234, "vision_score_t": 0.859982558194282, "wards_placed_t": 0.05083976395823876, "gold_graph_diffs_t": 10.00635497049478}