{"id": "EUN1_3581654298", "lvl": 1500, "literal level": "GOLD I", "time": 1926, "solokills_t": 0.010903426791277258, "kills_t": 0.0529595015576324, "kp": 0.49107142857142866, "deaths_t": 0.0529595015576324, "assists_t": 0.07684319833852545, "csscore_t": 0.731048805815161, "teamgold_t": 74.4122533748702, "vision_score_t": 0.8077329858878486, "wards_placed_t": 0.06178608515057113, "gold_graph_diffs_t": 14.500519210799585}