{"id": "EUN1_3577495041", "lvl": 2000, "literal level": "EMERALD IV", "time": 2132, "solokills_t": 0.01172607879924953, "kills_t": 0.04455909943714822, "kp": 0.44171122994652406, "deaths_t": 0.04455909943714822, "assists_t": 0.053939962476547844, "csscore_t": 0.7715759849906192, "teamgold_t": 69.6608818011257, "vision_score_t": 0.9272226499126719, "wards_placed_t": 0.06378986866791744, "gold_graph_diffs_t": 15.912288930581614}