{"id": "EUN1_3571929329", "lvl": 1900, "literal level": "PLATINUM I", "time": 938, "solokills_t": 0.005330490405117271, "kills_t": 0.014925373134328358, "kp": 0.40606060606060607, "deaths_t": 0.014925373134328358, "assists_t": 0.01279317697228145, "csscore_t": 0.8667377398720683, "teamgold_t": 53.97761194029851, "vision_score_t": 0.7533703359018823, "wards_placed_t": 0.05650319829424307, "gold_graph_diffs_t": 11.180170575692964}