{"id": "EUN1_3585234768", "lvl": 1000, "literal level": "SILVER II", "time": 1288, "solokills_t": 0.010869565217391304, "kills_t": 0.02717391304347826, "kp": 0.3521739130434783, "deaths_t": 0.027950310559006212, "assists_t": 0.018633540372670808, "csscore_t": 0.968167701863354, "teamgold_t": 61.82919254658385, "vision_score_t": 0.5056750064291924, "wards_placed_t": 0.043478260869565216, "gold_graph_diffs_t": 11.346273291925465}