{"id": "EUN1_3584961962", "lvl": 1900, "literal level": "PLATINUM I", "time": 1960, "solokills_t": 0.011224489795918367, "kills_t": 0.047448979591836735, "kp": 0.44045454545454543, "deaths_t": 0.04795918367346939, "assists_t": 0.058163265306122446, "csscore_t": 0.7795918367346939, "teamgold_t": 70.68724489795919, "vision_score_t": 0.7153905604157031, "wards_placed_t": 0.05, "gold_graph_diffs_t": 11.64030612244898}