{"id": "EUN1_3571250118", "lvl": 1900, "literal level": "PLATINUM I", "time": 1006, "solokills_t": 0.009940357852882704, "kills_t": 0.039761431411530816, "kp": 0.34835164835164834, "deaths_t": 0.039761431411530816, "assists_t": 0.02982107355864811, "csscore_t": 0.9075546719681908, "teamgold_t": 67.22962226640159, "vision_score_t": 0.7905417782986436, "wards_placed_t": 0.05268389662027833, "gold_graph_diffs_t": 12.195825049701789}