{"id": "EUN1_3585099025", "lvl": 1800, "literal level": "PLATINUM II", "time": 2036, "solokills_t": 0.011296660117878193, "kills_t": 0.032907662082514735, "kp": 0.41520146520146517, "deaths_t": 0.032907662082514735, "assists_t": 0.03388998035363458, "csscore_t": 0.8664047151277013, "teamgold_t": 65.0270137524558, "vision_score_t": 1.0078299688351302, "wards_placed_t": 0.06581532416502947, "gold_graph_diffs_t": 12.238212180746562}