{"id": "EUN1_3583752649", "lvl": 1700, "literal level": "PLATINUM III", "time": 1764, "solokills_t": 0.0045351473922902496, "kills_t": 0.02891156462585034, "kp": 0.5199013157894737, "deaths_t": 0.02891156462585034, "assists_t": 0.049886621315192746, "csscore_t": 0.8509070294784581, "teamgold_t": 61.86451247165533, "vision_score_t": 0.8801040990836709, "wards_placed_t": 0.05895691609977324, "gold_graph_diffs_t": 14.541383219954648}