{"id": "EUN1_3563207453", "lvl": 1600, "literal level": "PLATINUM IV", "time": 1334, "solokills_t": 0.005997001499250375, "kills_t": 0.03298350824587706, "kp": 0.43285714285714283, "deaths_t": 0.03298350824587706, "assists_t": 0.04122938530734633, "csscore_t": 0.8800599700149925, "teamgold_t": 64.98650674662669, "vision_score_t": 0.8023884602046127, "wards_placed_t": 0.05022488755622189, "gold_graph_diffs_t": 14.5952023988006}