{"id": "EUN1_3566072731", "lvl": 1700, "literal level": "PLATINUM III", "time": 1155, "solokills_t": 0.006926406926406926, "kills_t": 0.03896103896103896, "kp": 0.4510695187165775, "deaths_t": 0.03896103896103896, "assists_t": 0.046753246753246755, "csscore_t": 0.8207792207792208, "teamgold_t": 65.62164502164502, "vision_score_t": 0.7599359725810354, "wards_placed_t": 0.06233766233766234, "gold_graph_diffs_t": 15.742857142857142}