{"id": "EUN1_3574443452", "lvl": 1600, "literal level": "PLATINUM IV", "time": 2022, "solokills_t": 0.005934718100890208, "kills_t": 0.027200791295746787, "kp": 0.49393939393939396, "deaths_t": 0.027200791295746787, "assists_t": 0.0390702274975272, "csscore_t": 0.8471810089020771, "teamgold_t": 62.87339268051434, "vision_score_t": 1.0380472139672503, "wards_placed_t": 0.07270029673590504, "gold_graph_diffs_t": 13.696340257171117}