{"id": "EUN1_3584844697", "lvl": 1600, "literal level": "PLATINUM IV", "time": 1896, "solokills_t": 0.0058016877637130804, "kills_t": 0.035864978902953586, "kp": 0.46875, "deaths_t": 0.035864978902953586, "assists_t": 0.047995780590717296, "csscore_t": 0.9119198312236287, "teamgold_t": 68.71149789029536, "vision_score_t": 0.983858247455025, "wards_placed_t": 0.07014767932489452, "gold_graph_diffs_t": 13.43723628691983}