{"id": "EUN1_3583187437", "lvl": 1700, "literal level": "PLATINUM III", "time": 1899, "solokills_t": 0.005792522380200105, "kills_t": 0.037914691943127965, "kp": 0.5193473193473194, "deaths_t": 0.037914691943127965, "assists_t": 0.061084781463928386, "csscore_t": 0.7714586624539231, "teamgold_t": 66.92417061611374, "vision_score_t": 0.9602479403414768, "wards_placed_t": 0.06371774618220116, "gold_graph_diffs_t": 16.72933122696156}