{"id": "EUN1_3565436395", "lvl": 1700, "literal level": "PLATINUM III", "time": 1507, "solokills_t": 0.005972130059721301, "kills_t": 0.0378234903782349, "kp": 0.457142857142857, "deaths_t": 0.0378234903782349, "assists_t": 0.05242203052422031, "csscore_t": 0.8400796284007963, "teamgold_t": 66.64299933643, "vision_score_t": 0.8392542108343148, "wards_placed_t": 0.055739880557398806, "gold_graph_diffs_t": 10.335102853351028}