{"id": "EUN1_3581831854", "lvl": 1600, "literal level": "PLATINUM IV", "time": 1491, "solokills_t": 0.014084507042253521, "kills_t": 0.038900067069081154, "kp": 0.41299019607843135, "deaths_t": 0.038900067069081154, "assists_t": 0.04158283031522468, "csscore_t": 0.8913480885311871, "teamgold_t": 69.34741784037558, "vision_score_t": 0.8105364882901064, "wards_placed_t": 0.059691482226693494, "gold_graph_diffs_t": 15.046948356807512}