{"id": "EUN1_3564804969", "lvl": 1700, "literal level": "PLATINUM III", "time": 2047, "solokills_t": 0.006839276990718124, "kills_t": 0.032730825598436736, "kp": 0.4668784029038113, "deaths_t": 0.032730825598436736, "assists_t": 0.043478260869565216, "csscore_t": 0.8793356130923302, "teamgold_t": 67.15534929164632, "vision_score_t": 1.027640815578549, "wards_placed_t": 0.0718124084025403, "gold_graph_diffs_t": 17.484611626770885}