{"id": "EUN1_3576393461", "lvl": 1600, "literal level": "PLATINUM IV", "time": 2179, "solokills_t": 0.006883891693437357, "kills_t": 0.023864157870582835, "kp": 0.4042424242424242, "deaths_t": 0.023864157870582835, "assists_t": 0.024782010096374485, "csscore_t": 0.9027076640660854, "teamgold_t": 62.411656723267555, "vision_score_t": 1.0630360168593287, "wards_placed_t": 0.07296925195043598, "gold_graph_diffs_t": 11.950894905920148}