{"id": "EUN1_3575970871", "lvl": 1300, "literal level": "GOLD III", "time": 1222, "solokills_t": 0.01309328968903437, "kills_t": 0.03518821603927987, "kp": 0.43148148148148147, "deaths_t": 0.03600654664484452, "assists_t": 0.03764320785597381, "csscore_t": 0.8927986906710311, "teamgold_t": 67.2479541734861, "vision_score_t": 0.8122336691499648, "wards_placed_t": 0.06792144026186579, "gold_graph_diffs_t": 13.236497545008183}