{"id": "EUN1_3549245242", "lvl": 1900, "literal level": "PLATINUM I", "time": 1742, "solokills_t": 0.008036739380022962, "kills_t": 0.04305396096440873, "kp": 0.4846320346320347, "deaths_t": 0.04305396096440873, "assists_t": 0.06142365097588978, "csscore_t": 0.7594718714121699, "teamgold_t": 66.76578645235362, "vision_score_t": 0.791754764107937, "wards_placed_t": 0.05912743972445465, "gold_graph_diffs_t": 12.894374282433985}