{"id": "EUN1_3568926816", "lvl": 1900, "literal level": "PLATINUM I", "time": 1962, "solokills_t": 0.0050968399592252805, "kills_t": 0.03058103975535168, "kp": 0.5377828054298643, "deaths_t": 0.03058103975535168, "assists_t": 0.05147808358817533, "csscore_t": 0.8205912334352702, "teamgold_t": 62.803771661569826, "vision_score_t": 0.8702580067513175, "wards_placed_t": 0.060142711518858305, "gold_graph_diffs_t": 11.567278287461773}