{"id": "EUN1_3583083210", "lvl": 1200, "literal level": "GOLD IV", "time": 1749, "solokills_t": 0.007432818753573471, "kills_t": 0.02801600914808462, "kp": 0.45501792114695333, "deaths_t": 0.02801600914808462, "assists_t": 0.03487707261292167, "csscore_t": 0.8164665523156089, "teamgold_t": 60.676386506575184, "vision_score_t": 0.9119419704449527, "wards_placed_t": 0.07089765580331618, "gold_graph_diffs_t": 10.475128644939966}