{"id": "EUN1_3573977222", "lvl": 1600, "literal level": "PLATINUM IV", "time": 1242, "solokills_t": 0.00966183574879227, "kills_t": 0.023349436392914653, "kp": 0.37888888888888894, "deaths_t": 0.023349436392914653, "assists_t": 0.020933977455716585, "csscore_t": 0.8389694041867954, "teamgold_t": 57.946054750402574, "vision_score_t": 0.5316295717839618, "wards_placed_t": 0.0426731078904992, "gold_graph_diffs_t": 9.002415458937199}