{"id": "EUN1_3581603279", "lvl": 1600, "literal level": "PLATINUM IV", "time": 1960, "solokills_t": 0.007653061224489796, "kills_t": 0.036734693877551024, "kp": 0.4645833333333333, "deaths_t": 0.036734693877551024, "assists_t": 0.047448979591836735, "csscore_t": 0.9015306122448979, "teamgold_t": 68.61938775510204, "vision_score_t": 0.9640460990991881, "wards_placed_t": 0.05918367346938776, "gold_graph_diffs_t": 10.731632653061224}