{"id": "EUN1_3569131194", "lvl": 1400, "literal level": "GOLD II", "time": 2022, "solokills_t": 0.012363996043521267, "kills_t": 0.04747774480712166, "kp": 0.41493357764544203, "deaths_t": 0.04747774480712166, "assists_t": 0.05242334322453017, "csscore_t": 0.7388724035608308, "teamgold_t": 68.01829871414441, "vision_score_t": 0.9618810505001413, "wards_placed_t": 0.06577645895153314, "gold_graph_diffs_t": 14.484174085064293}