{"id": "EUN1_3583264974", "lvl": 2000, "literal level": "EMERALD IV", "time": 1837, "solokills_t": 0.00979858464888405, "kills_t": 0.03647250952640174, "kp": 0.4373148148148148, "deaths_t": 0.03647250952640174, "assists_t": 0.043549265106151334, "csscore_t": 0.8454001088731627, "teamgold_t": 67.51061513336963, "vision_score_t": 0.8673155776047297, "wards_placed_t": 0.06096897114861187, "gold_graph_diffs_t": 16.035383777898748}