{"id": "EUN1_3586214575", "lvl": 1100, "literal level": "SILVER I", "time": 1686, "solokills_t": 0.01482799525504152, "kills_t": 0.04744958481613286, "kp": 0.42948986722571625, "deaths_t": 0.04744958481613286, "assists_t": 0.051008303677342826, "csscore_t": 0.772835112692764, "teamgold_t": 70.855871886121, "vision_score_t": 0.675055703624296, "wards_placed_t": 0.042704626334519574, "gold_graph_diffs_t": 16.602016607354685}