{"id": "EUN1_3571454451", "lvl": 1700, "literal level": "PLATINUM III", "time": 2027, "solokills_t": 0.00246669955599408, "kills_t": 0.036013813517513565, "kp": 0.5685867895545316, "deaths_t": 0.036013813517513565, "assists_t": 0.06709422792303897, "csscore_t": 0.8189442525900346, "teamgold_t": 67.28909718796251, "vision_score_t": 1.0227111629384864, "wards_placed_t": 0.06808090774543661, "gold_graph_diffs_t": 12.165268870251603}