{"id": "EUN1_3574785647", "lvl": 1700, "literal level": "PLATINUM III", "time": 1835, "solokills_t": 0.008174386920980926, "kills_t": 0.03106267029972752, "kp": 0.45649350649350645, "deaths_t": 0.03106267029972752, "assists_t": 0.04087193460490463, "csscore_t": 0.8070844686648502, "teamgold_t": 63.54931880108992, "vision_score_t": 0.8839167634117008, "wards_placed_t": 0.05776566757493188, "gold_graph_diffs_t": 13.706267029972752}