{"id": "EUN1_3578401692", "lvl": 1600, "literal level": "PLATINUM IV", "time": 1556, "solokills_t": 0.012210796915167094, "kills_t": 0.030848329048843187, "kp": 0.40252100840336136, "deaths_t": 0.030848329048843187, "assists_t": 0.02956298200514139, "csscore_t": 0.7872750642673522, "teamgold_t": 59.21658097686375, "vision_score_t": 0.7021195988438417, "wards_placed_t": 0.05398457583547558, "gold_graph_diffs_t": 11.791131105398458}