{"id": "EUN1_3569902878", "lvl": 1900, "literal level": "PLATINUM I", "time": 1970, "solokills_t": 0.009644670050761422, "kills_t": 0.04060913705583756, "kp": 0.45746031746031746, "deaths_t": 0.04060913705583756, "assists_t": 0.051269035532994923, "csscore_t": 0.7609137055837564, "teamgold_t": 65.95685279187818, "vision_score_t": 0.9170289660395363, "wards_placed_t": 0.06294416243654823, "gold_graph_diffs_t": 13.531472081218274}