{"id": "EUN1_3582189946", "lvl": 1500, "literal level": "GOLD I", "time": 885, "solokills_t": 0.005649717514124294, "kills_t": 0.023728813559322035, "kp": 0.42777777777777776, "deaths_t": 0.023728813559322035, "assists_t": 0.023728813559322035, "csscore_t": 0.8971751412429378, "teamgold_t": 58.30734463276836, "vision_score_t": 0.6091421976522943, "wards_placed_t": 0.0519774011299435, "gold_graph_diffs_t": 12.71864406779661}