{"id": "EUN1_3577565144", "lvl": 1400, "literal level": "GOLD II", "time": 1614, "solokills_t": 0.013011152416356878, "kills_t": 0.04708798017348203, "kp": 0.4371014492753623, "deaths_t": 0.04708798017348203, "assists_t": 0.057001239157372985, "csscore_t": 0.7044609665427509, "teamgold_t": 69.16480793060718, "vision_score_t": 0.70141225905105, "wards_placed_t": 0.05080545229244114, "gold_graph_diffs_t": 16.810408921933085}