{"id": "EUN1_3571175386", "lvl": 1700, "literal level": "PLATINUM III", "time": 1653, "solokills_t": 0.011494252873563218, "kills_t": 0.043557168784029036, "kp": 0.4600649350649351, "deaths_t": 0.043557168784029036, "assists_t": 0.05747126436781609, "csscore_t": 0.7071990320629159, "teamgold_t": 65.94252873563218, "vision_score_t": 0.8947611631623072, "wards_placed_t": 0.062310949788263764, "gold_graph_diffs_t": 14.695099818511796}