{"id": "EUN1_3584102620", "lvl": 1300, "literal level": "GOLD III", "time": 1916, "solokills_t": 0.012526096033402923, "kills_t": 0.037578288100208766, "kp": 0.4557828481510621, "deaths_t": 0.037578288100208766, "assists_t": 0.04749478079331942, "csscore_t": 0.7755741127348643, "teamgold_t": 66.12160751565762, "vision_score_t": 0.8308867878954344, "wards_placed_t": 0.059498956158663886, "gold_graph_diffs_t": 13.816805845511482}