{"id": "EUN1_3571600298", "lvl": 1300, "literal level": "GOLD III", "time": 2106, "solokills_t": 0.013770180436847104, "kills_t": 0.04226020892687559, "kp": 0.38698074974670715, "deaths_t": 0.042735042735042736, "assists_t": 0.03941120607787275, "csscore_t": 0.8784425451092118, "teamgold_t": 69.50522317188984, "vision_score_t": 0.8439405561883347, "wards_placed_t": 0.0584045584045584, "gold_graph_diffs_t": 14.86039886039886}