{"id": "EUN1_3565610779", "lvl": 2000, "literal level": "EMERALD IV", "time": 2123, "solokills_t": 0.009420631182289214, "kills_t": 0.039566650965614694, "kp": 0.48571428571428565, "deaths_t": 0.040037682524729154, "assists_t": 0.05652378709373528, "csscore_t": 0.7804992934526613, "teamgold_t": 65.87423457371644, "vision_score_t": 1.1024475266422673, "wards_placed_t": 0.08478568064060292, "gold_graph_diffs_t": 12.86999528968441}