{"id": "EUN1_3558624057", "lvl": 1700, "literal level": "PLATINUM III", "time": 1929, "solokills_t": 0.01347848626231208, "kills_t": 0.044582685329186106, "kp": 0.4104347826086956, "deaths_t": 0.04510108864696734, "assists_t": 0.04769310523587351, "csscore_t": 0.7729393468118196, "teamgold_t": 69.87921202695698, "vision_score_t": 0.9516705492284304, "wards_placed_t": 0.07153965785381027, "gold_graph_diffs_t": 13.293416277864178}