{"id": "EUN1_3582691959", "lvl": 1900, "literal level": "PLATINUM I", "time": 1992, "solokills_t": 0.015060240963855422, "kills_t": 0.048694779116465865, "kp": 0.42175213675213674, "deaths_t": 0.048694779116465865, "assists_t": 0.05421686746987952, "csscore_t": 0.7856425702811245, "teamgold_t": 69.9367469879518, "vision_score_t": 0.8705466481916041, "wards_placed_t": 0.061746987951807226, "gold_graph_diffs_t": 11.682730923694779}