{"id": "EUN1_3584128055", "lvl": 1700, "literal level": "PLATINUM III", "time": 1865, "solokills_t": 0.011260053619302948, "kills_t": 0.03485254691689008, "kp": 0.3821428571428572, "deaths_t": 0.03485254691689008, "assists_t": 0.032171581769437, "csscore_t": 0.8316353887399464, "teamgold_t": 64.48310991957105, "vision_score_t": 0.9038336752645254, "wards_placed_t": 0.05951742627345844, "gold_graph_diffs_t": 14.610723860589813}