{"id": "EUN1_3565457350", "lvl": 1700, "literal level": "PLATINUM III", "time": 1992, "solokills_t": 0.010040160642570281, "kills_t": 0.033634538152610444, "kp": 0.4638278388278388, "deaths_t": 0.033634538152610444, "assists_t": 0.04317269076305221, "csscore_t": 0.7650602409638554, "teamgold_t": 64.7429718875502, "vision_score_t": 1.0063380664552846, "wards_placed_t": 0.0677710843373494, "gold_graph_diffs_t": 14.221887550200803}