{"id": "EUN1_3576977719", "lvl": 1100, "literal level": "SILVER I", "time": 1692, "solokills_t": 0.013593380614657211, "kills_t": 0.0425531914893617, "kp": 0.4001818181818182, "deaths_t": 0.0425531914893617, "assists_t": 0.03959810874704492, "csscore_t": 0.8859338061465721, "teamgold_t": 69.62234042553192, "vision_score_t": 0.7631981082362859, "wards_placed_t": 0.06560283687943262, "gold_graph_diffs_t": 12.882387706855791}