{"id": "EUN1_3571941625", "lvl": 1800, "literal level": "PLATINUM II", "time": 2300, "solokills_t": 0.009130434782608696, "kills_t": 0.03434782608695652, "kp": 0.44379084967320265, "deaths_t": 0.03434782608695652, "assists_t": 0.043478260869565216, "csscore_t": 0.8465217391304348, "teamgold_t": 67.06608695652174, "vision_score_t": 0.9828697047947765, "wards_placed_t": 0.07260869565217391, "gold_graph_diffs_t": 14.721739130434782}