{"id": "EUN1_3572985949", "lvl": 1900, "literal level": "PLATINUM I", "time": 1428, "solokills_t": 0.00980392156862745, "kills_t": 0.04481792717086835, "kp": 0.42608187134502923, "deaths_t": 0.04481792717086835, "assists_t": 0.05112044817927171, "csscore_t": 0.8284313725490197, "teamgold_t": 70.09873949579831, "vision_score_t": 0.7534969446301539, "wards_placed_t": 0.056022408963585436, "gold_graph_diffs_t": 16.352240896358545}