{"id": "EUN1_3580327304", "lvl": 1500, "literal level": "GOLD I", "time": 1884, "solokills_t": 0.010084925690021231, "kills_t": 0.0435244161358811, "kp": 0.44250000000000006, "deaths_t": 0.0435244161358811, "assists_t": 0.05307855626326964, "csscore_t": 0.8163481953290871, "teamgold_t": 70.92622080679405, "vision_score_t": 0.8505272159055768, "wards_placed_t": 0.059447983014861996, "gold_graph_diffs_t": 17.0567940552017}