{"id": "EUN1_3575944918", "lvl": 1600, "literal level": "PLATINUM IV", "time": 2063, "solokills_t": 0.0067862336403296175, "kills_t": 0.028599127484246242, "kp": 0.5158620689655173, "deaths_t": 0.028599127484246242, "assists_t": 0.04507998061076103, "csscore_t": 0.8773630634997577, "teamgold_t": 65.30974309258362, "vision_score_t": 1.0022971641424685, "wards_placed_t": 0.06592341250605914, "gold_graph_diffs_t": 15.179835191468735}