{"id": "EUN1_3563574960", "lvl": 2000, "literal level": "EMERALD IV", "time": 2194, "solokills_t": 0.006381039197812215, "kills_t": 0.03646308113035551, "kp": 0.5125313283208021, "deaths_t": 0.03646308113035551, "assists_t": 0.05742935278030994, "csscore_t": 0.7971741112123975, "teamgold_t": 67.26800364630812, "vision_score_t": 1.0062453361706958, "wards_placed_t": 0.06654512306289881, "gold_graph_diffs_t": 15.498632634457612}