{"id": "EUN1_3585245532", "lvl": 1200, "literal level": "GOLD IV", "time": 1684, "solokills_t": 0.009501187648456057, "kills_t": 0.032660332541567694, "kp": 0.41707317073170735, "deaths_t": 0.032660332541567694, "assists_t": 0.03681710213776722, "csscore_t": 0.7553444180522565, "teamgold_t": 62.292755344418055, "vision_score_t": 0.6107323421225989, "wards_placed_t": 0.04453681710213777, "gold_graph_diffs_t": 11.997030878859858}