{"id": "EUN1_3566851301", "lvl": 1900, "literal level": "PLATINUM I", "time": 1646, "solokills_t": 0.009720534629404616, "kills_t": 0.04191980558930741, "kp": 0.4521739130434782, "deaths_t": 0.04191980558930741, "assists_t": 0.05164034021871203, "csscore_t": 0.7600243013365735, "teamgold_t": 69.71506682867557, "vision_score_t": 0.8655569053193262, "wards_placed_t": 0.061968408262454436, "gold_graph_diffs_t": 14.690765492102065}