{"id": "EUN1_3581889654", "lvl": 1500, "literal level": "GOLD I", "time": 1659, "solokills_t": 0.008438818565400843, "kills_t": 0.039783001808318265, "kp": 0.4444568868980963, "deaths_t": 0.039783001808318265, "assists_t": 0.048824593128390596, "csscore_t": 0.7492465340566606, "teamgold_t": 65.47438215792646, "vision_score_t": 0.7599378168406865, "wards_placed_t": 0.047619047619047616, "gold_graph_diffs_t": 15.576853526220615}