{"id": "EUN1_3580711110", "lvl": 1400, "literal level": "GOLD II", "time": 2431, "solokills_t": 0.010283833813245578, "kills_t": 0.0444261620732209, "kp": 0.45711835334476847, "deaths_t": 0.0444261620732209, "assists_t": 0.057178116001645414, "csscore_t": 0.8140682846565199, "teamgold_t": 71.37268613739202, "vision_score_t": 0.9197902923390568, "wards_placed_t": 0.060468942821883996, "gold_graph_diffs_t": 14.502262443438914}