{"id": "EUN1_3585659877", "lvl": 1600, "literal level": "PLATINUM IV", "time": 1470, "solokills_t": 0.007482993197278911, "kills_t": 0.027891156462585033, "kp": 0.41421568627450983, "deaths_t": 0.027891156462585033, "assists_t": 0.029931972789115645, "csscore_t": 0.9340136054421768, "teamgold_t": 64.49455782312926, "vision_score_t": 0.7669707208468066, "wards_placed_t": 0.06394557823129252, "gold_graph_diffs_t": 11.86734693877551}