{"id": "EUN1_3553045719", "lvl": 2000, "literal level": "EMERALD IV", "time": 1745, "solokills_t": 0.007449856733524355, "kills_t": 0.0332378223495702, "kp": 0.5277777777777778, "deaths_t": 0.0332378223495702, "assists_t": 0.05272206303724929, "csscore_t": 0.8710601719197708, "teamgold_t": 68.09570200573066, "vision_score_t": 1.0791962033065499, "wards_placed_t": 0.0670487106017192, "gold_graph_diffs_t": 16.707736389684815}