{"id": "EUN1_3578894725", "lvl": 1500, "literal level": "GOLD I", "time": 1781, "solokills_t": 0.005614823133071308, "kills_t": 0.030881527231892195, "kp": 0.4924242424242425, "deaths_t": 0.030881527231892195, "assists_t": 0.04604154969118473, "csscore_t": 0.7535092644581696, "teamgold_t": 61.67153284671533, "vision_score_t": 0.8945825962876874, "wards_placed_t": 0.060078607523863, "gold_graph_diffs_t": 12.496911847276811}