{"id": "EUN1_3573308915", "lvl": 1800, "literal level": "PLATINUM II", "time": 1860, "solokills_t": 0.016129032258064516, "kills_t": 0.04408602150537634, "kp": 0.38959330143540666, "deaths_t": 0.04408602150537634, "assists_t": 0.04247311827956989, "csscore_t": 0.8241935483870968, "teamgold_t": 67.95430107526882, "vision_score_t": 1.036337196565275, "wards_placed_t": 0.07526881720430108, "gold_graph_diffs_t": 11.711290322580645}