{"id": "EUN1_3569262370", "lvl": 1400, "literal level": "GOLD II", "time": 1428, "solokills_t": 0.014005602240896359, "kills_t": 0.04481792717086835, "kp": 0.41564455569461833, "deaths_t": 0.04481792717086835, "assists_t": 0.04131652661064426, "csscore_t": 0.7871148459383753, "teamgold_t": 67.66456582633053, "vision_score_t": 0.948209379254062, "wards_placed_t": 0.07142857142857142, "gold_graph_diffs_t": 17.108543417366946}