{"id": "EUN1_3579249649", "lvl": 1800, "literal level": "PLATINUM II", "time": 1571, "solokills_t": 0.0076384468491406746, "kills_t": 0.042011457670273714, "kp": 0.4697560975609756, "deaths_t": 0.042011457670273714, "assists_t": 0.05410566518141311, "csscore_t": 0.8014003819223424, "teamgold_t": 68.88287714831317, "vision_score_t": 0.9232046704098069, "wards_placed_t": 0.05983450031826862, "gold_graph_diffs_t": 13.044557606619987}