{"id": "EUN1_3563148262", "lvl": 1900, "literal level": "PLATINUM I", "time": 1805, "solokills_t": 0.008310249307479225, "kills_t": 0.04709141274238227, "kp": 0.47476689976689973, "deaths_t": 0.04764542936288089, "assists_t": 0.06703601108033241, "csscore_t": 0.7157894736842105, "teamgold_t": 70.76288088642659, "vision_score_t": 0.9955748709805523, "wards_placed_t": 0.06592797783933518, "gold_graph_diffs_t": 12.901385041551247}