{"id": "EUN1_3579215871", "lvl": 1300, "literal level": "GOLD III", "time": 1506, "solokills_t": 0.014608233731739707, "kills_t": 0.03851261620185923, "kp": 0.3795673076923077, "deaths_t": 0.03851261620185923, "assists_t": 0.03386454183266932, "csscore_t": 0.7941567065073041, "teamgold_t": 67.22576361221779, "vision_score_t": 0.8350140823993673, "wards_placed_t": 0.06706507304116865, "gold_graph_diffs_t": 13.156706507304117}