{"id": "EUN1_3578290914", "lvl": 1600, "literal level": "PLATINUM IV", "time": 2014, "solokills_t": 0.005958291956305859, "kills_t": 0.038728897715988087, "kp": 0.48491847826086965, "deaths_t": 0.03922542204568024, "assists_t": 0.05660377358490566, "csscore_t": 0.8574975173783516, "teamgold_t": 68.15690168818271, "vision_score_t": 1.109919993781273, "wards_placed_t": 0.070506454816286, "gold_graph_diffs_t": 13.123138033763654}