{"id": "EUN1_3572033185", "lvl": 1800, "literal level": "PLATINUM II", "time": 1509, "solokills_t": 0.004638833664678595, "kills_t": 0.026507620941020542, "kp": 0.428125, "deaths_t": 0.026507620941020542, "assists_t": 0.032471835652750164, "csscore_t": 0.8754141815772034, "teamgold_t": 59.96156394963552, "vision_score_t": 0.9853576046018786, "wards_placed_t": 0.07223326706428099, "gold_graph_diffs_t": 12.197481776010603}