{"id": "EUN1_3577125328", "lvl": 1800, "literal level": "PLATINUM II", "time": 921, "solokills_t": 0.011943539630836048, "kills_t": 0.02714440825190011, "kp": 0.39999999999999997, "deaths_t": 0.02714440825190011, "assists_t": 0.02714440825190011, "csscore_t": 0.8425624321389794, "teamgold_t": 57.0043431053203, "vision_score_t": 0.6464280996372624, "wards_placed_t": 0.0499457111834962, "gold_graph_diffs_t": 9.61672095548317}