{"id": "EUN1_3580966830", "lvl": 1800, "literal level": "PLATINUM II", "time": 2102, "solokills_t": 0.004281636536631779, "kills_t": 0.04376784015223597, "kp": 0.525563909774436, "deaths_t": 0.04376784015223597, "assists_t": 0.07183634633682208, "csscore_t": 0.7226450999048525, "teamgold_t": 67.76688867745004, "vision_score_t": 0.6957497623571565, "wards_placed_t": 0.05851569933396765, "gold_graph_diffs_t": 16.18173168411037}