{"id": "EUN1_3565603871", "lvl": 1800, "literal level": "PLATINUM II", "time": 2300, "solokills_t": 0.0052173913043478265, "kills_t": 0.027391304347826086, "kp": 0.46574074074074073, "deaths_t": 0.027391304347826086, "assists_t": 0.036521739130434785, "csscore_t": 0.8869565217391304, "teamgold_t": 64.54, "vision_score_t": 1.0422282366084192, "wards_placed_t": 0.06652173913043478, "gold_graph_diffs_t": 12.859130434782609}