{"id": "EUN1_3577005672", "lvl": 1700, "literal level": "PLATINUM III", "time": 2038, "solokills_t": 0.010794896957801767, "kills_t": 0.033856722276741906, "kp": 0.44722222222222224, "deaths_t": 0.03434739941118744, "assists_t": 0.04170755642787046, "csscore_t": 0.9097154072620216, "teamgold_t": 66.31550539744848, "vision_score_t": 0.97195546239804, "wards_placed_t": 0.05691854759568204, "gold_graph_diffs_t": 11.074092247301277}