{"id": "EUN1_3580452344", "lvl": 1500, "literal level": "GOLD I", "time": 1759, "solokills_t": 0.0034110289937464467, "kills_t": 0.03126776577600909, "kp": 0.5190860215053764, "deaths_t": 0.03126776577600909, "assists_t": 0.05059693007390563, "csscore_t": 0.8180784536668562, "teamgold_t": 60.82433200682206, "vision_score_t": 0.9085306945798765, "wards_placed_t": 0.06708357021034679, "gold_graph_diffs_t": 11.091529277998863}