{"id": "EUN1_3578859208", "lvl": 1400, "literal level": "GOLD II", "time": 231, "solokills_t": 0.004329004329004329, "kills_t": 0.021645021645021644, "kp": 0.41666666666666663, "deaths_t": 0.021645021645021644, "assists_t": 0.025974025974025976, "csscore_t": 0.5974025974025974, "teamgold_t": 55.76623376623377, "vision_score_t": 0.19552231496888922, "wards_placed_t": 0.021645021645021644, "gold_graph_diffs_t": 4.7186147186147185}