{"id": "EUN1_3584765922", "lvl": 1700, "literal level": "PLATINUM III", "time": 2082, "solokills_t": 0.005763688760806916, "kills_t": 0.034101825168107586, "kp": 0.5264102564102565, "deaths_t": 0.034101825168107586, "assists_t": 0.05475504322766571, "csscore_t": 0.8583093179634966, "teamgold_t": 66.44956772334294, "vision_score_t": 0.7905611034232536, "wards_placed_t": 0.05523535062439962, "gold_graph_diffs_t": 14.097982708933717}