{"id": "EUN1_3582753864", "lvl": 1500, "literal level": "GOLD I", "time": 1919, "solokills_t": 0.006774361646690985, "kills_t": 0.040125065138092754, "kp": 0.47190476190476194, "deaths_t": 0.040125065138092754, "assists_t": 0.05471599791558103, "csscore_t": 0.8254299114121939, "teamgold_t": 68.56383533090151, "vision_score_t": 0.7784321777767715, "wards_placed_t": 0.0573215216258468, "gold_graph_diffs_t": 15.203751954142783}