{"id": "EUN1_3570686509", "lvl": 1800, "literal level": "PLATINUM II", "time": 2258, "solokills_t": 0.007971656333038087, "kills_t": 0.03675819309123118, "kp": 0.502972027972028, "deaths_t": 0.03675819309123118, "assists_t": 0.05580159433126661, "csscore_t": 0.829052258635961, "teamgold_t": 67.82418069087689, "vision_score_t": 0.9039767421044497, "wards_placed_t": 0.05934455270150576, "gold_graph_diffs_t": 13.522143489813995}