{"id": "EUN1_3582600484", "lvl": 1600, "literal level": "PLATINUM IV", "time": 1473, "solokills_t": 0.006109979633401222, "kills_t": 0.03326544467073999, "kp": 0.41571428571428576, "deaths_t": 0.03326544467073999, "assists_t": 0.03598099117447386, "csscore_t": 0.7909029192124916, "teamgold_t": 64.29463679565512, "vision_score_t": 0.9990423922148516, "wards_placed_t": 0.0658520027155465, "gold_graph_diffs_t": 9.785471826205024}