{"id": "EUN1_3563599427", "lvl": 1800, "literal level": "PLATINUM II", "time": 1509, "solokills_t": 0.009940357852882704, "kills_t": 0.043074884029158385, "kp": 0.44306418219461696, "deaths_t": 0.043074884029158385, "assists_t": 0.04903909874088801, "csscore_t": 0.8588469184890656, "teamgold_t": 69.86149768058317, "vision_score_t": 0.7805063670282032, "wards_placed_t": 0.053015241882041084, "gold_graph_diffs_t": 16.60238568588469}