{"id": "EUN1_3578684843", "lvl": 1600, "literal level": "PLATINUM IV", "time": 1734, "solokills_t": 0.007497116493656286, "kills_t": 0.040369088811995385, "kp": 0.53, "deaths_t": 0.040369088811995385, "assists_t": 0.06689734717416378, "csscore_t": 0.850634371395617, "teamgold_t": 69.4083044982699, "vision_score_t": 0.791379655301564, "wards_placed_t": 0.049596309111880045, "gold_graph_diffs_t": 16.573241061130336}