{"id": "EUN1_3572651264", "lvl": 1900, "literal level": "PLATINUM I", "time": 1610, "solokills_t": 0.011801242236024845, "kills_t": 0.040372670807453416, "kp": 0.4200191570881226, "deaths_t": 0.040993788819875775, "assists_t": 0.044099378881987575, "csscore_t": 0.7875776397515528, "teamgold_t": 67.73788819875776, "vision_score_t": 0.8920286180162161, "wards_placed_t": 0.06459627329192547, "gold_graph_diffs_t": 11.97391304347826}