{"id": "EUN1_3582769625", "lvl": 1200, "literal level": "GOLD IV", "time": 1102, "solokills_t": 0.014519056261343012, "kills_t": 0.029038112522686024, "kp": 0.32801932367149755, "deaths_t": 0.029038112522686024, "assists_t": 0.015426497277676952, "csscore_t": 0.8802177858439202, "teamgold_t": 63.545372050816695, "vision_score_t": 0.5392460483168892, "wards_placed_t": 0.03901996370235935, "gold_graph_diffs_t": 12.946460980036298}