{"id": "EUN1_3569329836", "lvl": 1200, "literal level": "GOLD IV", "time": 974, "solokills_t": 0.009240246406570842, "kills_t": 0.02566735112936345, "kp": 0.4095238095238095, "deaths_t": 0.02566735112936345, "assists_t": 0.022587268993839837, "csscore_t": 0.8213552361396304, "teamgold_t": 57.45379876796714, "vision_score_t": 0.6345740915792055, "wards_placed_t": 0.04620123203285421, "gold_graph_diffs_t": 14.68993839835729}