{"id": "EUN1_3570147013", "lvl": 1500, "literal level": "GOLD I", "time": 2009, "solokills_t": 0.006470881035340966, "kills_t": 0.03086112493777999, "kp": 0.49649122807017554, "deaths_t": 0.03086112493777999, "assists_t": 0.04330512692882031, "csscore_t": 0.8934793429566948, "teamgold_t": 62.98008959681434, "vision_score_t": 0.8735793308485595, "wards_placed_t": 0.05375808860129418, "gold_graph_diffs_t": 13.515679442508711}