{"id": "EUN1_3577792651", "lvl": 1500, "literal level": "GOLD I", "time": 1780, "solokills_t": 0.011797752808988765, "kills_t": 0.04157303370786517, "kp": 0.4581871345029239, "deaths_t": 0.04157303370786517, "assists_t": 0.05337078651685393, "csscore_t": 0.8308988764044943, "teamgold_t": 66.81404494382022, "vision_score_t": 0.9518486498758758, "wards_placed_t": 0.06910112359550562, "gold_graph_diffs_t": 11.911797752808988}