{"id": "EUN1_3580343406", "lvl": 1600, "literal level": "PLATINUM IV", "time": 1984, "solokills_t": 0.008064516129032258, "kills_t": 0.04485887096774194, "kp": 0.5384491978609626, "deaths_t": 0.04485887096774194, "assists_t": 0.07358870967741936, "csscore_t": 0.6668346774193549, "teamgold_t": 66.97782258064517, "vision_score_t": 0.8448284825848995, "wards_placed_t": 0.06602822580645161, "gold_graph_diffs_t": 15.142137096774194}