{"id": "EUN1_3571328902", "lvl": 1900, "literal level": "PLATINUM I", "time": 1346, "solokills_t": 0.004457652303120356, "kills_t": 0.03714710252600297, "kp": 0.4722222222222222, "deaths_t": 0.03714710252600297, "assists_t": 0.05646359583952452, "csscore_t": 0.7644873699851411, "teamgold_t": 64.75037147102526, "vision_score_t": 0.7332348241155262, "wards_placed_t": 0.05200594353640416, "gold_graph_diffs_t": 14.441307578008916}