{"id": "EUN1_3576609450", "lvl": 1700, "literal level": "PLATINUM III", "time": 1255, "solokills_t": 0.011155378486055778, "kills_t": 0.028685258964143426, "kp": 0.4241379310344827, "deaths_t": 0.028685258964143426, "assists_t": 0.034262948207171316, "csscore_t": 0.8988047808764941, "teamgold_t": 60.88127490039841, "vision_score_t": 0.6634362787082506, "wards_placed_t": 0.04462151394422311, "gold_graph_diffs_t": 10.19601593625498}