{"id": "EUN1_3568011075", "lvl": 1700, "literal level": "PLATINUM III", "time": 1680, "solokills_t": 0.01369047619047619, "kills_t": 0.04285714285714286, "kp": 0.388, "deaths_t": 0.04285714285714286, "assists_t": 0.039285714285714285, "csscore_t": 0.830952380952381, "teamgold_t": 67.86547619047619, "vision_score_t": 0.9426850949017979, "wards_placed_t": 0.06726190476190476, "gold_graph_diffs_t": 11.829761904761904}