{"id": "EUN1_3586287421", "lvl": 1900, "literal level": "PLATINUM I", "time": 1994, "solokills_t": 0.00802407221664995, "kills_t": 0.044132397191574725, "kp": 0.46818181818181814, "deaths_t": 0.044633901705115345, "assists_t": 0.05917753259779338, "csscore_t": 0.7076228686058175, "teamgold_t": 68.66499498495486, "vision_score_t": 0.7653468337478752, "wards_placed_t": 0.05416248746238716, "gold_graph_diffs_t": 12.20160481444333}