{"id": "EUN1_3574138256", "lvl": 1500, "literal level": "GOLD I", "time": 2275, "solokills_t": 0.004835164835164835, "kills_t": 0.03912087912087912, "kp": 0.516969696969697, "deaths_t": 0.03912087912087912, "assists_t": 0.06197802197802198, "csscore_t": 0.7872527472527473, "teamgold_t": 67.60527472527473, "vision_score_t": 1.1706395085327457, "wards_placed_t": 0.08527472527472528, "gold_graph_diffs_t": 12.739340659340659}