{"id": "EUN1_3560863256", "lvl": 1900, "literal level": "PLATINUM I", "time": 1464, "solokills_t": 0.010245901639344262, "kills_t": 0.031420765027322405, "kp": 0.3794642857142857, "deaths_t": 0.031420765027322405, "assists_t": 0.028688524590163935, "csscore_t": 0.9173497267759563, "teamgold_t": 65.44467213114754, "vision_score_t": 0.9308733075521488, "wards_placed_t": 0.060109289617486336, "gold_graph_diffs_t": 12.652322404371585}