{"id": "EUN1_3552246271", "lvl": 2000, "literal level": "EMERALD IV", "time": 1869, "solokills_t": 0.006955591225254147, "kills_t": 0.033707865168539325, "kp": 0.5038461538461538, "deaths_t": 0.033707865168539325, "assists_t": 0.051364365971107544, "csscore_t": 0.8426966292134831, "teamgold_t": 65.38416265382557, "vision_score_t": 0.933887685737598, "wards_placed_t": 0.06420545746388442, "gold_graph_diffs_t": 12.990369181380418}