{"id": "EUN1_3569740567", "lvl": 1500, "literal level": "GOLD I", "time": 1949, "solokills_t": 0.008722421754746024, "kills_t": 0.04515135967162647, "kp": 0.4753577106518283, "deaths_t": 0.04515135967162647, "assists_t": 0.06157003591585428, "csscore_t": 0.7865572088250384, "teamgold_t": 67.98306824012315, "vision_score_t": 0.8632146243687984, "wards_placed_t": 0.06259620318111853, "gold_graph_diffs_t": 13.14982042072858}