{"id": "EUN1_3565521850", "lvl": 1700, "literal level": "PLATINUM III", "time": 1709, "solokills_t": 0.015213575190169689, "kills_t": 0.0497366881217086, "kp": 0.44607843137254904, "deaths_t": 0.0497366881217086, "assists_t": 0.0590988882387361, "csscore_t": 0.743124634289058, "teamgold_t": 71.22586307782329, "vision_score_t": 0.7189464720814265, "wards_placed_t": 0.04330017554125219, "gold_graph_diffs_t": 18.164423639555295}