{"id": "EUN1_3577183256", "lvl": 1400, "literal level": "GOLD II", "time": 1577, "solokills_t": 0.0057070386810399495, "kills_t": 0.029803424223208624, "kp": 0.4472727272727274, "deaths_t": 0.029803424223208624, "assists_t": 0.03677869372225745, "csscore_t": 0.8256182625237793, "teamgold_t": 61.79074191502853, "vision_score_t": 0.951807801603907, "wards_placed_t": 0.06467977171845275, "gold_graph_diffs_t": 12.386810399492708}