{"id": "EUN1_3580402605", "lvl": 1900, "literal level": "PLATINUM I", "time": 1930, "solokills_t": 0.006735751295336788, "kills_t": 0.03989637305699482, "kp": 0.4878787878787879, "deaths_t": 0.03989637305699482, "assists_t": 0.05699481865284974, "csscore_t": 0.777720207253886, "teamgold_t": 65.93575129533679, "vision_score_t": 1.025295466006942, "wards_placed_t": 0.06787564766839378, "gold_graph_diffs_t": 10.843523316062177}