{"id": "EUN1_3585940230", "lvl": 1700, "literal level": "PLATINUM III", "time": 1779, "solokills_t": 0.008993816750983699, "kills_t": 0.035975267003934795, "kp": 0.437832512315271, "deaths_t": 0.035975267003934795, "assists_t": 0.04272062956717257, "csscore_t": 0.8724002248454188, "teamgold_t": 67.39404159640247, "vision_score_t": 0.7886288550704474, "wards_placed_t": 0.061832490163012926, "gold_graph_diffs_t": 13.368184373243395}