{"id": "EUN1_3563653482", "lvl": 1700, "literal level": "PLATINUM III", "time": 1988, "solokills_t": 0.01006036217303823, "kills_t": 0.04124748490945674, "kp": 0.43912499999999993, "deaths_t": 0.04124748490945674, "assists_t": 0.05080482897384306, "csscore_t": 0.9079476861167002, "teamgold_t": 71.26307847082495, "vision_score_t": 0.9397709412906178, "wards_placed_t": 0.06086519114688129, "gold_graph_diffs_t": 17.106136820925553}