{"id": "EUN1_3580356211", "lvl": 1600, "literal level": "PLATINUM IV", "time": 1753, "solokills_t": 0.004563605248146035, "kills_t": 0.026811180832857957, "kp": 0.49857142857142855, "deaths_t": 0.026811180832857957, "assists_t": 0.03993154592127781, "csscore_t": 0.833998859098688, "teamgold_t": 62.43069024529378, "vision_score_t": 0.971588085187672, "wards_placed_t": 0.05533371363377068, "gold_graph_diffs_t": 11.551055333713634}