{"id": "EUN1_3574283003", "lvl": 1800, "literal level": "PLATINUM II", "time": 1527, "solokills_t": 0.008513425016371971, "kills_t": 0.047151277013752456, "kp": 0.4291666666666666, "deaths_t": 0.04780615586116568, "assists_t": 0.05304518664047151, "csscore_t": 0.7616240995415848, "teamgold_t": 68.158480681074, "vision_score_t": 0.6804206249802051, "wards_placed_t": 0.0504256712508186, "gold_graph_diffs_t": 13.106745252128356}