{"id": "EUN1_3573426063", "lvl": 1800, "literal level": "PLATINUM II", "time": 1769, "solokills_t": 0.006218202374222725, "kills_t": 0.031091011871113624, "kp": 0.531733746130031, "deaths_t": 0.031091011871113624, "assists_t": 0.05031091011871114, "csscore_t": 0.7789711701526286, "teamgold_t": 61.81910684002261, "vision_score_t": 0.7541627516678759, "wards_placed_t": 0.05313736574335783, "gold_graph_diffs_t": 17.42679479932165}