{"id": "EUN1_3576584568", "lvl": 1600, "literal level": "PLATINUM IV", "time": 1977, "solokills_t": 0.012139605462822459, "kills_t": 0.03945371775417299, "kp": 0.4106578947368421, "deaths_t": 0.03945371775417299, "assists_t": 0.041476985331310064, "csscore_t": 0.6772888214466363, "teamgold_t": 61.567020738492666, "vision_score_t": 0.9854809090848388, "wards_placed_t": 0.06929691451694486, "gold_graph_diffs_t": 11.56398583712696}