{"id": "EUN1_3577437713", "lvl": 1800, "literal level": "PLATINUM II", "time": 2567, "solokills_t": 0.0062329567588624854, "kills_t": 0.03350214257888586, "kp": 0.5035300606729178, "deaths_t": 0.03350214257888586, "assists_t": 0.04947409427347098, "csscore_t": 0.7970393455395404, "teamgold_t": 65.13517724970784, "vision_score_t": 0.9074782363995706, "wards_placed_t": 0.05531749123490456, "gold_graph_diffs_t": 15.019088430074016}