{"id": "EUN1_3579227452", "lvl": 1300, "literal level": "GOLD III", "time": 1792, "solokills_t": 0.004464285714285714, "kills_t": 0.03236607142857143, "kp": 0.5392857142857143, "deaths_t": 0.032924107142857144, "assists_t": 0.05524553571428571, "csscore_t": 0.7645089285714286, "teamgold_t": 62.164620535714285, "vision_score_t": 0.9375163605860536, "wards_placed_t": 0.06473214285714286, "gold_graph_diffs_t": 15.96484375}