{"id": "EUN1_3580269556", "lvl": 1600, "literal level": "PLATINUM IV", "time": 1737, "solokills_t": 0.004029936672423719, "kills_t": 0.029936672423719057, "kp": 0.4801801801801802, "deaths_t": 0.029936672423719057, "assists_t": 0.051237766263673, "csscore_t": 0.871042026482441, "teamgold_t": 63.64881980426022, "vision_score_t": 0.7048848963457622, "wards_placed_t": 0.051237766263673, "gold_graph_diffs_t": 15.347150259067357}