{"id": "EUN1_3552202996", "lvl": 1900, "literal level": "PLATINUM I", "time": 1774, "solokills_t": 0.011837655016910935, "kills_t": 0.04565952649379933, "kp": 0.49640151515151515, "deaths_t": 0.04565952649379933, "assists_t": 0.07046223224351747, "csscore_t": 0.758173618940248, "teamgold_t": 68.74408117249155, "vision_score_t": 0.8950834698214202, "wards_placed_t": 0.0665163472378805, "gold_graph_diffs_t": 12.010146561443067}