{"id": "EUN1_3570922184", "lvl": 1400, "literal level": "GOLD II", "time": 1538, "solokills_t": 0.01235370611183355, "kills_t": 0.025357607282184655, "kp": 0.36275862068965525, "deaths_t": 0.025357607282184655, "assists_t": 0.02080624187256177, "csscore_t": 0.9395318595578673, "teamgold_t": 61.56176853055917, "vision_score_t": 0.8981040730992117, "wards_placed_t": 0.06827048114434331, "gold_graph_diffs_t": 12.433029908972692}