{"id": "EUN1_3575850433", "lvl": 1500, "literal level": "GOLD I", "time": 1879, "solokills_t": 0.006918573709419904, "kills_t": 0.03352847259180415, "kp": 0.46548856548856554, "deaths_t": 0.03352847259180415, "assists_t": 0.04417243214475785, "csscore_t": 0.77700904736562, "teamgold_t": 62.40606705694518, "vision_score_t": 0.9917520572931432, "wards_placed_t": 0.07291112293773283, "gold_graph_diffs_t": 10.39542309739223}