{"id": "EUN1_3580181694", "lvl": 1900, "literal level": "PLATINUM I", "time": 2224, "solokills_t": 0.009892086330935251, "kills_t": 0.046312949640287766, "kp": 0.4651595744680851, "deaths_t": 0.046312949640287766, "assists_t": 0.06160071942446043, "csscore_t": 0.7378597122302158, "teamgold_t": 69.53147482014388, "vision_score_t": 0.9399718037217702, "wards_placed_t": 0.06474820143884892, "gold_graph_diffs_t": 14.087230215827338}