{"id": "EUN1_3571703863", "lvl": 1900, "literal level": "PLATINUM I", "time": 1447, "solokills_t": 0.00414651002073255, "kills_t": 0.03731859018659295, "kp": 0.4415037593984962, "deaths_t": 0.03731859018659295, "assists_t": 0.04561161022805805, "csscore_t": 0.7919834139599171, "teamgold_t": 65.3814789219074, "vision_score_t": 0.8045032351125212, "wards_placed_t": 0.05943331029716655, "gold_graph_diffs_t": 12.353144436765723}