{"id": "EUN1_3566591777", "lvl": 1900, "literal level": "PLATINUM I", "time": 2297, "solokills_t": 0.00914235959947758, "kills_t": 0.04397039616891598, "kp": 0.4295686274509804, "deaths_t": 0.04397039616891598, "assists_t": 0.050500653025685675, "csscore_t": 0.8376142794949935, "teamgold_t": 70.37962559860688, "vision_score_t": 1.0256360763005459, "wards_placed_t": 0.06094906399651719, "gold_graph_diffs_t": 11.939921636917719}