{"id": "EUN1_3572402176", "lvl": 1900, "literal level": "PLATINUM I", "time": 2065, "solokills_t": 0.009685230024213076, "kills_t": 0.03922518159806295, "kp": 0.4375, "deaths_t": 0.04019370460048426, "assists_t": 0.049394673123486686, "csscore_t": 0.8808716707021792, "teamgold_t": 67.31622276029056, "vision_score_t": 0.9519515533153889, "wards_placed_t": 0.06537530266343826, "gold_graph_diffs_t": 13.424697336561744}