{"id": "EUN1_3575614868", "lvl": 1900, "literal level": "PLATINUM I", "time": 1824, "solokills_t": 0.007675438596491228, "kills_t": 0.030153508771929825, "kp": 0.4670698924731183, "deaths_t": 0.030153508771929825, "assists_t": 0.039473684210526314, "csscore_t": 0.8086622807017544, "teamgold_t": 62.641447368421055, "vision_score_t": 0.809377999675901, "wards_placed_t": 0.051535087719298246, "gold_graph_diffs_t": 12.00219298245614}