{"id": "EUN1_3572844805", "lvl": 1800, "literal level": "PLATINUM II", "time": 1867, "solokills_t": 0.00856989823245849, "kills_t": 0.03427959292983396, "kp": 0.46991341991341995, "deaths_t": 0.03427959292983396, "assists_t": 0.04659882163899304, "csscore_t": 0.8232458489555436, "teamgold_t": 64.57418318157472, "vision_score_t": 0.8738083029116439, "wards_placed_t": 0.061596143545795394, "gold_graph_diffs_t": 13.364756293519015}