{"id": "EUN1_3571215875", "lvl": 1800, "literal level": "PLATINUM II", "time": 1105, "solokills_t": 0.009954751131221719, "kills_t": 0.03529411764705882, "kp": 0.41114130434782614, "deaths_t": 0.03529411764705882, "assists_t": 0.03800904977375565, "csscore_t": 0.8796380090497737, "teamgold_t": 62.89321266968326, "vision_score_t": 0.845837024885315, "wards_placed_t": 0.06063348416289593, "gold_graph_diffs_t": 11.619004524886877}