{"id": "EUN1_3571349022", "lvl": 1800, "literal level": "PLATINUM II", "time": 946, "solokills_t": 0.009513742071881607, "kills_t": 0.024312896405919663, "kp": 0.33555555555555555, "deaths_t": 0.02536997885835095, "assists_t": 0.014799154334038054, "csscore_t": 0.854122621564482, "teamgold_t": 56.964059196617335, "vision_score_t": 0.8141991761570576, "wards_placed_t": 0.05391120507399577, "gold_graph_diffs_t": 10.682875264270614}