{"id": "EUN1_3582788519", "lvl": 1100, "literal level": "SILVER I", "time": 1963, "solokills_t": 0.010188487009679063, "kills_t": 0.04584819154355578, "kp": 0.4636363636363637, "deaths_t": 0.04584819154355578, "assists_t": 0.06062149770759042, "csscore_t": 0.6459500764136525, "teamgold_t": 68.50127356087621, "vision_score_t": 0.6600765048907956, "wards_placed_t": 0.040244523688232295, "gold_graph_diffs_t": 13.253183902190525}