{"id": "EUN1_3585482100", "lvl": 1700, "literal level": "PLATINUM III", "time": 1444, "solokills_t": 0.008310249307479225, "kills_t": 0.04155124653739612, "kp": 0.4260765550239235, "deaths_t": 0.04155124653739612, "assists_t": 0.046398891966759004, "csscore_t": 0.796398891966759, "teamgold_t": 68.59279778393352, "vision_score_t": 0.9004881918175004, "wards_placed_t": 0.05678670360110803, "gold_graph_diffs_t": 11.1398891966759}