{"id": "EUN1_3577918604", "lvl": 1600, "literal level": "PLATINUM IV", "time": 1552, "solokills_t": 0.007087628865979381, "kills_t": 0.03286082474226804, "kp": 0.4740131578947368, "deaths_t": 0.03286082474226804, "assists_t": 0.04768041237113402, "csscore_t": 0.8079896907216495, "teamgold_t": 64.46005154639175, "vision_score_t": 0.9746798361159602, "wards_placed_t": 0.07087628865979381, "gold_graph_diffs_t": 10.025773195876289}