{"id": "EUN1_3575589283", "lvl": 1700, "literal level": "PLATINUM III", "time": 1579, "solokills_t": 0.010766307789740342, "kills_t": 0.046865104496516784, "kp": 0.4433716475095785, "deaths_t": 0.046865104496516784, "assists_t": 0.05573147561747942, "csscore_t": 0.694743508549715, "teamgold_t": 66.7922735908803, "vision_score_t": 0.8793309128696565, "wards_placed_t": 0.056998100063331225, "gold_graph_diffs_t": 12.835338822039265}