{"id": "EUN1_3583701396", "lvl": 1900, "literal level": "PLATINUM I", "time": 1382, "solokills_t": 0.006512301013024602, "kills_t": 0.020984081041968163, "kp": 0.3904761904761905, "deaths_t": 0.02170767004341534, "assists_t": 0.019536903039073805, "csscore_t": 0.816931982633864, "teamgold_t": 56.976121562952244, "vision_score_t": 0.9405586940201252, "wards_placed_t": 0.0658465991316932, "gold_graph_diffs_t": 11.087554269175108}