{"id": "EUN1_3581211672", "lvl": 1500, "literal level": "GOLD I", "time": 1592, "solokills_t": 0.009422110552763818, "kills_t": 0.032035175879396985, "kp": 0.4376190476190476, "deaths_t": 0.032035175879396985, "assists_t": 0.038316582914572864, "csscore_t": 0.8084170854271356, "teamgold_t": 61.22927135678392, "vision_score_t": 0.8496172028685669, "wards_placed_t": 0.06344221105527638, "gold_graph_diffs_t": 11.240577889447236}