{"id": "EUN1_3583003958", "lvl": 1600, "literal level": "PLATINUM IV", "time": 1621, "solokills_t": 0.00863664404688464, "kills_t": 0.04565083281924738, "kp": 0.5059889676910954, "deaths_t": 0.04565083281924738, "assists_t": 0.06724244293645898, "csscore_t": 0.8130783466995681, "teamgold_t": 69.4898210980876, "vision_score_t": 0.8411732001413871, "wards_placed_t": 0.05243676742751388, "gold_graph_diffs_t": 13.162862430598397}