{"id": "EUN1_3581022717", "lvl": 1800, "literal level": "PLATINUM II", "time": 1771, "solokills_t": 0.009599096555618294, "kills_t": 0.04630152456239413, "kp": 0.4178723404255319, "deaths_t": 0.04630152456239413, "assists_t": 0.049689440993788817, "csscore_t": 0.7521174477696216, "teamgold_t": 69.21005081874647, "vision_score_t": 0.8750604283633212, "wards_placed_t": 0.06041784302653868, "gold_graph_diffs_t": 13.580463015245623}