{"id": "EUN1_3578032155", "lvl": 1600, "literal level": "PLATINUM IV", "time": 2235, "solokills_t": 0.008053691275167786, "kills_t": 0.04429530201342282, "kp": 0.47493692178301095, "deaths_t": 0.04429530201342282, "assists_t": 0.06040268456375839, "csscore_t": 0.7968680089485458, "teamgold_t": 69.74183445190157, "vision_score_t": 0.7551973851713433, "wards_placed_t": 0.046085011185682326, "gold_graph_diffs_t": 12.023713646532439}