{"id": "EUN1_3572742351", "lvl": 1900, "literal level": "PLATINUM I", "time": 1875, "solokills_t": 0.007466666666666667, "kills_t": 0.034133333333333335, "kp": 0.4608333333333333, "deaths_t": 0.034133333333333335, "assists_t": 0.04426666666666667, "csscore_t": 0.7925333333333333, "teamgold_t": 64.82666666666667, "vision_score_t": 1.0254766364757593, "wards_placed_t": 0.072, "gold_graph_diffs_t": 10.8544}