{"id": "EUN1_3574368415", "lvl": 1700, "literal level": "PLATINUM III", "time": 2811, "solokills_t": 0.004268943436499467, "kills_t": 0.035218783351120594, "kp": 0.556070549630845, "deaths_t": 0.035218783351120594, "assists_t": 0.06296691568836713, "csscore_t": 0.8135894699395233, "teamgold_t": 67.84596229099965, "vision_score_t": 1.1248822697815244, "wards_placed_t": 0.06510138740661686, "gold_graph_diffs_t": 15.498043400924939}