{"id": "EUN1_3557089918", "lvl": 2000, "literal level": "EMERALD IV", "time": 1693, "solokills_t": 0.01004134672179563, "kills_t": 0.03307737743650325, "kp": 0.3897435897435898, "deaths_t": 0.03307737743650325, "assists_t": 0.03071470761961016, "csscore_t": 0.9043118724158299, "teamgold_t": 66.12876550502067, "vision_score_t": 0.7127102950131902, "wards_placed_t": 0.047844063792085056, "gold_graph_diffs_t": 13.683402244536326}