{"id": "EUN1_3578235863", "lvl": 1600, "literal level": "PLATINUM IV", "time": 1961, "solokills_t": 0.009178990311065782, "kills_t": 0.03620601733809281, "kp": 0.4462962962962963, "deaths_t": 0.03620601733809281, "assists_t": 0.046914839367669554, "csscore_t": 0.8521162672106068, "teamgold_t": 67.11320754716981, "vision_score_t": 0.8639698913911825, "wards_placed_t": 0.054563997960224375, "gold_graph_diffs_t": 14.4931157572667}