{"id": "EUN1_3553015412", "lvl": 2100, "literal level": "EMERALD III", "time": 2021, "solokills_t": 0.009401286491835725, "kills_t": 0.04601682335477486, "kp": 0.4784688995215311, "deaths_t": 0.04601682335477486, "assists_t": 0.06382978723404255, "csscore_t": 0.8589807026224642, "teamgold_t": 72.41316180108856, "vision_score_t": 1.1462902189868815, "wards_placed_t": 0.07471548738248392, "gold_graph_diffs_t": 13.87382483918852}