{"id": "EUN1_3572361608", "lvl": 1700, "literal level": "PLATINUM III", "time": 2090, "solokills_t": 0.01722488038277512, "kills_t": 0.04832535885167464, "kp": 0.37872841444270017, "deaths_t": 0.04832535885167464, "assists_t": 0.0430622009569378, "csscore_t": 0.8368421052631579, "teamgold_t": 71.8602870813397, "vision_score_t": 1.0770102948012688, "wards_placed_t": 0.06746411483253588, "gold_graph_diffs_t": 13.958851674641148}