{"id": "EUN1_3571205104", "lvl": 1900, "literal level": "PLATINUM I", "time": 1693, "solokills_t": 0.008269344359125812, "kills_t": 0.03603071470761961, "kp": 0.43069444444444444, "deaths_t": 0.03603071470761961, "assists_t": 0.04311872415829888, "csscore_t": 0.8517424689899586, "teamgold_t": 68.15180153573539, "vision_score_t": 0.9453752124344093, "wards_placed_t": 0.06497341996455995, "gold_graph_diffs_t": 12.417601890135854}