{"id": "EUN1_3569198530", "lvl": 1400, "literal level": "GOLD II", "time": 1642, "solokills_t": 0.008526187576126675, "kills_t": 0.0341047503045067, "kp": 0.4254010695187166, "deaths_t": 0.0341047503045067, "assists_t": 0.03836784409257003, "csscore_t": 0.8373934226552984, "teamgold_t": 68.37454323995128, "vision_score_t": 0.8108875638676085, "wards_placed_t": 0.058465286236297195, "gold_graph_diffs_t": 12.054202192448233}