{"id": "EUN1_3581500500", "lvl": 1400, "literal level": "GOLD II", "time": 2174, "solokills_t": 0.007359705611775529, "kills_t": 0.03771849126034959, "kp": 0.5001192605843768, "deaths_t": 0.03771849126034959, "assists_t": 0.05657773689052438, "csscore_t": 0.7861085556577737, "teamgold_t": 67.41490340386385, "vision_score_t": 0.9473710540324785, "wards_placed_t": 0.060257589696412144, "gold_graph_diffs_t": 12.273229070837166}