{"id": "EUN1_3575098494", "lvl": 1800, "literal level": "PLATINUM II", "time": 1522, "solokills_t": 0.012483574244415242, "kills_t": 0.04204993429697766, "kp": 0.4136363636363637, "deaths_t": 0.04204993429697766, "assists_t": 0.045992115637319315, "csscore_t": 0.8140604467805519, "teamgold_t": 65.19316688567675, "vision_score_t": 0.9304037459572025, "wards_placed_t": 0.06438896189224705, "gold_graph_diffs_t": 13.867279894875164}