{"id": "EUN1_3564352235", "lvl": 2000, "literal level": "EMERALD IV", "time": 2292, "solokills_t": 0.008289703315881327, "kills_t": 0.029668411867364748, "kp": 0.4260606060606061, "deaths_t": 0.029668411867364748, "assists_t": 0.033595113438045374, "csscore_t": 0.9602966841186736, "teamgold_t": 66.43848167539267, "vision_score_t": 1.1520260034433998, "wards_placed_t": 0.07460732984293193, "gold_graph_diffs_t": 10.779668411867364}