{"id": "EUN1_3581113151", "lvl": 1400, "literal level": "GOLD II", "time": 1927, "solokills_t": 0.009859885832900882, "kills_t": 0.03476907109496627, "kp": 0.42414414414414414, "deaths_t": 0.03476907109496627, "assists_t": 0.038920601971977165, "csscore_t": 0.8329008822003113, "teamgold_t": 65.64660093409445, "vision_score_t": 0.8065843446341358, "wards_placed_t": 0.052932018681888945, "gold_graph_diffs_t": 15.878048780487806}