{"id": "EUN1_3571810885", "lvl": 1900, "literal level": "PLATINUM I", "time": 2322, "solokills_t": 0.002583979328165375, "kills_t": 0.028423772609819122, "kp": 0.4969924812030076, "deaths_t": 0.028423772609819122, "assists_t": 0.04306632213608958, "csscore_t": 0.8277347114556417, "teamgold_t": 66.54478897502153, "vision_score_t": 1.1155229621826195, "wards_placed_t": 0.08311800172265288, "gold_graph_diffs_t": 15.027131782945736}