{"id": "EUN1_3581623155", "lvl": 1300, "literal level": "GOLD III", "time": 1654, "solokills_t": 0.014510278113663845, "kills_t": 0.045949214026602174, "kp": 0.3973684210526316, "deaths_t": 0.045949214026602174, "assists_t": 0.04534461910519952, "csscore_t": 0.717049576783555, "teamgold_t": 68.65538089480049, "vision_score_t": 0.7541559174563525, "wards_placed_t": 0.05199516324062878, "gold_graph_diffs_t": 15.220072551390569}