{"id": "EUN1_3569912094", "lvl": 1800, "literal level": "PLATINUM II", "time": 1936, "solokills_t": 0.007231404958677686, "kills_t": 0.0371900826446281, "kp": 0.4722222222222222, "deaths_t": 0.03770661157024793, "assists_t": 0.0506198347107438, "csscore_t": 0.8171487603305785, "teamgold_t": 68.64927685950413, "vision_score_t": 1.0550060702982476, "wards_placed_t": 0.08419421487603305, "gold_graph_diffs_t": 18.077995867768596}