{"id": "EUN1_3572312420", "lvl": 1700, "literal level": "PLATINUM III", "time": 1773, "solokills_t": 0.011280315848843767, "kills_t": 0.03553299492385787, "kp": 0.4354545454545454, "deaths_t": 0.03553299492385787, "assists_t": 0.04173716864072194, "csscore_t": 0.8200789622109419, "teamgold_t": 68.13987591652567, "vision_score_t": 0.9561920989395721, "wards_placed_t": 0.06598984771573604, "gold_graph_diffs_t": 11.89960518894529}