{"id": "EUN1_3571349698", "lvl": 2000, "literal level": "EMERALD IV", "time": 1681, "solokills_t": 0.004759071980963712, "kills_t": 0.02558001189767995, "kp": 0.5266129032258065, "deaths_t": 0.02558001189767995, "assists_t": 0.04045211183819155, "csscore_t": 0.8149910767400357, "teamgold_t": 59.66508030933968, "vision_score_t": 0.8716576384850525, "wards_placed_t": 0.057108863771564544, "gold_graph_diffs_t": 11.023795359904819}