{"id": "EUN1_3562551127", "lvl": 1900, "literal level": "PLATINUM I", "time": 1598, "solokills_t": 0.015018773466833541, "kills_t": 0.04130162703379224, "kp": 0.4282051282051282, "deaths_t": 0.04130162703379224, "assists_t": 0.04818523153942428, "csscore_t": 0.8078848560700876, "teamgold_t": 68.2540675844806, "vision_score_t": 0.7965624587510052, "wards_placed_t": 0.05444305381727159, "gold_graph_diffs_t": 13.121401752190238}