{"id": "EUN1_3573164278", "lvl": 1800, "literal level": "PLATINUM II", "time": 1716, "solokills_t": 0.008741258741258742, "kills_t": 0.03671328671328671, "kp": 0.43540669856459324, "deaths_t": 0.03671328671328671, "assists_t": 0.04195804195804196, "csscore_t": 0.8688811188811189, "teamgold_t": 65.93939393939394, "vision_score_t": 0.8703096968313636, "wards_placed_t": 0.06235431235431235, "gold_graph_diffs_t": 10.777389277389277}