{"id": "EUN1_3555436634", "lvl": 1600, "literal level": "PLATINUM IV", "time": 1815, "solokills_t": 0.011019283746556474, "kills_t": 0.03526170798898071, "kp": 0.4372216330858961, "deaths_t": 0.03526170798898071, "assists_t": 0.04022038567493113, "csscore_t": 0.8666666666666667, "teamgold_t": 66.80440771349862, "vision_score_t": 1.0447062949620665, "wards_placed_t": 0.07713498622589532, "gold_graph_diffs_t": 10.365840220385675}