{"id": "EUN1_3573459982", "lvl": 1800, "literal level": "PLATINUM II", "time": 2312, "solokills_t": 0.010380622837370242, "kills_t": 0.038494809688581315, "kp": 0.4549783549783549, "deaths_t": 0.038494809688581315, "assists_t": 0.05060553633217993, "csscore_t": 0.7936851211072664, "teamgold_t": 67.06574394463668, "vision_score_t": 0.9185014319088586, "wards_placed_t": 0.060121107266435984, "gold_graph_diffs_t": 10.692906574394463}