{"id": "EUN1_3578155649", "lvl": 2000, "literal level": "EMERALD IV", "time": 1501, "solokills_t": 0.005329780146568954, "kills_t": 0.029980013324450366, "kp": 0.48, "deaths_t": 0.029980013324450366, "assists_t": 0.04330446369087275, "csscore_t": 0.8507661558960693, "teamgold_t": 64.5962691538974, "vision_score_t": 0.8584828561347381, "wards_placed_t": 0.06329113924050633, "gold_graph_diffs_t": 10.534976682211859}