{"id": "EUN1_3570101513", "lvl": 1500, "literal level": "GOLD I", "time": 2512, "solokills_t": 0.01393312101910828, "kills_t": 0.042993630573248405, "kp": 0.416637841577309, "deaths_t": 0.042993630573248405, "assists_t": 0.046576433121019105, "csscore_t": 0.7965764331210191, "teamgold_t": 66.28503184713375, "vision_score_t": 0.9174324948841692, "wards_placed_t": 0.06727707006369427, "gold_graph_diffs_t": 12.069267515923567}