{"id": "EUN1_3580574366", "lvl": 1800, "literal level": "PLATINUM II", "time": 1534, "solokills_t": 0.005867014341590613, "kills_t": 0.03780964797913951, "kp": 0.4507765830346476, "deaths_t": 0.038461538461538464, "assists_t": 0.04758800521512386, "csscore_t": 0.8246414602346805, "teamgold_t": 67.31681877444589, "vision_score_t": 0.9164040828655697, "wards_placed_t": 0.060625814863103, "gold_graph_diffs_t": 11.65580182529335}