{"id": "EUN1_3564415727", "lvl": 1900, "literal level": "PLATINUM I", "time": 1970, "solokills_t": 0.003553299492385787, "kills_t": 0.03401015228426396, "kp": 0.5298418972332015, "deaths_t": 0.03451776649746193, "assists_t": 0.0583756345177665, "csscore_t": 0.8035532994923857, "teamgold_t": 66.05786802030457, "vision_score_t": 0.783595140630117, "wards_placed_t": 0.05482233502538071, "gold_graph_diffs_t": 15.195939086294416}