{"id": "EUN1_3575258620", "lvl": 1500, "literal level": "GOLD I", "time": 1513, "solokills_t": 0.011896893588896233, "kills_t": 0.03767349636483807, "kp": 0.38611111111111107, "deaths_t": 0.03767349636483807, "assists_t": 0.034368803701255786, "csscore_t": 0.845340383344349, "teamgold_t": 65.34765366820886, "vision_score_t": 0.8387964026615311, "wards_placed_t": 0.06609385327164574, "gold_graph_diffs_t": 15.450760079312625}