{"id": "EUN1_3580469839", "lvl": 1500, "literal level": "GOLD I", "time": 2565, "solokills_t": 0.0035087719298245615, "kills_t": 0.030019493177387915, "kp": 0.5789583333333332, "deaths_t": 0.030019493177387915, "assists_t": 0.058089668615984406, "csscore_t": 0.724756335282651, "teamgold_t": 63.137231968810916, "vision_score_t": 0.9254378008949329, "wards_placed_t": 0.0635477582846004, "gold_graph_diffs_t": 13.472514619883041}