{"id": "EUN1_3586268299", "lvl": 1800, "literal level": "PLATINUM II", "time": 2084, "solokills_t": 0.0019193857965451055, "kills_t": 0.032149712092130515, "kp": 0.5905038759689921, "deaths_t": 0.032149712092130515, "assists_t": 0.06765834932821498, "csscore_t": 0.7418426103646834, "teamgold_t": 63.84500959692898, "vision_score_t": 0.9846715285114402, "wards_placed_t": 0.07485604606525911, "gold_graph_diffs_t": 14.33637236084453}