{"id": "EUN1_3583621828", "lvl": 1600, "literal level": "PLATINUM IV", "time": 2205, "solokills_t": 0.010884353741496598, "kills_t": 0.04126984126984127, "kp": 0.46346346346346345, "deaths_t": 0.04126984126984127, "assists_t": 0.053061224489795916, "csscore_t": 0.6616780045351474, "teamgold_t": 64.29387755102042, "vision_score_t": 0.9988621410594067, "wards_placed_t": 0.07482993197278912, "gold_graph_diffs_t": 14.127891156462585}