{"id": "EUN1_3572067910", "lvl": 1200, "literal level": "GOLD IV", "time": 2810, "solokills_t": 0.008896797153024912, "kills_t": 0.03665480427046263, "kp": 0.47060889929742383, "deaths_t": 0.03665480427046263, "assists_t": 0.050533807829181494, "csscore_t": 0.7758007117437722, "teamgold_t": 65.91067615658363, "vision_score_t": 0.9692968044718464, "wards_placed_t": 0.058362989323843414, "gold_graph_diffs_t": 12.529181494661922}