{"id": "EUN1_3563153696", "lvl": 2000, "literal level": "EMERALD IV", "time": 1499, "solokills_t": 0.00733822548365577, "kills_t": 0.028685790527018012, "kp": 0.4066666666666666, "deaths_t": 0.028685790527018012, "assists_t": 0.030020013342228154, "csscore_t": 0.9746497665110073, "teamgold_t": 64.52901934623083, "vision_score_t": 0.9239744532115827, "wards_placed_t": 0.06404269513008673, "gold_graph_diffs_t": 12.654436290860573}