{"id": "EUN1_3586341125", "lvl": 1900, "literal level": "PLATINUM I", "time": 1820, "solokills_t": 0.007142857142857143, "kills_t": 0.03296703296703297, "kp": 0.4953786906290116, "deaths_t": 0.03296703296703297, "assists_t": 0.05, "csscore_t": 0.8126373626373626, "teamgold_t": 64.28901098901099, "vision_score_t": 1.0248587820954935, "wards_placed_t": 0.05879120879120879, "gold_graph_diffs_t": 12.985714285714286}