{"id": "EUN1_3569663933", "lvl": 1800, "literal level": "PLATINUM II", "time": 2006, "solokills_t": 0.011465603190428714, "kills_t": 0.045862412761714856, "kp": 0.4015037593984962, "deaths_t": 0.045862412761714856, "assists_t": 0.047856430707876374, "csscore_t": 0.7956131605184447, "teamgold_t": 69.61914257228315, "vision_score_t": 0.9875001422309333, "wards_placed_t": 0.06081754735792622, "gold_graph_diffs_t": 14.42073778664008}