{"id": "EUN1_3585533782", "lvl": 1900, "literal level": "PLATINUM I", "time": 1909, "solokills_t": 0.01676270298585647, "kills_t": 0.042954426401257205, "kp": 0.3958258795468098, "deaths_t": 0.042954426401257205, "assists_t": 0.041906757464641176, "csscore_t": 0.7668936616029335, "teamgold_t": 67.51073860660031, "vision_score_t": 0.7547057726208137, "wards_placed_t": 0.058669460450497646, "gold_graph_diffs_t": 12.520691461498167}