{"id": "EUN1_3580103435", "lvl": 1600, "literal level": "PLATINUM IV", "time": 2009, "solokills_t": 0.005973120955699353, "kills_t": 0.04629168740666999, "kp": 0.4910482374768089, "deaths_t": 0.04629168740666999, "assists_t": 0.06719761075161772, "csscore_t": 0.7565953210552514, "teamgold_t": 69.715281234445, "vision_score_t": 1.0997788196147333, "wards_placed_t": 0.0741662518666003, "gold_graph_diffs_t": 15.071179691388751}