{"id": "EUN1_3562442428", "lvl": 1600, "literal level": "PLATINUM IV", "time": 1695, "solokills_t": 0.015339233038348082, "kills_t": 0.05191740412979351, "kp": 0.4070833333333333, "deaths_t": 0.05191740412979351, "assists_t": 0.054277286135693215, "csscore_t": 0.8259587020648967, "teamgold_t": 74.71976401179941, "vision_score_t": 0.9906946219888152, "wards_placed_t": 0.07728613569321534, "gold_graph_diffs_t": 14.302064896755162}