{"id": "EUN1_3562158678", "lvl": 1600, "literal level": "PLATINUM IV", "time": 1526, "solokills_t": 0.0163826998689384, "kills_t": 0.03669724770642202, "kp": 0.36904761904761907, "deaths_t": 0.03669724770642202, "assists_t": 0.03211009174311927, "csscore_t": 0.8650065530799476, "teamgold_t": 65.28374836173002, "vision_score_t": 0.7925926985625104, "wards_placed_t": 0.06487549148099607, "gold_graph_diffs_t": 15.126474442988204}