{"id": "EUN1_3566062724", "lvl": 1800, "literal level": "PLATINUM II", "time": 1691, "solokills_t": 0.010644589000591367, "kills_t": 0.03252513305736251, "kp": 0.4153100775193798, "deaths_t": 0.03252513305736251, "assists_t": 0.03489059727971614, "csscore_t": 0.8379657007687759, "teamgold_t": 62.05263157894737, "vision_score_t": 0.8198456234318892, "wards_placed_t": 0.0514488468361916, "gold_graph_diffs_t": 14.466587817859255}