{"id": "EUN1_3580865985", "lvl": 1700, "literal level": "PLATINUM III", "time": 1597, "solokills_t": 0.013149655604257984, "kills_t": 0.03256105197244834, "kp": 0.4023703703703704, "deaths_t": 0.03256105197244834, "assists_t": 0.03256105197244834, "csscore_t": 0.8159048215403882, "teamgold_t": 64.64495929868504, "vision_score_t": 0.7739600109916347, "wards_placed_t": 0.06011271133375078, "gold_graph_diffs_t": 11.226048841577958}