{"id": "EUN1_3586365400", "lvl": 1600, "literal level": "PLATINUM IV", "time": 914, "solokills_t": 0.007658643326039387, "kills_t": 0.0262582056892779, "kp": 0.3905263157894737, "deaths_t": 0.0262582056892779, "assists_t": 0.02735229759299781, "csscore_t": 0.8785557986870897, "teamgold_t": 60.59518599562363, "vision_score_t": 0.6279294897178176, "wards_placed_t": 0.0525164113785558, "gold_graph_diffs_t": 11.459518599562363}