{"id": "EUN1_3579004633", "lvl": 1800, "literal level": "PLATINUM II", "time": 1666, "solokills_t": 0.009603841536614645, "kills_t": 0.037815126050420166, "kp": 0.46878787878787864, "deaths_t": 0.037815126050420166, "assists_t": 0.05042016806722689, "csscore_t": 0.8073229291716687, "teamgold_t": 64.81272509003601, "vision_score_t": 0.8654885781913879, "wards_placed_t": 0.062424969987995196, "gold_graph_diffs_t": 12.737094837935174}