{"id": "EUN1_3574030202", "lvl": 1600, "literal level": "PLATINUM IV", "time": 1435, "solokills_t": 0.005574912891986063, "kills_t": 0.032752613240418116, "kp": 0.4781609195402298, "deaths_t": 0.032752613240418116, "assists_t": 0.045993031358885016, "csscore_t": 0.8250871080139373, "teamgold_t": 64.01951219512195, "vision_score_t": 0.8153562036366673, "wards_placed_t": 0.05714285714285714, "gold_graph_diffs_t": 13.881533101045296}