{"id": "EUN1_3581765812", "lvl": 1900, "literal level": "PLATINUM I", "time": 1987, "solokills_t": 0.008555611474584801, "kills_t": 0.03271263210870659, "kp": 0.4269230769230769, "deaths_t": 0.03271263210870659, "assists_t": 0.03824861600402617, "csscore_t": 0.8595873175641671, "teamgold_t": 64.2868646200302, "vision_score_t": 1.0306338460639357, "wards_placed_t": 0.07146451937594363, "gold_graph_diffs_t": 13.694011071967791}