{"id": "EUN1_3568929127", "lvl": 1900, "literal level": "PLATINUM I", "time": 1811, "solokills_t": 0.015461071231363888, "kills_t": 0.04969630038652678, "kp": 0.41194805194805195, "deaths_t": 0.04969630038652678, "assists_t": 0.05080066261733849, "csscore_t": 0.8393152954168968, "teamgold_t": 70.12424075096632, "vision_score_t": 0.8955624566632444, "wards_placed_t": 0.05632247377139702, "gold_graph_diffs_t": 10.882937603533959}