{"id": "EUN1_3583740611", "lvl": 1900, "literal level": "PLATINUM I", "time": 1411, "solokills_t": 0.009213323883770375, "kills_t": 0.042523033309709427, "kp": 0.4208791208791209, "deaths_t": 0.04323175053153792, "assists_t": 0.04890148830616584, "csscore_t": 0.8646350106307583, "teamgold_t": 67.99362154500355, "vision_score_t": 0.9304618643185453, "wards_placed_t": 0.06307583274273565, "gold_graph_diffs_t": 12.746279234585401}