{"id": "EUN1_3586443414", "lvl": 1800, "literal level": "PLATINUM II", "time": 406, "solokills_t": 0.009852216748768473, "kills_t": 0.019704433497536946, "kp": 0.325, "deaths_t": 0.019704433497536946, "assists_t": 0.012315270935960592, "csscore_t": 0.7438423645320197, "teamgold_t": 53.5615763546798, "vision_score_t": 0.3379020867284732, "wards_placed_t": 0.03940886699507389, "gold_graph_diffs_t": 7.142857142857143}