{"id": "EUN1_3581176559", "lvl": 1900, "literal level": "PLATINUM I", "time": 1891, "solokills_t": 0.006345848757271285, "kills_t": 0.035430988894764676, "kp": 0.5422161172161172, "deaths_t": 0.035430988894764676, "assists_t": 0.060814383923849816, "csscore_t": 0.8736118455843469, "teamgold_t": 67.70703331570597, "vision_score_t": 0.9393630663623384, "wards_placed_t": 0.06187202538339503, "gold_graph_diffs_t": 12.566895822316235}