{"id": "EUN1_3576533827", "lvl": 1800, "literal level": "PLATINUM II", "time": 1579, "solokills_t": 0.007599746675110829, "kills_t": 0.032932235592146926, "kp": 0.456071964017991, "deaths_t": 0.032932235592146926, "assists_t": 0.04306523115896137, "csscore_t": 0.8017732742241925, "teamgold_t": 60.54654844838505, "vision_score_t": 0.8355188409613195, "wards_placed_t": 0.05763141228625712, "gold_graph_diffs_t": 9.83470550981634}