{"id": "EUN1_3562474144", "lvl": 1700, "literal level": "PLATINUM III", "time": 1791, "solokills_t": 0.007816862088218872, "kills_t": 0.03685092127303183, "kp": 0.5190384615384616, "deaths_t": 0.03740926856504746, "assists_t": 0.05862646566164154, "csscore_t": 0.8163037409268565, "teamgold_t": 65.33445002791737, "vision_score_t": 0.9000655027014502, "wards_placed_t": 0.06532663316582915, "gold_graph_diffs_t": 10.7749860413177}