{"id": "EUN1_3565580821", "lvl": 2900, "literal level": "MASTER 100 lp", "time": 1770, "solokills_t": 0.007909604519774011, "kills_t": 0.03446327683615819, "kp": 0.5447368421052631, "deaths_t": 0.03446327683615819, "assists_t": 0.05649717514124294, "csscore_t": 0.9519774011299436, "teamgold_t": 68.99209039548023, "vision_score_t": 1.062294412103718, "wards_placed_t": 0.07344632768361582, "gold_graph_diffs_t": 12.854237288135593}