{"id": "EUN1_3564328993", "lvl": 2800, "literal level": "MASTER 0 lp", "time": 2107, "solokills_t": 0.005220692928334125, "kills_t": 0.034171808258187, "kp": 0.5608494208494208, "deaths_t": 0.034171808258187, "assists_t": 0.061224489795918366, "csscore_t": 0.8808732795443759, "teamgold_t": 69.21499762695775, "vision_score_t": 1.0322879574379524, "wards_placed_t": 0.06881822496440437, "gold_graph_diffs_t": 13.552918841955387}