{"id": "EUN1_3540829563", "lvl": 2000, "literal level": "EMERALD IV", "time": 2214, "solokills_t": 0.011743450767841012, "kills_t": 0.04336043360433604, "kp": 0.4468085106382979, "deaths_t": 0.04336043360433604, "assists_t": 0.053297199638663056, "csscore_t": 0.7574525745257452, "teamgold_t": 68.72719060523939, "vision_score_t": 0.8116311282042924, "wards_placed_t": 0.057362240289069555, "gold_graph_diffs_t": 14.032520325203253}