{"id": "EUN1_3563697873", "lvl": 2900, "literal level": "MASTER 100 lp", "time": 2267, "solokills_t": 0.011910013233348038, "kills_t": 0.038376709307454786, "kp": 0.44539682539682535, "deaths_t": 0.038376709307454786, "assists_t": 0.04764005293339215, "csscore_t": 0.8169386854874283, "teamgold_t": 67.38641376268195, "vision_score_t": 0.9396717452608957, "wards_placed_t": 0.06043228936921041, "gold_graph_diffs_t": 16.071018967798853}