{"id": "EUN1_3529968020", "lvl": 2700, "literal level": "DIAMOND I", "time": 1929, "solokills_t": 0.00933125972006221, "kills_t": 0.038880248833592534, "kp": 0.46341991341991334, "deaths_t": 0.03939865215137377, "assists_t": 0.05028512182477968, "csscore_t": 0.8828408501814412, "teamgold_t": 70.8698807672369, "vision_score_t": 1.0096495153463845, "wards_placed_t": 0.060653188180404355, "gold_graph_diffs_t": 13.784344219803007}