{"id": "EUN1_3528848838", "lvl": 2900, "literal level": "MASTER 100 lp", "time": 1690, "solokills_t": 0.009467455621301775, "kills_t": 0.045562130177514794, "kp": 0.4576351351351352, "deaths_t": 0.045562130177514794, "assists_t": 0.058579881656804736, "csscore_t": 0.8041420118343195, "teamgold_t": 70.35680473372781, "vision_score_t": 1.221660753938445, "wards_placed_t": 0.08106508875739644, "gold_graph_diffs_t": 13.788757396449704}