{"id": "EUN1_3584114630", "lvl": 2400, "literal level": "DIAMOND IV", "time": 1752, "solokills_t": 0.0017123287671232876, "kills_t": 0.02511415525114155, "kp": 0.5708333333333333, "deaths_t": 0.02511415525114155, "assists_t": 0.04737442922374429, "csscore_t": 0.9257990867579908, "teamgold_t": 62.833333333333336, "vision_score_t": 0.9926276966556893, "wards_placed_t": 0.0656392694063927, "gold_graph_diffs_t": 12.680365296803654}