{"id": "EUN1_3584046585", "lvl": 2600, "literal level": "DIAMOND II", "time": 2082, "solokills_t": 0.010086455331412104, "kills_t": 0.052833813640730067, "kp": 0.4995365772922874, "deaths_t": 0.053314121037463975, "assists_t": 0.0792507204610951, "csscore_t": 0.7824207492795389, "teamgold_t": 73.03266090297791, "vision_score_t": 0.9887089386383273, "wards_placed_t": 0.06195965417867435, "gold_graph_diffs_t": 16.6685878962536}