{"id": "EUN1_3580818518", "lvl": 2400, "literal level": "DIAMOND IV", "time": 2170, "solokills_t": 0.005990783410138249, "kills_t": 0.04055299539170507, "kp": 0.5272727272727272, "deaths_t": 0.04055299539170507, "assists_t": 0.0663594470046083, "csscore_t": 0.7423963133640553, "teamgold_t": 68.21382488479263, "vision_score_t": 1.3216514115627667, "wards_placed_t": 0.08617511520737327, "gold_graph_diffs_t": 15.482027649769586}