{"id": "EUN1_3563827721", "lvl": 3000, "literal level": "MASTER 200 lp", "time": 1833, "solokills_t": 0.009819967266775777, "kills_t": 0.03873431533006001, "kp": 0.4812173913043479, "deaths_t": 0.03873431533006001, "assists_t": 0.057283142389525366, "csscore_t": 0.872885979268958, "teamgold_t": 67.873431533006, "vision_score_t": 1.0985293226065507, "wards_placed_t": 0.06819421713038734, "gold_graph_diffs_t": 13.313693398799781}