{"id": "EUN1_3572352007", "lvl": 2600, "literal level": "DIAMOND II", "time": 1272, "solokills_t": 0.01179245283018868, "kills_t": 0.030660377358490566, "kp": 0.37222222222222223, "deaths_t": 0.030660377358490566, "assists_t": 0.031446540880503145, "csscore_t": 0.9033018867924528, "teamgold_t": 62.863207547169814, "vision_score_t": 0.8376126770466413, "wards_placed_t": 0.06132075471698113, "gold_graph_diffs_t": 13.086477987421384}