{"id": "EUN1_3567560459", "lvl": 2600, "literal level": "DIAMOND II", "time": 1736, "solokills_t": 0.002304147465437788, "kills_t": 0.03456221198156682, "kp": 0.5102678571428572, "deaths_t": 0.03456221198156682, "assists_t": 0.05357142857142857, "csscore_t": 0.9671658986175116, "teamgold_t": 70.13767281105991, "vision_score_t": 1.0353292636460854, "wards_placed_t": 0.07142857142857142, "gold_graph_diffs_t": 12.910714285714286}