{"id": "EUN1_3581241513", "lvl": 2300, "literal level": "EMERALD I", "time": 2324, "solokills_t": 0.00387263339070568, "kills_t": 0.03442340791738382, "kp": 0.5061913696060036, "deaths_t": 0.03442340791738382, "assists_t": 0.05249569707401033, "csscore_t": 0.8950086058519794, "teamgold_t": 72.69836488812392, "vision_score_t": 1.278195897377857, "wards_placed_t": 0.07271944922547333, "gold_graph_diffs_t": 16.08562822719449}