{"id": "EUN1_3585021636", "lvl": 2300, "literal level": "EMERALD I", "time": 2220, "solokills_t": 0.014414414414414415, "kills_t": 0.0509009009009009, "kp": 0.4311320754716981, "deaths_t": 0.0509009009009009, "assists_t": 0.05990990990990991, "csscore_t": 0.8342342342342343, "teamgold_t": 77.81126126126127, "vision_score_t": 0.9474527151236316, "wards_placed_t": 0.06621621621621622, "gold_graph_diffs_t": 17.51126126126126}