{"id": "EUN1_3538601866", "lvl": 2500, "literal level": "DIAMOND III", "time": 1511, "solokills_t": 0.013236267372600927, "kills_t": 0.04632693580410324, "kp": 0.4162790697674419, "deaths_t": 0.04632693580410324, "assists_t": 0.050959629384513566, "csscore_t": 0.8722700198544011, "teamgold_t": 71.07081403044342, "vision_score_t": 0.7599674733131861, "wards_placed_t": 0.04765056254136334, "gold_graph_diffs_t": 13.784248841826605}