{"id": "EUN1_3586454406", "lvl": 2200, "literal level": "EMERALD II", "time": 2457, "solokills_t": 0.004884004884004884, "kills_t": 0.037037037037037035, "kp": 0.5272108843537415, "deaths_t": 0.037444037444037445, "assists_t": 0.06105006105006105, "csscore_t": 0.8408628408628409, "teamgold_t": 67.71998371998372, "vision_score_t": 1.1489828121511836, "wards_placed_t": 0.07203907203907203, "gold_graph_diffs_t": 14.438746438746438}