{"id": "EUN1_3531873622", "lvl": 2900, "literal level": "MASTER 100 lp", "time": 1595, "solokills_t": 0.005015673981191223, "kills_t": 0.03322884012539185, "kp": 0.5134615384615385, "deaths_t": 0.03322884012539185, "assists_t": 0.05517241379310345, "csscore_t": 0.8551724137931035, "teamgold_t": 64.61442006269593, "vision_score_t": 0.9248262730187026, "wards_placed_t": 0.06206896551724138, "gold_graph_diffs_t": 14.48526645768025}