{"id": "EUN1_3571767553", "lvl": 2600, "literal level": "DIAMOND II", "time": 1624, "solokills_t": 0.0049261083743842365, "kills_t": 0.037561576354679806, "kp": 0.495920745920746, "deaths_t": 0.037561576354679806, "assists_t": 0.05726600985221675, "csscore_t": 0.7992610837438424, "teamgold_t": 66.98891625615764, "vision_score_t": 1.0766311655587977, "wards_placed_t": 0.06834975369458128, "gold_graph_diffs_t": 10.37807881773399}