{"id": "EUN1_3571242865", "lvl": 2500, "literal level": "DIAMOND III", "time": 1620, "solokills_t": 0.009876543209876543, "kills_t": 0.03333333333333333, "kp": 0.48611111111111116, "deaths_t": 0.03333333333333333, "assists_t": 0.040740740740740744, "csscore_t": 0.9234567901234568, "teamgold_t": 67.15679012345679, "vision_score_t": 1.1615323208181312, "wards_placed_t": 0.0734567901234568, "gold_graph_diffs_t": 12.998765432098766}