{"id": "EUN1_3541548868", "lvl": 2600, "literal level": "DIAMOND II", "time": 1593, "solokills_t": 0.016321406151914627, "kills_t": 0.040175768989328314, "kp": 0.3681818181818181, "deaths_t": 0.040175768989328314, "assists_t": 0.03515379786566227, "csscore_t": 0.9133709981167608, "teamgold_t": 69.45448838669178, "vision_score_t": 1.0094535621581489, "wards_placed_t": 0.06716886377903326, "gold_graph_diffs_t": 14.004394224733208}