{"id": "EUN1_3559773926", "lvl": 2700, "literal level": "DIAMOND I", "time": 1137, "solokills_t": 0.016710642040457344, "kills_t": 0.04573438874230431, "kp": 0.39743589743589747, "deaths_t": 0.04573438874230431, "assists_t": 0.044854881266490766, "csscore_t": 0.882145998240985, "teamgold_t": 69.2603342128408, "vision_score_t": 0.8783173222122823, "wards_placed_t": 0.06684256816182937, "gold_graph_diffs_t": 17.612137203166228}