{"id": "EUN1_3566097428", "lvl": 2400, "literal level": "DIAMOND IV", "time": 1130, "solokills_t": 0.008849557522123894, "kills_t": 0.034513274336283185, "kp": 0.43939393939393934, "deaths_t": 0.034513274336283185, "assists_t": 0.03805309734513274, "csscore_t": 0.9504424778761061, "teamgold_t": 66.43982300884956, "vision_score_t": 0.8138534113968099, "wards_placed_t": 0.05486725663716814, "gold_graph_diffs_t": 16.16194690265487}