{"id": "EUN1_3577658295", "lvl": 2500, "literal level": "DIAMOND III", "time": 1661, "solokills_t": 0.00481637567730283, "kills_t": 0.03732691149909693, "kp": 0.5765151515151514, "deaths_t": 0.03732691149909693, "assists_t": 0.07104154124021674, "csscore_t": 0.9229379891631547, "teamgold_t": 68.65924142083082, "vision_score_t": 1.0381436902944507, "wards_placed_t": 0.06803130644190247, "gold_graph_diffs_t": 15.974111980734497}