{"id": "EUN1_3560599451", "lvl": 1900, "literal level": "PLATINUM I", "time": 1481, "solokills_t": 0.01012829169480081, "kills_t": 0.04659014179608373, "kp": 0.47113752122241087, "deaths_t": 0.04659014179608373, "assists_t": 0.06347062795408508, "csscore_t": 0.7785280216070223, "teamgold_t": 75.10803511141121, "vision_score_t": 0.786555250744245, "wards_placed_t": 0.04929101958136394, "gold_graph_diffs_t": 17.812964213369344}