{"id": "EUN1_3577117643", "lvl": 2700, "literal level": "DIAMOND I", "time": 1433, "solokills_t": 0.00837404047452896, "kills_t": 0.039078855547801813, "kp": 0.48476190476190484, "deaths_t": 0.041172365666434056, "assists_t": 0.056524773203070484, "csscore_t": 0.8715980460572226, "teamgold_t": 68.18771807397069, "vision_score_t": 0.7896031350926858, "wards_placed_t": 0.051639916259595256, "gold_graph_diffs_t": 11.097697138869504}