{"id": "EUN1_3562276346", "lvl": 2000, "literal level": "EMERALD IV", "time": 1095, "solokills_t": 0.0136986301369863, "kills_t": 0.0365296803652968, "kp": 0.35549450549450545, "deaths_t": 0.0365296803652968, "assists_t": 0.028310502283105023, "csscore_t": 0.8547945205479452, "teamgold_t": 63.46392694063927, "vision_score_t": 0.6136725959299969, "wards_placed_t": 0.0547945205479452, "gold_graph_diffs_t": 7.748858447488584}