{"id": "EUN1_3560807614", "lvl": 1900, "literal level": "PLATINUM I", "time": 2119, "solokills_t": 0.004247286455875413, "kills_t": 0.04058518168947617, "kp": 0.5519783197831979, "deaths_t": 0.04058518168947617, "assists_t": 0.07078810759792355, "csscore_t": 0.7399716847569608, "teamgold_t": 67.9513921661161, "vision_score_t": 0.9252436461352896, "wards_placed_t": 0.06370929683813119, "gold_graph_diffs_t": 14.635677206229353}