{"id": "EUN1_3576403601", "lvl": 2500, "literal level": "DIAMOND III", "time": 1927, "solokills_t": 0.0041515308770108976, "kills_t": 0.03009859885832901, "kp": 0.5340686274509804, "deaths_t": 0.03009859885832901, "assists_t": 0.05137519460300986, "csscore_t": 0.8329008822003113, "teamgold_t": 64.79709392838609, "vision_score_t": 1.1190304326432006, "wards_placed_t": 0.06642449403217436, "gold_graph_diffs_t": 16.782563570316555}