{"id": "EUN1_3577149701", "lvl": 2900, "literal level": "MASTER 100 lp", "time": 893, "solokills_t": 0.008958566629339306, "kills_t": 0.030235162374020158, "kp": 0.4428571428571428, "deaths_t": 0.030235162374020158, "assists_t": 0.0335946248600224, "csscore_t": 0.8141097424412094, "teamgold_t": 65.46248600223964, "vision_score_t": 0.6277894787475127, "wards_placed_t": 0.043673012318029114, "gold_graph_diffs_t": 17.092945128779395}