{"id": "EUN1_3566688686", "lvl": 2600, "literal level": "DIAMOND II", "time": 1822, "solokills_t": 0.0038419319429198683, "kills_t": 0.027442371020856202, "kp": 0.5310897435897436, "deaths_t": 0.027991218441273325, "assists_t": 0.045554335894621295, "csscore_t": 0.9061470911086718, "teamgold_t": 65.13391877058177, "vision_score_t": 1.088931644063564, "wards_placed_t": 0.07574094401756312, "gold_graph_diffs_t": 10.037321624588364}