{"id": "EUN1_3563370437", "lvl": 2600, "literal level": "DIAMOND II", "time": 1773, "solokills_t": 0.008460236886632826, "kills_t": 0.02763677382966723, "kp": 0.45078431372549027, "deaths_t": 0.02763677382966723, "assists_t": 0.03666102650874224, "csscore_t": 0.8967851099830795, "teamgold_t": 61.804850535815, "vision_score_t": 1.048383283329761, "wards_placed_t": 0.06880992667794698, "gold_graph_diffs_t": 9.641285956006769}