{"id": "EUN1_3573159973", "lvl": 2400, "literal level": "DIAMOND IV", "time": 1386, "solokills_t": 0.004329004329004329, "kills_t": 0.03391053391053391, "kp": 0.49576612903225803, "deaths_t": 0.03391053391053391, "assists_t": 0.05194805194805195, "csscore_t": 0.9126984126984127, "teamgold_t": 68.38816738816739, "vision_score_t": 0.6800427660336967, "wards_placed_t": 0.05194805194805195, "gold_graph_diffs_t": 13.093795093795094}