{"id": "EUN1_3575796751", "lvl": 2200, "literal level": "EMERALD II", "time": 1483, "solokills_t": 0.009440323668240054, "kills_t": 0.03843560350640594, "kp": 0.46544117647058825, "deaths_t": 0.03843560350640594, "assists_t": 0.04787592717464599, "csscore_t": 0.9157113958192852, "teamgold_t": 69.3155765340526, "vision_score_t": 0.8239101723525571, "wards_placed_t": 0.0633850303438975, "gold_graph_diffs_t": 14.352663519892111}