{"id": "EUN1_3583841335", "lvl": 2300, "literal level": "EMERALD I", "time": 2030, "solokills_t": 0.004433497536945813, "kills_t": 0.02315270935960591, "kp": 0.5018796992481203, "deaths_t": 0.02315270935960591, "assists_t": 0.0374384236453202, "csscore_t": 1.0054187192118227, "teamgold_t": 64.50344827586207, "vision_score_t": 1.0942336800007422, "wards_placed_t": 0.07339901477832513, "gold_graph_diffs_t": 13.894581280788177}