{"id": "EUN1_3585957847", "lvl": 2200, "literal level": "EMERALD II", "time": 1822, "solokills_t": 0.011525795828759604, "kills_t": 0.03402854006586169, "kp": 0.3902439024390244, "deaths_t": 0.03402854006586169, "assists_t": 0.031833150384193196, "csscore_t": 0.8386388583973655, "teamgold_t": 67.0225027442371, "vision_score_t": 0.9944467713279433, "wards_placed_t": 0.06750823271130625, "gold_graph_diffs_t": 13.744785949506037}