{"id": "EUN1_3569446578", "lvl": 2300, "literal level": "EMERALD I", "time": 1887, "solokills_t": 0.005299417064122946, "kills_t": 0.0397456279809221, "kp": 0.4991202346041056, "deaths_t": 0.0397456279809221, "assists_t": 0.06041335453100159, "csscore_t": 0.8940116587175411, "teamgold_t": 73.68680445151034, "vision_score_t": 1.1204393242458912, "wards_placed_t": 0.08161102278749338, "gold_graph_diffs_t": 20.442501324854266}