{"id": "EUN1_3541532687", "lvl": 2600, "literal level": "DIAMOND II", "time": 2475, "solokills_t": 0.006464646464646465, "kills_t": 0.035555555555555556, "kp": 0.48588479501816295, "deaths_t": 0.035555555555555556, "assists_t": 0.050505050505050504, "csscore_t": 0.8076767676767677, "teamgold_t": 67.19838383838383, "vision_score_t": 1.1220708188302175, "wards_placed_t": 0.07353535353535354, "gold_graph_diffs_t": 16.08969696969697}