{"id": "EUN1_3577648400", "lvl": 2300, "literal level": "EMERALD I", "time": 1798, "solokills_t": 0.011123470522803115, "kills_t": 0.03670745272525028, "kp": 0.4548872180451128, "deaths_t": 0.03726362625139043, "assists_t": 0.04671857619577308, "csscore_t": 0.8743047830923248, "teamgold_t": 68.05172413793103, "vision_score_t": 0.953889796449195, "wards_placed_t": 0.07230255839822025, "gold_graph_diffs_t": 13.057285873192436}