{"id": "EUN1_3543069340", "lvl": 2000, "literal level": "EMERALD IV", "time": 1388, "solokills_t": 0.006484149855907781, "kills_t": 0.03170028818443804, "kp": 0.4520833333333334, "deaths_t": 0.03170028818443804, "assists_t": 0.035302593659942365, "csscore_t": 0.9121037463976945, "teamgold_t": 67.89553314121038, "vision_score_t": 0.7126716347275621, "wards_placed_t": 0.051152737752161385, "gold_graph_diffs_t": 14.682276657060518}