{"id": "EUN1_3568741620", "lvl": 2600, "literal level": "DIAMOND II", "time": 933, "solokills_t": 0.003215434083601286, "kills_t": 0.02679528403001072, "kp": 0.42878787878787883, "deaths_t": 0.02679528403001072, "assists_t": 0.02679528403001072, "csscore_t": 0.9442658092175777, "teamgold_t": 60.68274383708467, "vision_score_t": 0.660848541214621, "wards_placed_t": 0.04823151125401929, "gold_graph_diffs_t": 11.364415862808146}