{"id": "EUN1_3559038071", "lvl": 2700, "literal level": "DIAMOND I", "time": 2018, "solokills_t": 0.002973240832507433, "kills_t": 0.036669970267591674, "kp": 0.5731868131868132, "deaths_t": 0.036669970267591674, "assists_t": 0.06838453914767097, "csscore_t": 0.8344895936570862, "teamgold_t": 70.01783944499505, "vision_score_t": 1.0783649297205946, "wards_placed_t": 0.062438057482656094, "gold_graph_diffs_t": 10.443012884043608}