{"id": "EUN1_3572436690", "lvl": 2900, "literal level": "MASTER 100 lp", "time": 1788, "solokills_t": 0.006152125279642058, "kills_t": 0.03523489932885906, "kp": 0.4928571428571429, "deaths_t": 0.03523489932885906, "assists_t": 0.05089485458612975, "csscore_t": 0.9608501118568232, "teamgold_t": 70.99776286353467, "vision_score_t": 1.0408853992010423, "wards_placed_t": 0.06263982102908278, "gold_graph_diffs_t": 13.19910514541387}