{"id": "EUN1_3560915955", "lvl": 2500, "literal level": "DIAMOND III", "time": 1159, "solokills_t": 0.005176876617773943, "kills_t": 0.01984469370146678, "kp": 0.45499999999999996, "deaths_t": 0.01984469370146678, "assists_t": 0.029335634167385678, "csscore_t": 1.0491803278688525, "teamgold_t": 58.97238999137187, "vision_score_t": 0.7281809815298007, "wards_placed_t": 0.05004314063848145, "gold_graph_diffs_t": 9.462467644521139}