{"id": "EUN1_3560860270", "lvl": 2100, "literal level": "EMERALD III", "time": 1882, "solokills_t": 0.008501594048884165, "kills_t": 0.04197662061636557, "kp": 0.4782945736434108, "deaths_t": 0.04197662061636557, "assists_t": 0.057385759829968117, "csscore_t": 0.8273113708820404, "teamgold_t": 71.36716259298619, "vision_score_t": 0.8133682183479808, "wards_placed_t": 0.057385759829968117, "gold_graph_diffs_t": 17.043039319872477}