{"id": "EUN1_3558564378", "lvl": 1900, "literal level": "PLATINUM I", "time": 1763, "solokills_t": 0.005672149744753261, "kills_t": 0.036301758366420876, "kp": 0.49858299595141703, "deaths_t": 0.036301758366420876, "assists_t": 0.05388542257515598, "csscore_t": 0.8043108338060124, "teamgold_t": 64.5104934770278, "vision_score_t": 0.9994624423767936, "wards_placed_t": 0.07146908678389109, "gold_graph_diffs_t": 13.328417470221213}