{"id": "EUN1_3565675914", "lvl": 2800, "literal level": "MASTER 0 lp", "time": 1527, "solokills_t": 0.003929273084479371, "kills_t": 0.028159790438768827, "kp": 0.4415151515151515, "deaths_t": 0.028159790438768827, "assists_t": 0.038637851997380485, "csscore_t": 0.9174852652259332, "teamgold_t": 63.38244924688932, "vision_score_t": 0.8127523054813116, "wards_placed_t": 0.05239030779305828, "gold_graph_diffs_t": 14.535036018336609}