{"id": "EUN1_3539776969", "lvl": 2900, "literal level": "MASTER 100 lp", "time": 1715, "solokills_t": 0.008746355685131196, "kills_t": 0.036734693877551024, "kp": 0.4240576496674057, "deaths_t": 0.036734693877551024, "assists_t": 0.04198250728862974, "csscore_t": 0.9784256559766764, "teamgold_t": 70.13119533527697, "vision_score_t": 0.8746887798017265, "wards_placed_t": 0.060058309037900874, "gold_graph_diffs_t": 15.265889212827988}