{"id": "EUN1_3587205093", "lvl": 3300, "literal level": "MASTER 100 lp", "time": 2694, "solokills_t": 0.007423904974016332, "kills_t": 0.03192279138827023, "kp": 0.4720930232558139, "deaths_t": 0.03192279138827023, "assists_t": 0.043429844097995544, "csscore_t": 0.902746844840386, "teamgold_t": 68.4966592427617, "vision_score_t": 1.1187932117390145, "wards_placed_t": 0.06495916852264291, "gold_graph_diffs_t": 14.075723830734967}