{"id": "EUN1_3579855517", "lvl": 2200, "literal level": "EMERALD II", "time": 1522, "solokills_t": 0.009198423127463863, "kills_t": 0.03810775295663601, "kp": 0.4252252252252252, "deaths_t": 0.03810775295663601, "assists_t": 0.040735873850197106, "csscore_t": 0.8639947437582128, "teamgold_t": 68.59789750328515, "vision_score_t": 0.7733959375140935, "wards_placed_t": 0.05781865965834428, "gold_graph_diffs_t": 13.850197109067016}