{"id": "EUN1_3561196514", "lvl": 2600, "literal level": "DIAMOND II", "time": 1883, "solokills_t": 0.0053106744556558685, "kills_t": 0.03983005841741901, "kp": 0.5390029325513196, "deaths_t": 0.03983005841741901, "assists_t": 0.06585236325013277, "csscore_t": 0.8698884758364313, "teamgold_t": 70.49336165693043, "vision_score_t": 1.1134305469937962, "wards_placed_t": 0.07275624004248539, "gold_graph_diffs_t": 15.60754115772703}