{"id": "EUN1_3540902527", "lvl": 2500, "literal level": "DIAMOND III", "time": 2211, "solokills_t": 0.011307100859339666, "kills_t": 0.04206241519674356, "kp": 0.4788033395176252, "deaths_t": 0.04251469923111714, "assists_t": 0.05834464043419267, "csscore_t": 0.8946178199909544, "teamgold_t": 73.76074174581638, "vision_score_t": 0.9589225105818155, "wards_placed_t": 0.056535504296698326, "gold_graph_diffs_t": 15.739032112166441}