{"id": "EUN1_3584278389", "lvl": 2400, "literal level": "DIAMOND IV", "time": 1672, "solokills_t": 0.008373205741626795, "kills_t": 0.03289473684210526, "kp": 0.460752688172043, "deaths_t": 0.03289473684210526, "assists_t": 0.04485645933014354, "csscore_t": 0.8008373205741627, "teamgold_t": 64.15430622009569, "vision_score_t": 0.8464576822254146, "wards_placed_t": 0.06638755980861244, "gold_graph_diffs_t": 14.41267942583732}