{"id": "EUN1_3576275077", "lvl": 2700, "literal level": "DIAMOND I", "time": 1456, "solokills_t": 0.011675824175824176, "kills_t": 0.034340659340659344, "kp": 0.38766233766233765, "deaths_t": 0.034340659340659344, "assists_t": 0.03159340659340659, "csscore_t": 0.9539835164835165, "teamgold_t": 67.47527472527473, "vision_score_t": 1.0109722301885236, "wards_placed_t": 0.0673076923076923, "gold_graph_diffs_t": 11.85576923076923}