{"id": "EUN1_3582499438", "lvl": 3200, "literal level": "MASTER 0 lp", "time": 1717, "solokills_t": 0.005824111822947, "kills_t": 0.026790914385556204, "kp": 0.4744421906693712, "deaths_t": 0.026790914385556204, "assists_t": 0.0401863715783343, "csscore_t": 0.9219569015725102, "teamgold_t": 62.77577169481654, "vision_score_t": 1.1725064578460969, "wards_placed_t": 0.0809551543389633, "gold_graph_diffs_t": 12.244612696563774}