{"id": "EUN1_3580299484", "lvl": 2400, "literal level": "DIAMOND IV", "time": 1284, "solokills_t": 0.007009345794392523, "kills_t": 0.040498442367601244, "kp": 0.4717948717948718, "deaths_t": 0.040498442367601244, "assists_t": 0.059190031152647975, "csscore_t": 0.8901869158878505, "teamgold_t": 69.57009345794393, "vision_score_t": 0.8478949364711481, "wards_placed_t": 0.05996884735202492, "gold_graph_diffs_t": 16.447040498442366}