{"id": "EUN1_3554748627", "lvl": 2400, "literal level": "DIAMOND IV", "time": 2458, "solokills_t": 0.0052888527257933275, "kills_t": 0.03295362082994304, "kp": 0.49640243902439024, "deaths_t": 0.03295362082994304, "assists_t": 0.04882017900732303, "csscore_t": 0.8628966639544345, "teamgold_t": 68.01139137510171, "vision_score_t": 0.9030050317444653, "wards_placed_t": 0.05817737998372661, "gold_graph_diffs_t": 13.506102522375915}