{"id": "EUN1_3537930073", "lvl": 2400, "literal level": "DIAMOND IV", "time": 1833, "solokills_t": 0.004909983633387889, "kills_t": 0.03000545553737043, "kp": 0.5018567639257294, "deaths_t": 0.03000545553737043, "assists_t": 0.0447354064375341, "csscore_t": 0.9110747408619749, "teamgold_t": 65.60283687943263, "vision_score_t": 1.0171094963819667, "wards_placed_t": 0.06164757228587016, "gold_graph_diffs_t": 13.157665030005456}