{"id": "EUN1_3556761386", "lvl": 2500, "literal level": "DIAMOND III", "time": 2202, "solokills_t": 0.007266121707538601, "kills_t": 0.03723887375113533, "kp": 0.5002450980392157, "deaths_t": 0.03723887375113533, "assists_t": 0.05722070844686648, "csscore_t": 0.8237965485921889, "teamgold_t": 67.59582198001817, "vision_score_t": 1.0859473123075276, "wards_placed_t": 0.06993642143505904, "gold_graph_diffs_t": 11.74568574023615}