{"id": "EUN1_3586076411", "lvl": 2400, "literal level": "DIAMOND IV", "time": 1813, "solokills_t": 0.009376723662437948, "kills_t": 0.03530060672917816, "kp": 0.4341176470588235, "deaths_t": 0.03530060672917816, "assists_t": 0.04081632653061224, "csscore_t": 0.8913403199117484, "teamgold_t": 68.31991174848318, "vision_score_t": 0.9241730409240251, "wards_placed_t": 0.06729178157749587, "gold_graph_diffs_t": 12.082735797021511}