{"id": "EUN1_3548997748", "lvl": 2400, "literal level": "DIAMOND IV", "time": 1785, "solokills_t": 0.01288515406162465, "kills_t": 0.036414565826330535, "kp": 0.4095238095238095, "deaths_t": 0.036414565826330535, "assists_t": 0.0380952380952381, "csscore_t": 0.8464985994397759, "teamgold_t": 66.7126050420168, "vision_score_t": 0.7840775718126548, "wards_placed_t": 0.0515406162464986, "gold_graph_diffs_t": 14.699159663865546}