{"id": "EUN1_3576216334", "lvl": 2700, "literal level": "DIAMOND I", "time": 1533, "solokills_t": 0.003913894324853229, "kills_t": 0.04044357469015003, "kp": 0.5528508771929824, "deaths_t": 0.04044357469015003, "assists_t": 0.07110241356816699, "csscore_t": 0.8551859099804305, "teamgold_t": 69.65557729941291, "vision_score_t": 1.0838543524692885, "wards_placed_t": 0.0730593607305936, "gold_graph_diffs_t": 13.54859752120026}