{"id": "EUN1_3565236336", "lvl": 3000, "literal level": "MASTER 200 lp", "time": 1471, "solokills_t": 0.006118286879673691, "kills_t": 0.03263086335825969, "kp": 0.4083484573502723, "deaths_t": 0.03263086335825969, "assists_t": 0.03535010197144799, "csscore_t": 0.9789259007477906, "teamgold_t": 67.8837525492862, "vision_score_t": 0.948515469648244, "wards_placed_t": 0.06594153636981645, "gold_graph_diffs_t": 11.515295717199184}