{"id": "EUN1_3583019107", "lvl": 3300, "literal level": "MASTER 100 lp", "time": 2300, "solokills_t": 0.0034782608695652175, "kills_t": 0.021304347826086957, "kp": 0.5389473684210527, "deaths_t": 0.021304347826086957, "assists_t": 0.035652173913043476, "csscore_t": 0.9560869565217391, "teamgold_t": 63.48391304347826, "vision_score_t": 1.2888931769086767, "wards_placed_t": 0.07043478260869565, "gold_graph_diffs_t": 13.31}