{"id": "EUN1_3584387662", "lvl": 3300, "literal level": "MASTER 100 lp", "time": 2092, "solokills_t": 0.009082217973231358, "kills_t": 0.035850860420650096, "kp": 0.43809523809523804, "deaths_t": 0.035850860420650096, "assists_t": 0.04206500956022945, "csscore_t": 0.9153919694072657, "teamgold_t": 68.131931166348, "vision_score_t": 0.7437500164460655, "wards_placed_t": 0.0511472275334608, "gold_graph_diffs_t": 11.268642447418738}