{"id": "EUN1_3580961682", "lvl": 2400, "literal level": "DIAMOND IV", "time": 1500, "solokills_t": 0.012666666666666666, "kills_t": 0.037333333333333336, "kp": 0.4053667262969588, "deaths_t": 0.038, "assists_t": 0.037333333333333336, "csscore_t": 0.8546666666666667, "teamgold_t": 67.41533333333334, "vision_score_t": 0.8525114607546532, "wards_placed_t": 0.06133333333333333, "gold_graph_diffs_t": 16.415333333333333}