{"id": "EUN1_3580411244", "lvl": 2400, "literal level": "DIAMOND IV", "time": 1664, "solokills_t": 0.004206730769230769, "kills_t": 0.038461538461538464, "kp": 0.4912698412698413, "deaths_t": 0.038461538461538464, "assists_t": 0.056490384615384616, "csscore_t": 0.9032451923076923, "teamgold_t": 72.37620192307692, "vision_score_t": 0.9595281102948912, "wards_placed_t": 0.06490384615384616, "gold_graph_diffs_t": 15.655048076923077}