{"id": "EUN1_3578758113", "lvl": 2300, "literal level": "EMERALD I", "time": 1375, "solokills_t": 0.008727272727272728, "kills_t": 0.03127272727272727, "kp": 0.4651282051282051, "deaths_t": 0.03127272727272727, "assists_t": 0.04072727272727273, "csscore_t": 0.88, "teamgold_t": 64.31854545454546, "vision_score_t": 0.7199006764532854, "wards_placed_t": 0.04727272727272727, "gold_graph_diffs_t": 16.93672727272727}