{"id": "EUN1_3580872068", "lvl": 2400, "literal level": "DIAMOND IV", "time": 2550, "solokills_t": 0.00823529411764706, "kills_t": 0.04156862745098039, "kp": 0.5121700879765395, "deaths_t": 0.04156862745098039, "assists_t": 0.06627450980392156, "csscore_t": 0.7933333333333333, "teamgold_t": 70.4270588235294, "vision_score_t": 0.8923584253552791, "wards_placed_t": 0.06235294117647059, "gold_graph_diffs_t": 14.351764705882353}