{"id": "EUN1_3552666045", "lvl": 2500, "literal level": "DIAMOND III", "time": 1425, "solokills_t": 0.005614035087719298, "kills_t": 0.03859649122807018, "kp": 0.45634674922600615, "deaths_t": 0.03859649122807018, "assists_t": 0.04842105263157895, "csscore_t": 0.8112280701754386, "teamgold_t": 67.82105263157895, "vision_score_t": 0.9551043095355608, "wards_placed_t": 0.06736842105263158, "gold_graph_diffs_t": 11.430877192982456}