{"id": "EUN1_3560919788", "lvl": 2100, "literal level": "EMERALD III", "time": 1811, "solokills_t": 0.006073992269464384, "kills_t": 0.041965764770844835, "kp": 0.477549523110785, "deaths_t": 0.04251794588625069, "assists_t": 0.05797901711761458, "csscore_t": 0.823302043070127, "teamgold_t": 69.8774157923799, "vision_score_t": 1.0319047424041305, "wards_placed_t": 0.0706791827719492, "gold_graph_diffs_t": 13.149641082274986}