{"id": "EUN1_3570696122", "lvl": 2300, "literal level": "EMERALD I", "time": 1642, "solokills_t": 0.010962241169305725, "kills_t": 0.03288672350791717, "kp": 0.40750000000000003, "deaths_t": 0.03288672350791717, "assists_t": 0.03532277710109622, "csscore_t": 0.9397076735688186, "teamgold_t": 67.45797807551766, "vision_score_t": 1.0674429674719177, "wards_placed_t": 0.07551766138855055, "gold_graph_diffs_t": 14.779537149817296}