{"id": "EUN1_3570325435", "lvl": 2500, "literal level": "DIAMOND III", "time": 1452, "solokills_t": 0.004132231404958678, "kills_t": 0.026859504132231406, "kp": 0.5511111111111111, "deaths_t": 0.026859504132231406, "assists_t": 0.046831955922865015, "csscore_t": 0.9194214876033058, "teamgold_t": 64.24586776859505, "vision_score_t": 0.9330618807374457, "wards_placed_t": 0.05922865013774105, "gold_graph_diffs_t": 13.325757575757576}