{"id": "EUN1_3528927672", "lvl": 2700, "literal level": "DIAMOND I", "time": 1673, "solokills_t": 0.013747758517632994, "kills_t": 0.04004781829049611, "kp": 0.39767676767676774, "deaths_t": 0.04004781829049611, "assists_t": 0.04004781829049611, "csscore_t": 0.9282725642558278, "teamgold_t": 69.3317393903168, "vision_score_t": 1.0553130858462696, "wards_placed_t": 0.07411835026897788, "gold_graph_diffs_t": 13.586371787208607}