{"id": "EUN1_3587722844", "lvl": 2500, "literal level": "DIAMOND III", "time": 1802, "solokills_t": 0.008879023307436182, "kills_t": 0.04328523862375139, "kp": 0.4975935828877006, "deaths_t": 0.04328523862375139, "assists_t": 0.06548279689234185, "csscore_t": 0.9001109877913429, "teamgold_t": 74.07325194228635, "vision_score_t": 0.8769980959390212, "wards_placed_t": 0.05715871254162042, "gold_graph_diffs_t": 16.458379578246394}