{"id": "EUN1_3566267619", "lvl": 2600, "literal level": "DIAMOND II", "time": 1669, "solokills_t": 0.016177351707609346, "kills_t": 0.04493708807669263, "kp": 0.4140113798008535, "deaths_t": 0.04553624925104853, "assists_t": 0.04793289394847214, "csscore_t": 0.9191132414619533, "teamgold_t": 73.90593169562612, "vision_score_t": 0.895491079987114, "wards_placed_t": 0.059316956261234274, "gold_graph_diffs_t": 13.252846015578191}