{"id": "EUN1_3576292971", "lvl": 2600, "literal level": "DIAMOND II", "time": 1507, "solokills_t": 0.013271400132714002, "kills_t": 0.042468480424684804, "kp": 0.4454545454545455, "deaths_t": 0.043132050431320505, "assists_t": 0.047777040477770406, "csscore_t": 0.8334439283344393, "teamgold_t": 69.61645653616456, "vision_score_t": 0.9138659846803773, "wards_placed_t": 0.0650298606502986, "gold_graph_diffs_t": 14.684804246848042}