{"id": "EUN1_3560621256", "lvl": 1900, "literal level": "PLATINUM I", "time": 1957, "solokills_t": 0.012774655084312723, "kills_t": 0.04292284108329075, "kp": 0.3759358288770054, "deaths_t": 0.04292284108329075, "assists_t": 0.03832396525293817, "csscore_t": 0.8656106285130302, "teamgold_t": 71.88349514563107, "vision_score_t": 0.7924646863526232, "wards_placed_t": 0.05518650996423097, "gold_graph_diffs_t": 14.348492590700051}