{"id": "EUN1_3572164378", "lvl": 2400, "literal level": "DIAMOND IV", "time": 1421, "solokills_t": 0.0049261083743842365, "kills_t": 0.029556650246305417, "kp": 0.48740740740740734, "deaths_t": 0.029556650246305417, "assists_t": 0.045038705137227304, "csscore_t": 0.932441942294159, "teamgold_t": 64.20197044334975, "vision_score_t": 0.8847042270574199, "wards_placed_t": 0.06192821956368754, "gold_graph_diffs_t": 11.8881069669247}