{"id": "EUN1_3529401866", "lvl": 2700, "literal level": "DIAMOND I", "time": 1899, "solokills_t": 0.00421274354923644, "kills_t": 0.03949447077409163, "kp": 0.6062770562770562, "deaths_t": 0.03949447077409163, "assists_t": 0.08109531332280147, "csscore_t": 0.8504476040021064, "teamgold_t": 69.9836756187467, "vision_score_t": 1.1433381194257248, "wards_placed_t": 0.07688256977356503, "gold_graph_diffs_t": 16.285939968404424}