{"id": "EUN1_3562636618", "lvl": 2500, "literal level": "DIAMOND III", "time": 1682, "solokills_t": 0.009512485136741973, "kills_t": 0.036860879904875146, "kp": 0.44119047619047624, "deaths_t": 0.036860879904875146, "assists_t": 0.04518430439952437, "csscore_t": 0.8305588585017836, "teamgold_t": 65.40309155766944, "vision_score_t": 0.8935929929372893, "wards_placed_t": 0.05766944114149822, "gold_graph_diffs_t": 11.77526753864447}