{"id": "EUN1_3556296806", "lvl": 2400, "literal level": "DIAMOND IV", "time": 1192, "solokills_t": 0.009228187919463088, "kills_t": 0.02936241610738255, "kp": 0.41800000000000004, "deaths_t": 0.030201342281879196, "assists_t": 0.034395973154362415, "csscore_t": 0.950503355704698, "teamgold_t": 62.0998322147651, "vision_score_t": 0.9488534494523462, "wards_placed_t": 0.061241610738255035, "gold_graph_diffs_t": 10.666946308724832}