{"id": "EUN1_3586074371", "lvl": 2300, "literal level": "EMERALD I", "time": 2925, "solokills_t": 0.008888888888888889, "kills_t": 0.049914529914529916, "kp": 0.46555618294748735, "deaths_t": 0.049914529914529916, "assists_t": 0.06598290598290599, "csscore_t": 0.7972649572649573, "teamgold_t": 76.10153846153847, "vision_score_t": 0.9269146503256925, "wards_placed_t": 0.06188034188034188, "gold_graph_diffs_t": 14.124786324786324}