{"id": "EUN1_3582350622", "lvl": 2400, "literal level": "DIAMOND IV", "time": 1476, "solokills_t": 0.014905149051490514, "kills_t": 0.05420054200542006, "kp": 0.42236198462613556, "deaths_t": 0.05420054200542006, "assists_t": 0.05962059620596206, "csscore_t": 0.8787262872628726, "teamgold_t": 75.72425474254743, "vision_score_t": 0.9017202825487637, "wards_placed_t": 0.058265582655826556, "gold_graph_diffs_t": 16.399051490514903}