{"id": "EUN1_3580435597", "lvl": 2300, "literal level": "EMERALD I", "time": 2032, "solokills_t": 0.007874015748031496, "kills_t": 0.03297244094488189, "kp": 0.465406976744186, "deaths_t": 0.03297244094488189, "assists_t": 0.04330708661417323, "csscore_t": 0.9517716535433071, "teamgold_t": 67.56003937007874, "vision_score_t": 1.102082787517615, "wards_placed_t": 0.07923228346456693, "gold_graph_diffs_t": 12.803149606299213}