{"id": "EUN1_3549155815", "lvl": 1900, "literal level": "PLATINUM I", "time": 1923, "solokills_t": 0.008840353614144566, "kills_t": 0.0358814352574103, "kp": 0.44451013513513515, "deaths_t": 0.0358814352574103, "assists_t": 0.044201768070722826, "csscore_t": 0.9110764430577223, "teamgold_t": 67.98959958398336, "vision_score_t": 0.8512465944204652, "wards_placed_t": 0.06032241289651586, "gold_graph_diffs_t": 11.563182527301093}