{"id": "EUN1_3569430782", "lvl": 2400, "literal level": "DIAMOND IV", "time": 1447, "solokills_t": 0.018659295093296474, "kills_t": 0.03731859018659295, "kp": 0.3833333333333333, "deaths_t": 0.03731859018659295, "assists_t": 0.03248099516240498, "csscore_t": 0.9067035245335177, "teamgold_t": 66.50449205252247, "vision_score_t": 0.8894938522553311, "wards_placed_t": 0.06565307532826538, "gold_graph_diffs_t": 12.758811333794057}