{"id": "EUN1_3573811456", "lvl": 2600, "literal level": "DIAMOND II", "time": 1715, "solokills_t": 0.011661807580174927, "kills_t": 0.044314868804664724, "kp": 0.46246153846153853, "deaths_t": 0.044314868804664724, "assists_t": 0.0641399416909621, "csscore_t": 0.8134110787172012, "teamgold_t": 70.52478134110787, "vision_score_t": 0.8855763083498231, "wards_placed_t": 0.05772594752186589, "gold_graph_diffs_t": 17.132361516034987}