{"id": "EUN1_3565284369", "lvl": 2900, "literal level": "MASTER 100 lp", "time": 1677, "solokills_t": 0.00655933214072749, "kills_t": 0.027429934406678593, "kp": 0.5038095238095238, "deaths_t": 0.027429934406678593, "assists_t": 0.042337507453786526, "csscore_t": 0.8926654740608229, "teamgold_t": 62.924865831842574, "vision_score_t": 1.0149951727066946, "wards_placed_t": 0.0727489564698867, "gold_graph_diffs_t": 11.686940966010733}