{"id": "EUN1_3580500187", "lvl": 2400, "literal level": "DIAMOND IV", "time": 1620, "solokills_t": 0.007407407407407408, "kills_t": 0.043209876543209874, "kp": 0.45666666666666667, "deaths_t": 0.043209876543209874, "assists_t": 0.056790123456790124, "csscore_t": 0.8314814814814815, "teamgold_t": 70.23641975308642, "vision_score_t": 1.02440304572095, "wards_placed_t": 0.0691358024691358, "gold_graph_diffs_t": 12.605555555555556}