{"id": "EUN1_3549855527", "lvl": 2000, "literal level": "EMERALD IV", "time": 1594, "solokills_t": 0.013801756587202008, "kills_t": 0.04015056461731493, "kp": 0.423923923923924, "deaths_t": 0.04015056461731493, "assists_t": 0.04454203262233375, "csscore_t": 0.8500627352572145, "teamgold_t": 68.48933500627352, "vision_score_t": 0.9432464721862914, "wards_placed_t": 0.06273525721455459, "gold_graph_diffs_t": 12.179422835633627}