{"id": "EUN1_3554716818", "lvl": 2500, "literal level": "DIAMOND III", "time": 1717, "solokills_t": 0.0052417006406523005, "kills_t": 0.026208503203261502, "kp": 0.5222222222222221, "deaths_t": 0.026208503203261502, "assists_t": 0.041351193942923706, "csscore_t": 0.9085614443797321, "teamgold_t": 66.31450203843914, "vision_score_t": 1.0219598615862862, "wards_placed_t": 0.052417006406523005, "gold_graph_diffs_t": 10.17355853232382}