{"id": "EUN1_3561319435", "lvl": 2100, "literal level": "EMERALD III", "time": 919, "solokills_t": 0.013057671381936888, "kills_t": 0.030467899891186073, "kp": 0.3277777777777778, "deaths_t": 0.030467899891186073, "assists_t": 0.020674646354733407, "csscore_t": 0.8770402611534276, "teamgold_t": 61.771490750816106, "vision_score_t": 0.717475432104252, "wards_placed_t": 0.05005440696409141, "gold_graph_diffs_t": 12.108813928182807}