{"id": "EUN1_3579823371", "lvl": 2300, "literal level": "EMERALD I", "time": 2531, "solokills_t": 0.004741209008297116, "kills_t": 0.043461082576056895, "kp": 0.5335898293743727, "deaths_t": 0.04385618332674832, "assists_t": 0.07072303437376531, "csscore_t": 0.8348478862109838, "teamgold_t": 74.61201106282103, "vision_score_t": 0.9894379602307282, "wards_placed_t": 0.06203081785855393, "gold_graph_diffs_t": 15.238640853417621}