{"id": "EUN1_3540921635", "lvl": 2700, "literal level": "DIAMOND I", "time": 2257, "solokills_t": 0.007532122286220647, "kills_t": 0.03234381922906513, "kp": 0.42725, "deaths_t": 0.03234381922906513, "assists_t": 0.038546743464776254, "csscore_t": 0.8932210899424015, "teamgold_t": 70.04209127159947, "vision_score_t": 1.209043822999923, "wards_placed_t": 0.076650420912716, "gold_graph_diffs_t": 16.26273814798405}