{"id": "EUN1_3556414751", "lvl": 2100, "literal level": "EMERALD III", "time": 938, "solokills_t": 0.007462686567164179, "kills_t": 0.024520255863539446, "kp": 0.3651785714285714, "deaths_t": 0.024520255863539446, "assists_t": 0.021321961620469083, "csscore_t": 0.8326226012793176, "teamgold_t": 57.75159914712154, "vision_score_t": 0.7206270846080604, "wards_placed_t": 0.054371002132196165, "gold_graph_diffs_t": 9.495735607675906}