{"id": "EUN1_3582802620", "lvl": 2300, "literal level": "EMERALD I", "time": 1815, "solokills_t": 0.013223140495867768, "kills_t": 0.04628099173553719, "kp": 0.45555555555555555, "deaths_t": 0.04628099173553719, "assists_t": 0.06060606060606061, "csscore_t": 0.9327823691460055, "teamgold_t": 72.72231404958677, "vision_score_t": 1.064845636021035, "wards_placed_t": 0.08044077134986226, "gold_graph_diffs_t": 13.520110192837466}