{"id": "EUN1_3558553330", "lvl": 2000, "literal level": "EMERALD IV", "time": 1954, "solokills_t": 0.00255885363357216, "kills_t": 0.025076765609007165, "kp": 0.596969696969697, "deaths_t": 0.025076765609007165, "assists_t": 0.0496417604912999, "csscore_t": 0.9022517911975435, "teamgold_t": 61.7553735926305, "vision_score_t": 0.8441262522962688, "wards_placed_t": 0.054759467758444216, "gold_graph_diffs_t": 11.3510747185261}