{"id": "EUN1_3567380041", "lvl": 2800, "literal level": "MASTER 0 lp", "time": 2113, "solokills_t": 0.00473260766682442, "kills_t": 0.03975390440132513, "kp": 0.4971764705882353, "deaths_t": 0.04070042593469001, "assists_t": 0.05963085660198769, "csscore_t": 0.8177946048272599, "teamgold_t": 68.58400378608613, "vision_score_t": 1.1039665774205145, "wards_placed_t": 0.06341694273544723, "gold_graph_diffs_t": 14.12210127780407}