{"id": "EUN1_3558970378", "lvl": 2800, "literal level": "MASTER 0 lp", "time": 2127, "solokills_t": 0.004231311706629055, "kills_t": 0.03244005641748942, "kp": 0.5063492063492063, "deaths_t": 0.03244005641748942, "assists_t": 0.05030559473436765, "csscore_t": 0.9459332393041843, "teamgold_t": 70.98965679360602, "vision_score_t": 1.068836563772712, "wards_placed_t": 0.07522331922896097, "gold_graph_diffs_t": 17.699576868829336}