{"id": "EUN1_3582408274", "lvl": 2600, "literal level": "DIAMOND II", "time": 1652, "solokills_t": 0.005447941888619854, "kills_t": 0.031476997578692496, "kp": 0.4891547049441787, "deaths_t": 0.031476997578692496, "assists_t": 0.046610169491525424, "csscore_t": 0.8631961259079903, "teamgold_t": 64.06900726392251, "vision_score_t": 0.8921842360521076, "wards_placed_t": 0.059322033898305086, "gold_graph_diffs_t": 11.656174334140436}