{"id": "EUN1_3583010972", "lvl": 2400, "literal level": "DIAMOND IV", "time": 1845, "solokills_t": 0.004336043360433604, "kills_t": 0.03414634146341464, "kp": 0.5163461538461538, "deaths_t": 0.03414634146341464, "assists_t": 0.05365853658536585, "csscore_t": 0.9046070460704607, "teamgold_t": 67.12466124661246, "vision_score_t": 1.2420615766666068, "wards_placed_t": 0.08997289972899729, "gold_graph_diffs_t": 12.613008130081301}