{"id": "EUN1_3574660626", "lvl": 2500, "literal level": "DIAMOND III", "time": 1470, "solokills_t": 0.005442176870748299, "kills_t": 0.023809523809523808, "kp": 0.418, "deaths_t": 0.023809523809523808, "assists_t": 0.029931972789115645, "csscore_t": 1.0115646258503401, "teamgold_t": 66.62517006802722, "vision_score_t": 0.9462408992107679, "wards_placed_t": 0.05986394557823129, "gold_graph_diffs_t": 13.0578231292517}