{"id": "EUN1_3555476113", "lvl": 2500, "literal level": "DIAMOND III", "time": 1963, "solokills_t": 0.004075394803871625, "kills_t": 0.030056036678553236, "kp": 0.5605263157894738, "deaths_t": 0.030056036678553236, "assists_t": 0.05247070809984717, "csscore_t": 0.8069281711665818, "teamgold_t": 63.66428935303107, "vision_score_t": 0.8493296860673624, "wards_placed_t": 0.058074375955170655, "gold_graph_diffs_t": 12.137035150280184}