{"id": "EUN1_3578187880", "lvl": 2300, "literal level": "EMERALD I", "time": 1757, "solokills_t": 0.003414911781445646, "kills_t": 0.033010813887307915, "kp": 0.5409937888198757, "deaths_t": 0.033010813887307915, "assists_t": 0.056346044393853156, "csscore_t": 0.9351166761525327, "teamgold_t": 69.57598178713717, "vision_score_t": 0.9610575890449395, "wards_placed_t": 0.06545247581104155, "gold_graph_diffs_t": 13.867387592487194}