{"id": "EUN1_3563961528", "lvl": 2900, "literal level": "MASTER 100 lp", "time": 1571, "solokills_t": 0.0076384468491406746, "kills_t": 0.033099936346276254, "kp": 0.43571428571428567, "deaths_t": 0.033099936346276254, "assists_t": 0.04392106938255888, "csscore_t": 0.9318905155951623, "teamgold_t": 65.86950986632718, "vision_score_t": 0.8861072322806581, "wards_placed_t": 0.062380649267982174, "gold_graph_diffs_t": 11.653087205601528}