{"id": "EUN1_3557512786", "lvl": 2100, "literal level": "EMERALD III", "time": 1420, "solokills_t": 0.008450704225352112, "kills_t": 0.04225352112676056, "kp": 0.41999999999999993, "deaths_t": 0.04225352112676056, "assists_t": 0.05, "csscore_t": 0.8704225352112676, "teamgold_t": 70.84225352112676, "vision_score_t": 1.0583288597856764, "wards_placed_t": 0.07816901408450705, "gold_graph_diffs_t": 12.20281690140845}