{"id": "EUN1_3582423053", "lvl": 2500, "literal level": "DIAMOND III", "time": 1684, "solokills_t": 0.0059382422802850355, "kills_t": 0.029691211401425176, "kp": 0.45972222222222225, "deaths_t": 0.029691211401425176, "assists_t": 0.039192399049881234, "csscore_t": 0.9738717339667459, "teamgold_t": 67.25296912114014, "vision_score_t": 0.9517413984714012, "wards_placed_t": 0.06175771971496437, "gold_graph_diffs_t": 15.56769596199525}