{"id": "EUN1_3564623573", "lvl": 2600, "literal level": "DIAMOND II", "time": 1575, "solokills_t": 0.005714285714285714, "kills_t": 0.036825396825396824, "kp": 0.5285353535353535, "deaths_t": 0.036825396825396824, "assists_t": 0.06095238095238095, "csscore_t": 0.8114285714285714, "teamgold_t": 67.56698412698412, "vision_score_t": 0.821481636411565, "wards_placed_t": 0.06095238095238095, "gold_graph_diffs_t": 15.521269841269842}