{"id": "EUN1_3568459031", "lvl": 2800, "literal level": "MASTER 0 lp", "time": 1086, "solokills_t": 0.011970534069981584, "kills_t": 0.04788213627992634, "kp": 0.4525, "deaths_t": 0.04788213627992634, "assists_t": 0.05432780847145488, "csscore_t": 0.8425414364640884, "teamgold_t": 70.79189686924494, "vision_score_t": 0.6476517435083646, "wards_placed_t": 0.04788213627992634, "gold_graph_diffs_t": 15.926335174953959}