{"id": "EUN1_3566112726", "lvl": 2600, "literal level": "DIAMOND II", "time": 1876, "solokills_t": 0.007462686567164179, "kills_t": 0.04157782515991471, "kp": 0.5193939393939395, "deaths_t": 0.04211087420042644, "assists_t": 0.06556503198294243, "csscore_t": 0.8747334754797441, "teamgold_t": 72.38805970149254, "vision_score_t": 1.1335035545702765, "wards_placed_t": 0.07462686567164178, "gold_graph_diffs_t": 14.142857142857142}