{"id": "EUN1_3577143487", "lvl": 2500, "literal level": "DIAMOND III", "time": 2419, "solokills_t": 0.014882182720132286, "kills_t": 0.0454733360892931, "kp": 0.3930779569892473, "deaths_t": 0.04588673005374121, "assists_t": 0.043819760231500623, "csscore_t": 0.8044646548160397, "teamgold_t": 71.58205870194296, "vision_score_t": 1.1090313053652325, "wards_placed_t": 0.07069036792062836, "gold_graph_diffs_t": 14.21537825547747}