{"id": "EUN1_3577760613", "lvl": 2500, "literal level": "DIAMOND III", "time": 2149, "solokills_t": 0.00604932526756631, "kills_t": 0.035830618892508145, "kp": 0.49642375168690955, "deaths_t": 0.035830618892508145, "assists_t": 0.05304792926942764, "csscore_t": 0.865518845974872, "teamgold_t": 67.873429502094, "vision_score_t": 1.0331940292358377, "wards_placed_t": 0.07305723592368543, "gold_graph_diffs_t": 14.863657515123313}