{"id": "EUN1_3572900423", "lvl": 2600, "literal level": "DIAMOND II", "time": 1704, "solokills_t": 0.007629107981220657, "kills_t": 0.03697183098591549, "kp": 0.5549999999999999, "deaths_t": 0.03697183098591549, "assists_t": 0.06866197183098592, "csscore_t": 0.8080985915492958, "teamgold_t": 64.95598591549296, "vision_score_t": 0.9528336275181706, "wards_placed_t": 0.06338028169014084, "gold_graph_diffs_t": 16.909037558685448}