{"id": "EUN1_3580697178", "lvl": 2200, "literal level": "EMERALD II", "time": 1967, "solokills_t": 0.00864260294865277, "kills_t": 0.03558718861209965, "kp": 0.4641447368421052, "deaths_t": 0.03558718861209965, "assists_t": 0.046263345195729534, "csscore_t": 0.8912048805287239, "teamgold_t": 70.18556176919166, "vision_score_t": 1.1066087218916318, "wards_placed_t": 0.07219115404168785, "gold_graph_diffs_t": 14.1377732587697}