{"id": "EUN1_3574322190", "lvl": 2400, "literal level": "DIAMOND IV", "time": 1277, "solokills_t": 0.0031323414252153485, "kills_t": 0.033672670321064996, "kp": 0.4849462365591398, "deaths_t": 0.033672670321064996, "assists_t": 0.04933437744714174, "csscore_t": 0.8261550509005482, "teamgold_t": 63.844166014095535, "vision_score_t": 0.9753632019646666, "wards_placed_t": 0.06421299921691465, "gold_graph_diffs_t": 15.396241190289741}