{"id": "EUN1_3553438512", "lvl": 2200, "literal level": "EMERALD II", "time": 2017, "solokills_t": 0.004462072384729797, "kills_t": 0.029747149231531978, "kp": 0.5263888888888888, "deaths_t": 0.030738720872583045, "assists_t": 0.047595438770451165, "csscore_t": 0.866137828458106, "teamgold_t": 65.26276648487853, "vision_score_t": 0.89629107100207, "wards_placed_t": 0.056023797719385225, "gold_graph_diffs_t": 11.314328210213187}