{"id": "EUN1_3571704498", "lvl": 2600, "literal level": "DIAMOND II", "time": 1870, "solokills_t": 0.006417112299465241, "kills_t": 0.02727272727272727, "kp": 0.49027777777777776, "deaths_t": 0.02727272727272727, "assists_t": 0.039572192513368985, "csscore_t": 0.9112299465240642, "teamgold_t": 63.071657754010694, "vision_score_t": 1.0835041484817818, "wards_placed_t": 0.07272727272727272, "gold_graph_diffs_t": 11.171122994652407}