{"id": "EUN1_3560286083", "lvl": 2500, "literal level": "DIAMOND III", "time": 1109, "solokills_t": 0.009017132551848512, "kills_t": 0.023444544634806132, "kp": 0.4333333333333333, "deaths_t": 0.023444544634806132, "assists_t": 0.025247971145175834, "csscore_t": 0.9404869251577999, "teamgold_t": 62.92335437330929, "vision_score_t": 0.66228280223462, "wards_placed_t": 0.05410279531109107, "gold_graph_diffs_t": 14.216411181244364}