{"id": "EUN1_3583327443", "lvl": 2300, "literal level": "EMERALD I", "time": 1489, "solokills_t": 0.012760241773002015, "kills_t": 0.04365345869711216, "kp": 0.41550000000000004, "deaths_t": 0.04365345869711216, "assists_t": 0.04499664204163868, "csscore_t": 0.9630624580255205, "teamgold_t": 72.3821356615178, "vision_score_t": 0.9605483125902208, "wards_placed_t": 0.06984553391537945, "gold_graph_diffs_t": 15.729348556077905}