{"id": "EUN1_3562724538", "lvl": 2000, "literal level": "EMERALD IV", "time": 1625, "solokills_t": 0.0043076923076923075, "kills_t": 0.03446153846153846, "kp": 0.513570487483531, "deaths_t": 0.03446153846153846, "assists_t": 0.055384615384615386, "csscore_t": 0.8886153846153846, "teamgold_t": 68.90953846153846, "vision_score_t": 1.200017611064977, "wards_placed_t": 0.07384615384615385, "gold_graph_diffs_t": 13.655384615384616}