{"id": "EUN1_3570447658", "lvl": 2500, "literal level": "DIAMOND III", "time": 2428, "solokills_t": 0.011120263591433279, "kills_t": 0.033360790774299834, "kp": 0.428219696969697, "deaths_t": 0.033360790774299834, "assists_t": 0.03706754530477759, "csscore_t": 0.8859143327841845, "teamgold_t": 68.62355848434926, "vision_score_t": 1.0798730171033242, "wards_placed_t": 0.06960461285008238, "gold_graph_diffs_t": 14.803130148270181}