{"id": "EUN1_3580467977", "lvl": 2400, "literal level": "DIAMOND IV", "time": 2118, "solokills_t": 0.0066100094428706326, "kills_t": 0.036827195467422094, "kp": 0.5573421926910298, "deaths_t": 0.036827195467422094, "assists_t": 0.06704438149197356, "csscore_t": 0.8168083097261567, "teamgold_t": 67.13078375826251, "vision_score_t": 0.8581098257545566, "wards_placed_t": 0.05571293673276676, "gold_graph_diffs_t": 13.902266288951841}