{"id": "EUN1_3580424586", "lvl": 2400, "literal level": "DIAMOND IV", "time": 1444, "solokills_t": 0.009002770083102494, "kills_t": 0.04155124653739612, "kp": 0.4624223602484472, "deaths_t": 0.04155124653739612, "assists_t": 0.05193905817174515, "csscore_t": 0.9162049861495845, "teamgold_t": 72.49584487534626, "vision_score_t": 0.9446085141322026, "wards_placed_t": 0.05886426592797784, "gold_graph_diffs_t": 14.030470914127424}