{"id": "EUN1_3578193547", "lvl": 2500, "literal level": "DIAMOND III", "time": 1564, "solokills_t": 0.008951406649616368, "kills_t": 0.04475703324808184, "kp": 0.467572463768116, "deaths_t": 0.04475703324808184, "assists_t": 0.058184143222506396, "csscore_t": 0.8388746803069054, "teamgold_t": 70.38427109974424, "vision_score_t": 0.960217917263356, "wards_placed_t": 0.0639386189258312, "gold_graph_diffs_t": 15.252557544757034}