{"id": "EUN1_3531910582", "lvl": 2800, "literal level": "MASTER 0 lp", "time": 1911, "solokills_t": 0.011512297226582941, "kills_t": 0.0423861852433281, "kp": 0.4348560700876095, "deaths_t": 0.0423861852433281, "assists_t": 0.05075876504447933, "csscore_t": 0.8707482993197279, "teamgold_t": 70.85661957090528, "vision_score_t": 1.0309848734426899, "wards_placed_t": 0.06384092098377812, "gold_graph_diffs_t": 15.483516483516484}