{"id": "EUN1_3555442473", "lvl": 2400, "literal level": "DIAMOND IV", "time": 1821, "solokills_t": 0.009884678747940691, "kills_t": 0.049972542559033495, "kp": 0.4724724724724725, "deaths_t": 0.049972542559033495, "assists_t": 0.06919275123558484, "csscore_t": 0.7062053816584294, "teamgold_t": 71.51619989017024, "vision_score_t": 0.9619819945356983, "wards_placed_t": 0.06205381658429435, "gold_graph_diffs_t": 15.2833607907743}