{"id": "EUN1_3580741506", "lvl": 2400, "literal level": "DIAMOND IV", "time": 928, "solokills_t": 0.007543103448275862, "kills_t": 0.03771551724137931, "kp": 0.41573426573426575, "deaths_t": 0.03771551724137931, "assists_t": 0.03771551724137931, "csscore_t": 0.927801724137931, "teamgold_t": 69.24353448275862, "vision_score_t": 0.7767243788329257, "wards_placed_t": 0.05172413793103448, "gold_graph_diffs_t": 10.592672413793103}