{"id": "EUN1_3579241665", "lvl": 2400, "literal level": "DIAMOND IV", "time": 1496, "solokills_t": 0.006016042780748663, "kills_t": 0.03609625668449198, "kp": 0.4629411764705882, "deaths_t": 0.03609625668449198, "assists_t": 0.04946524064171123, "csscore_t": 0.9425133689839572, "teamgold_t": 69.2586898395722, "vision_score_t": 1.0414013632873114, "wards_placed_t": 0.07018716577540107, "gold_graph_diffs_t": 17.15842245989305}