{"id": "EUN1_3580720057", "lvl": 3100, "literal level": "MASTER 300 lp", "time": 1942, "solokills_t": 0.009268795056642637, "kills_t": 0.029866117404737384, "kp": 0.3997300944669366, "deaths_t": 0.029866117404737384, "assists_t": 0.030895983522142123, "csscore_t": 0.9402677651905252, "teamgold_t": 64.92430484037075, "vision_score_t": 1.103671277142706, "wards_placed_t": 0.06230690010298661, "gold_graph_diffs_t": 13.251802265705459}