{"id": "EUN1_3583269772", "lvl": 2300, "literal level": "EMERALD I", "time": 1879, "solokills_t": 0.010643959552953698, "kills_t": 0.038850452368281004, "kp": 0.4724060150375939, "deaths_t": 0.038850452368281004, "assists_t": 0.05321979776476849, "csscore_t": 0.8999467802022353, "teamgold_t": 67.90792974986695, "vision_score_t": 0.8288814600824141, "wards_placed_t": 0.05375199574241618, "gold_graph_diffs_t": 10.564662054284193}