{"id": "EUN1_3549814590", "lvl": 2100, "literal level": "EMERALD III", "time": 1111, "solokills_t": 0.004500450045004501, "kills_t": 0.026102610261026102, "kp": 0.41722222222222216, "deaths_t": 0.026102610261026102, "assists_t": 0.027002700270027002, "csscore_t": 0.8793879387938794, "teamgold_t": 59.793879387938794, "vision_score_t": 0.7521369491910392, "wards_placed_t": 0.05490549054905491, "gold_graph_diffs_t": 12.67956795679568}