{"id": "EUN1_3568646251", "lvl": 2500, "literal level": "DIAMOND III", "time": 1600, "solokills_t": 0.005625, "kills_t": 0.039375, "kp": 0.4875581395348837, "deaths_t": 0.039375, "assists_t": 0.055, "csscore_t": 1.001875, "teamgold_t": 75.146875, "vision_score_t": 0.8248789207186858, "wards_placed_t": 0.05875, "gold_graph_diffs_t": 12.710625}