{"id": "EUN1_3565518539", "lvl": 2600, "literal level": "DIAMOND II", "time": 1865, "solokills_t": 0.006434316353887399, "kills_t": 0.036997319034852545, "kp": 0.5246363636363636, "deaths_t": 0.036997319034852545, "assists_t": 0.06273458445040214, "csscore_t": 0.8048257372654155, "teamgold_t": 65.63753351206434, "vision_score_t": 1.0024295510857741, "wards_placed_t": 0.06273458445040214, "gold_graph_diffs_t": 15.268632707774799}