{"id": "EUN1_3578624987", "lvl": 2600, "literal level": "DIAMOND II", "time": 1226, "solokills_t": 0.0065252854812398045, "kills_t": 0.0432300163132137, "kp": 0.46101190476190473, "deaths_t": 0.0432300163132137, "assists_t": 0.05872756933115824, "csscore_t": 0.9363784665579119, "teamgold_t": 74.93637846655791, "vision_score_t": 0.8390174220603852, "wards_placed_t": 0.05872756933115824, "gold_graph_diffs_t": 11.812398042414356}