{"id": "EUN1_3558985914", "lvl": 2600, "literal level": "DIAMOND II", "time": 2994, "solokills_t": 0.002338009352037408, "kills_t": 0.01903807615230461, "kp": 0.5503787878787878, "deaths_t": 0.01903807615230461, "assists_t": 0.03373413493653975, "csscore_t": 0.9472277889111557, "teamgold_t": 62.09185036740147, "vision_score_t": 1.2683489455658246, "wards_placed_t": 0.07915831663326653, "gold_graph_diffs_t": 11.766533066132265}