{"id": "EUN1_3557203977", "lvl": 2700, "literal level": "DIAMOND I", "time": 1493, "solokills_t": 0.006697923643670462, "kills_t": 0.020763563295378432, "kp": 0.3952380952380952, "deaths_t": 0.020763563295378432, "assists_t": 0.020093770931011386, "csscore_t": 0.9403884795713329, "teamgold_t": 60.90957803081045, "vision_score_t": 1.08749537692934, "wards_placed_t": 0.07166778298727394, "gold_graph_diffs_t": 9.709310113864701}