{"id": "EUN1_3564293160", "lvl": 1900, "literal level": "PLATINUM I", "time": 2310, "solokills_t": 0.01038961038961039, "kills_t": 0.04199134199134199, "kp": 0.4304774083546462, "deaths_t": 0.04199134199134199, "assists_t": 0.048484848484848485, "csscore_t": 0.8714285714285714, "teamgold_t": 70.26060606060607, "vision_score_t": 0.86973338577592, "wards_placed_t": 0.06233766233766234, "gold_graph_diffs_t": 11.235497835497835}