{"id": "EUN1_3562232639", "lvl": 2000, "literal level": "EMERALD IV", "time": 2506, "solokills_t": 0.008778930566640064, "kills_t": 0.03910614525139665, "kp": 0.4946331236897274, "deaths_t": 0.039505187549880284, "assists_t": 0.057063048683160415, "csscore_t": 0.8068635275339185, "teamgold_t": 68.65203511572227, "vision_score_t": 1.1372459538337334, "wards_placed_t": 0.07462090981644054, "gold_graph_diffs_t": 14.220271348762969}