{"id": "EUN1_3574065722", "lvl": 2300, "literal level": "EMERALD I", "time": 1190, "solokills_t": 0.009243697478991597, "kills_t": 0.02857142857142857, "kp": 0.395, "deaths_t": 0.02857142857142857, "assists_t": 0.025210084033613446, "csscore_t": 0.9092436974789916, "teamgold_t": 61.530252100840336, "vision_score_t": 0.9022139933737747, "wards_placed_t": 0.06050420168067227, "gold_graph_diffs_t": 10.330252100840337}