{"id": "EUN1_3529566202", "lvl": 2700, "literal level": "DIAMOND I", "time": 1658, "solokills_t": 0.011459589867310011, "kills_t": 0.04523522316043426, "kp": 0.4449775112443778, "deaths_t": 0.045838359469240045, "assists_t": 0.0548854041013269, "csscore_t": 0.873341375150784, "teamgold_t": 72.33232810615199, "vision_score_t": 1.0240930462849462, "wards_placed_t": 0.06453558504221954, "gold_graph_diffs_t": 10.863088057901086}