{"id": "EUN1_3577843047", "lvl": 2400, "literal level": "DIAMOND IV", "time": 1619, "solokills_t": 0.005558987029030266, "kills_t": 0.028412600370599134, "kp": 0.5289682539682541, "deaths_t": 0.029030265596046944, "assists_t": 0.05003088326127239, "csscore_t": 0.9691167387276096, "teamgold_t": 64.97591105620754, "vision_score_t": 0.9430882828541897, "wards_placed_t": 0.06979617047560223, "gold_graph_diffs_t": 14.738727609635578}