{"id": "EUN1_3569871801", "lvl": 2400, "literal level": "DIAMOND IV", "time": 1779, "solokills_t": 0.010680157391793142, "kills_t": 0.03316469926925239, "kp": 0.4288194444444445, "deaths_t": 0.03316469926925239, "assists_t": 0.03709949409780776, "csscore_t": 0.9072512647554806, "teamgold_t": 68.79595278246205, "vision_score_t": 1.0678591411214975, "wards_placed_t": 0.06970207982012366, "gold_graph_diffs_t": 16.729623383923553}