{"id": "EUN1_3570731287", "lvl": 2300, "literal level": "EMERALD I", "time": 1564, "solokills_t": 0.00319693094629156, "kills_t": 0.024936061381074168, "kp": 0.4412337662337662, "deaths_t": 0.024936061381074168, "assists_t": 0.03132992327365729, "csscore_t": 0.9104859335038363, "teamgold_t": 64.97186700767263, "vision_score_t": 1.0216803433165755, "wards_placed_t": 0.06841432225063938, "gold_graph_diffs_t": 15.856777493606138}