{"id": "EUN1_3560283317", "lvl": 2600, "literal level": "DIAMOND II", "time": 1588, "solokills_t": 0.005037783375314861, "kills_t": 0.02455919395465995, "kp": 0.4565714285714286, "deaths_t": 0.025818639798488665, "assists_t": 0.031486146095717885, "csscore_t": 1.0308564231738035, "teamgold_t": 68.60390428211586, "vision_score_t": 1.0672482657924482, "wards_placed_t": 0.06926952141057935, "gold_graph_diffs_t": 15.545969773299747}