{"id": "EUN1_3531869785", "lvl": 3200, "literal level": "MASTER 0 lp", "time": 1103, "solokills_t": 0.008159564823209429, "kills_t": 0.04533091568449683, "kp": 0.41875, "deaths_t": 0.04623753399818677, "assists_t": 0.050770625566636446, "csscore_t": 0.8821396192203083, "teamgold_t": 70.92384406165004, "vision_score_t": 0.7423065487241991, "wards_placed_t": 0.04986400725294651, "gold_graph_diffs_t": 17.255666364460563}