{"id": "EUN1_3530186718", "lvl": 2700, "literal level": "DIAMOND I", "time": 1943, "solokills_t": 0.007205352547606794, "kills_t": 0.041173443129181676, "kp": 0.4661616161616161, "deaths_t": 0.041173443129181676, "assists_t": 0.054554812146165726, "csscore_t": 0.8378795676788472, "teamgold_t": 69.63973237261966, "vision_score_t": 1.1766439387089878, "wards_placed_t": 0.0782295419454452, "gold_graph_diffs_t": 13.91147709727226}