{"id": "EUN1_3564657272", "lvl": 2100, "literal level": "EMERALD III", "time": 1827, "solokills_t": 0.007662835249042145, "kills_t": 0.03503010399562124, "kp": 0.4734115347018572, "deaths_t": 0.03503010399562124, "assists_t": 0.047619047619047616, "csscore_t": 0.8445539135194308, "teamgold_t": 67.39025725232622, "vision_score_t": 0.9214576845502428, "wards_placed_t": 0.06294471811713191, "gold_graph_diffs_t": 14.44663382594417}