{"id": "EUN1_3559097801", "lvl": 2500, "literal level": "DIAMOND III", "time": 2107, "solokills_t": 0.007593735168485999, "kills_t": 0.045087802562885616, "kp": 0.5003613369467028, "deaths_t": 0.045562411010915994, "assists_t": 0.0664451827242525, "csscore_t": 0.817750355956336, "teamgold_t": 72.92406264831514, "vision_score_t": 1.053699627334133, "wards_placed_t": 0.06027527289985762, "gold_graph_diffs_t": 13.587565258661604}