{"id": "EUN1_3539229995", "lvl": 2900, "literal level": "MASTER 100 lp", "time": 1588, "solokills_t": 0.00818639798488665, "kills_t": 0.03526448362720403, "kp": 0.41066856330014223, "deaths_t": 0.03526448362720403, "assists_t": 0.0371536523929471, "csscore_t": 1.0031486146095718, "teamgold_t": 69.90050377833754, "vision_score_t": 0.9649327149223621, "wards_placed_t": 0.06423173803526448, "gold_graph_diffs_t": 17.711586901763223}