{"id": "EUN1_3567542844", "lvl": 2400, "literal level": "DIAMOND IV", "time": 1524, "solokills_t": 0.013123359580052493, "kills_t": 0.03280839895013123, "kp": 0.36366723259762307, "deaths_t": 0.03280839895013123, "assists_t": 0.026246719160104987, "csscore_t": 0.9914698162729659, "teamgold_t": 67.89960629921259, "vision_score_t": 1.0119615795323982, "wards_placed_t": 0.07611548556430446, "gold_graph_diffs_t": 13.276246719160104}