{"id": "EUN1_3563130644", "lvl": 2900, "literal level": "MASTER 100 lp", "time": 1143, "solokills_t": 0.01399825021872266, "kills_t": 0.05249343832020997, "kp": 0.42094926350245504, "deaths_t": 0.05249343832020997, "assists_t": 0.0542432195975503, "csscore_t": 0.8670166229221348, "teamgold_t": 75.15923009623798, "vision_score_t": 0.7319740143292973, "wards_placed_t": 0.045494313210848646, "gold_graph_diffs_t": 18.93000874890639}