{"id": "EUN1_3569993501", "lvl": 2300, "literal level": "EMERALD I", "time": 2364, "solokills_t": 0.004230118443316413, "kills_t": 0.032148900169204735, "kp": 0.5804087385482735, "deaths_t": 0.032148900169204735, "assists_t": 0.06175972927241963, "csscore_t": 0.7868020304568528, "teamgold_t": 63.92216582064298, "vision_score_t": 0.9860037190985145, "wards_placed_t": 0.07106598984771574, "gold_graph_diffs_t": 12.413705583756345}