{"id": "EUN1_3553637737", "lvl": 2100, "literal level": "EMERALD III", "time": 1641, "solokills_t": 0.008531383302864107, "kills_t": 0.04021937842778794, "kp": 0.44830827067669177, "deaths_t": 0.04021937842778794, "assists_t": 0.051188299817184646, "csscore_t": 0.837903717245582, "teamgold_t": 68.9926873857404, "vision_score_t": 0.858886965079169, "wards_placed_t": 0.050578915295551495, "gold_graph_diffs_t": 15.617915904936014}