{"id": "EUN1_3584772291", "lvl": 2300, "literal level": "EMERALD I", "time": 2008, "solokills_t": 0.008964143426294821, "kills_t": 0.038346613545816734, "kp": 0.48252032520325205, "deaths_t": 0.038346613545816734, "assists_t": 0.054780876494023904, "csscore_t": 0.8794820717131474, "teamgold_t": 69.45717131474103, "vision_score_t": 1.135441748155959, "wards_placed_t": 0.07868525896414343, "gold_graph_diffs_t": 14.841633466135459}