{"id": "EUN1_3572120070", "lvl": 2500, "literal level": "DIAMOND III", "time": 1377, "solokills_t": 0.014524328249818447, "kills_t": 0.03558460421205519, "kp": 0.3657142857142857, "deaths_t": 0.03558460421205519, "assists_t": 0.03122730573710966, "csscore_t": 0.8961510530137982, "teamgold_t": 63.65504720406681, "vision_score_t": 0.7912854507130758, "wards_placed_t": 0.05519244734931009, "gold_graph_diffs_t": 12.358024691358025}