{"id": "EUN1_3586413120", "lvl": 2400, "literal level": "DIAMOND IV", "time": 1225, "solokills_t": 0.005714285714285714, "kills_t": 0.03836734693877551, "kp": 0.4884615384615384, "deaths_t": 0.03836734693877551, "assists_t": 0.0563265306122449, "csscore_t": 0.916734693877551, "teamgold_t": 69.37795918367347, "vision_score_t": 0.8708267566759023, "wards_placed_t": 0.053061224489795916, "gold_graph_diffs_t": 16.14857142857143}