{"id": "EUN1_3567570470", "lvl": 2600, "literal level": "DIAMOND II", "time": 2130, "solokills_t": 0.003755868544600939, "kills_t": 0.029577464788732393, "kp": 0.5265072765072765, "deaths_t": 0.029577464788732393, "assists_t": 0.04976525821596244, "csscore_t": 0.9455399061032864, "teamgold_t": 68.0755868544601, "vision_score_t": 1.0861139629500105, "wards_placed_t": 0.06525821596244132, "gold_graph_diffs_t": 14.411737089201878}