{"id": "EUN1_3572736801", "lvl": 2400, "literal level": "DIAMOND IV", "time": 1652, "solokills_t": 0.007869249394673124, "kills_t": 0.03934624697336562, "kp": 0.4726190476190476, "deaths_t": 0.03934624697336562, "assists_t": 0.05205811138014528, "csscore_t": 0.8662227602905569, "teamgold_t": 68.9322033898305, "vision_score_t": 0.8814586422211057, "wards_placed_t": 0.06416464891041163, "gold_graph_diffs_t": 16.30629539951574}