{"id": "EUN1_3575039856", "lvl": 2400, "literal level": "DIAMOND IV", "time": 1419, "solokills_t": 0.010570824524312896, "kills_t": 0.03875968992248062, "kp": 0.41052631578947363, "deaths_t": 0.03875968992248062, "assists_t": 0.041578576462297394, "csscore_t": 0.8329809725158562, "teamgold_t": 67.09654686398872, "vision_score_t": 0.9078649194460919, "wards_placed_t": 0.06412966878083157, "gold_graph_diffs_t": 12.329809725158562}