{"id": "EUN1_3576637167", "lvl": 2700, "literal level": "DIAMOND I", "time": 1779, "solokills_t": 0.011242270938729624, "kills_t": 0.03934794828555368, "kp": 0.4341666666666667, "deaths_t": 0.03934794828555368, "assists_t": 0.04609331084879146, "csscore_t": 0.8926363125351321, "teamgold_t": 68.89881956155143, "vision_score_t": 1.0660301807588843, "wards_placed_t": 0.07700955593029792, "gold_graph_diffs_t": 12.854974704890388}