{"id": "EUN1_3549739854", "lvl": 2000, "literal level": "EMERALD IV", "time": 1306, "solokills_t": 0.007656967840735069, "kills_t": 0.03445635528330781, "kp": 0.45210084033613446, "deaths_t": 0.03445635528330781, "assists_t": 0.043644716692189896, "csscore_t": 0.8292496171516079, "teamgold_t": 62.7052067381317, "vision_score_t": 0.9666017985785341, "wards_placed_t": 0.06278713629402756, "gold_graph_diffs_t": 13.003828483920367}