{"id": "EUN1_3570385649", "lvl": 2500, "literal level": "DIAMOND III", "time": 1426, "solokills_t": 0.007713884992987377, "kills_t": 0.04207573632538569, "kp": 0.49257142857142855, "deaths_t": 0.04207573632538569, "assists_t": 0.06030855539971949, "csscore_t": 0.8211781206171108, "teamgold_t": 69.91374474053296, "vision_score_t": 0.9532148799991458, "wards_placed_t": 0.06311360448807854, "gold_graph_diffs_t": 18.805750350631136}