{"id": "EUN1_3580604372", "lvl": 3100, "literal level": "MASTER 300 lp", "time": 1310, "solokills_t": 0.011450381679389313, "kills_t": 0.038931297709923665, "kp": 0.4511111111111112, "deaths_t": 0.038931297709923665, "assists_t": 0.051908396946564885, "csscore_t": 0.9152671755725191, "teamgold_t": 66.51908396946565, "vision_score_t": 1.0439901802522735, "wards_placed_t": 0.07786259541984733, "gold_graph_diffs_t": 12.642748091603053}