{"id": "EUN1_3569796905", "lvl": 2400, "literal level": "DIAMOND IV", "time": 1473, "solokills_t": 0.0047522063815342835, "kills_t": 0.03665987780040733, "kp": 0.4564705882352941, "deaths_t": 0.03665987780040733, "assists_t": 0.04684317718940937, "csscore_t": 0.90020366598778, "teamgold_t": 72.12016293279022, "vision_score_t": 0.7913377288009654, "wards_placed_t": 0.05702647657841141, "gold_graph_diffs_t": 15.484725050916497}