{"id": "EUN1_3563940346", "lvl": 3000, "literal level": "MASTER 200 lp", "time": 1587, "solokills_t": 0.005040957781978576, "kills_t": 0.03780718336483932, "kp": 0.46919642857142857, "deaths_t": 0.03780718336483932, "assists_t": 0.05103969754253308, "csscore_t": 0.9035916824196597, "teamgold_t": 69.3301827347196, "vision_score_t": 0.9735721892622525, "wards_placed_t": 0.06805293005671077, "gold_graph_diffs_t": 10.328292375551355}