{"id": "EUN1_3575662514", "lvl": 2500, "literal level": "DIAMOND III", "time": 2161, "solokills_t": 0.013882461823229986, "kills_t": 0.05321610365571495, "kp": 0.4312159709618875, "deaths_t": 0.05321610365571495, "assists_t": 0.06154558074965294, "csscore_t": 0.8102730217491901, "teamgold_t": 75.44886626561777, "vision_score_t": 0.9811741415437139, "wards_placed_t": 0.07450254511800093, "gold_graph_diffs_t": 15.402591392873669}