{"id": "EUN1_3542771728", "lvl": 2000, "literal level": "EMERALD IV", "time": 2067, "solokills_t": 0.008708272859216255, "kills_t": 0.0440251572327044, "kp": 0.4545410628019323, "deaths_t": 0.04450895016932753, "assists_t": 0.05611998064828253, "csscore_t": 0.8001935171746493, "teamgold_t": 69.47992259313014, "vision_score_t": 0.9201012344314478, "wards_placed_t": 0.06047411707789066, "gold_graph_diffs_t": 11.72278664731495}