{"id": "EUN1_3541504582", "lvl": 2600, "literal level": "DIAMOND II", "time": 1278, "solokills_t": 0.010954616588419406, "kills_t": 0.0297339593114241, "kp": 0.39384615384615385, "deaths_t": 0.0297339593114241, "assists_t": 0.03286384976525822, "csscore_t": 0.8693270735524257, "teamgold_t": 64.91471048513301, "vision_score_t": 0.8973638177024201, "wards_placed_t": 0.0594679186228482, "gold_graph_diffs_t": 12.75039123630673}