{"id": "EUN1_3528891455", "lvl": 2800, "literal level": "MASTER 0 lp", "time": 1899, "solokills_t": 0.00842548709847288, "kills_t": 0.040547656661400734, "kp": 0.46885135135135136, "deaths_t": 0.040547656661400734, "assists_t": 0.05423907319641917, "csscore_t": 0.9647182727751448, "teamgold_t": 74.73723012111638, "vision_score_t": 1.1273694863818133, "wards_placed_t": 0.0784623486045287, "gold_graph_diffs_t": 16.587677725118482}