{"id": "EUN1_3572967105", "lvl": 2300, "literal level": "EMERALD I", "time": 1597, "solokills_t": 0.0068879148403256105, "kills_t": 0.028177833437695678, "kp": 0.4753036437246963, "deaths_t": 0.028177833437695678, "assists_t": 0.038822792736380715, "csscore_t": 0.8509705698184096, "teamgold_t": 61.43644333124609, "vision_score_t": 0.8458176887912542, "wards_placed_t": 0.056981840951784594, "gold_graph_diffs_t": 13.343769567939887}