{"id": "EUN1_3572840249", "lvl": 2600, "literal level": "DIAMOND II", "time": 1503, "solokills_t": 0.013972055888223553, "kills_t": 0.043912175648702596, "kp": 0.42351219512195126, "deaths_t": 0.043912175648702596, "assists_t": 0.0499001996007984, "csscore_t": 0.886892880904857, "teamgold_t": 70.93878908848968, "vision_score_t": 0.7987754673565135, "wards_placed_t": 0.05322687957418496, "gold_graph_diffs_t": 16.017964071856287}