{"id": "EUN1_3576837066", "lvl": 2400, "literal level": "DIAMOND IV", "time": 919, "solokills_t": 0.003264417845484222, "kills_t": 0.025027203482045703, "kp": 0.45098039215686275, "deaths_t": 0.025027203482045703, "assists_t": 0.030467899891186073, "csscore_t": 0.9575625680087051, "teamgold_t": 59.14145810663765, "vision_score_t": 0.8180956717319889, "wards_placed_t": 0.06420021762785637, "gold_graph_diffs_t": 9.890097932535365}