{"id": "EUN1_3582763567", "lvl": 2500, "literal level": "DIAMOND III", "time": 1417, "solokills_t": 0.009174311926605505, "kills_t": 0.04163726182074806, "kp": 0.4514905149051491, "deaths_t": 0.04163726182074806, "assists_t": 0.0529287226534933, "csscore_t": 0.8320395201129146, "teamgold_t": 70.51235003528582, "vision_score_t": 1.0627894476176738, "wards_placed_t": 0.06704304869442484, "gold_graph_diffs_t": 12.015525758645024}