{"id": "EUN1_3574163122", "lvl": 2400, "literal level": "DIAMOND IV", "time": 1919, "solokills_t": 0.007816571130797291, "kills_t": 0.040125065138092754, "kp": 0.5265182186234817, "deaths_t": 0.040125065138092754, "assists_t": 0.06565919749869724, "csscore_t": 0.8202188639916623, "teamgold_t": 67.95726941115164, "vision_score_t": 1.1886190939790833, "wards_placed_t": 0.0760812923397603, "gold_graph_diffs_t": 15.035956227201668}