{"id": "EUN1_3569894394", "lvl": 2400, "literal level": "DIAMOND IV", "time": 1102, "solokills_t": 0.004537205081669692, "kills_t": 0.032667876588021776, "kp": 0.4953846153846154, "deaths_t": 0.03357531760435572, "assists_t": 0.050816696914700546, "csscore_t": 0.8157894736842105, "teamgold_t": 64.8901996370236, "vision_score_t": 0.738933903457718, "wards_placed_t": 0.05535390199637023, "gold_graph_diffs_t": 14.31125226860254}