{"id": "EUN1_3584553604", "lvl": 2400, "literal level": "DIAMOND IV", "time": 2076, "solokills_t": 0.0072254335260115606, "kills_t": 0.030346820809248554, "kp": 0.4505070993914807, "deaths_t": 0.030346820809248554, "assists_t": 0.038535645472061654, "csscore_t": 0.9132947976878613, "teamgold_t": 66.13053949903662, "vision_score_t": 1.0762984002544485, "wards_placed_t": 0.07129094412331406, "gold_graph_diffs_t": 11.985067437379577}