{"id": "EUN1_3565368820", "lvl": 2800, "literal level": "MASTER 0 lp", "time": 1349, "solokills_t": 0.008895478131949592, "kills_t": 0.031134173461823574, "kp": 0.4187683284457478, "deaths_t": 0.031134173461823574, "assists_t": 0.0340993328391401, "csscore_t": 0.9925871015567087, "teamgold_t": 66.21497405485545, "vision_score_t": 1.0149722993564627, "wards_placed_t": 0.07412898443291327, "gold_graph_diffs_t": 16.593031875463307}