{"id": "EUN1_3574083120", "lvl": 2300, "literal level": "EMERALD I", "time": 950, "solokills_t": 0.009473684210526316, "kills_t": 0.030526315789473683, "kp": 0.45249999999999996, "deaths_t": 0.031578947368421054, "assists_t": 0.035789473684210524, "csscore_t": 0.8821052631578947, "teamgold_t": 63.66, "vision_score_t": 0.677302532445886, "wards_placed_t": 0.05578947368421053, "gold_graph_diffs_t": 12.552631578947368}