{"id": "EUN1_3564318322", "lvl": 2800, "literal level": "MASTER 0 lp", "time": 1832, "solokills_t": 0.006004366812227074, "kills_t": 0.03220524017467249, "kp": 0.47729411764705876, "deaths_t": 0.03220524017467249, "assists_t": 0.04694323144104803, "csscore_t": 0.9208515283842795, "teamgold_t": 66.89028384279476, "vision_score_t": 0.9493222452372508, "wards_placed_t": 0.0638646288209607, "gold_graph_diffs_t": 15.832423580786026}