{"id": "EUN1_3580218344", "lvl": 2300, "literal level": "EMERALD I", "time": 1964, "solokills_t": 0.0015274949083503055, "kills_t": 0.03054989816700611, "kp": 0.5254172015404365, "deaths_t": 0.03054989816700611, "assists_t": 0.05142566191446028, "csscore_t": 0.8655804480651731, "teamgold_t": 65.56313645621181, "vision_score_t": 1.1427870035454006, "wards_placed_t": 0.06670061099796334, "gold_graph_diffs_t": 12.817718940936864}