{"id": "EUN1_3568187479", "lvl": 2400, "literal level": "DIAMOND IV", "time": 2082, "solokills_t": 0.007684918347742555, "kills_t": 0.03602305475504323, "kp": 0.4815638450502152, "deaths_t": 0.03602305475504323, "assists_t": 0.05139289145052834, "csscore_t": 0.8631123919308358, "teamgold_t": 68.63544668587896, "vision_score_t": 1.162082464401013, "wards_placed_t": 0.0686839577329491, "gold_graph_diffs_t": 13.018731988472622}