{"id": "EUN1_3587265333", "lvl": 2600, "literal level": "DIAMOND II", "time": 1299, "solokills_t": 0.006158583525789068, "kills_t": 0.03233256351039261, "kp": 0.5116666666666667, "deaths_t": 0.033102386451116246, "assists_t": 0.04772902232486528, "csscore_t": 0.8752886836027713, "teamgold_t": 62.830638953040804, "vision_score_t": 0.8460370458455108, "wards_placed_t": 0.05542725173210162, "gold_graph_diffs_t": 14.767513471901463}