{"id": "EUN1_3576821870", "lvl": 2400, "literal level": "DIAMOND IV", "time": 1748, "solokills_t": 0.002860411899313501, "kills_t": 0.03032036613272311, "kp": 0.5799107142857143, "deaths_t": 0.03032036613272311, "assists_t": 0.05606407322654462, "csscore_t": 0.8363844393592678, "teamgold_t": 65.08695652173913, "vision_score_t": 0.8833877990297483, "wards_placed_t": 0.060068649885583525, "gold_graph_diffs_t": 13.482837528604119}