{"id": "EUN1_3587539485", "lvl": 2400, "literal level": "DIAMOND IV", "time": 1833, "solokills_t": 0.006546644844517185, "kills_t": 0.03764320785597381, "kp": 0.4666386554621848, "deaths_t": 0.03764320785597381, "assists_t": 0.050190943807965085, "csscore_t": 0.9841789416257501, "teamgold_t": 72.25859247135843, "vision_score_t": 0.9115160534648761, "wards_placed_t": 0.05837424986361157, "gold_graph_diffs_t": 13.704309874522641}