{"id": "EUN1_3577377731", "lvl": 2600, "literal level": "DIAMOND II", "time": 1748, "solokills_t": 0.006292906178489702, "kills_t": 0.03546910755148741, "kp": 0.5767441860465116, "deaths_t": 0.036041189931350116, "assists_t": 0.06521739130434782, "csscore_t": 0.784324942791762, "teamgold_t": 65.67620137299771, "vision_score_t": 0.9286540690592808, "wards_placed_t": 0.06121281464530892, "gold_graph_diffs_t": 12.29633867276888}