{"id": "EUN1_3554223640", "lvl": 2600, "literal level": "DIAMOND II", "time": 1865, "solokills_t": 0.00482573726541555, "kills_t": 0.03646112600536193, "kp": 0.5825120772946859, "deaths_t": 0.03646112600536193, "assists_t": 0.07024128686327077, "csscore_t": 0.8841823056300268, "teamgold_t": 68.87828418230563, "vision_score_t": 1.0878200783878884, "wards_placed_t": 0.06809651474530831, "gold_graph_diffs_t": 13.816621983914208}