{"id": "EUN1_3576537073", "lvl": 3100, "literal level": "MASTER 300 lp", "time": 1372, "solokills_t": 0.010932944606413994, "kills_t": 0.04008746355685131, "kp": 0.39166666666666666, "deaths_t": 0.04008746355685131, "assists_t": 0.03935860058309038, "csscore_t": 0.9271137026239067, "teamgold_t": 68.5561224489796, "vision_score_t": 0.6684276992334821, "wards_placed_t": 0.053206997084548104, "gold_graph_diffs_t": 18.04591836734694}