{"id": "EUN1_3549769121", "lvl": 1800, "literal level": "PLATINUM II", "time": 1899, "solokills_t": 0.010005265929436546, "kills_t": 0.04107424960505529, "kp": 0.4578804347826087, "deaths_t": 0.04107424960505529, "assists_t": 0.053712480252764615, "csscore_t": 0.8888888888888888, "teamgold_t": 71.6129541864139, "vision_score_t": 0.9210307696466075, "wards_placed_t": 0.061611374407582936, "gold_graph_diffs_t": 13.309636650868878}