{"id": "EUN1_3533898816", "lvl": 2800, "literal level": "MASTER 0 lp", "time": 1323, "solokills_t": 0.008314436885865457, "kills_t": 0.044595616024187455, "kp": 0.448780487804878, "deaths_t": 0.045351473922902494, "assists_t": 0.05971277399848828, "csscore_t": 0.8647014361300076, "teamgold_t": 69.93272864701436, "vision_score_t": 0.818647189638823, "wards_placed_t": 0.05971277399848828, "gold_graph_diffs_t": 12.346938775510203}