{"id": "EUN1_3565035818", "lvl": 2500, "literal level": "DIAMOND III", "time": 2000, "solokills_t": 0.0095, "kills_t": 0.041, "kp": 0.4376190476190476, "deaths_t": 0.0415, "assists_t": 0.0485, "csscore_t": 0.8885, "teamgold_t": 71.8645, "vision_score_t": 1.0089842496159982, "wards_placed_t": 0.068, "gold_graph_diffs_t": 11.4665}