{"id": "EUN1_3561273698", "lvl": 2000, "literal level": "EMERALD IV", "time": 1651, "solokills_t": 0.008479709267110842, "kills_t": 0.03815869170199879, "kp": 0.4327368421052632, "deaths_t": 0.03815869170199879, "assists_t": 0.04663840096910963, "csscore_t": 0.8195033313143549, "teamgold_t": 65.65899454875833, "vision_score_t": 0.7688556680437953, "wards_placed_t": 0.06541490006056935, "gold_graph_diffs_t": 14.310720775287704}