{"id": "EUN1_3586395319", "lvl": 2400, "literal level": "DIAMOND IV", "time": 916, "solokills_t": 0.009825327510917031, "kills_t": 0.02074235807860262, "kp": 0.3611111111111111, "deaths_t": 0.02074235807860262, "assists_t": 0.013100436681222707, "csscore_t": 0.868995633187773, "teamgold_t": 55.97816593886463, "vision_score_t": 0.6096305701317858, "wards_placed_t": 0.04912663755458515, "gold_graph_diffs_t": 13.316593886462883}