{"id": "EUN1_3580294300", "lvl": 2500, "literal level": "DIAMOND III", "time": 1708, "solokills_t": 0.00585480093676815, "kills_t": 0.038056206088992975, "kp": 0.5304554079696395, "deaths_t": 0.038056206088992975, "assists_t": 0.06323185011709602, "csscore_t": 0.9039812646370023, "teamgold_t": 70.30093676814988, "vision_score_t": 1.1219386021167292, "wards_placed_t": 0.06791569086651054, "gold_graph_diffs_t": 14.242388758782202}