{"id": "EUN1_3572961125", "lvl": 2300, "literal level": "EMERALD I", "time": 1793, "solokills_t": 0.016174010039040714, "kills_t": 0.04182933630786392, "kp": 0.3870967741935484, "deaths_t": 0.04182933630786392, "assists_t": 0.03959843837144451, "csscore_t": 0.8315672058003346, "teamgold_t": 68.37200223089793, "vision_score_t": 0.8909229874433067, "wards_placed_t": 0.06692693809258227, "gold_graph_diffs_t": 14.723368655883993}