{"id": "EUN1_3572211591", "lvl": 2400, "literal level": "DIAMOND IV", "time": 1488, "solokills_t": 0.01478494623655914, "kills_t": 0.04099462365591398, "kp": 0.36895424836601304, "deaths_t": 0.04099462365591398, "assists_t": 0.03494623655913978, "csscore_t": 0.9455645161290323, "teamgold_t": 69.07930107526882, "vision_score_t": 0.7578294099222718, "wards_placed_t": 0.05577956989247312, "gold_graph_diffs_t": 11.94758064516129}