{"id": "EUN1_3575807006", "lvl": 2300, "literal level": "EMERALD I", "time": 1145, "solokills_t": 0.00960698689956332, "kills_t": 0.03755458515283843, "kp": 0.41013071895424835, "deaths_t": 0.03755458515283843, "assists_t": 0.045414847161572056, "csscore_t": 0.9231441048034934, "teamgold_t": 67.01921397379913, "vision_score_t": 0.7093060063891597, "wards_placed_t": 0.050655021834061134, "gold_graph_diffs_t": 13.424454148471616}