{"id": "EUN1_3557581666", "lvl": 2000, "literal level": "EMERALD IV", "time": 1203, "solokills_t": 0.00831255195344971, "kills_t": 0.034912718204488775, "kp": 0.41, "deaths_t": 0.034912718204488775, "assists_t": 0.03574397339983375, "csscore_t": 0.9210307564422278, "teamgold_t": 67.69160432252701, "vision_score_t": 0.664477235282226, "wards_placed_t": 0.049044056525353284, "gold_graph_diffs_t": 17.475477971737323}