{"id": "EUN1_3559036267", "lvl": 2700, "literal level": "DIAMOND I", "time": 1584, "solokills_t": 0.0025252525252525255, "kills_t": 0.03282828282828283, "kp": 0.524887556221889, "deaths_t": 0.03345959595959596, "assists_t": 0.052398989898989896, "csscore_t": 0.8579545454545454, "teamgold_t": 67.8655303030303, "vision_score_t": 1.1481742307331975, "wards_placed_t": 0.08207070707070707, "gold_graph_diffs_t": 11.799873737373737}