{"id": "EUN1_3557172963", "lvl": 2600, "literal level": "DIAMOND II", "time": 1882, "solokills_t": 0.010095642933049946, "kills_t": 0.04197662061636557, "kp": 0.4549731182795699, "deaths_t": 0.04197662061636557, "assists_t": 0.0536663124335813, "csscore_t": 0.9229543039319873, "teamgold_t": 71.50106269925611, "vision_score_t": 0.8898818863897443, "wards_placed_t": 0.05791710945802338, "gold_graph_diffs_t": 12.863443145589798}