{"id": "EUN1_3586527960", "lvl": 2300, "literal level": "EMERALD I", "time": 1685, "solokills_t": 0.013056379821958458, "kills_t": 0.040356083086053415, "kp": 0.4227106227106228, "deaths_t": 0.040356083086053415, "assists_t": 0.042729970326409496, "csscore_t": 0.7709198813056379, "teamgold_t": 65.7946587537092, "vision_score_t": 0.9534580053080404, "wards_placed_t": 0.0629080118694362, "gold_graph_diffs_t": 16.18872403560831}