{"id": "EUN1_3572726111", "lvl": 2200, "literal level": "EMERALD II", "time": 1204, "solokills_t": 0.01079734219269103, "kills_t": 0.040697674418604654, "kp": 0.47057416267942587, "deaths_t": 0.040697674418604654, "assists_t": 0.054817275747508304, "csscore_t": 0.8737541528239202, "teamgold_t": 67.80481727574751, "vision_score_t": 0.7414122475439524, "wards_placed_t": 0.054817275747508304, "gold_graph_diffs_t": 17.480897009966778}