{"id": "EUN1_3570497935", "lvl": 2400, "literal level": "DIAMOND IV", "time": 1717, "solokills_t": 0.0064065230052417, "kills_t": 0.0425160163075131, "kp": 0.4768992248062015, "deaths_t": 0.04309842748980781, "assists_t": 0.05824111822947001, "csscore_t": 0.844496214327315, "teamgold_t": 71.65695981362842, "vision_score_t": 1.0830475333794567, "wards_placed_t": 0.07454863133372161, "gold_graph_diffs_t": 16.9231217239371}