{"id": "EUN1_3568848436", "lvl": 2400, "literal level": "DIAMOND IV", "time": 1844, "solokills_t": 0.008676789587852495, "kills_t": 0.039045553145336226, "kp": 0.43814671814671813, "deaths_t": 0.039045553145336226, "assists_t": 0.046637744034707156, "csscore_t": 0.8731019522776573, "teamgold_t": 71.32809110629067, "vision_score_t": 0.8464681417712262, "wards_placed_t": 0.06887201735357917, "gold_graph_diffs_t": 14.836767895878525}