{"id": "EUN1_3581517077", "lvl": 3200, "literal level": "MASTER 0 lp", "time": 913, "solokills_t": 0.004381161007667032, "kills_t": 0.028477546549835708, "kp": 0.42833333333333334, "deaths_t": 0.028477546549835708, "assists_t": 0.03723986856516977, "csscore_t": 0.8882803943044907, "teamgold_t": 60.77656078860898, "vision_score_t": 0.881658800112519, "wards_placed_t": 0.06681270536692223, "gold_graph_diffs_t": 11.845564074479737}