{"id": "EUN1_3580251282", "lvl": 2500, "literal level": "DIAMOND III", "time": 1210, "solokills_t": 0.011570247933884297, "kills_t": 0.03471074380165289, "kp": 0.38806366047745355, "deaths_t": 0.03471074380165289, "assists_t": 0.033884297520661154, "csscore_t": 0.7644628099173554, "teamgold_t": 62.8702479338843, "vision_score_t": 0.8964510635714283, "wards_placed_t": 0.05950413223140496, "gold_graph_diffs_t": 11.903305785123967}