{"id": "EUN1_3560769061", "lvl": 2100, "literal level": "EMERALD III", "time": 1558, "solokills_t": 0.007060333761232349, "kills_t": 0.03209242618741977, "kp": 0.43999999999999995, "deaths_t": 0.03209242618741977, "assists_t": 0.0410783055198973, "csscore_t": 0.8626444159178434, "teamgold_t": 64.76315789473684, "vision_score_t": 0.8789437185995268, "wards_placed_t": 0.05969191270860077, "gold_graph_diffs_t": 12.677150192554556}