{"id": "EUN1_3562763635", "lvl": 2400, "literal level": "DIAMOND IV", "time": 1456, "solokills_t": 0.006868131868131868, "kills_t": 0.04395604395604396, "kp": 0.44252491694352153, "deaths_t": 0.04395604395604396, "assists_t": 0.0521978021978022, "csscore_t": 0.8255494505494505, "teamgold_t": 70.84615384615384, "vision_score_t": 0.8304889344184747, "wards_placed_t": 0.061813186813186816, "gold_graph_diffs_t": 14.304945054945055}