{"id": "EUN1_3570523053", "lvl": 2500, "literal level": "DIAMOND III", "time": 1503, "solokills_t": 0.014637391882900865, "kills_t": 0.04324683965402528, "kp": 0.43939393939393945, "deaths_t": 0.04324683965402528, "assists_t": 0.05189620758483034, "csscore_t": 0.9347970725216235, "teamgold_t": 71.60013306719894, "vision_score_t": 0.9653191620286625, "wards_placed_t": 0.06719893546240852, "gold_graph_diffs_t": 10.414504324683966}