{"id": "EUN1_3574057832", "lvl": 2300, "literal level": "EMERALD I", "time": 1653, "solokills_t": 0.0102843315184513, "kills_t": 0.056261343012704176, "kp": 0.45207547169811324, "deaths_t": 0.056866303690260134, "assists_t": 0.07138535995160314, "csscore_t": 0.8185117967332124, "teamgold_t": 77.93163944343618, "vision_score_t": 0.8591603983170415, "wards_placed_t": 0.06412583182093164, "gold_graph_diffs_t": 20.019963702359348}