{"id": "EUN1_3576625322", "lvl": 2900, "literal level": "MASTER 100 lp", "time": 969, "solokills_t": 0.014447884416924664, "kills_t": 0.038183694530443756, "kp": 0.3853174603174604, "deaths_t": 0.038183694530443756, "assists_t": 0.03611971104231166, "csscore_t": 0.9680082559339526, "teamgold_t": 66.31166150670795, "vision_score_t": 0.7130620194573469, "wards_placed_t": 0.053663570691434466, "gold_graph_diffs_t": 14.476780185758514}