{"id": "EUN1_3565219665", "lvl": 2900, "literal level": "MASTER 100 lp", "time": 1401, "solokills_t": 0.007137758743754461, "kills_t": 0.01998572448251249, "kp": 0.3935672514619883, "deaths_t": 0.01998572448251249, "assists_t": 0.02069950035688794, "csscore_t": 0.9336188436830836, "teamgold_t": 59.93861527480371, "vision_score_t": 0.8558876282283958, "wards_placed_t": 0.06281227694503926, "gold_graph_diffs_t": 9.062098501070663}