{"id": "EUN1_3584129817", "lvl": 2500, "literal level": "DIAMOND III", "time": 1983, "solokills_t": 0.009581442259203227, "kills_t": 0.04891578416540595, "kp": 0.4784255319148937, "deaths_t": 0.04891578416540595, "assists_t": 0.0680786686838124, "csscore_t": 0.7725668179525971, "teamgold_t": 73.21230458900655, "vision_score_t": 1.0247732337658195, "wards_placed_t": 0.06858295511850732, "gold_graph_diffs_t": 8.871406959152798}