{"id": "EUN1_3529225296", "lvl": 2900, "literal level": "MASTER 100 lp", "time": 1572, "solokills_t": 0.010178117048346057, "kills_t": 0.03498727735368957, "kp": 0.45132625994694964, "deaths_t": 0.035623409669211195, "assists_t": 0.044529262086514, "csscore_t": 0.933206106870229, "teamgold_t": 70.81170483460559, "vision_score_t": 0.93118225863253, "wards_placed_t": 0.06997455470737914, "gold_graph_diffs_t": 17.02671755725191}