{"id": "EUN1_3567443113", "lvl": 2800, "literal level": "MASTER 0 lp", "time": 1739, "solokills_t": 0.0097757331799885, "kills_t": 0.04600345025876941, "kp": 0.4319693094629156, "deaths_t": 0.04600345025876941, "assists_t": 0.05405405405405406, "csscore_t": 0.80448533640023, "teamgold_t": 70.63427257044279, "vision_score_t": 0.9679828202301254, "wards_placed_t": 0.07073030477285797, "gold_graph_diffs_t": 12.726279470960321}