{"id": "EUN1_3586959278", "lvl": 2600, "literal level": "DIAMOND II", "time": 1209, "solokills_t": 0.006617038875103391, "kills_t": 0.028122415219189414, "kp": 0.4391111111111111, "deaths_t": 0.028949545078577336, "assists_t": 0.034739454094292806, "csscore_t": 0.901571546732837, "teamgold_t": 62.37386269644334, "vision_score_t": 0.9857782418811418, "wards_placed_t": 0.07361455748552523, "gold_graph_diffs_t": 12.759305210918114}