{"id": "EUN1_3584280373", "lvl": 2700, "literal level": "DIAMOND I", "time": 1662, "solokills_t": 0.007220216606498195, "kills_t": 0.03369434416365824, "kp": 0.4783422459893048, "deaths_t": 0.03429602888086643, "assists_t": 0.048736462093862815, "csscore_t": 0.8910950661853189, "teamgold_t": 65.3164861612515, "vision_score_t": 1.0658191645238237, "wards_placed_t": 0.07099879663056559, "gold_graph_diffs_t": 9.367027677496992}