{"id": "EUN1_3561681138", "lvl": 2600, "literal level": "DIAMOND II", "time": 1390, "solokills_t": 0.005035971223021582, "kills_t": 0.029496402877697843, "kp": 0.5600529100529101, "deaths_t": 0.030215827338129497, "assists_t": 0.053237410071942444, "csscore_t": 0.8424460431654677, "teamgold_t": 65.72086330935252, "vision_score_t": 0.8816101532002438, "wards_placed_t": 0.06258992805755395, "gold_graph_diffs_t": 13.086330935251798}