{"id": "EUN1_3576360522", "lvl": 2900, "literal level": "MASTER 100 lp", "time": 788, "solokills_t": 0.008883248730964468, "kills_t": 0.031725888324873094, "kp": 0.44333333333333336, "deaths_t": 0.031725888324873094, "assists_t": 0.03680203045685279, "csscore_t": 0.7144670050761421, "teamgold_t": 58.31345177664975, "vision_score_t": 0.5806407504841191, "wards_placed_t": 0.04314720812182741, "gold_graph_diffs_t": 9.196700507614214}