{"id": "EUN1_3573091025", "lvl": 2900, "literal level": "MASTER 100 lp", "time": 1428, "solokills_t": 0.0063025210084033615, "kills_t": 0.037815126050420166, "kp": 0.5329545454545455, "deaths_t": 0.037815126050420166, "assists_t": 0.06092436974789916, "csscore_t": 0.8697478991596639, "teamgold_t": 68.99789915966386, "vision_score_t": 0.9129141246127108, "wards_placed_t": 0.06512605042016807, "gold_graph_diffs_t": 15.447478991596638}