{"id": "EUN1_3560645716", "lvl": 2000, "literal level": "EMERALD IV", "time": 1223, "solokills_t": 0.006541291905151268, "kills_t": 0.03025347506132461, "kp": 0.41185897435897434, "deaths_t": 0.03025347506132461, "assists_t": 0.03188879803761243, "csscore_t": 0.9076042518397384, "teamgold_t": 63.0874897792314, "vision_score_t": 0.8463949187538293, "wards_placed_t": 0.06541291905151267, "gold_graph_diffs_t": 10.073589533932951}