{"id": "EUN1_3576490041", "lvl": 2500, "literal level": "DIAMOND III", "time": 2574, "solokills_t": 0.006604506604506605, "kills_t": 0.041181041181041184, "kp": 0.4932336182336182, "deaths_t": 0.041181041181041184, "assists_t": 0.060217560217560216, "csscore_t": 0.8290598290598291, "teamgold_t": 70.20707070707071, "vision_score_t": 1.0194639074459277, "wards_placed_t": 0.0644910644910645, "gold_graph_diffs_t": 13.875291375291376}