{"id": "EUN1_3574335314", "lvl": 2400, "literal level": "DIAMOND IV", "time": 1560, "solokills_t": 0.0038461538461538464, "kills_t": 0.028846153846153848, "kp": 0.5296296296296296, "deaths_t": 0.028846153846153848, "assists_t": 0.047435897435897434, "csscore_t": 0.925, "teamgold_t": 64.53205128205128, "vision_score_t": 0.9810343052918933, "wards_placed_t": 0.06474358974358975, "gold_graph_diffs_t": 10.167948717948718}