{"id": "EUN1_3576842903", "lvl": 2700, "literal level": "DIAMOND I", "time": 1506, "solokills_t": 0.005312084993359893, "kills_t": 0.034528552456839307, "kp": 0.48194444444444445, "deaths_t": 0.034528552456839307, "assists_t": 0.049136786188579015, "csscore_t": 0.8041168658698539, "teamgold_t": 65.50996015936255, "vision_score_t": 0.9496465396946808, "wards_placed_t": 0.06440903054448871, "gold_graph_diffs_t": 16.05444887118194}