{"id": "EUN1_3577129425", "lvl": 2800, "literal level": "MASTER 0 lp", "time": 1649, "solokills_t": 0.010309278350515464, "kills_t": 0.04184354154032747, "kp": 0.47887931034482756, "deaths_t": 0.04184354154032747, "assists_t": 0.05821710127349909, "csscore_t": 0.7956337174044875, "teamgold_t": 68.47240751970891, "vision_score_t": 1.0173293393050973, "wards_placed_t": 0.0667070952092177, "gold_graph_diffs_t": 11.629472407519708}