{"id": "EUN1_3566298231", "lvl": 2600, "literal level": "DIAMOND II", "time": 2021, "solokills_t": 0.007916872835230085, "kills_t": 0.04601682335477486, "kp": 0.46708333333333324, "deaths_t": 0.04601682335477486, "assists_t": 0.061355764473033154, "csscore_t": 0.8273132112815438, "teamgold_t": 71.26768926274121, "vision_score_t": 1.0286571164560812, "wards_placed_t": 0.06086095992083127, "gold_graph_diffs_t": 13.80504700643246}