{"id": "EUN1_3572285902", "lvl": 2500, "literal level": "DIAMOND III", "time": 2224, "solokills_t": 0.010341726618705036, "kills_t": 0.044064748201438846, "kp": 0.43673469387755104, "deaths_t": 0.044064748201438846, "assists_t": 0.052158273381294966, "csscore_t": 0.7877697841726619, "teamgold_t": 68.19064748201438, "vision_score_t": 0.7572839290485933, "wards_placed_t": 0.049910071942446045, "gold_graph_diffs_t": 13.531474820143885}