{"id": "EUN1_3582769445", "lvl": 2600, "literal level": "DIAMOND II", "time": 1930, "solokills_t": 0.009844559585492229, "kills_t": 0.046632124352331605, "kp": 0.4665000000000001, "deaths_t": 0.046632124352331605, "assists_t": 0.061658031088082904, "csscore_t": 0.8580310880829015, "teamgold_t": 71.22124352331606, "vision_score_t": 0.9960980704651325, "wards_placed_t": 0.06321243523316063, "gold_graph_diffs_t": 12.358031088082901}