{"id": "EUN1_3583916222", "lvl": 2600, "literal level": "DIAMOND II", "time": 1425, "solokills_t": 0.008421052631578947, "kills_t": 0.036491228070175435, "kp": 0.4625000000000001, "deaths_t": 0.036491228070175435, "assists_t": 0.05052631578947368, "csscore_t": 0.9473684210526315, "teamgold_t": 69.57824561403508, "vision_score_t": 0.9774853201732299, "wards_placed_t": 0.061754385964912284, "gold_graph_diffs_t": 10.52280701754386}