{"id": "EUN1_3570005055", "lvl": 2300, "literal level": "EMERALD I", "time": 1941, "solokills_t": 0.0030911901081916537, "kills_t": 0.03400309119010819, "kp": 0.61547064305685, "deaths_t": 0.034518289541473464, "assists_t": 0.07109737248840804, "csscore_t": 0.7671303451828955, "teamgold_t": 65.68418341061309, "vision_score_t": 1.0258282631397957, "wards_placed_t": 0.06646058732612056, "gold_graph_diffs_t": 19.450283359093252}