{"id": "EUN1_3577129016", "lvl": 3100, "literal level": "MASTER 300 lp", "time": 1575, "solokills_t": 0.006349206349206349, "kills_t": 0.045714285714285714, "kp": 0.46428571428571425, "deaths_t": 0.045714285714285714, "assists_t": 0.059682539682539684, "csscore_t": 0.7390476190476191, "teamgold_t": 72.29206349206349, "vision_score_t": 1.0027064847092506, "wards_placed_t": 0.07111111111111111, "gold_graph_diffs_t": 18.394920634920634}