{"id": "EUN1_3561455227", "lvl": 2600, "literal level": "DIAMOND II", "time": 1321, "solokills_t": 0.009084027252081756, "kills_t": 0.04390613171839516, "kp": 0.4724533715925395, "deaths_t": 0.04390613171839516, "assists_t": 0.05677517032551098, "csscore_t": 0.8478425435276306, "teamgold_t": 73.13096139288417, "vision_score_t": 0.9479300953114238, "wards_placed_t": 0.06207418622255867, "gold_graph_diffs_t": 19.159727479182436}