{"id": "EUN1_3580064884", "lvl": 600, "literal level": "BRONZE II", "time": 1758, "solokills_t": 0.007963594994311717, "kills_t": 0.03185437997724687, "kp": 0.49402560455192035, "deaths_t": 0.03185437997724687, "assists_t": 0.04948805460750853, "csscore_t": 0.6860068259385665, "teamgold_t": 60.83731513083049, "vision_score_t": 0.6934900463010214, "wards_placed_t": 0.055176336746302616, "gold_graph_diffs_t": 10.623435722411832}