{"id": "EUN1_3584876428", "lvl": 700, "literal level": "BRONZE I", "time": 1669, "solokills_t": 0.009586578789694428, "kills_t": 0.035949670461354104, "kp": 0.45546415981198585, "deaths_t": 0.035949670461354104, "assists_t": 0.05152786099460755, "csscore_t": 0.8208508088675854, "teamgold_t": 64.15158777711204, "vision_score_t": 0.7234367501223747, "wards_placed_t": 0.052726183343319355, "gold_graph_diffs_t": 12.72798082684242}