{"id": "EUN1_3578039556", "lvl": 900, "literal level": "SILVER III", "time": 1525, "solokills_t": 0.01377049180327869, "kills_t": 0.04, "kp": 0.4156531531531531, "deaths_t": 0.04065573770491803, "assists_t": 0.04131147540983607, "csscore_t": 0.659672131147541, "teamgold_t": 61.805245901639346, "vision_score_t": 0.635643087816141, "wards_placed_t": 0.05245901639344262, "gold_graph_diffs_t": 12.590819672131147}