{"id": "EUN1_3572433653", "lvl": 1400, "literal level": "GOLD II", "time": 1743, "solokills_t": 0.013769363166953529, "kills_t": 0.043029259896729774, "kp": 0.41500000000000004, "deaths_t": 0.043029259896729774, "assists_t": 0.039586919104991396, "csscore_t": 0.7928858290304074, "teamgold_t": 64.90074584050488, "vision_score_t": 1.0396401993519135, "wards_placed_t": 0.08032128514056225, "gold_graph_diffs_t": 14.57257601835915}