{"id": "EUN1_3577055138", "lvl": 500, "literal level": "BRONZE III", "time": 927, "solokills_t": 0.015102481121898598, "kills_t": 0.030204962243797196, "kp": 0.33076923076923076, "deaths_t": 0.030204962243797196, "assists_t": 0.023732470334412083, "csscore_t": 0.7961165048543689, "teamgold_t": 56.77669902912621, "vision_score_t": 0.46886527433171993, "wards_placed_t": 0.037756202804746494, "gold_graph_diffs_t": 11.902912621359222}