{"id": "EUN1_3572642436", "lvl": 1100, "literal level": "SILVER I", "time": 1682, "solokills_t": 0.010107015457788348, "kills_t": 0.032699167657550536, "kp": 0.4333333333333333, "deaths_t": 0.03329369797859691, "assists_t": 0.036860879904875146, "csscore_t": 0.8198573127229488, "teamgold_t": 63.784185493460164, "vision_score_t": 0.8709168609043824, "wards_placed_t": 0.06420927467300833, "gold_graph_diffs_t": 12.665279429250893}