{"id": "EUN1_3550569844", "lvl": 800, "literal level": "SILVER IV", "time": 2428, "solokills_t": 0.01029654036243822, "kills_t": 0.045304777594728174, "kp": 0.4512907608695652, "deaths_t": 0.045304777594728174, "assists_t": 0.05560131795716639, "csscore_t": 0.707166392092257, "teamgold_t": 67.92874794069193, "vision_score_t": 0.8147968099528772, "wards_placed_t": 0.06054365733113674, "gold_graph_diffs_t": 13.447693574958814}