{"id": "EUN1_3564109378", "lvl": 1000, "literal level": "SILVER II", "time": 1746, "solokills_t": 0.011454753722794959, "kills_t": 0.038946162657502864, "kp": 0.4409090909090908, "deaths_t": 0.038946162657502864, "assists_t": 0.04639175257731959, "csscore_t": 0.7434135166093929, "teamgold_t": 64.04524627720504, "vision_score_t": 0.8037461198344683, "wards_placed_t": 0.05784650630011455, "gold_graph_diffs_t": 12.11168384879725}