{"id": "EUN1_3563357393", "lvl": 700, "literal level": "BRONZE I", "time": 2105, "solokills_t": 0.007125890736342043, "kills_t": 0.040380047505938245, "kp": 0.4902857142857142, "deaths_t": 0.040380047505938245, "assists_t": 0.056532066508313536, "csscore_t": 0.7477434679334917, "teamgold_t": 68.06128266033254, "vision_score_t": 0.6489804014458835, "wards_placed_t": 0.048456057007125894, "gold_graph_diffs_t": 11.741092636579573}