{"id": "EUN1_3534649147", "lvl": 500, "literal level": "BRONZE III", "time": 1713, "solokills_t": 0.00642148277875073, "kills_t": 0.033858727378867484, "kp": 0.48677462887989204, "deaths_t": 0.033858727378867484, "assists_t": 0.05545826036193812, "csscore_t": 0.6958552247518972, "teamgold_t": 60.69001751313485, "vision_score_t": 0.7012258146059626, "wards_placed_t": 0.057209573847051956, "gold_graph_diffs_t": 11.6707530647986}