{"id": "EUN1_3548185577", "lvl": 1000, "literal level": "SILVER II", "time": 1754, "solokills_t": 0.013112884834663626, "kills_t": 0.043329532497149374, "kp": 0.4310924369747899, "deaths_t": 0.04446978335233751, "assists_t": 0.05131128848346636, "csscore_t": 0.7605473204104903, "teamgold_t": 67.37913340935006, "vision_score_t": 0.8851513871638248, "wards_placed_t": 0.06499429874572406, "gold_graph_diffs_t": 16.332383124287343}