{"id": "EUN1_3574713856", "lvl": 800, "literal level": "SILVER IV", "time": 1458, "solokills_t": 0.00411522633744856, "kills_t": 0.030864197530864196, "kp": 0.4692513368983957, "deaths_t": 0.030864197530864196, "assists_t": 0.038408779149519894, "csscore_t": 0.7078189300411523, "teamgold_t": 60.15432098765432, "vision_score_t": 0.8379015162321208, "wards_placed_t": 0.062414266117969824, "gold_graph_diffs_t": 14.161179698216735}