{"id": "EUN1_3561929976", "lvl": 1000, "literal level": "SILVER II", "time": 2165, "solokills_t": 0.009237875288683603, "kills_t": 0.02956120092378753, "kp": 0.43083333333333335, "deaths_t": 0.02956120092378753, "assists_t": 0.033718244803695153, "csscore_t": 0.8124711316397228, "teamgold_t": 61.66697459584296, "vision_score_t": 0.8391031518683765, "wards_placed_t": 0.06327944572748267, "gold_graph_diffs_t": 10.755196304849884}