{"id": "EUN1_3564232270", "lvl": 1000, "literal level": "SILVER II", "time": 1685, "solokills_t": 0.007121661721068249, "kills_t": 0.028486646884272996, "kp": 0.45504201680672274, "deaths_t": 0.028486646884272996, "assists_t": 0.03620178041543027, "csscore_t": 0.7916913946587537, "teamgold_t": 61.25519287833828, "vision_score_t": 0.9333336248282833, "wards_placed_t": 0.06350148367952523, "gold_graph_diffs_t": 11.925816023738873}