{"id": "EUN1_3576206258", "lvl": 1200, "literal level": "GOLD IV", "time": 1410, "solokills_t": 0.011347517730496455, "kills_t": 0.03971631205673759, "kp": 0.4357723577235773, "deaths_t": 0.04042553191489362, "assists_t": 0.04397163120567376, "csscore_t": 0.8574468085106383, "teamgold_t": 68.85390070921986, "vision_score_t": 0.7107207440357793, "wards_placed_t": 0.05673758865248227, "gold_graph_diffs_t": 15.748936170212765}