{"id": "EUN1_3569649840", "lvl": 700, "literal level": "BRONZE I", "time": 1908, "solokills_t": 0.02148846960167715, "kills_t": 0.04350104821802935, "kp": 0.35254545454545455, "deaths_t": 0.04350104821802935, "assists_t": 0.03511530398322851, "csscore_t": 0.7285115303983228, "teamgold_t": 64.04350104821803, "vision_score_t": 0.7764037489135045, "wards_placed_t": 0.057651991614255764, "gold_graph_diffs_t": 12.717505241090146}