{"id": "EUN1_3568879816", "lvl": 1200, "literal level": "GOLD IV", "time": 1721, "solokills_t": 0.009296920395119116, "kills_t": 0.04009296920395119, "kp": 0.44845454545454544, "deaths_t": 0.04009296920395119, "assists_t": 0.04938988959907031, "csscore_t": 0.7210923881464265, "teamgold_t": 65.51365485183032, "vision_score_t": 0.9545999251417678, "wards_placed_t": 0.0674026728646136, "gold_graph_diffs_t": 15.510168506682161}