{"id": "EUN1_3550727154", "lvl": 600, "literal level": "BRONZE II", "time": 1770, "solokills_t": 0.005649717514124294, "kills_t": 0.03559322033898305, "kp": 0.47738359201773833, "deaths_t": 0.03559322033898305, "assists_t": 0.05254237288135593, "csscore_t": 0.7401129943502824, "teamgold_t": 63.724293785310735, "vision_score_t": 0.7324092311723074, "wards_placed_t": 0.05536723163841808, "gold_graph_diffs_t": 14.183050847457627}