{"id": "EUN1_3533900134", "lvl": 700, "literal level": "BRONZE I", "time": 1899, "solokills_t": 0.00737230121116377, "kills_t": 0.04634017904160084, "kp": 0.4704545454545454, "deaths_t": 0.04634017904160084, "assists_t": 0.06266456029489205, "csscore_t": 0.7008952080042128, "teamgold_t": 70.39705107951553, "vision_score_t": 0.6965976841759453, "wards_placed_t": 0.06529752501316483, "gold_graph_diffs_t": 12.671932596103213}