{"id": "EUN1_3563616034", "lvl": 700, "literal level": "BRONZE I", "time": 1893, "solokills_t": 0.011093502377179081, "kills_t": 0.040147913365029056, "kp": 0.4023809523809524, "deaths_t": 0.04067617538298996, "assists_t": 0.04226096143687269, "csscore_t": 0.6909667194928685, "teamgold_t": 63.60433174854728, "vision_score_t": 0.8182279345013125, "wards_placed_t": 0.05335446381405177, "gold_graph_diffs_t": 12.95351294241944}