{"id": "EUN1_3562635552", "lvl": 900, "literal level": "SILVER III", "time": 1501, "solokills_t": 0.014656895403064623, "kills_t": 0.03530979347101932, "kp": 0.40733137829912025, "deaths_t": 0.03530979347101932, "assists_t": 0.034643570952698204, "csscore_t": 0.8580946035976016, "teamgold_t": 67.48500999333777, "vision_score_t": 0.7989758087310772, "wards_placed_t": 0.05862758161225849, "gold_graph_diffs_t": 13.414390406395736}