{"id": "EUN1_3535124190", "lvl": 1400, "literal level": "GOLD II", "time": 1628, "solokills_t": 0.009213759213759214, "kills_t": 0.033169533169533166, "kp": 0.44526315789473686, "deaths_t": 0.033169533169533166, "assists_t": 0.04238329238329238, "csscore_t": 0.8046683046683046, "teamgold_t": 64.79791154791155, "vision_score_t": 0.7689326307384755, "wards_placed_t": 0.05036855036855037, "gold_graph_diffs_t": 9.774570024570025}