{"id": "EUN1_3562509328", "lvl": 1200, "literal level": "GOLD IV", "time": 1624, "solokills_t": 0.011083743842364532, "kills_t": 0.04310344827586207, "kp": 0.4262237762237763, "deaths_t": 0.04310344827586207, "assists_t": 0.05233990147783251, "csscore_t": 0.7937192118226601, "teamgold_t": 68.38731527093596, "vision_score_t": 0.8823263551469337, "wards_placed_t": 0.054187192118226604, "gold_graph_diffs_t": 12.749384236453203}