{"id": "EUN1_3585334211", "lvl": 900, "literal level": "SILVER III", "time": 1670, "solokills_t": 0.012574850299401197, "kills_t": 0.03652694610778443, "kp": 0.37642857142857145, "deaths_t": 0.03652694610778443, "assists_t": 0.03413173652694611, "csscore_t": 0.8101796407185629, "teamgold_t": 64.662874251497, "vision_score_t": 0.9024508221798809, "wards_placed_t": 0.07065868263473053, "gold_graph_diffs_t": 13.179041916167664}