{"id": "EUN1_3584519833", "lvl": 1200, "literal level": "GOLD IV", "time": 2071, "solokills_t": 0.00772573635924674, "kills_t": 0.042008691453404155, "kp": 0.4663636363636364, "deaths_t": 0.04249154997585707, "assists_t": 0.05408015451472718, "csscore_t": 0.8020280057943022, "teamgold_t": 67.67938194109126, "vision_score_t": 1.0142037524398528, "wards_placed_t": 0.07194591984548528, "gold_graph_diffs_t": 13.802028005794302}