{"id": "EUN1_3555295564", "lvl": 800, "literal level": "SILVER IV", "time": 1740, "solokills_t": 0.009195402298850575, "kills_t": 0.03218390804597701, "kp": 0.41142857142857137, "deaths_t": 0.03218390804597701, "assists_t": 0.03333333333333333, "csscore_t": 0.8603448275862069, "teamgold_t": 62.10919540229885, "vision_score_t": 0.6014394283506233, "wards_placed_t": 0.051149425287356325, "gold_graph_diffs_t": 12.079310344827586}