{"id": "EUN1_3584357103", "lvl": 800, "literal level": "SILVER IV", "time": 1863, "solokills_t": 0.00966183574879227, "kills_t": 0.037037037037037035, "kp": 0.41219512195121955, "deaths_t": 0.037037037037037035, "assists_t": 0.03972088030059045, "csscore_t": 0.7616747181964574, "teamgold_t": 63.923778851315085, "vision_score_t": 0.8798705822628576, "wards_placed_t": 0.06494900697799248, "gold_graph_diffs_t": 14.593666129898015}