{"id": "EUN1_3564674720", "lvl": 1200, "literal level": "GOLD IV", "time": 2114, "solokills_t": 0.010879848628192999, "kills_t": 0.03926206244087039, "kp": 0.4304195804195804, "deaths_t": 0.03926206244087039, "assists_t": 0.04541154210028382, "csscore_t": 0.7762535477767266, "teamgold_t": 69.85004730368969, "vision_score_t": 0.9866718348488728, "wards_placed_t": 0.06622516556291391, "gold_graph_diffs_t": 13.514191106906338}