{"id": "EUN1_3550604792", "lvl": 1100, "literal level": "SILVER I", "time": 1928, "solokills_t": 0.01711618257261411, "kills_t": 0.04564315352697095, "kp": 0.36210242587601077, "deaths_t": 0.04564315352697095, "assists_t": 0.03682572614107884, "csscore_t": 0.7847510373443983, "teamgold_t": 67.875, "vision_score_t": 0.7836008856515954, "wards_placed_t": 0.05705394190871369, "gold_graph_diffs_t": 11.511929460580912}