{"id": "EUN1_3564260633", "lvl": 800, "literal level": "SILVER IV", "time": 2111, "solokills_t": 0.005210800568450971, "kills_t": 0.03458076740881099, "kp": 0.45511278195488725, "deaths_t": 0.03458076740881099, "assists_t": 0.04405495026054003, "csscore_t": 0.8057792515395548, "teamgold_t": 64.85409758408338, "vision_score_t": 0.8608305162375913, "wards_placed_t": 0.06584557081951682, "gold_graph_diffs_t": 13.366650876361915}