{"id": "EUN1_3577098908", "lvl": 600, "literal level": "BRONZE II", "time": 2549, "solokills_t": 0.004315417810906237, "kills_t": 0.0372695174578266, "kp": 0.5661790780141843, "deaths_t": 0.03766182816790899, "assists_t": 0.06826206355433503, "csscore_t": 0.6681051392703021, "teamgold_t": 63.72420557081208, "vision_score_t": 0.7386547521829927, "wards_placed_t": 0.04707728520988623, "gold_graph_diffs_t": 14.373872106708513}