{"id": "EUN1_3557162908", "lvl": 1000, "literal level": "SILVER II", "time": 1775, "solokills_t": 0.010704225352112675, "kills_t": 0.03830985915492958, "kp": 0.4199069767441861, "deaths_t": 0.03830985915492958, "assists_t": 0.043943661971830986, "csscore_t": 0.7425352112676057, "teamgold_t": 65.42478873239436, "vision_score_t": 0.6920130546429951, "wards_placed_t": 0.05859154929577465, "gold_graph_diffs_t": 10.906478873239436}