{"id": "EUN1_3572441034", "lvl": 1100, "literal level": "SILVER I", "time": 1941, "solokills_t": 0.012364760432766615, "kills_t": 0.04688304997424008, "kp": 0.4243589743589743, "deaths_t": 0.04688304997424008, "assists_t": 0.05203503348789284, "csscore_t": 0.7913446676970634, "teamgold_t": 69.3189077794951, "vision_score_t": 0.7158268826815753, "wards_placed_t": 0.05100463678516229, "gold_graph_diffs_t": 16.85935085007728}