{"id": "EUN1_3584693669", "lvl": 500, "literal level": "BRONZE III", "time": 2180, "solokills_t": 0.01055045871559633, "kills_t": 0.03669724770642202, "kp": 0.40714285714285714, "deaths_t": 0.03669724770642202, "assists_t": 0.03761467889908257, "csscore_t": 0.7527522935779817, "teamgold_t": 65.06100917431192, "vision_score_t": 0.7842178661798076, "wards_placed_t": 0.056422018348623856, "gold_graph_diffs_t": 12.095871559633027}