{"id": "EUN1_3555091565", "lvl": 1200, "literal level": "GOLD IV", "time": 1604, "solokills_t": 0.011221945137157107, "kills_t": 0.038029925187032416, "kp": 0.44863221884498483, "deaths_t": 0.038029925187032416, "assists_t": 0.040523690773067333, "csscore_t": 0.8104738154613467, "teamgold_t": 66.2930174563591, "vision_score_t": 0.6481703395588833, "wards_placed_t": 0.04987531172069826, "gold_graph_diffs_t": 16.301745635910226}