{"id": "EUN1_3568393620", "lvl": 1100, "literal level": "SILVER I", "time": 2168, "solokills_t": 0.008302583025830259, "kills_t": 0.03228782287822878, "kp": 0.4413333333333334, "deaths_t": 0.03228782287822878, "assists_t": 0.038284132841328415, "csscore_t": 0.7919741697416974, "teamgold_t": 63.669741697416974, "vision_score_t": 0.7683016389023571, "wards_placed_t": 0.060424354243542436, "gold_graph_diffs_t": 13.542435424354244}