{"id": "EUN1_3547468499", "lvl": 1100, "literal level": "SILVER I", "time": 2131, "solokills_t": 0.015485687470671047, "kills_t": 0.044580009385265136, "kp": 0.4042553191489361, "deaths_t": 0.044580009385265136, "assists_t": 0.045518535898639134, "csscore_t": 0.8061942749882685, "teamgold_t": 71.62365086813702, "vision_score_t": 0.7080335253199765, "wards_placed_t": 0.055373064289066166, "gold_graph_diffs_t": 14.270295635851713}