{"id": "EUN1_3563408144", "lvl": 500, "literal level": "BRONZE III", "time": 912, "solokills_t": 0.007675438596491228, "kills_t": 0.02631578947368421, "kp": 0.33499999999999996, "deaths_t": 0.02850877192982456, "assists_t": 0.025219298245614034, "csscore_t": 0.8026315789473685, "teamgold_t": 57.67324561403509, "vision_score_t": 0.5147398124927696, "wards_placed_t": 0.041666666666666664, "gold_graph_diffs_t": 13.776315789473685}