{"id": "EUN1_3578862199", "lvl": 900, "literal level": "SILVER III", "time": 1699, "solokills_t": 0.005885815185403178, "kills_t": 0.03531489111241907, "kp": 0.43636363636363634, "deaths_t": 0.03531489111241907, "assists_t": 0.04061212477928193, "csscore_t": 0.7451442024720424, "teamgold_t": 64.36845203060624, "vision_score_t": 0.5973702223024946, "wards_placed_t": 0.04590935844614479, "gold_graph_diffs_t": 13.546792230723955}