{"id": "EUN1_3583412833", "lvl": 1000, "literal level": "SILVER II", "time": 1559, "solokills_t": 0.015394483643361129, "kills_t": 0.042976266837716486, "kp": 0.3857142857142857, "deaths_t": 0.042976266837716486, "assists_t": 0.040410519563822966, "csscore_t": 0.6889031430404106, "teamgold_t": 64.4239897370109, "vision_score_t": 0.8102290961023446, "wards_placed_t": 0.06093649775497113, "gold_graph_diffs_t": 16.182809493264912}