{"id": "EUN1_3584424248", "lvl": 800, "literal level": "SILVER IV", "time": 2025, "solokills_t": 0.010864197530864197, "kills_t": 0.047407407407407405, "kp": 0.485, "deaths_t": 0.047407407407407405, "assists_t": 0.0691358024691358, "csscore_t": 0.8069135802469136, "teamgold_t": 71.82320987654322, "vision_score_t": 0.9275775550890636, "wards_placed_t": 0.07012345679012345, "gold_graph_diffs_t": 15.217777777777778}