{"id": "EUN1_3567066136", "lvl": 500, "literal level": "BRONZE III", "time": 1401, "solokills_t": 0.007137758743754461, "kills_t": 0.03783012134189864, "kp": 0.5155228758169934, "deaths_t": 0.039257673090649536, "assists_t": 0.0635260528194147, "csscore_t": 0.6167023554603854, "teamgold_t": 61.10349750178444, "vision_score_t": 0.90208587756813, "wards_placed_t": 0.06067094932191292, "gold_graph_diffs_t": 17.350463954318343}