{"id": "EUN1_3551333568", "lvl": 1100, "literal level": "SILVER I", "time": 1835, "solokills_t": 0.004904632152588556, "kills_t": 0.02779291553133515, "kp": 0.47730263157894737, "deaths_t": 0.02779291553133515, "assists_t": 0.03978201634877384, "csscore_t": 0.8185286103542234, "teamgold_t": 63.3117166212534, "vision_score_t": 0.7781865271091842, "wards_placed_t": 0.05776566757493188, "gold_graph_diffs_t": 10.222888283378747}