{"id": "EUN1_3567304742", "lvl": 1000, "literal level": "SILVER II", "time": 1300, "solokills_t": 0.010769230769230769, "kills_t": 0.03461538461538462, "kp": 0.4125, "deaths_t": 0.03538461538461538, "assists_t": 0.03769230769230769, "csscore_t": 0.8023076923076923, "teamgold_t": 61.55230769230769, "vision_score_t": 0.7251830808395409, "wards_placed_t": 0.04692307692307692, "gold_graph_diffs_t": 13.944615384615384}