{"id": "EUN1_3582830120", "lvl": 900, "literal level": "SILVER III", "time": 373, "solokills_t": 0.005361930294906166, "kills_t": 0.013404825737265416, "kp": 0.3166666666666667, "deaths_t": 0.013404825737265416, "assists_t": 0.00804289544235925, "csscore_t": 0.7131367292225201, "teamgold_t": 50.84986595174263, "vision_score_t": 0.29146417882164016, "wards_placed_t": 0.029490616621983913, "gold_graph_diffs_t": 5.857908847184986}