{"id": "EUN1_3564783461", "lvl": 700, "literal level": "BRONZE I", "time": 1022, "solokills_t": 0.009784735812133072, "kills_t": 0.040117416829745595, "kp": 0.44682539682539685, "deaths_t": 0.040117416829745595, "assists_t": 0.04794520547945205, "csscore_t": 0.7837573385518591, "teamgold_t": 68.57925636007828, "vision_score_t": 0.4663590294401986, "wards_placed_t": 0.04207436399217221, "gold_graph_diffs_t": 19.176125244618394}