{"id": "EUN1_3569217734", "lvl": 800, "literal level": "SILVER IV", "time": 1637, "solokills_t": 0.010384850335980453, "kills_t": 0.047037263286499695, "kp": 0.4166666666666667, "deaths_t": 0.047037263286499695, "assists_t": 0.05131337813072694, "csscore_t": 0.6786805131337813, "teamgold_t": 67.68478924862553, "vision_score_t": 0.5846017296389223, "wards_placed_t": 0.04398289554062309, "gold_graph_diffs_t": 12.430054978619426}