{"id": "EUN1_3550625935", "lvl": 800, "literal level": "SILVER IV", "time": 1697, "solokills_t": 0.009428403064230996, "kills_t": 0.037124337065409546, "kp": 0.44615384615384607, "deaths_t": 0.037124337065409546, "assists_t": 0.04478491455509723, "csscore_t": 0.7365939893930465, "teamgold_t": 62.304655274012966, "vision_score_t": 0.6586000041771921, "wards_placed_t": 0.054213317619328225, "gold_graph_diffs_t": 12.64407778432528}