{"id": "EUN1_3550190617", "lvl": 1100, "literal level": "SILVER I", "time": 1574, "solokills_t": 0.01207115628970775, "kills_t": 0.04066073697585769, "kp": 0.4024154589371981, "deaths_t": 0.04066073697585769, "assists_t": 0.03939008894536213, "csscore_t": 0.7509529860228716, "teamgold_t": 66.4574332909784, "vision_score_t": 0.8495238435184644, "wards_placed_t": 0.06416772554002541, "gold_graph_diffs_t": 12.984752223634054}