{"id": "EUN1_3539656891", "lvl": 700, "literal level": "BRONZE I", "time": 2111, "solokills_t": 0.008526764566556135, "kills_t": 0.037423022264329704, "kp": 0.4397849462365591, "deaths_t": 0.037423022264329704, "assists_t": 0.04594978683088584, "csscore_t": 0.6835622927522501, "teamgold_t": 61.798673614400755, "vision_score_t": 0.8642480421184932, "wards_placed_t": 0.06631927996210327, "gold_graph_diffs_t": 13.663192799621033}