{"id": "EUN1_3563411891", "lvl": 700, "literal level": "BRONZE I", "time": 1688, "solokills_t": 0.009478672985781991, "kills_t": 0.043246445497630334, "kp": 0.443719806763285, "deaths_t": 0.043246445497630334, "assists_t": 0.05390995260663507, "csscore_t": 0.6718009478672986, "teamgold_t": 65.01954976303317, "vision_score_t": 0.8104164076114447, "wards_placed_t": 0.06338862559241706, "gold_graph_diffs_t": 14.10367298578199}