{"id": "EUN1_3582692550", "lvl": 800, "literal level": "SILVER IV", "time": 2715, "solokills_t": 0.013627992633517496, "kills_t": 0.04162062615101289, "kp": 0.42820261437908497, "deaths_t": 0.041988950276243095, "assists_t": 0.04567219152854512, "csscore_t": 0.6611418047882136, "teamgold_t": 63.79558011049724, "vision_score_t": 0.8254597998487547, "wards_placed_t": 0.060405156537753225, "gold_graph_diffs_t": 16.245672191528545}