{"id": "EUN1_3575299376", "lvl": 1000, "literal level": "SILVER II", "time": 2187, "solokills_t": 0.01417466849565615, "kills_t": 0.04252400548696845, "kp": 0.38401913875598087, "deaths_t": 0.04252400548696845, "assists_t": 0.039323273891175126, "csscore_t": 0.7636031092821216, "teamgold_t": 65.9652491998171, "vision_score_t": 0.976916401790074, "wards_placed_t": 0.07133058984910837, "gold_graph_diffs_t": 12.175582990397805}