{"id": "EUN1_3548149592", "lvl": 1100, "literal level": "SILVER I", "time": 2201, "solokills_t": 0.004543389368468878, "kills_t": 0.02862335302135393, "kp": 0.4752535496957403, "deaths_t": 0.02862335302135393, "assists_t": 0.03907314856883235, "csscore_t": 0.793275783734666, "teamgold_t": 61.74102680599727, "vision_score_t": 1.0343006043664558, "wards_placed_t": 0.07133121308496138, "gold_graph_diffs_t": 12.872330758746024}