{"id": "EUN1_3568243605", "lvl": 800, "literal level": "SILVER IV", "time": 2191, "solokills_t": 0.005476951163852123, "kills_t": 0.03194888178913738, "kp": 0.5571428571428572, "deaths_t": 0.03194888178913738, "assists_t": 0.057051574623459604, "csscore_t": 0.7252396166134185, "teamgold_t": 62.103149246919216, "vision_score_t": 0.8166548387741137, "wards_placed_t": 0.05750798722044728, "gold_graph_diffs_t": 15.769055225924236}