{"id": "EUN1_3550747643", "lvl": 700, "literal level": "BRONZE I", "time": 1230, "solokills_t": 0.00975609756097561, "kills_t": 0.03333333333333333, "kp": 0.3646153846153847, "deaths_t": 0.03414634146341464, "assists_t": 0.027642276422764227, "csscore_t": 0.6943089430894309, "teamgold_t": 61.52926829268293, "vision_score_t": 0.675626621097398, "wards_placed_t": 0.05203252032520325, "gold_graph_diffs_t": 12.916260162601626}