{"id": "EUN1_3575899663", "lvl": 900, "literal level": "SILVER III", "time": 1902, "solokills_t": 0.009989484752891693, "kills_t": 0.03995793901156677, "kp": 0.45082437275985665, "deaths_t": 0.04048370136698212, "assists_t": 0.04889589905362776, "csscore_t": 0.750788643533123, "teamgold_t": 67.44900105152472, "vision_score_t": 0.817150946090093, "wards_placed_t": 0.06677181913774974, "gold_graph_diffs_t": 13.227129337539433}