{"id": "EUN1_3572680296", "lvl": 500, "literal level": "BRONZE III", "time": 2152, "solokills_t": 0.00929368029739777, "kills_t": 0.03392193308550186, "kp": 0.45548780487804874, "deaths_t": 0.03392193308550186, "assists_t": 0.041356877323420076, "csscore_t": 0.7653345724907064, "teamgold_t": 62.53763940520446, "vision_score_t": 0.7301195304459115, "wards_placed_t": 0.055297397769516726, "gold_graph_diffs_t": 12.95957249070632}