{"id": "EUN1_3548339952", "lvl": 900, "literal level": "SILVER III", "time": 1512, "solokills_t": 0.011904761904761904, "kills_t": 0.03306878306878307, "kp": 0.39238095238095233, "deaths_t": 0.03306878306878307, "assists_t": 0.03042328042328042, "csscore_t": 0.8194444444444444, "teamgold_t": 64.61574074074075, "vision_score_t": 0.7645313580647191, "wards_placed_t": 0.062169312169312166, "gold_graph_diffs_t": 15.150132275132275}