{"id": "EUN1_3546019608", "lvl": 1000, "literal level": "SILVER II", "time": 1612, "solokills_t": 0.008684863523573201, "kills_t": 0.04032258064516129, "kp": 0.4625, "deaths_t": 0.04094292803970223, "assists_t": 0.05397022332506204, "csscore_t": 0.7102977667493796, "teamgold_t": 67.6470223325062, "vision_score_t": 0.8400039382787373, "wards_placed_t": 0.056451612903225805, "gold_graph_diffs_t": 13.949751861042184}