{"id": "EUN1_3581157658", "lvl": 700, "literal level": "BRONZE I", "time": 1897, "solokills_t": 0.012124406958355299, "kills_t": 0.044807590933052185, "kp": 0.4144457547169812, "deaths_t": 0.044807590933052185, "assists_t": 0.048497627833421195, "csscore_t": 0.7111228255139694, "teamgold_t": 69.18871903004744, "vision_score_t": 0.940216202127656, "wards_placed_t": 0.06483921982076964, "gold_graph_diffs_t": 15.937269372693727}