{"id": "EUN1_3567716547", "lvl": 800, "literal level": "SILVER IV", "time": 2196, "solokills_t": 0.008652094717668488, "kills_t": 0.03233151183970856, "kp": 0.44270833333333337, "deaths_t": 0.03233151183970856, "assists_t": 0.03961748633879782, "csscore_t": 0.8224043715846995, "teamgold_t": 65.31284153005464, "vision_score_t": 0.8420281193376364, "wards_placed_t": 0.058287795992714025, "gold_graph_diffs_t": 9.682604735883425}