{"id": "EUN1_3573493242", "lvl": 1100, "literal level": "SILVER I", "time": 1987, "solokills_t": 0.010065425264217413, "kills_t": 0.04529441368897836, "kp": 0.47451756556160324, "deaths_t": 0.04529441368897836, "assists_t": 0.06240563663814796, "csscore_t": 0.7463512833417212, "teamgold_t": 68.1665827881228, "vision_score_t": 0.826879730008034, "wards_placed_t": 0.06240563663814796, "gold_graph_diffs_t": 14.793658782083543}