{"id": "EUN1_3576438201", "lvl": 500, "literal level": "BRONZE III", "time": 2813, "solokills_t": 0.006043370067543548, "kills_t": 0.031283327408460716, "kp": 0.4669434353918008, "deaths_t": 0.031283327408460716, "assists_t": 0.04194809811589051, "csscore_t": 0.6715250622111625, "teamgold_t": 61.39353003910416, "vision_score_t": 0.6989763318677829, "wards_placed_t": 0.052968361180234624, "gold_graph_diffs_t": 12.546747244934235}