{"id": "EUN1_3582275778", "lvl": 1200, "literal level": "GOLD IV", "time": 1419, "solokills_t": 0.0035236081747709656, "kills_t": 0.021141649048625793, "kp": 0.4666666666666666, "deaths_t": 0.021846370683579985, "assists_t": 0.028188865398167725, "csscore_t": 0.8513037350246653, "teamgold_t": 58.146582100070475, "vision_score_t": 0.8268558754273485, "wards_placed_t": 0.05496828752642706, "gold_graph_diffs_t": 12.184637068357999}