{"id": "EUN1_3568427449", "lvl": 600, "literal level": "BRONZE II", "time": 1715, "solokills_t": 0.015160349854227406, "kills_t": 0.04198250728862974, "kp": 0.3727272727272727, "deaths_t": 0.04198250728862974, "assists_t": 0.036734693877551024, "csscore_t": 0.8443148688046648, "teamgold_t": 71.25772594752186, "vision_score_t": 0.5102180718172074, "wards_placed_t": 0.037317784256559766, "gold_graph_diffs_t": 18.17667638483965}