{"id": "EUN1_3550800623", "lvl": 1000, "literal level": "SILVER II", "time": 1770, "solokills_t": 0.011299435028248588, "kills_t": 0.04463276836158192, "kp": 0.4337414965986395, "deaths_t": 0.04519774011299435, "assists_t": 0.05254237288135593, "csscore_t": 0.788135593220339, "teamgold_t": 70.53898305084746, "vision_score_t": 0.6323415492699648, "wards_placed_t": 0.04350282485875706, "gold_graph_diffs_t": 17.196610169491525}