{"id": "EUN1_3555141993", "lvl": 1000, "literal level": "SILVER II", "time": 1540, "solokills_t": 0.005844155844155844, "kills_t": 0.025974025974025976, "kp": 0.41538461538461535, "deaths_t": 0.025974025974025976, "assists_t": 0.02857142857142857, "csscore_t": 0.8422077922077922, "teamgold_t": 61.892857142857146, "vision_score_t": 0.7140770676981475, "wards_placed_t": 0.05389610389610389, "gold_graph_diffs_t": 12.15}