{"id": "EUN1_3569784559", "lvl": 900, "literal level": "SILVER III", "time": 2240, "solokills_t": 0.015625, "kills_t": 0.048660714285714286, "kp": 0.40867071524966264, "deaths_t": 0.048660714285714286, "assists_t": 0.05133928571428571, "csscore_t": 0.7455357142857143, "teamgold_t": 69.40401785714286, "vision_score_t": 0.9075920167357474, "wards_placed_t": 0.060714285714285714, "gold_graph_diffs_t": 14.904910714285714}