{"id": "EUN1_3579727352", "lvl": 700, "literal level": "BRONZE I", "time": 1392, "solokills_t": 0.009339080459770116, "kills_t": 0.03089080459770115, "kp": 0.4069047619047619, "deaths_t": 0.03089080459770115, "assists_t": 0.036637931034482756, "csscore_t": 0.7744252873563219, "teamgold_t": 59.367816091954026, "vision_score_t": 0.7719245875072941, "wards_placed_t": 0.05316091954022988, "gold_graph_diffs_t": 12.191091954022989}