{"id": "EUN1_3574869739", "lvl": 700, "literal level": "BRONZE I", "time": 2018, "solokills_t": 0.011397423191278493, "kills_t": 0.046085232903865216, "kp": 0.4442424242424242, "deaths_t": 0.046085232903865216, "assists_t": 0.05599603567888999, "csscore_t": 0.7675916749256689, "teamgold_t": 70.57135777998018, "vision_score_t": 0.6725867142828525, "wards_placed_t": 0.05450941526263627, "gold_graph_diffs_t": 14.905351833498514}