{"id": "EUN1_3567580468", "lvl": 900, "literal level": "SILVER III", "time": 1656, "solokills_t": 0.011473429951690822, "kills_t": 0.036231884057971016, "kp": 0.43055229142185664, "deaths_t": 0.03683574879227053, "assists_t": 0.03864734299516908, "csscore_t": 0.8236714975845411, "teamgold_t": 64.72584541062803, "vision_score_t": 0.8030726859780181, "wards_placed_t": 0.06159420289855073, "gold_graph_diffs_t": 15.240338164251208}