{"id": "EUN1_3539335118", "lvl": 1200, "literal level": "GOLD IV", "time": 1472, "solokills_t": 0.0033967391304347825, "kills_t": 0.03736413043478261, "kp": 0.4541666666666667, "deaths_t": 0.03736413043478261, "assists_t": 0.04755434782608696, "csscore_t": 0.765625, "teamgold_t": 64.15760869565217, "vision_score_t": 0.6486453409761284, "wards_placed_t": 0.05366847826086957, "gold_graph_diffs_t": 14.820652173913043}