{"id": "EUN1_3564399636", "lvl": 800, "literal level": "SILVER IV", "time": 2157, "solokills_t": 0.007417709782104775, "kills_t": 0.028743625405656004, "kp": 0.4602564102564103, "deaths_t": 0.028743625405656004, "assists_t": 0.037552155771905425, "csscore_t": 0.7918405192396848, "teamgold_t": 60.05192396847473, "vision_score_t": 0.7675931236217183, "wards_placed_t": 0.06351414000927214, "gold_graph_diffs_t": 10.57209086694483}