{"id": "EUN1_3553935335", "lvl": 1100, "literal level": "SILVER I", "time": 2324, "solokills_t": 0.008175559380378658, "kills_t": 0.04432013769363167, "kp": 0.48165522501906943, "deaths_t": 0.04432013769363167, "assists_t": 0.06239242685025818, "csscore_t": 0.6966437177280551, "teamgold_t": 66.3605851979346, "vision_score_t": 0.7609688172059093, "wards_placed_t": 0.05163511187607573, "gold_graph_diffs_t": 12.090361445783133}