{"id": "EUN1_3583348773", "lvl": 900, "literal level": "SILVER III", "time": 2020, "solokills_t": 0.007920792079207921, "kills_t": 0.0297029702970297, "kp": 0.44861111111111107, "deaths_t": 0.0297029702970297, "assists_t": 0.03663366336633663, "csscore_t": 0.8084158415841585, "teamgold_t": 61.56039603960396, "vision_score_t": 0.7958674532472181, "wards_placed_t": 0.05495049504950495, "gold_graph_diffs_t": 9.70990099009901}