{"id": "EUN1_3574957623", "lvl": 1200, "literal level": "GOLD IV", "time": 1697, "solokills_t": 0.010017678255745434, "kills_t": 0.031231585150265175, "kp": 0.3682456140350877, "deaths_t": 0.031231585150265175, "assists_t": 0.02592810842663524, "csscore_t": 0.8302887448438421, "teamgold_t": 62.872127283441365, "vision_score_t": 1.0455018101303188, "wards_placed_t": 0.06540954625810254, "gold_graph_diffs_t": 10.40777843252799}