{"id": "EUN1_3577067340", "lvl": 500, "literal level": "BRONZE III", "time": 1598, "solokills_t": 0.0050062578222778474, "kills_t": 0.036921151439299124, "kp": 0.46530303030303033, "deaths_t": 0.036921151439299124, "assists_t": 0.05006257822277847, "csscore_t": 0.6501877346683355, "teamgold_t": 62.61764705882353, "vision_score_t": 0.5744511934877269, "wards_placed_t": 0.0425531914893617, "gold_graph_diffs_t": 16.458698372966207}