{"id": "EUN1_3567042540", "lvl": 800, "literal level": "SILVER IV", "time": 2029, "solokills_t": 0.016264169541646133, "kills_t": 0.03942828979793001, "kp": 0.3843434343434343, "deaths_t": 0.03942828979793001, "assists_t": 0.037456875308033516, "csscore_t": 0.8417939871858058, "teamgold_t": 69.28092656481026, "vision_score_t": 0.7023330535888705, "wards_placed_t": 0.050763923114834894, "gold_graph_diffs_t": 14.110892065056678}