{"id": "EUN1_3573868881", "lvl": 1000, "literal level": "SILVER II", "time": 1600, "solokills_t": 0.008125, "kills_t": 0.035, "kp": 0.4861788617886179, "deaths_t": 0.035, "assists_t": 0.04625, "csscore_t": 0.748125, "teamgold_t": 61.62625, "vision_score_t": 0.8262279072532609, "wards_placed_t": 0.054375, "gold_graph_diffs_t": 12.1925}