{"id": "EUN1_3578617411", "lvl": 700, "literal level": "BRONZE I", "time": 936, "solokills_t": 0.003205128205128205, "kills_t": 0.021367521367521368, "kp": 0.45, "deaths_t": 0.021367521367521368, "assists_t": 0.026709401709401708, "csscore_t": 0.7457264957264957, "teamgold_t": 53.292735042735046, "vision_score_t": 0.6195451966365703, "wards_placed_t": 0.05235042735042735, "gold_graph_diffs_t": 10.288461538461538}