{"id": "EUN1_3566435024", "lvl": 700, "literal level": "BRONZE I", "time": 2551, "solokills_t": 0.01097608780870247, "kills_t": 0.03724029792238338, "kp": 0.4008086253369273, "deaths_t": 0.03724029792238338, "assists_t": 0.038024304194433554, "csscore_t": 0.800078400627205, "teamgold_t": 66.65542924343394, "vision_score_t": 0.8864223287726499, "wards_placed_t": 0.06468051744413955, "gold_graph_diffs_t": 13.670717365738925}