{"id": "EUN1_3554313321", "lvl": 700, "literal level": "BRONZE I", "time": 1902, "solokills_t": 0.012618296529968454, "kills_t": 0.04206098843322818, "kp": 0.4927083333333333, "deaths_t": 0.04206098843322818, "assists_t": 0.061514195583596214, "csscore_t": 0.601472134595163, "teamgold_t": 62.833333333333336, "vision_score_t": 0.6818741430195677, "wards_placed_t": 0.050473186119873815, "gold_graph_diffs_t": 13.106729758149317}