{"id": "EUN1_3557935882", "lvl": 1100, "literal level": "SILVER I", "time": 1148, "solokills_t": 0.017421602787456445, "kills_t": 0.04442508710801394, "kp": 0.3828571428571429, "deaths_t": 0.04529616724738676, "assists_t": 0.039198606271777, "csscore_t": 0.7848432055749129, "teamgold_t": 68.33362369337979, "vision_score_t": 0.7286408493456094, "wards_placed_t": 0.06010452961672474, "gold_graph_diffs_t": 12.809233449477352}