{"id": "EUN1_3582775297", "lvl": 1200, "literal level": "GOLD IV", "time": 1784, "solokills_t": 0.010650224215246636, "kills_t": 0.04147982062780269, "kp": 0.4324534161490683, "deaths_t": 0.04147982062780269, "assists_t": 0.04876681614349776, "csscore_t": 0.7875560538116592, "teamgold_t": 67.3682735426009, "vision_score_t": 0.8848394260857638, "wards_placed_t": 0.06053811659192825, "gold_graph_diffs_t": 14.84921524663677}