{"id": "EUN1_3550666491", "lvl": 900, "literal level": "SILVER III", "time": 1899, "solokills_t": 0.003686150605581885, "kills_t": 0.03264876250658241, "kp": 0.47658862876254177, "deaths_t": 0.03264876250658241, "assists_t": 0.045813586097946286, "csscore_t": 0.7740916271721959, "teamgold_t": 64.83412322274881, "vision_score_t": 0.7267550444338626, "wards_placed_t": 0.05845181674565561, "gold_graph_diffs_t": 12.663507109004739}