{"id": "EUN1_3578181280", "lvl": 1000, "literal level": "SILVER II", "time": 2612, "solokills_t": 0.013782542113323124, "kills_t": 0.04709035222052067, "kp": 0.4475471698113208, "deaths_t": 0.04709035222052067, "assists_t": 0.05934150076569678, "csscore_t": 0.7373660030627871, "teamgold_t": 71.60375191424195, "vision_score_t": 0.8868813415101527, "wards_placed_t": 0.05781010719754977, "gold_graph_diffs_t": 12.606049004594182}