{"id": "EUN1_3570288074", "lvl": 700, "literal level": "BRONZE I", "time": 1870, "solokills_t": 0.009625668449197862, "kills_t": 0.03796791443850268, "kp": 0.4560096153846153, "deaths_t": 0.03796791443850268, "assists_t": 0.0481283422459893, "csscore_t": 0.7021390374331551, "teamgold_t": 62.26791443850267, "vision_score_t": 0.7448038559975082, "wards_placed_t": 0.05561497326203209, "gold_graph_diffs_t": 9.854010695187165}