{"id": "EUN1_3568541936", "lvl": 900, "literal level": "SILVER III", "time": 2413, "solokills_t": 0.007045171985080812, "kills_t": 0.035225859925404064, "kp": 0.52123745819398, "deaths_t": 0.035225859925404064, "assists_t": 0.05677579776212184, "csscore_t": 0.7223373394115209, "teamgold_t": 62.692084542063824, "vision_score_t": 0.6144214406546975, "wards_placed_t": 0.0513883133029424, "gold_graph_diffs_t": 13.653543307086615}