{"id": "EUN1_3555584128", "lvl": 1100, "literal level": "SILVER I", "time": 1747, "solokills_t": 0.010875787063537493, "kills_t": 0.03606182026330853, "kp": 0.4185714285714285, "deaths_t": 0.03606182026330853, "assists_t": 0.03949627933600458, "csscore_t": 0.7315397824842588, "teamgold_t": 63.222095020034345, "vision_score_t": 0.7099169454246491, "wards_placed_t": 0.05552375500858615, "gold_graph_diffs_t": 10.850028620492273}