{"id": "EUN1_3561913479", "lvl": 1300, "literal level": "GOLD III", "time": 1401, "solokills_t": 0.01998572448251249, "kills_t": 0.04425410421127766, "kp": 0.33369565217391306, "deaths_t": 0.04425410421127766, "assists_t": 0.027837259100642397, "csscore_t": 0.7608850820842256, "teamgold_t": 66.40542469664526, "vision_score_t": 0.6597476506781311, "wards_placed_t": 0.052105638829407566, "gold_graph_diffs_t": 13.65024982155603}