{"id": "EUN1_3578020662", "lvl": 900, "literal level": "SILVER III", "time": 1348, "solokills_t": 0.00741839762611276, "kills_t": 0.03338278931750742, "kp": 0.42651515151515157, "deaths_t": 0.03338278931750742, "assists_t": 0.04376854599406528, "csscore_t": 0.7752225519287834, "teamgold_t": 60.47997032640949, "vision_score_t": 0.894689444016635, "wards_placed_t": 0.06083086053412463, "gold_graph_diffs_t": 12.04080118694362}