{"id": "EUN1_3581780592", "lvl": 700, "literal level": "BRONZE I", "time": 1900, "solokills_t": 0.007894736842105263, "kills_t": 0.04263157894736842, "kp": 0.4569515306122449, "deaths_t": 0.04263157894736842, "assists_t": 0.05368421052631579, "csscore_t": 0.7189473684210527, "teamgold_t": 68.91, "vision_score_t": 0.8607105026724797, "wards_placed_t": 0.06368421052631579, "gold_graph_diffs_t": 14.803684210526315}