{"id": "EUN1_3560677586", "lvl": 1200, "literal level": "GOLD IV", "time": 2015, "solokills_t": 0.013399503722084368, "kills_t": 0.05161290322580645, "kp": 0.44230769230769235, "deaths_t": 0.05161290322580645, "assists_t": 0.06253101736972705, "csscore_t": 0.7905707196029776, "teamgold_t": 72.50223325062035, "vision_score_t": 0.6701859645453542, "wards_placed_t": 0.042679900744416875, "gold_graph_diffs_t": 13.757816377171215}