{"id": "EUN1_3563889592", "lvl": 800, "literal level": "SILVER IV", "time": 1640, "solokills_t": 0.013414634146341463, "kills_t": 0.03170731707317073, "kp": 0.4152073732718894, "deaths_t": 0.03231707317073171, "assists_t": 0.031097560975609756, "csscore_t": 0.7695121951219512, "teamgold_t": 61.12256097560976, "vision_score_t": 0.7445028687370975, "wards_placed_t": 0.051829268292682924, "gold_graph_diffs_t": 10.239634146341464}