{"id": "EUN1_3570253196", "lvl": 1200, "literal level": "GOLD IV", "time": 2523, "solokills_t": 0.0047562425683709865, "kills_t": 0.033690051525961155, "kp": 0.49323725055432377, "deaths_t": 0.033690051525961155, "assists_t": 0.04954419342053112, "csscore_t": 0.7772493063812921, "teamgold_t": 64.62703131193024, "vision_score_t": 1.108233138250377, "wards_placed_t": 0.0745144669044788, "gold_graph_diffs_t": 12.05231866825208}