{"id": "EUN1_3575805392", "lvl": 700, "literal level": "BRONZE I", "time": 1397, "solokills_t": 0.007874015748031496, "kills_t": 0.043664996420901936, "kp": 0.39473684210526316, "deaths_t": 0.043664996420901936, "assists_t": 0.04294917680744453, "csscore_t": 0.7430207587687903, "teamgold_t": 67.69148174659986, "vision_score_t": 0.548702926411811, "wards_placed_t": 0.04509663564781675, "gold_graph_diffs_t": 14.517537580529707}