{"id": "EUN1_3568395886", "lvl": 1100, "literal level": "SILVER I", "time": 1795, "solokills_t": 0.012813370473537604, "kills_t": 0.028969359331476322, "kp": 0.3384615384615385, "deaths_t": 0.028969359331476322, "assists_t": 0.02116991643454039, "csscore_t": 0.7972144846796657, "teamgold_t": 59.92980501392758, "vision_score_t": 0.8078595078505943, "wards_placed_t": 0.05905292479108635, "gold_graph_diffs_t": 12.716434540389972}