{"id": "EUN1_3554150731", "lvl": 1000, "literal level": "SILVER II", "time": 2068, "solokills_t": 0.008220502901353965, "kills_t": 0.039651837524177946, "kp": 0.5033333333333333, "deaths_t": 0.039651837524177946, "assists_t": 0.06044487427466151, "csscore_t": 0.7321083172147002, "teamgold_t": 67.17021276595744, "vision_score_t": 0.9681929008630881, "wards_placed_t": 0.06576402321083172, "gold_graph_diffs_t": 15.345261121856867}