{"id": "EUN1_3560627802", "lvl": 1200, "literal level": "GOLD IV", "time": 2228, "solokills_t": 0.004937163375224416, "kills_t": 0.03096947935368043, "kp": 0.4864102564102565, "deaths_t": 0.03096947935368043, "assists_t": 0.043536804308797125, "csscore_t": 0.7948833034111311, "teamgold_t": 60.833034111310596, "vision_score_t": 0.7053468889958456, "wards_placed_t": 0.051615798922800715, "gold_graph_diffs_t": 11.151705565529623}