{"id": "EUN1_3530778905", "lvl": 600, "literal level": "BRONZE II", "time": 1587, "solokills_t": 0.010712035286704474, "kills_t": 0.034026465028355386, "kp": 0.43259141494435605, "deaths_t": 0.034026465028355386, "assists_t": 0.037177063642092, "csscore_t": 0.780718336483932, "teamgold_t": 65.46187775677379, "vision_score_t": 0.6727987749303791, "wards_placed_t": 0.0516698172652804, "gold_graph_diffs_t": 11.952110901071203}