{"id": "EUN1_3551275392", "lvl": 1200, "literal level": "GOLD IV", "time": 1775, "solokills_t": 0.009014084507042254, "kills_t": 0.03943661971830986, "kp": 0.4392301392301392, "deaths_t": 0.03943661971830986, "assists_t": 0.04788732394366197, "csscore_t": 0.7256338028169014, "teamgold_t": 63.545352112676056, "vision_score_t": 0.8031328088768251, "wards_placed_t": 0.05577464788732395, "gold_graph_diffs_t": 13.890140845070423}