{"id": "EUN1_3562491378", "lvl": 1000, "literal level": "SILVER II", "time": 1881, "solokills_t": 0.00531632110579479, "kills_t": 0.026049973418394472, "kp": 0.5164912280701754, "deaths_t": 0.026049973418394472, "assists_t": 0.04093567251461988, "csscore_t": 0.8155236576289208, "teamgold_t": 61.219032429558744, "vision_score_t": 0.8494223114527728, "wards_placed_t": 0.06432748538011696, "gold_graph_diffs_t": 12.088782562466774}