{"id": "EUN1_3557342748", "lvl": 1000, "literal level": "SILVER II", "time": 1165, "solokills_t": 0.005150214592274678, "kills_t": 0.02145922746781116, "kp": 0.39365079365079364, "deaths_t": 0.02145922746781116, "assists_t": 0.02317596566523605, "csscore_t": 0.7184549356223175, "teamgold_t": 54.12703862660944, "vision_score_t": 0.6813962658667346, "wards_placed_t": 0.054935622317596564, "gold_graph_diffs_t": 11.938197424892705}