{"id": "EUN1_3548228406", "lvl": 1000, "literal level": "SILVER II", "time": 1719, "solokills_t": 0.011052937754508435, "kills_t": 0.04421175101803374, "kp": 0.4357954545454545, "deaths_t": 0.04421175101803374, "assists_t": 0.05293775450843514, "csscore_t": 0.7731239092495636, "teamgold_t": 69.2303664921466, "vision_score_t": 0.6304316299682122, "wards_placed_t": 0.0506108202443281, "gold_graph_diffs_t": 14.532286212914485}