{"id": "EUN1_3582431058", "lvl": 600, "literal level": "BRONZE II", "time": 1555, "solokills_t": 0.00707395498392283, "kills_t": 0.03408360128617363, "kp": 0.4213636363636364, "deaths_t": 0.03408360128617363, "assists_t": 0.03987138263665595, "csscore_t": 0.7594855305466238, "teamgold_t": 62.455305466237945, "vision_score_t": 0.7816577038796384, "wards_placed_t": 0.06366559485530547, "gold_graph_diffs_t": 12.797427652733118}