{"id": "EUN1_3569633214", "lvl": 700, "literal level": "BRONZE I", "time": 2134, "solokills_t": 0.011715089034676664, "kills_t": 0.03936269915651359, "kp": 0.39222222222222225, "deaths_t": 0.03936269915651359, "assists_t": 0.03889409559512652, "csscore_t": 0.823336457357076, "teamgold_t": 67.58762886597938, "vision_score_t": 0.7849427708365926, "wards_placed_t": 0.05435801312089972, "gold_graph_diffs_t": 14.12277413308341}