{"id": "EUN1_3558363848", "lvl": 1200, "literal level": "GOLD IV", "time": 1333, "solokills_t": 0.010502625656414103, "kills_t": 0.033008252063015754, "kp": 0.4041379310344828, "deaths_t": 0.033008252063015754, "assists_t": 0.03600900225056264, "csscore_t": 0.8289572393098275, "teamgold_t": 63.5648912228057, "vision_score_t": 0.7220384899579877, "wards_placed_t": 0.05776444111027757, "gold_graph_diffs_t": 16.35708927231808}