{"id": "EUN1_3585274520", "lvl": 600, "literal level": "BRONZE II", "time": 1719, "solokills_t": 0.010471204188481676, "kills_t": 0.03781268179173938, "kp": 0.4669715447154471, "deaths_t": 0.03781268179173938, "assists_t": 0.04595695171611402, "csscore_t": 0.8481675392670157, "teamgold_t": 65.826061663758, "vision_score_t": 0.7693102121290738, "wards_placed_t": 0.05759162303664921, "gold_graph_diffs_t": 11.297847585805702}