{"id": "EUN1_3582458756", "lvl": 600, "literal level": "BRONZE II", "time": 2180, "solokills_t": 0.016055045871559634, "kills_t": 0.05871559633027523, "kp": 0.41681681681681687, "deaths_t": 0.05917431192660551, "assists_t": 0.062385321100917435, "csscore_t": 0.6174311926605505, "teamgold_t": 69.86605504587156, "vision_score_t": 0.9370320982936262, "wards_placed_t": 0.08073394495412844, "gold_graph_diffs_t": 13.831192660550458}