{"id": "EUN1_3562566432", "lvl": 900, "literal level": "SILVER III", "time": 2211, "solokills_t": 0.013116236996834011, "kills_t": 0.04839439167797377, "kp": 0.45630036630036636, "deaths_t": 0.04839439167797377, "assists_t": 0.05924920850293985, "csscore_t": 0.6594301221166893, "teamgold_t": 68.28358208955224, "vision_score_t": 0.6169971050344116, "wards_placed_t": 0.04794210764360018, "gold_graph_diffs_t": 13.654002713704207}