{"id": "EUN1_3585833601", "lvl": 1600, "literal level": "PLATINUM IV", "time": 1415, "solokills_t": 0.0077738515901060075, "kills_t": 0.03250883392226148, "kp": 0.4827956989247311, "deaths_t": 0.03250883392226148, "assists_t": 0.0431095406360424, "csscore_t": 0.8840989399293286, "teamgold_t": 67.47632508833922, "vision_score_t": 0.8308047458365282, "wards_placed_t": 0.06713780918727916, "gold_graph_diffs_t": 10.742756183745582}