{"id": "EUN1_3537808651", "lvl": 800, "literal level": "SILVER IV", "time": 1153, "solokills_t": 0.009540329575021683, "kills_t": 0.032090199479618386, "kp": 0.3853448275862069, "deaths_t": 0.032090199479618386, "assists_t": 0.03295750216825672, "csscore_t": 0.7398091934084996, "teamgold_t": 60.467476149176065, "vision_score_t": 0.5202946951091479, "wards_placed_t": 0.04596704249783174, "gold_graph_diffs_t": 12.498699045967042}