{"id": "EUN1_3535543864", "lvl": 1500, "literal level": "GOLD I", "time": 1957, "solokills_t": 0.011752682677567705, "kills_t": 0.04394481349003577, "kp": 0.4515719801434087, "deaths_t": 0.04445579969340828, "assists_t": 0.05569749616760347, "csscore_t": 0.7567705671946857, "teamgold_t": 70.2769545222279, "vision_score_t": 0.8266521307238908, "wards_placed_t": 0.05774144098109351, "gold_graph_diffs_t": 18.655084312723556}