{"id": "EUN1_3569090990", "lvl": 700, "literal level": "BRONZE I", "time": 1642, "solokills_t": 0.008526187576126675, "kills_t": 0.04202192448233861, "kp": 0.48692699490662134, "deaths_t": 0.04202192448233861, "assists_t": 0.06090133982947625, "csscore_t": 0.6833130328867235, "teamgold_t": 63.6747868453106, "vision_score_t": 0.6903055208725581, "wards_placed_t": 0.05115712545676005, "gold_graph_diffs_t": 13.710109622411693}