{"id": "EUN1_3578982460", "lvl": 1100, "literal level": "SILVER I", "time": 1487, "solokills_t": 0.014122394082044385, "kills_t": 0.04236718224613315, "kp": 0.3982558139534884, "deaths_t": 0.04236718224613315, "assists_t": 0.04572965702757229, "csscore_t": 0.7841291190316073, "teamgold_t": 67.69804976462676, "vision_score_t": 0.8118444735723427, "wards_placed_t": 0.05716207128446537, "gold_graph_diffs_t": 11.649630127774042}