{"id": "EUN1_3545990462", "lvl": 1200, "literal level": "GOLD IV", "time": 1770, "solokills_t": 0.007344632768361582, "kills_t": 0.04406779661016949, "kp": 0.4348583877995642, "deaths_t": 0.04463276836158192, "assists_t": 0.05310734463276836, "csscore_t": 0.7508474576271187, "teamgold_t": 67.75084745762712, "vision_score_t": 0.853584221329063, "wards_placed_t": 0.06440677966101695, "gold_graph_diffs_t": 16.782485875706215}