{"id": "EUN1_3578895436", "lvl": 900, "literal level": "SILVER III", "time": 2051, "solokills_t": 0.008288639687957094, "kills_t": 0.03705509507557289, "kp": 0.49519163763066204, "deaths_t": 0.03705509507557289, "assists_t": 0.05558264261335934, "csscore_t": 0.772793759141882, "teamgold_t": 66.48464163822526, "vision_score_t": 0.8905819970368102, "wards_placed_t": 0.06484641638225255, "gold_graph_diffs_t": 16.12579229644076}