{"id": "EUN1_3584900766", "lvl": 500, "literal level": "BRONZE III", "time": 1616, "solokills_t": 0.006806930693069307, "kills_t": 0.04764851485148515, "kp": 0.4843971631205674, "deaths_t": 0.04764851485148515, "assists_t": 0.0686881188118812, "csscore_t": 0.5594059405940595, "teamgold_t": 65.33601485148515, "vision_score_t": 0.7036433411518694, "wards_placed_t": 0.05012376237623763, "gold_graph_diffs_t": 10.182549504950495}