{"id": "EUN1_3577020088", "lvl": 500, "literal level": "BRONZE III", "time": 2453, "solokills_t": 0.008968609865470852, "kills_t": 0.037912759885854054, "kp": 0.4770308123249299, "deaths_t": 0.037912759885854054, "assists_t": 0.05218100285364859, "csscore_t": 0.7598858540562576, "teamgold_t": 64.71381981247453, "vision_score_t": 0.7182951088449012, "wards_placed_t": 0.05584997961679576, "gold_graph_diffs_t": 11.303302079086832}