{"id": "EUN1_3576325563", "lvl": 1000, "literal level": "SILVER II", "time": 1589, "solokills_t": 0.00881057268722467, "kills_t": 0.034612964128382634, "kp": 0.4289473684210526, "deaths_t": 0.034612964128382634, "assists_t": 0.04153555695405916, "csscore_t": 0.7558212712397735, "teamgold_t": 63.08307111390812, "vision_score_t": 0.9564073028305788, "wards_placed_t": 0.06104468219005664, "gold_graph_diffs_t": 12.137822529893015}