{"id": "EUN1_3575102500", "lvl": 1000, "literal level": "SILVER II", "time": 2201, "solokills_t": 0.012721490231712857, "kills_t": 0.049977283053157656, "kp": 0.4376657824933686, "deaths_t": 0.049977283053157656, "assists_t": 0.059064061790095414, "csscore_t": 0.7096774193548387, "teamgold_t": 70.31985461154021, "vision_score_t": 0.7827826503926373, "wards_placed_t": 0.03589277601090413, "gold_graph_diffs_t": 13.697410268059972}