{"id": "EUN1_3555120905", "lvl": 1100, "literal level": "SILVER I", "time": 1918, "solokills_t": 0.009384775808133473, "kills_t": 0.03910323253388947, "kp": 0.4558321479374111, "deaths_t": 0.03910323253388947, "assists_t": 0.05005213764337852, "csscore_t": 0.7278415015641293, "teamgold_t": 64.82116788321167, "vision_score_t": 0.9515213962842349, "wards_placed_t": 0.06934306569343066, "gold_graph_diffs_t": 13.025547445255475}