{"id": "EUN1_3568284970", "lvl": 700, "literal level": "BRONZE I", "time": 1536, "solokills_t": 0.01171875, "kills_t": 0.03515625, "kp": 0.38055555555555554, "deaths_t": 0.035807291666666664, "assists_t": 0.037109375, "csscore_t": 0.8287760416666666, "teamgold_t": 61.693359375, "vision_score_t": 0.8057412399899404, "wards_placed_t": 0.057942708333333336, "gold_graph_diffs_t": 11.981119791666666}