{"id": "EUN1_3576971623", "lvl": 700, "literal level": "BRONZE I", "time": 1790, "solokills_t": 0.002793296089385475, "kills_t": 0.026815642458100558, "kp": 0.5277777777777779, "deaths_t": 0.026815642458100558, "assists_t": 0.04022346368715084, "csscore_t": 0.7201117318435755, "teamgold_t": 58.328491620111734, "vision_score_t": 0.9720043218251607, "wards_placed_t": 0.07206703910614524, "gold_graph_diffs_t": 8.731843575418994}