{"id": "EUN1_3577219097", "lvl": 800, "literal level": "SILVER IV", "time": 957, "solokills_t": 0.0073145245559038665, "kills_t": 0.038662486938349006, "kp": 0.39166666666666666, "deaths_t": 0.038662486938349006, "assists_t": 0.03761755485893417, "csscore_t": 0.7502612330198537, "teamgold_t": 64.15047021943573, "vision_score_t": 0.6494773948546885, "wards_placed_t": 0.054336468129571575, "gold_graph_diffs_t": 15.688610240334379}