{"id": "EUN1_3542483803", "lvl": 900, "literal level": "SILVER III", "time": 2813, "solokills_t": 0.008176324209029506, "kills_t": 0.043014575186633486, "kp": 0.45389355742296916, "deaths_t": 0.043014575186633486, "assists_t": 0.055101315321720586, "csscore_t": 0.6917881265552791, "teamgold_t": 67.12086740135086, "vision_score_t": 0.8435623536176375, "wards_placed_t": 0.061500177746178455, "gold_graph_diffs_t": 15.355492356914326}