{"id": "EUN1_3534645689", "lvl": 1300, "literal level": "GOLD III", "time": 2046, "solokills_t": 0.007331378299120235, "kills_t": 0.03616813294232649, "kp": 0.4663690476190476, "deaths_t": 0.03616813294232649, "assists_t": 0.04887585532746823, "csscore_t": 0.7512218963831867, "teamgold_t": 66.21749755620723, "vision_score_t": 1.1852945442362934, "wards_placed_t": 0.08308895405669599, "gold_graph_diffs_t": 13.018084066471163}