{"id": "EUN1_3555167715", "lvl": 1000, "literal level": "SILVER II", "time": 1451, "solokills_t": 0.02067539627842867, "kills_t": 0.055823569951757405, "kp": 0.36111801242236025, "deaths_t": 0.055823569951757405, "assists_t": 0.044796691936595454, "csscore_t": 0.7263955892487939, "teamgold_t": 74.59820813232254, "vision_score_t": 0.6513338443310538, "wards_placed_t": 0.053756030323914544, "gold_graph_diffs_t": 17.568573397656788}