{"id": "EUN1_3575681959", "lvl": 1200, "literal level": "GOLD IV", "time": 2438, "solokills_t": 0.008613617719442166, "kills_t": 0.04634946677604594, "kp": 0.46128205128205135, "deaths_t": 0.04634946677604594, "assists_t": 0.06152584085315833, "csscore_t": 0.6681706316652994, "teamgold_t": 69.66037735849056, "vision_score_t": 0.9009851548352217, "wards_placed_t": 0.06357670221493027, "gold_graph_diffs_t": 15.63822805578343}