{"id": "EUN1_3585663684", "lvl": 1000, "literal level": "SILVER II", "time": 2064, "solokills_t": 0.005813953488372093, "kills_t": 0.03827519379844961, "kp": 0.5135947712418301, "deaths_t": 0.03827519379844961, "assists_t": 0.059593023255813955, "csscore_t": 0.7272286821705426, "teamgold_t": 66.24612403100775, "vision_score_t": 0.7281570285032554, "wards_placed_t": 0.05135658914728682, "gold_graph_diffs_t": 15.737403100775193}