{"id": "EUN1_3582768435", "lvl": 1300, "literal level": "GOLD III", "time": 1504, "solokills_t": 0.007313829787234043, "kills_t": 0.036569148936170214, "kp": 0.409907120743034, "deaths_t": 0.036569148936170214, "assists_t": 0.0398936170212766, "csscore_t": 0.7347074468085106, "teamgold_t": 61.380319148936174, "vision_score_t": 0.7962536100489858, "wards_placed_t": 0.06981382978723404, "gold_graph_diffs_t": 11.331117021276595}