{"id": "EUN1_3584413823", "lvl": 800, "literal level": "SILVER IV", "time": 1596, "solokills_t": 0.021929824561403508, "kills_t": 0.05012531328320802, "kp": 0.3596153846153846, "deaths_t": 0.05012531328320802, "assists_t": 0.040726817042606514, "csscore_t": 0.7431077694235589, "teamgold_t": 68.89160401002506, "vision_score_t": 0.7943250256418363, "wards_placed_t": 0.06203007518796992, "gold_graph_diffs_t": 16.7374686716792}