{"id": "EUN1_3572954405", "lvl": 1100, "literal level": "SILVER I", "time": 2599, "solokills_t": 0.007695267410542516, "kills_t": 0.04116968064640246, "kp": 0.49383464005702066, "deaths_t": 0.04116968064640246, "assists_t": 0.06156213928434013, "csscore_t": 0.7437475952289342, "teamgold_t": 68.4028472489419, "vision_score_t": 0.8327280135189692, "wards_placed_t": 0.06425548287803001, "gold_graph_diffs_t": 14.252020007695267}