{"id": "EUN1_3566455963", "lvl": 800, "literal level": "SILVER IV", "time": 1007, "solokills_t": 0.013902681231380337, "kills_t": 0.03773584905660377, "kp": 0.3683076923076923, "deaths_t": 0.038728897715988087, "assists_t": 0.030784508440913606, "csscore_t": 0.7974180734856008, "teamgold_t": 63.62065541211519, "vision_score_t": 0.5845225897104187, "wards_placed_t": 0.05362462760675273, "gold_graph_diffs_t": 9.906653426017876}