{"id": "EUN1_3537715475", "lvl": 1000, "literal level": "SILVER II", "time": 2199, "solokills_t": 0.015006821282401092, "kills_t": 0.03456116416552979, "kp": 0.4005602240896359, "deaths_t": 0.03456116416552979, "assists_t": 0.03456116416552979, "csscore_t": 0.7667121418826739, "teamgold_t": 61.81355161437017, "vision_score_t": 0.9631388248822983, "wards_placed_t": 0.07048658481127786, "gold_graph_diffs_t": 11.530695770804911}