{"id": "EUN1_3562118164", "lvl": 1100, "literal level": "SILVER I", "time": 1660, "solokills_t": 0.01566265060240964, "kills_t": 0.046987951807228916, "kp": 0.4009852216748769, "deaths_t": 0.04759036144578313, "assists_t": 0.05060240963855422, "csscore_t": 0.7885542168674698, "teamgold_t": 70.61024096385542, "vision_score_t": 0.9403815692779129, "wards_placed_t": 0.06686746987951807, "gold_graph_diffs_t": 13.292168674698795}