{"id": "EUN1_3542460182", "lvl": 800, "literal level": "SILVER IV", "time": 2164, "solokills_t": 0.006007393715341959, "kills_t": 0.04066543438077634, "kp": 0.4813684210526315, "deaths_t": 0.04066543438077634, "assists_t": 0.05683918669131238, "csscore_t": 0.6303142329020333, "teamgold_t": 63.85859519408503, "vision_score_t": 0.8166996864856518, "wards_placed_t": 0.06515711645101664, "gold_graph_diffs_t": 15.867837338262477}