{"id": "EUN1_3563929502", "lvl": 800, "literal level": "SILVER IV", "time": 1794, "solokills_t": 0.011705685618729096, "kills_t": 0.042363433667781496, "kp": 0.4394585726004922, "deaths_t": 0.042363433667781496, "assists_t": 0.051839464882943144, "csscore_t": 0.806577480490524, "teamgold_t": 68.42251950947603, "vision_score_t": 0.7333699354410655, "wards_placed_t": 0.049609810479375696, "gold_graph_diffs_t": 16.695652173913043}