{"id": "EUN1_3564734382", "lvl": 700, "literal level": "BRONZE I", "time": 2000, "solokills_t": 0.0125, "kills_t": 0.039, "kp": 0.40624571036376117, "deaths_t": 0.0395, "assists_t": 0.0415, "csscore_t": 0.7835, "teamgold_t": 64.8005, "vision_score_t": 0.783110775423145, "wards_placed_t": 0.0545, "gold_graph_diffs_t": 12.4435}