{"id": "EUN1_3567695257", "lvl": 800, "literal level": "SILVER IV", "time": 1656, "solokills_t": 0.005434782608695652, "kills_t": 0.033816425120772944, "kp": 0.46725146198830414, "deaths_t": 0.033816425120772944, "assists_t": 0.04589371980676329, "csscore_t": 0.6865942028985508, "teamgold_t": 62.393115942028984, "vision_score_t": 0.818005654220481, "wards_placed_t": 0.059782608695652176, "gold_graph_diffs_t": 15.458333333333334}