{"id": "EUN1_3557243962", "lvl": 800, "literal level": "SILVER IV", "time": 2143, "solokills_t": 0.007932804479701353, "kills_t": 0.036864209052729816, "kp": 0.45671834625323005, "deaths_t": 0.036864209052729816, "assists_t": 0.04806346243583761, "csscore_t": 0.7480167988800747, "teamgold_t": 66.66075594960336, "vision_score_t": 0.8758653853864985, "wards_placed_t": 0.06252916472235184, "gold_graph_diffs_t": 16.24731684554363}