{"id": "EUN1_3562546251", "lvl": 1100, "literal level": "SILVER I", "time": 1614, "solokills_t": 0.009913258983890954, "kills_t": 0.03283767038413878, "kp": 0.408277027027027, "deaths_t": 0.03283767038413878, "assists_t": 0.03717472118959108, "csscore_t": 0.8246592317224287, "teamgold_t": 62.83271375464684, "vision_score_t": 0.7400586471022171, "wards_placed_t": 0.057001239157372985, "gold_graph_diffs_t": 12.75092936802974}