{"id": "EUN1_3535582619", "lvl": 1300, "literal level": "GOLD III", "time": 1657, "solokills_t": 0.009656004828002414, "kills_t": 0.045262522631261314, "kp": 0.4133333333333333, "deaths_t": 0.045262522631261314, "assists_t": 0.04828002414001207, "csscore_t": 0.7604103802051901, "teamgold_t": 69.72118286059143, "vision_score_t": 0.8789022156370521, "wards_placed_t": 0.060350030175015085, "gold_graph_diffs_t": 15.093542546771273}