{"id": "EUN1_3568168655", "lvl": 1000, "literal level": "SILVER II", "time": 1677, "solokills_t": 0.005366726296958855, "kills_t": 0.03637447823494335, "kp": 0.476923076923077, "deaths_t": 0.03637447823494335, "assists_t": 0.05426356589147287, "csscore_t": 0.6982707215265355, "teamgold_t": 62.635062611806795, "vision_score_t": 0.8261994887526987, "wards_placed_t": 0.06082289803220036, "gold_graph_diffs_t": 11.121645796064401}