{"id": "EUN1_3569120467", "lvl": 700, "literal level": "BRONZE I", "time": 2562, "solokills_t": 0.00858704137392662, "kills_t": 0.02927400468384075, "kp": 0.4609756097560975, "deaths_t": 0.02927400468384075, "assists_t": 0.039032006245121, "csscore_t": 0.8415300546448088, "teamgold_t": 65.1264637002342, "vision_score_t": 0.7606984167311929, "wards_placed_t": 0.05308352849336456, "gold_graph_diffs_t": 17.096018735362996}