{"id": "EUN1_3561017177", "lvl": 1000, "literal level": "SILVER II", "time": 1800, "solokills_t": 0.017777777777777778, "kills_t": 0.04833333333333333, "kp": 0.37108108108108107, "deaths_t": 0.04833333333333333, "assists_t": 0.041666666666666664, "csscore_t": 0.7227777777777777, "teamgold_t": 68.13277777777778, "vision_score_t": 0.8064501560633651, "wards_placed_t": 0.05722222222222222, "gold_graph_diffs_t": 12.008333333333333}