{"id": "EUN1_3532511222", "lvl": 1000, "literal level": "SILVER II", "time": 1469, "solokills_t": 0.012253233492171545, "kills_t": 0.03607896528250511, "kp": 0.4133333333333334, "deaths_t": 0.03607896528250511, "assists_t": 0.035398230088495575, "csscore_t": 0.7773995915588836, "teamgold_t": 63.88495575221239, "vision_score_t": 0.5892508367388423, "wards_placed_t": 0.05037440435670524, "gold_graph_diffs_t": 14.385976855003404}