{"id": "EUN1_3560606539", "lvl": 900, "literal level": "SILVER III", "time": 2991, "solokills_t": 0.009695753928452023, "kills_t": 0.03510531594784353, "kp": 0.4417634252539912, "deaths_t": 0.03510531594784353, "assists_t": 0.04246071547977265, "csscore_t": 0.7094617184887997, "teamgold_t": 63.61451019725844, "vision_score_t": 0.8279750132994887, "wards_placed_t": 0.0618522233366767, "gold_graph_diffs_t": 14.50785690404547}