{"id": "EUN1_3552786558", "lvl": 1100, "literal level": "SILVER I", "time": 2431, "solokills_t": 0.00658165364047717, "kills_t": 0.03661044837515426, "kp": 0.49989795918367347, "deaths_t": 0.03661044837515426, "assists_t": 0.054709995886466474, "csscore_t": 0.7655285890580008, "teamgold_t": 66.54833401892225, "vision_score_t": 0.8496955052246339, "wards_placed_t": 0.061703002879473466, "gold_graph_diffs_t": 16.668449197860962}