{"id": "EUN1_3569921283", "lvl": 1300, "literal level": "GOLD III", "time": 947, "solokills_t": 0.007391763463569166, "kills_t": 0.025343189017951427, "kp": 0.3347368421052631, "deaths_t": 0.025343189017951427, "assists_t": 0.021119324181626188, "csscore_t": 0.7877507919746568, "teamgold_t": 57.1805702217529, "vision_score_t": 0.7851118303930165, "wards_placed_t": 0.050686378035902854, "gold_graph_diffs_t": 11.784582893347412}