{"id": "EUN1_3582272608", "lvl": 1300, "literal level": "GOLD III", "time": 1885, "solokills_t": 0.010079575596816976, "kills_t": 0.03395225464190981, "kp": 0.45567338282078473, "deaths_t": 0.03395225464190981, "assists_t": 0.04190981432360743, "csscore_t": 0.773474801061008, "teamgold_t": 61.44137931034483, "vision_score_t": 0.915158327553643, "wards_placed_t": 0.06737400530503979, "gold_graph_diffs_t": 13.297082228116711}