{"id": "EUN1_3577640751", "lvl": 1100, "literal level": "SILVER I", "time": 1715, "solokills_t": 0.009912536443148687, "kills_t": 0.029154518950437316, "kp": 0.39126559714795006, "deaths_t": 0.029154518950437316, "assists_t": 0.02857142857142857, "csscore_t": 0.894460641399417, "teamgold_t": 63.669970845481046, "vision_score_t": 0.8102099117086136, "wards_placed_t": 0.05714285714285714, "gold_graph_diffs_t": 14.82798833819242}