{"id": "EUN1_3574790855", "lvl": 700, "literal level": "BRONZE I", "time": 1979, "solokills_t": 0.006568974229408792, "kills_t": 0.029307731177362305, "kp": 0.4595588235294118, "deaths_t": 0.029307731177362305, "assists_t": 0.03638201111672562, "csscore_t": 0.7822132390096008, "teamgold_t": 62.25770591207681, "vision_score_t": 0.8505833299124703, "wards_placed_t": 0.05558362809499747, "gold_graph_diffs_t": 11.800909550277918}