{"id": "EUN1_3539895720", "lvl": 900, "literal level": "SILVER III", "time": 963, "solokills_t": 0.008307372793354102, "kills_t": 0.029075804776739357, "kp": 0.33636363636363636, "deaths_t": 0.029075804776739357, "assists_t": 0.02284527518172378, "csscore_t": 0.8431983385254413, "teamgold_t": 57.79231568016615, "vision_score_t": 0.5891072397196014, "wards_placed_t": 0.04880581516095535, "gold_graph_diffs_t": 9.304257528556594}