{"id": "EUN1_3529234436", "lvl": 600, "literal level": "BRONZE II", "time": 1382, "solokills_t": 0.012301013024602027, "kills_t": 0.0426917510853835, "kp": 0.3765664160401002, "deaths_t": 0.0426917510853835, "assists_t": 0.0426917510853835, "csscore_t": 0.6751085383502171, "teamgold_t": 62.31114327062229, "vision_score_t": 0.5728671676042867, "wards_placed_t": 0.05065123010130246, "gold_graph_diffs_t": 13.665701881331405}