{"id": "EUN1_3552990253", "lvl": 700, "literal level": "BRONZE I", "time": 1322, "solokills_t": 0.012859304084720122, "kills_t": 0.040090771558245086, "kp": 0.3943223443223443, "deaths_t": 0.040090771558245086, "assists_t": 0.037065052950075644, "csscore_t": 0.7602118003025718, "teamgold_t": 64.88502269288956, "vision_score_t": 0.7995088145484583, "wards_placed_t": 0.06202723146747353, "gold_graph_diffs_t": 14.195158850226928}