{"id": "EUN1_3532039775", "lvl": 600, "literal level": "BRONZE II", "time": 1570, "solokills_t": 0.0031847133757961785, "kills_t": 0.03375796178343949, "kp": 0.4821052631578947, "deaths_t": 0.03375796178343949, "assists_t": 0.04777070063694268, "csscore_t": 0.7636942675159236, "teamgold_t": 63.72356687898089, "vision_score_t": 0.6591588838325507, "wards_placed_t": 0.04904458598726115, "gold_graph_diffs_t": 11.196178343949045}