{"id": "EUN1_3562597083", "lvl": 1000, "literal level": "SILVER II", "time": 2114, "solokills_t": 0.007568590350047304, "kills_t": 0.03500473036896878, "kp": 0.4240384615384616, "deaths_t": 0.035477767265846734, "assists_t": 0.03926206244087039, "csscore_t": 0.859035004730369, "teamgold_t": 65.93661305581836, "vision_score_t": 0.852937869697174, "wards_placed_t": 0.05487228003784295, "gold_graph_diffs_t": 12.84011352885525}