{"id": "EUN1_3585838440", "lvl": 1600, "literal level": "PLATINUM IV", "time": 1740, "solokills_t": 0.013793103448275862, "kills_t": 0.044252873563218394, "kp": 0.39510638297872347, "deaths_t": 0.044252873563218394, "assists_t": 0.04195402298850575, "csscore_t": 0.8011494252873563, "teamgold_t": 68.0844827586207, "vision_score_t": 0.8165562893324761, "wards_placed_t": 0.06436781609195402, "gold_graph_diffs_t": 11.435057471264368}