{"id": "EUN1_3576679856", "lvl": 1300, "literal level": "GOLD III", "time": 1802, "solokills_t": 0.01609322974472808, "kills_t": 0.04772475027746948, "kp": 0.40101809954751133, "deaths_t": 0.04827968923418424, "assists_t": 0.04772475027746948, "csscore_t": 0.8224195338512763, "teamgold_t": 70.87846836847947, "vision_score_t": 0.9258133506242239, "wards_placed_t": 0.061598224195338516, "gold_graph_diffs_t": 17.51997780244173}