{"id": "EUN1_3583450346", "lvl": 800, "literal level": "SILVER IV", "time": 1309, "solokills_t": 0.008403361344537815, "kills_t": 0.03819709702062643, "kp": 0.43471933471933466, "deaths_t": 0.03819709702062643, "assists_t": 0.04660045836516425, "csscore_t": 0.7043544690603514, "teamgold_t": 61.66921313980138, "vision_score_t": 0.7875742772115423, "wards_placed_t": 0.05576776165011459, "gold_graph_diffs_t": 13.588235294117647}