{"id": "EUN1_3542918433", "lvl": 1000, "literal level": "SILVER II", "time": 1261, "solokills_t": 0.014274385408406027, "kills_t": 0.03965107057890563, "kp": 0.3864583333333333, "deaths_t": 0.03965107057890563, "assists_t": 0.0380650277557494, "csscore_t": 0.7882632831086439, "teamgold_t": 63.65741475019826, "vision_score_t": 0.8708259115956247, "wards_placed_t": 0.057097541633624106, "gold_graph_diffs_t": 14.393338620142744}