{"id": "EUN1_3566389591", "lvl": 800, "literal level": "SILVER IV", "time": 1747, "solokills_t": 0.007441327990841442, "kills_t": 0.025186033199771037, "kp": 0.44044665012406947, "deaths_t": 0.02575844304522038, "assists_t": 0.02919290211791643, "csscore_t": 0.7830566685746995, "teamgold_t": 56.79450486548369, "vision_score_t": 0.8086788068449684, "wards_placed_t": 0.05666857469948483, "gold_graph_diffs_t": 12.170578133943904}