{"id": "EUN1_3575680506", "lvl": 700, "literal level": "BRONZE I", "time": 2057, "solokills_t": 0.018473505104521146, "kills_t": 0.05201750121536218, "kp": 0.4005952380952381, "deaths_t": 0.05250364608653379, "assists_t": 0.052989790957705396, "csscore_t": 0.6737967914438503, "teamgold_t": 69.60233349538163, "vision_score_t": 0.8060116393108728, "wards_placed_t": 0.054934370442391835, "gold_graph_diffs_t": 13.950413223140496}