{"id": "EUN1_3576953403", "lvl": 500, "literal level": "BRONZE III", "time": 1512, "solokills_t": 0.005291005291005291, "kills_t": 0.0291005291005291, "kp": 0.5354166666666667, "deaths_t": 0.0291005291005291, "assists_t": 0.04563492063492063, "csscore_t": 0.7334656084656085, "teamgold_t": 58.39021164021164, "vision_score_t": 0.7324660938167071, "wards_placed_t": 0.05489417989417989, "gold_graph_diffs_t": 10.445767195767196}