{"id": "EUN1_3569681150", "lvl": 700, "literal level": "BRONZE I", "time": 1516, "solokills_t": 0.009894459102902375, "kills_t": 0.025725593667546173, "kp": 0.37065217391304345, "deaths_t": 0.025725593667546173, "assists_t": 0.022427440633245383, "csscore_t": 0.8660949868073878, "teamgold_t": 63.428100263852244, "vision_score_t": 0.5271639285489141, "wards_placed_t": 0.04155672823218998, "gold_graph_diffs_t": 10.027044854881266}