{"id": "EUN1_3564379896", "lvl": 1000, "literal level": "SILVER II", "time": 1358, "solokills_t": 0.007363770250368188, "kills_t": 0.03755522827687776, "kp": 0.4856923076923076, "deaths_t": 0.03755522827687776, "assists_t": 0.05375552282768778, "csscore_t": 0.7584683357879234, "teamgold_t": 64.74374079528718, "vision_score_t": 0.5095703161567643, "wards_placed_t": 0.04197349042709867, "gold_graph_diffs_t": 9.767304860088366}