{"id": "EUN1_3583706025", "lvl": 1500, "literal level": "GOLD I", "time": 1752, "solokills_t": 0.0182648401826484, "kills_t": 0.0410958904109589, "kp": 0.3814814814814815, "deaths_t": 0.0410958904109589, "assists_t": 0.03595890410958904, "csscore_t": 0.8110730593607306, "teamgold_t": 65.90011415525115, "vision_score_t": 0.8511704973487844, "wards_placed_t": 0.06449771689497717, "gold_graph_diffs_t": 11.226598173515981}