{"id": "EUN1_3541128919", "lvl": 600, "literal level": "BRONZE II", "time": 2979, "solokills_t": 0.005035246727089627, "kills_t": 0.040953340046995634, "kp": 0.508494623655914, "deaths_t": 0.040953340046995634, "assists_t": 0.06310842564619, "csscore_t": 0.6236992279288351, "teamgold_t": 65.10271903323263, "vision_score_t": 0.8909099901866903, "wards_placed_t": 0.06377979187646861, "gold_graph_diffs_t": 12.510574018126889}