{"id": "EUN1_3583272466", "lvl": 1400, "literal level": "GOLD II", "time": 1715, "solokills_t": 0.011078717201166181, "kills_t": 0.036734693877551024, "kp": 0.4269767441860465, "deaths_t": 0.036734693877551024, "assists_t": 0.04081632653061224, "csscore_t": 0.8641399416909621, "teamgold_t": 70.34344023323615, "vision_score_t": 0.9894323111024212, "wards_placed_t": 0.08396501457725948, "gold_graph_diffs_t": 14.149854227405248}