{"id": "EUN1_3574622032", "lvl": 1000, "literal level": "SILVER II", "time": 1896, "solokills_t": 0.011075949367088608, "kills_t": 0.037447257383966245, "kp": 0.46811594202898543, "deaths_t": 0.037447257383966245, "assists_t": 0.05010548523206751, "csscore_t": 0.7494725738396625, "teamgold_t": 64.3496835443038, "vision_score_t": 0.9200311384741575, "wards_placed_t": 0.06223628691983123, "gold_graph_diffs_t": 10.655590717299578}