{"id": "EUN1_3563076942", "lvl": 1000, "literal level": "SILVER II", "time": 1464, "solokills_t": 0.012295081967213115, "kills_t": 0.03483606557377049, "kp": 0.37064516129032266, "deaths_t": 0.03483606557377049, "assists_t": 0.029371584699453553, "csscore_t": 0.7971311475409836, "teamgold_t": 62.8094262295082, "vision_score_t": 0.8696085430612317, "wards_placed_t": 0.06352459016393443, "gold_graph_diffs_t": 12.079918032786885}