{"id": "EUN1_3577919880", "lvl": 800, "literal level": "SILVER IV", "time": 1716, "solokills_t": 0.007575757575757576, "kills_t": 0.038461538461538464, "kp": 0.4543233082706767, "deaths_t": 0.038461538461538464, "assists_t": 0.050699300699300696, "csscore_t": 0.7272727272727273, "teamgold_t": 63.9539627039627, "vision_score_t": 1.061143614563753, "wards_placed_t": 0.06643356643356643, "gold_graph_diffs_t": 13.835081585081586}