{"id": "EUN1_3568122843", "lvl": 800, "literal level": "SILVER IV", "time": 2433, "solokills_t": 0.006165228113440197, "kills_t": 0.03986847513357994, "kp": 0.4926445578231292, "deaths_t": 0.03986847513357994, "assists_t": 0.058364159473900536, "csscore_t": 0.686806411837238, "teamgold_t": 67.9625976161118, "vision_score_t": 0.7897869841747515, "wards_placed_t": 0.06411837237977805, "gold_graph_diffs_t": 14.883271681052198}