{"id": "EUN1_3576196934", "lvl": 1200, "literal level": "GOLD IV", "time": 1221, "solokills_t": 0.01638001638001638, "kills_t": 0.0343980343980344, "kp": 0.36, "deaths_t": 0.0343980343980344, "assists_t": 0.02457002457002457, "csscore_t": 0.8370188370188371, "teamgold_t": 64.13595413595414, "vision_score_t": 0.6344334388323603, "wards_placed_t": 0.05405405405405406, "gold_graph_diffs_t": 11.600327600327601}