{"id": "EUN1_3560922244", "lvl": 1000, "literal level": "SILVER II", "time": 1552, "solokills_t": 0.021262886597938145, "kills_t": 0.04961340206185567, "kp": 0.34285714285714286, "deaths_t": 0.04961340206185567, "assists_t": 0.03608247422680412, "csscore_t": 0.7873711340206185, "teamgold_t": 69.77126288659794, "vision_score_t": 0.9438186110360688, "wards_placed_t": 0.06765463917525773, "gold_graph_diffs_t": 13.253221649484535}