{"id": "EUN1_3576684405", "lvl": 1100, "literal level": "SILVER I", "time": 1546, "solokills_t": 0.0129366106080207, "kills_t": 0.03686934023285899, "kp": 0.3731081081081081, "deaths_t": 0.03686934023285899, "assists_t": 0.03428201811125485, "csscore_t": 0.7787839586028461, "teamgold_t": 63.627425614489006, "vision_score_t": 0.8248820492569056, "wards_placed_t": 0.0666235446313066, "gold_graph_diffs_t": 10.174644243208279}