{"id": "EUN1_3535888001", "lvl": 1400, "literal level": "GOLD II", "time": 1727, "solokills_t": 0.012159814707585408, "kills_t": 0.04400694846554719, "kp": 0.42000000000000004, "deaths_t": 0.04400694846554719, "assists_t": 0.05037637521713955, "csscore_t": 0.726693688477128, "teamgold_t": 65.85581933989577, "vision_score_t": 0.8198113375125724, "wards_placed_t": 0.06485234510712218, "gold_graph_diffs_t": 13.793283149971048}