{"id": "EUN1_3577471307", "lvl": 800, "literal level": "SILVER IV", "time": 2414, "solokills_t": 0.004556752278376139, "kills_t": 0.03645401822700911, "kp": 0.4613636363636364, "deaths_t": 0.03645401822700911, "assists_t": 0.04763877381938691, "csscore_t": 0.8003314001657, "teamgold_t": 67.33471416735708, "vision_score_t": 0.7932074559972588, "wards_placed_t": 0.058823529411764705, "gold_graph_diffs_t": 13.553438276719138}