{"id": "EUN1_3568587296", "lvl": 800, "literal level": "SILVER IV", "time": 1576, "solokills_t": 0.02030456852791878, "kills_t": 0.04885786802030457, "kp": 0.3591891891891892, "deaths_t": 0.04949238578680203, "assists_t": 0.038705583756345176, "csscore_t": 0.8026649746192893, "teamgold_t": 71.06091370558376, "vision_score_t": 0.9183100980468655, "wards_placed_t": 0.06345177664974619, "gold_graph_diffs_t": 17.343908629441625}