{"id": "EUN1_3585827547", "lvl": 1500, "literal level": "GOLD I", "time": 1954, "solokills_t": 0.013817809621289662, "kills_t": 0.0496417604912999, "kp": 0.4308119658119658, "deaths_t": 0.0496417604912999, "assists_t": 0.05680655066530194, "csscore_t": 0.7778915046059366, "teamgold_t": 72.93551688843398, "vision_score_t": 0.932118150115452, "wards_placed_t": 0.06755373592630501, "gold_graph_diffs_t": 14.751279426816787}