{"id": "EUN1_3567566728", "lvl": 900, "literal level": "SILVER III", "time": 2170, "solokills_t": 0.00967741935483871, "kills_t": 0.03963133640552995, "kp": 0.4488141202426917, "deaths_t": 0.03963133640552995, "assists_t": 0.04930875576036867, "csscore_t": 0.7926267281105991, "teamgold_t": 67.626267281106, "vision_score_t": 0.9728363972167419, "wards_placed_t": 0.06359447004608294, "gold_graph_diffs_t": 10.182027649769585}