{"id": "EUN1_3535785117", "lvl": 800, "literal level": "SILVER IV", "time": 1736, "solokills_t": 0.008640552995391706, "kills_t": 0.03398617511520737, "kp": 0.4229468599033816, "deaths_t": 0.03398617511520737, "assists_t": 0.03744239631336405, "csscore_t": 0.798963133640553, "teamgold_t": 63.767857142857146, "vision_score_t": 0.689164616342888, "wards_placed_t": 0.05587557603686636, "gold_graph_diffs_t": 11.34504608294931}