{"id": "EUN1_3567271434", "lvl": 1000, "literal level": "SILVER II", "time": 1536, "solokills_t": 0.005859375, "kills_t": 0.033854166666666664, "kp": 0.5520737327188939, "deaths_t": 0.033854166666666664, "assists_t": 0.059895833333333336, "csscore_t": 0.7591145833333334, "teamgold_t": 62.580729166666664, "vision_score_t": 0.7591425014396873, "wards_placed_t": 0.056640625, "gold_graph_diffs_t": 11.546875}