{"id": "EUN1_3568676755", "lvl": 800, "literal level": "SILVER IV", "time": 1906, "solokills_t": 0.015215110178384051, "kills_t": 0.04302203567681007, "kp": 0.38175, "deaths_t": 0.04302203567681007, "assists_t": 0.03882476390346275, "csscore_t": 0.6972717733473243, "teamgold_t": 66.17313746065058, "vision_score_t": 1.0018788636585427, "wards_placed_t": 0.06505771248688352, "gold_graph_diffs_t": 11.190975865687303}