{"id": "EUN1_3567174515", "lvl": 700, "literal level": "BRONZE I", "time": 2394, "solokills_t": 0.00960735171261487, "kills_t": 0.042606516290726815, "kp": 0.46736111111111117, "deaths_t": 0.042606516290726815, "assists_t": 0.05680868838763575, "csscore_t": 0.7142857142857143, "teamgold_t": 68.08855472013367, "vision_score_t": 0.9814787164193632, "wards_placed_t": 0.07769423558897243, "gold_graph_diffs_t": 10.007518796992482}