{"id": "EUN1_3575017132", "lvl": 1000, "literal level": "SILVER II", "time": 1017, "solokills_t": 0.004916420845624385, "kills_t": 0.028515240904621434, "kp": 0.391, "deaths_t": 0.028515240904621434, "assists_t": 0.03146509341199607, "csscore_t": 0.8053097345132744, "teamgold_t": 59.68239921337266, "vision_score_t": 0.6735541228694437, "wards_placed_t": 0.06096361848574238, "gold_graph_diffs_t": 12.274336283185841}