{"id": "EUN1_3537779830", "lvl": 1100, "literal level": "SILVER I", "time": 1652, "solokills_t": 0.009079903147699757, "kills_t": 0.03026634382566586, "kp": 0.3951754385964912, "deaths_t": 0.03026634382566586, "assists_t": 0.02784503631961259, "csscore_t": 0.7826876513317191, "teamgold_t": 62.14709443099274, "vision_score_t": 0.7612103650401453, "wards_placed_t": 0.05569007263922518, "gold_graph_diffs_t": 10.918280871670703}