{"id": "EUN1_3575831039", "lvl": 700, "literal level": "BRONZE I", "time": 1068, "solokills_t": 0.010299625468164793, "kills_t": 0.047752808988764044, "kp": 0.4311740890688259, "deaths_t": 0.047752808988764044, "assists_t": 0.0552434456928839, "csscore_t": 0.6760299625468165, "teamgold_t": 67.46348314606742, "vision_score_t": 0.6539700819967927, "wards_placed_t": 0.05337078651685393, "gold_graph_diffs_t": 19.044007490636705}