{"id": "EUN1_3553940507", "lvl": 1100, "literal level": "SILVER I", "time": 1747, "solokills_t": 0.008586147681740127, "kills_t": 0.04751001717229536, "kp": 0.46226190476190476, "deaths_t": 0.04751001717229536, "assists_t": 0.06525472238122496, "csscore_t": 0.7166571265025758, "teamgold_t": 69.45163136805954, "vision_score_t": 0.6989819892836138, "wards_placed_t": 0.05552375500858615, "gold_graph_diffs_t": 16.874642243846594}