{"id": "EUN1_3553355463", "lvl": 900, "literal level": "SILVER III", "time": 2376, "solokills_t": 0.006313131313131313, "kills_t": 0.041666666666666664, "kp": 0.5596813725490196, "deaths_t": 0.041666666666666664, "assists_t": 0.07491582491582492, "csscore_t": 0.7053872053872053, "teamgold_t": 66.23148148148148, "vision_score_t": 1.0056456472765887, "wards_placed_t": 0.06691919191919192, "gold_graph_diffs_t": 15.321548821548822}