{"id": "EUN1_3577074058", "lvl": 600, "literal level": "BRONZE II", "time": 1592, "solokills_t": 0.016959798994974875, "kills_t": 0.052135678391959796, "kp": 0.3995710784313725, "deaths_t": 0.052135678391959796, "assists_t": 0.05087939698492462, "csscore_t": 0.6972361809045227, "teamgold_t": 71.16268844221105, "vision_score_t": 0.7497061316965036, "wards_placed_t": 0.05527638190954774, "gold_graph_diffs_t": 15.925251256281408}