{"id": "EUN1_3550645805", "lvl": 800, "literal level": "SILVER IV", "time": 2727, "solokills_t": 0.009167583425009167, "kills_t": 0.045104510451045104, "kp": 0.47443120260021676, "deaths_t": 0.045104510451045104, "assists_t": 0.06233956729006234, "csscore_t": 0.7352401906857352, "teamgold_t": 69.38283828382838, "vision_score_t": 0.8345414707130102, "wards_placed_t": 0.060872753942060875, "gold_graph_diffs_t": 13.933626696002934}