{"id": "EUN1_3568066958", "lvl": 600, "literal level": "BRONZE II", "time": 1386, "solokills_t": 0.01443001443001443, "kills_t": 0.020923520923520924, "kp": 0.40897435897435896, "deaths_t": 0.020923520923520924, "assists_t": 0.011544011544011544, "csscore_t": 0.8174603174603174, "teamgold_t": 55.98051948051948, "vision_score_t": 0.4359028093943812, "wards_placed_t": 0.03607503607503607, "gold_graph_diffs_t": 13.494227994227995}