{"id": "EUN1_3564674329", "lvl": 1200, "literal level": "GOLD IV", "time": 2320, "solokills_t": 0.007327586206896552, "kills_t": 0.04051724137931034, "kp": 0.47862745098039217, "deaths_t": 0.04051724137931034, "assists_t": 0.056896551724137934, "csscore_t": 0.7633620689655173, "teamgold_t": 67.89094827586207, "vision_score_t": 0.8274385462560268, "wards_placed_t": 0.05862068965517241, "gold_graph_diffs_t": 14.274568965517242}