{"id": "EUN1_3585831464", "lvl": 1400, "literal level": "GOLD II", "time": 2185, "solokills_t": 0.004118993135011442, "kills_t": 0.029748283752860413, "kp": 0.4816770186335403, "deaths_t": 0.029748283752860413, "assists_t": 0.043935926773455376, "csscore_t": 0.882837528604119, "teamgold_t": 65.53272311212815, "vision_score_t": 1.1902629910486178, "wards_placed_t": 0.07597254004576659, "gold_graph_diffs_t": 12.723569794050343}