{"id": "EUN1_3566779401", "lvl": 800, "literal level": "SILVER IV", "time": 1804, "solokills_t": 0.006097560975609756, "kills_t": 0.03048780487804878, "kp": 0.48932748538011694, "deaths_t": 0.03048780487804878, "assists_t": 0.04434589800443459, "csscore_t": 0.7566518847006651, "teamgold_t": 62.133037694013304, "vision_score_t": 0.845916070684886, "wards_placed_t": 0.06319290465631928, "gold_graph_diffs_t": 12.452328159645234}