{"id": "EUN1_3567519496", "lvl": 1300, "literal level": "GOLD III", "time": 2115, "solokills_t": 0.009929078014184398, "kills_t": 0.04491725768321513, "kp": 0.4378354203935599, "deaths_t": 0.04491725768321513, "assists_t": 0.05342789598108747, "csscore_t": 0.724822695035461, "teamgold_t": 68.91962174940899, "vision_score_t": 0.8619641928563724, "wards_placed_t": 0.059574468085106386, "gold_graph_diffs_t": 16.162174940898346}