{"id": "EUN1_3564344431", "lvl": 800, "literal level": "SILVER IV", "time": 2238, "solokills_t": 0.010277033065236819, "kills_t": 0.044682752457551385, "kp": 0.47740384615384607, "deaths_t": 0.044682752457551385, "assists_t": 0.06210902591599642, "csscore_t": 0.7274352100089365, "teamgold_t": 70.53708668453977, "vision_score_t": 0.7707189409045415, "wards_placed_t": 0.05317247542448615, "gold_graph_diffs_t": 16.735478105451296}