{"id": "EUN1_3567474441", "lvl": 1000, "literal level": "SILVER II", "time": 2284, "solokills_t": 0.0070052539404553416, "kills_t": 0.03021015761821366, "kp": 0.5153310104529616, "deaths_t": 0.03021015761821366, "assists_t": 0.046847635726795095, "csscore_t": 0.8226795096322241, "teamgold_t": 63.12565674255692, "vision_score_t": 0.7848480870099964, "wards_placed_t": 0.05735551663747811, "gold_graph_diffs_t": 10.686952714535902}