{"id": "EUN1_3535852743", "lvl": 1400, "literal level": "GOLD II", "time": 1620, "solokills_t": 0.015432098765432098, "kills_t": 0.04567901234567901, "kp": 0.4202930402930402, "deaths_t": 0.04567901234567901, "assists_t": 0.05, "csscore_t": 0.7648148148148148, "teamgold_t": 67.08518518518518, "vision_score_t": 0.7264220136890677, "wards_placed_t": 0.05, "gold_graph_diffs_t": 13.722222222222221}