{"id": "EUN1_3557338922", "lvl": 900, "literal level": "SILVER III", "time": 1891, "solokills_t": 0.007932310946589107, "kills_t": 0.04389212057112639, "kp": 0.49727272727272737, "deaths_t": 0.04389212057112639, "assists_t": 0.0671602326811211, "csscore_t": 0.7165520888418826, "teamgold_t": 65.96351136964569, "vision_score_t": 0.7517866464959122, "wards_placed_t": 0.04970914859862507, "gold_graph_diffs_t": 12.80539397144368}