{"id": "EUN1_3560941649", "lvl": 1100, "literal level": "SILVER I", "time": 2427, "solokills_t": 0.015245158632056036, "kills_t": 0.04491141326740832, "kp": 0.4196503496503497, "deaths_t": 0.04491141326740832, "assists_t": 0.048207663782447466, "csscore_t": 0.7330037082818294, "teamgold_t": 68.93489905232798, "vision_score_t": 0.8037279081033539, "wards_placed_t": 0.06839719818706222, "gold_graph_diffs_t": 13.11619283065513}