{"id": "EUN1_3534869157", "lvl": 800, "literal level": "SILVER IV", "time": 2436, "solokills_t": 0.011494252873563218, "kills_t": 0.042692939244663386, "kp": 0.4550595238095238, "deaths_t": 0.04310344827586207, "assists_t": 0.054187192118226604, "csscore_t": 0.7438423645320197, "teamgold_t": 66.64244663382594, "vision_score_t": 0.8506891356765248, "wards_placed_t": 0.06116584564860427, "gold_graph_diffs_t": 14.291050903119869}