{"id": "EUN1_3573829193", "lvl": 1100, "literal level": "SILVER I", "time": 2485, "solokills_t": 0.021327967806841045, "kills_t": 0.0579476861167002, "kp": 0.3926829268292683, "deaths_t": 0.0579476861167002, "assists_t": 0.055533199195171024, "csscore_t": 0.7851106639839034, "teamgold_t": 76.5158953722334, "vision_score_t": 0.947181375574582, "wards_placed_t": 0.07042253521126761, "gold_graph_diffs_t": 18.358953722334004}