{"id": "EUN1_3572954984", "lvl": 1200, "literal level": "GOLD IV", "time": 1448, "solokills_t": 0.013121546961325966, "kills_t": 0.04488950276243094, "kp": 0.4188888888888889, "deaths_t": 0.04488950276243094, "assists_t": 0.04558011049723757, "csscore_t": 0.7755524861878453, "teamgold_t": 68.52486187845304, "vision_score_t": 0.90018942254119, "wards_placed_t": 0.06560773480662983, "gold_graph_diffs_t": 13.303867403314918}