{"id": "EUN1_3579120357", "lvl": 500, "literal level": "BRONZE III", "time": 2496, "solokills_t": 0.005208333333333333, "kills_t": 0.03365384615384615, "kp": 0.5324446965399885, "deaths_t": 0.03365384615384615, "assists_t": 0.05568910256410257, "csscore_t": 0.6875, "teamgold_t": 62.94350961538461, "vision_score_t": 0.917977911205689, "wards_placed_t": 0.06690705128205128, "gold_graph_diffs_t": 11.204727564102564}