{"id": "EUN1_3567602247", "lvl": 600, "literal level": "BRONZE II", "time": 2190, "solokills_t": 0.007762557077625571, "kills_t": 0.03881278538812785, "kp": 0.45411036036036034, "deaths_t": 0.03881278538812785, "assists_t": 0.049315068493150684, "csscore_t": 0.8342465753424657, "teamgold_t": 70.6027397260274, "vision_score_t": 0.8166381981382596, "wards_placed_t": 0.06164383561643835, "gold_graph_diffs_t": 15.918721461187214}