{"id": "EUN1_3568350523", "lvl": 900, "literal level": "SILVER III", "time": 1676, "solokills_t": 0.013126491646778043, "kills_t": 0.038782816229116945, "kp": 0.4428571428571429, "deaths_t": 0.038782816229116945, "assists_t": 0.046539379474940336, "csscore_t": 0.7505966587112172, "teamgold_t": 64.9618138424821, "vision_score_t": 0.9230579570308164, "wards_placed_t": 0.07696897374701671, "gold_graph_diffs_t": 12.636038186157517}