{"id": "EUN1_3576013936", "lvl": 800, "literal level": "SILVER IV", "time": 1949, "solokills_t": 0.0107747562852745, "kills_t": 0.04258594150846588, "kp": 0.4418331374853114, "deaths_t": 0.04258594150846588, "assists_t": 0.05233453052847614, "csscore_t": 0.7701385325808107, "teamgold_t": 69.23755772190867, "vision_score_t": 0.8301156601614558, "wards_placed_t": 0.059517701385325805, "gold_graph_diffs_t": 14.345818368394049}