{"id": "EUN1_3558938965", "lvl": 1100, "literal level": "SILVER I", "time": 1718, "solokills_t": 0.008731082654249126, "kills_t": 0.03841676367869616, "kp": 0.49849624060150377, "deaths_t": 0.03841676367869616, "assists_t": 0.056461001164144355, "csscore_t": 0.7427240977881258, "teamgold_t": 65.68684516880093, "vision_score_t": 0.6959807867749916, "wards_placed_t": 0.051222351571594875, "gold_graph_diffs_t": 14.025611175785798}