{"id": "EUN1_3565340394", "lvl": 1000, "literal level": "SILVER II", "time": 1763, "solokills_t": 0.010777084515031198, "kills_t": 0.0476460578559274, "kp": 0.4661057692307692, "deaths_t": 0.04821327283040272, "assists_t": 0.06466250709018719, "csscore_t": 0.732274532047646, "teamgold_t": 68.62790697674419, "vision_score_t": 0.6529254288120874, "wards_placed_t": 0.05161656267725468, "gold_graph_diffs_t": 14.327283040272263}