{"id": "EUN1_3566431378", "lvl": 700, "literal level": "BRONZE I", "time": 1468, "solokills_t": 0.008855585831062671, "kills_t": 0.03201634877384196, "kp": 0.4340725806451613, "deaths_t": 0.03201634877384196, "assists_t": 0.03474114441416894, "csscore_t": 0.8106267029972752, "teamgold_t": 61.86171662125341, "vision_score_t": 0.6882860773814939, "wards_placed_t": 0.05722070844686648, "gold_graph_diffs_t": 15.248637602179837}