{"id": "EUN1_3534245531", "lvl": 800, "literal level": "SILVER IV", "time": 1675, "solokills_t": 0.007164179104477612, "kills_t": 0.0382089552238806, "kp": 0.419766081871345, "deaths_t": 0.0382089552238806, "assists_t": 0.04597014925373134, "csscore_t": 0.7802985074626866, "teamgold_t": 61.282985074626865, "vision_score_t": 0.8169662836167328, "wards_placed_t": 0.06328358208955225, "gold_graph_diffs_t": 10.637014925373135}