{"id": "EUN1_3567968061", "lvl": 1200, "literal level": "GOLD IV", "time": 1542, "solokills_t": 0.017509727626459144, "kills_t": 0.046044098573281456, "kp": 0.3738709677419355, "deaths_t": 0.046044098573281456, "assists_t": 0.040207522697795074, "csscore_t": 0.830739299610895, "teamgold_t": 67.89429312581063, "vision_score_t": 0.8418861833224464, "wards_placed_t": 0.05382619974059663, "gold_graph_diffs_t": 12.278210116731518}