{"id": "EUN1_3568653984", "lvl": 800, "literal level": "SILVER IV", "time": 1172, "solokills_t": 0.015358361774744027, "kills_t": 0.03924914675767918, "kp": 0.3759803921568628, "deaths_t": 0.03924914675767918, "assists_t": 0.04010238907849829, "csscore_t": 0.7039249146757679, "teamgold_t": 60.51450511945392, "vision_score_t": 0.7066060436002404, "wards_placed_t": 0.059726962457337884, "gold_graph_diffs_t": 11.668088737201366}