{"id": "EUN1_3577425847", "lvl": 1100, "literal level": "SILVER I", "time": 1806, "solokills_t": 0.01273532668881506, "kills_t": 0.036544850498338874, "kp": 0.4004878048780487, "deaths_t": 0.036544850498338874, "assists_t": 0.03488372093023256, "csscore_t": 0.8449612403100775, "teamgold_t": 64.7375415282392, "vision_score_t": 0.9232632351773375, "wards_placed_t": 0.0664451827242525, "gold_graph_diffs_t": 13.335548172757475}