{"id": "EUN1_3553933414", "lvl": 900, "literal level": "SILVER III", "time": 1295, "solokills_t": 0.016216216216216217, "kills_t": 0.03552123552123552, "kp": 0.3436363636363636, "deaths_t": 0.03552123552123552, "assists_t": 0.02702702702702703, "csscore_t": 0.7498069498069498, "teamgold_t": 58.67258687258687, "vision_score_t": 0.7014926938753362, "wards_placed_t": 0.05328185328185328, "gold_graph_diffs_t": 10.266409266409266}