{"id": "EUN1_3577189126", "lvl": 900, "literal level": "SILVER III", "time": 1242, "solokills_t": 0.014492753623188406, "kills_t": 0.033816425120772944, "kp": 0.34, "deaths_t": 0.03462157809983897, "assists_t": 0.026570048309178744, "csscore_t": 0.7640901771336553, "teamgold_t": 60.6610305958132, "vision_score_t": 0.5805409505988077, "wards_placed_t": 0.05152979066022544, "gold_graph_diffs_t": 17.4597423510467}