{"id": "EUN1_3571532915", "lvl": 700, "literal level": "BRONZE I", "time": 945, "solokills_t": 0.013756613756613757, "kills_t": 0.02962962962962963, "kp": 0.325, "deaths_t": 0.02962962962962963, "assists_t": 0.020105820105820106, "csscore_t": 0.7502645502645503, "teamgold_t": 58.680423280423284, "vision_score_t": 0.4897502564341198, "wards_placed_t": 0.042328042328042326, "gold_graph_diffs_t": 8.913227513227513}