{"id": "EUN1_3565753468", "lvl": 700, "literal level": "BRONZE I", "time": 2454, "solokills_t": 0.008964955175224124, "kills_t": 0.044009779951100246, "kp": 0.4673076923076923, "deaths_t": 0.044009779951100246, "assists_t": 0.05867970660146699, "csscore_t": 0.7640586797066015, "teamgold_t": 68.88997555012224, "vision_score_t": 0.7197541742004603, "wards_placed_t": 0.05052974735126324, "gold_graph_diffs_t": 15.858190709046454}