{"id": "EUN1_3567173198", "lvl": 900, "literal level": "SILVER III", "time": 1539, "solokills_t": 0.010396361273554255, "kills_t": 0.02729044834307992, "kp": 0.3735576923076923, "deaths_t": 0.02729044834307992, "assists_t": 0.024041585445094216, "csscore_t": 0.8680961663417803, "teamgold_t": 61.12865497076023, "vision_score_t": 0.6931872513386986, "wards_placed_t": 0.05198180636777128, "gold_graph_diffs_t": 10.334632878492528}