{"id": "EUN1_3563583106", "lvl": 1200, "literal level": "GOLD IV", "time": 2422, "solokills_t": 0.012386457473162676, "kills_t": 0.03757225433526012, "kp": 0.37582582582582585, "deaths_t": 0.03757225433526012, "assists_t": 0.0342691990090834, "csscore_t": 0.8769611890999174, "teamgold_t": 68.24731626754748, "vision_score_t": 0.8658527468832113, "wards_placed_t": 0.06234516928158547, "gold_graph_diffs_t": 12.340627580511974}