{"id": "EUN1_3566848620", "lvl": 600, "literal level": "BRONZE II", "time": 1517, "solokills_t": 0.013183915622940013, "kills_t": 0.03164139749505603, "kp": 0.3936974789915966, "deaths_t": 0.03164139749505603, "assists_t": 0.028345418589321027, "csscore_t": 0.7791694133157547, "teamgold_t": 61.78773895847067, "vision_score_t": 0.7636281268783653, "wards_placed_t": 0.05669083717864205, "gold_graph_diffs_t": 11.593935398813448}