{"id": "EUN1_3572662263", "lvl": 600, "literal level": "BRONZE II", "time": 922, "solokills_t": 0.01193058568329718, "kills_t": 0.027114967462039046, "kp": 0.36071428571428565, "deaths_t": 0.027114967462039046, "assists_t": 0.0227765726681128, "csscore_t": 0.7787418655097614, "teamgold_t": 57.36876355748373, "vision_score_t": 0.6949178931353612, "wards_placed_t": 0.057483731019522775, "gold_graph_diffs_t": 13.123644251626898}