{"id": "EUN1_3576346390", "lvl": 900, "literal level": "SILVER III", "time": 1778, "solokills_t": 0.010686164229471317, "kills_t": 0.04105736782902137, "kp": 0.43079365079365084, "deaths_t": 0.04105736782902137, "assists_t": 0.04611923509561305, "csscore_t": 0.7671541057367829, "teamgold_t": 66.92913385826772, "vision_score_t": 1.0750679882012801, "wards_placed_t": 0.07480314960629922, "gold_graph_diffs_t": 14.838020247469066}