{"id": "EUN1_3563077271", "lvl": 1300, "literal level": "GOLD III", "time": 2229, "solokills_t": 0.008075370121130552, "kills_t": 0.03454463885150292, "kp": 0.43979591836734694, "deaths_t": 0.03454463885150292, "assists_t": 0.04262000897263347, "csscore_t": 0.8079856437864513, "teamgold_t": 64.97846567967699, "vision_score_t": 1.0073486182611766, "wards_placed_t": 0.07043517272319426, "gold_graph_diffs_t": 12.47330641543293}