{"id": "EUN1_3584687417", "lvl": 1700, "literal level": "PLATINUM III", "time": 2077, "solokills_t": 0.008666345690900338, "kills_t": 0.02888781896966779, "kp": 0.465, "deaths_t": 0.02888781896966779, "assists_t": 0.03803562831006259, "csscore_t": 0.85652383245065, "teamgold_t": 62.07896003851709, "vision_score_t": 1.0225850920842332, "wards_placed_t": 0.0693307655272027, "gold_graph_diffs_t": 12.106884930187771}