{"id": "EUN1_3567493500", "lvl": 1100, "literal level": "SILVER I", "time": 2352, "solokills_t": 0.016156462585034014, "kills_t": 0.03784013605442177, "kp": 0.37043343653250776, "deaths_t": 0.03784013605442177, "assists_t": 0.03273809523809524, "csscore_t": 0.8112244897959183, "teamgold_t": 66.19770408163265, "vision_score_t": 0.8008401829456215, "wards_placed_t": 0.060799319727891155, "gold_graph_diffs_t": 12.942602040816327}