{"id": "EUN1_3575111852", "lvl": 900, "literal level": "SILVER III", "time": 1966, "solokills_t": 0.006103763987792472, "kills_t": 0.03967446592065107, "kp": 0.5128205128205129, "deaths_t": 0.03967446592065107, "assists_t": 0.06205493387589013, "csscore_t": 0.7273652085452695, "teamgold_t": 66.20549338758902, "vision_score_t": 0.78490628921894, "wards_placed_t": 0.06002034587995931, "gold_graph_diffs_t": 15.188199389623602}