{"id": "EUN1_3565908144", "lvl": 800, "literal level": "SILVER IV", "time": 1838, "solokills_t": 0.009793253536452665, "kills_t": 0.042437431991294884, "kp": 0.4725, "deaths_t": 0.04298150163220892, "assists_t": 0.057127312295973884, "csscore_t": 0.6800870511425462, "teamgold_t": 65.78400435255713, "vision_score_t": 1.1220816394849518, "wards_placed_t": 0.08161044613710555, "gold_graph_diffs_t": 15.535908596300326}