{"id": "EUN1_3580684533", "lvl": 900, "literal level": "SILVER III", "time": 1616, "solokills_t": 0.011138613861386138, "kills_t": 0.040222772277227724, "kp": 0.4075569358178054, "deaths_t": 0.040222772277227724, "assists_t": 0.0426980198019802, "csscore_t": 0.8267326732673267, "teamgold_t": 68.03898514851485, "vision_score_t": 0.9845113981835791, "wards_placed_t": 0.07178217821782178, "gold_graph_diffs_t": 14.993193069306932}