{"id": "EUN1_3563845996", "lvl": 800, "literal level": "SILVER IV", "time": 728, "solokills_t": 0.004120879120879121, "kills_t": 0.017857142857142856, "kp": 0.4133333333333334, "deaths_t": 0.017857142857142856, "assists_t": 0.016483516483516484, "csscore_t": 0.7623626373626373, "teamgold_t": 54.125, "vision_score_t": 0.4894402183454332, "wards_placed_t": 0.04395604395604396, "gold_graph_diffs_t": 11.25412087912088}