{"id": "EUN1_3576706612", "lvl": 1000, "literal level": "SILVER II", "time": 1478, "solokills_t": 0.008119079837618403, "kills_t": 0.033152909336941816, "kp": 0.39192982456140346, "deaths_t": 0.033152909336941816, "assists_t": 0.03112313937753721, "csscore_t": 0.7963464140730717, "teamgold_t": 61.79702300405954, "vision_score_t": 0.7871947263148231, "wards_placed_t": 0.05751014884979702, "gold_graph_diffs_t": 11.583220568335589}