{"id": "EUN1_3579297843", "lvl": 1000, "literal level": "SILVER II", "time": 2203, "solokills_t": 0.014979573309123922, "kills_t": 0.03404448479346346, "kp": 0.38116883116883116, "deaths_t": 0.03404448479346346, "assists_t": 0.029959146618247844, "csscore_t": 0.8656377666817976, "teamgold_t": 65.90195188379482, "vision_score_t": 0.738671140655557, "wards_placed_t": 0.05492510213345438, "gold_graph_diffs_t": 12.762596459373581}