{"id": "EUN1_3553919754", "lvl": 800, "literal level": "SILVER IV", "time": 2035, "solokills_t": 0.008845208845208846, "kills_t": 0.03832923832923833, "kp": 0.4259510869565218, "deaths_t": 0.03832923832923833, "assists_t": 0.0457002457002457, "csscore_t": 0.8447174447174447, "teamgold_t": 67.33415233415234, "vision_score_t": 0.8026316643077773, "wards_placed_t": 0.06191646191646192, "gold_graph_diffs_t": 14.579361179361179}