{"id": "EUN1_3558850557", "lvl": 900, "literal level": "SILVER III", "time": 2655, "solokills_t": 0.008662900188323917, "kills_t": 0.04105461393596987, "kp": 0.4778124999999999, "deaths_t": 0.04105461393596987, "assists_t": 0.0583804143126177, "csscore_t": 0.71939736346516, "teamgold_t": 67.84143126177024, "vision_score_t": 0.8265076152025745, "wards_placed_t": 0.06177024482109228, "gold_graph_diffs_t": 13.661393596986818}