{"id": "EUN1_3550620942", "lvl": 1000, "literal level": "SILVER II", "time": 2085, "solokills_t": 0.006235011990407674, "kills_t": 0.04268585131894485, "kp": 0.5003611971104232, "deaths_t": 0.04268585131894485, "assists_t": 0.06378896882494005, "csscore_t": 0.7587529976019185, "teamgold_t": 68.2474820143885, "vision_score_t": 0.9624278182542125, "wards_placed_t": 0.06426858513189448, "gold_graph_diffs_t": 14.776978417266188}