{"id": "EUN1_3557710967", "lvl": 900, "literal level": "SILVER III", "time": 1598, "solokills_t": 0.015644555694618274, "kills_t": 0.04943679599499374, "kp": 0.39504504504504506, "deaths_t": 0.04943679599499374, "assists_t": 0.04881101376720901, "csscore_t": 0.7853566958698373, "teamgold_t": 70.23404255319149, "vision_score_t": 0.7495074589682416, "wards_placed_t": 0.058823529411764705, "gold_graph_diffs_t": 12.391739674593241}