{"id": "EUN1_3576206506", "lvl": 1300, "literal level": "GOLD III", "time": 1785, "solokills_t": 0.008963585434173669, "kills_t": 0.039775910364145656, "kp": 0.4124794745484401, "deaths_t": 0.039775910364145656, "assists_t": 0.04145658263305322, "csscore_t": 0.8549019607843137, "teamgold_t": 69.02913165266106, "vision_score_t": 0.8567638137313762, "wards_placed_t": 0.06554621848739496, "gold_graph_diffs_t": 12.282913165266107}