{"id": "EUN1_3549576208", "lvl": 2200, "literal level": "EMERALD II", "time": 1415, "solokills_t": 0.0077738515901060075, "kills_t": 0.025441696113074206, "kp": 0.40295566502463054, "deaths_t": 0.026148409893992933, "assists_t": 0.028268551236749116, "csscore_t": 0.8600706713780919, "teamgold_t": 62.032508833922265, "vision_score_t": 0.7566603624525108, "wards_placed_t": 0.05653710247349823, "gold_graph_diffs_t": 15.036042402826855}