{"id": "EUN1_3538901582", "lvl": 2100, "literal level": "EMERALD III", "time": 1281, "solokills_t": 0.0156128024980484, "kills_t": 0.0468384074941452, "kp": 0.38319623971797884, "deaths_t": 0.047619047619047616, "assists_t": 0.0429352068696331, "csscore_t": 0.8235753317720531, "teamgold_t": 70.39656518345043, "vision_score_t": 0.8199601612612023, "wards_placed_t": 0.06088992974238876, "gold_graph_diffs_t": 10.978922716627634}