{"id": "EUN1_3552861573", "lvl": 2300, "literal level": "EMERALD I", "time": 1826, "solokills_t": 0.007667031763417305, "kills_t": 0.033953997809419496, "kp": 0.43910256410256404, "deaths_t": 0.033953997809419496, "assists_t": 0.039978094194961664, "csscore_t": 0.80065717415115, "teamgold_t": 63.940306681270535, "vision_score_t": 0.9204818676426413, "wards_placed_t": 0.06352683461117196, "gold_graph_diffs_t": 14.921686746987952}