{"id": "EUN1_3585913786", "lvl": 1800, "literal level": "PLATINUM II", "time": 2076, "solokills_t": 0.00674373795761079, "kills_t": 0.04383429672447013, "kp": 0.47505050505050506, "deaths_t": 0.04383429672447013, "assists_t": 0.06117533718689788, "csscore_t": 0.8000963391136802, "teamgold_t": 70.28468208092485, "vision_score_t": 0.9387180104554276, "wards_placed_t": 0.06647398843930635, "gold_graph_diffs_t": 15.367533718689788}