{"id": "EUN1_3554172746", "lvl": 2000, "literal level": "EMERALD IV", "time": 2218, "solokills_t": 0.008566275924256087, "kills_t": 0.03787195671776375, "kp": 0.48542257515598414, "deaths_t": 0.03787195671776375, "assists_t": 0.05410279531109107, "csscore_t": 0.8480613165013525, "teamgold_t": 67.8638412984671, "vision_score_t": 1.0005120155362346, "wards_placed_t": 0.06311992786293959, "gold_graph_diffs_t": 14.987376014427412}