{"id": "EUN1_3585763370", "lvl": 1700, "literal level": "PLATINUM III", "time": 1121, "solokills_t": 0.013380909901873328, "kills_t": 0.039250669045495096, "kp": 0.39895833333333336, "deaths_t": 0.039250669045495096, "assists_t": 0.03746654772524532, "csscore_t": 0.7591436217662801, "teamgold_t": 66.79304192685103, "vision_score_t": 0.8515930061126928, "wards_placed_t": 0.06690454950936664, "gold_graph_diffs_t": 15.47992863514719}