{"id": "EUN1_3580151151", "lvl": 2100, "literal level": "EMERALD III", "time": 1596, "solokills_t": 0.015037593984962405, "kills_t": 0.043859649122807015, "kp": 0.40690789473684214, "deaths_t": 0.043859649122807015, "assists_t": 0.045739348370927316, "csscore_t": 0.8452380952380952, "teamgold_t": 69.15100250626567, "vision_score_t": 0.8869938697895663, "wards_placed_t": 0.06328320802005012, "gold_graph_diffs_t": 13.790100250626567}