{"id": "EUN1_3586412679", "lvl": 2100, "literal level": "EMERALD III", "time": 1836, "solokills_t": 0.007625272331154684, "kills_t": 0.03758169934640523, "kp": 0.4513513513513514, "deaths_t": 0.03758169934640523, "assists_t": 0.04793028322440087, "csscore_t": 0.9074074074074074, "teamgold_t": 68.85620915032679, "vision_score_t": 1.0330671906645665, "wards_placed_t": 0.06753812636165578, "gold_graph_diffs_t": 11.549019607843137}