{"id": "EUN1_3576050512", "lvl": 2000, "literal level": "EMERALD IV", "time": 1764, "solokills_t": 0.006802721088435374, "kills_t": 0.04421768707482993, "kp": 0.5204785362420831, "deaths_t": 0.04421768707482993, "assists_t": 0.07142857142857142, "csscore_t": 0.8304988662131519, "teamgold_t": 72.7046485260771, "vision_score_t": 1.0635886341964587, "wards_placed_t": 0.07369614512471655, "gold_graph_diffs_t": 15.609410430839002}