{"id": "EUN1_3586864748", "lvl": 1900, "literal level": "PLATINUM I", "time": 1776, "solokills_t": 0.015202702702702704, "kills_t": 0.04560810810810811, "kp": 0.398921832884097, "deaths_t": 0.04560810810810811, "assists_t": 0.0472972972972973, "csscore_t": 0.9217342342342343, "teamgold_t": 73.34797297297297, "vision_score_t": 0.7447634194392858, "wards_placed_t": 0.05067567567567568, "gold_graph_diffs_t": 12.451576576576576}