{"id": "EUN1_3552837880", "lvl": 2300, "literal level": "EMERALD I", "time": 2128, "solokills_t": 0.0037593984962406013, "kills_t": 0.03477443609022556, "kp": 0.5383928571428571, "deaths_t": 0.03477443609022556, "assists_t": 0.0606203007518797, "csscore_t": 0.8679511278195489, "teamgold_t": 67.6672932330827, "vision_score_t": 1.196314072321599, "wards_placed_t": 0.0794172932330827, "gold_graph_diffs_t": 14.210526315789474}