{"id": "EUN1_3576102405", "lvl": 2100, "literal level": "EMERALD III", "time": 2526, "solokills_t": 0.011480601741884403, "kills_t": 0.043547110055423596, "kp": 0.4314057826520439, "deaths_t": 0.043547110055423596, "assists_t": 0.0510688836104513, "csscore_t": 0.828978622327791, "teamgold_t": 70.9809976247031, "vision_score_t": 1.063591636242434, "wards_placed_t": 0.06848772763262075, "gold_graph_diffs_t": 15.159936658749011}