{"id": "EUN1_3547754161", "lvl": 2200, "literal level": "EMERALD II", "time": 1732, "solokills_t": 0.008083140877598153, "kills_t": 0.027136258660508082, "kp": 0.45108695652173914, "deaths_t": 0.027136258660508082, "assists_t": 0.034064665127020784, "csscore_t": 0.918013856812933, "teamgold_t": 63.52829099307159, "vision_score_t": 0.9044636264725068, "wards_placed_t": 0.06928406466512702, "gold_graph_diffs_t": 13.913972286374134}