{"id": "EUN1_3566846409", "lvl": 2100, "literal level": "EMERALD III", "time": 2139, "solokills_t": 0.005142589995324918, "kills_t": 0.03319308087891538, "kp": 0.4745528455284552, "deaths_t": 0.03319308087891538, "assists_t": 0.04628330995792426, "csscore_t": 0.8784478728377747, "teamgold_t": 67.96727442730248, "vision_score_t": 0.9419106334553857, "wards_placed_t": 0.061711079943899017, "gold_graph_diffs_t": 15.3492286115007}