{"id": "EUN1_3581234888", "lvl": 2000, "literal level": "EMERALD IV", "time": 1115, "solokills_t": 0.009865470852017937, "kills_t": 0.033183856502242155, "kp": 0.3932539682539683, "deaths_t": 0.033183856502242155, "assists_t": 0.029596412556053813, "csscore_t": 0.9847533632286996, "teamgold_t": 68.08071748878923, "vision_score_t": 0.6632254570702472, "wards_placed_t": 0.051121076233183856, "gold_graph_diffs_t": 14.02152466367713}