{"id": "EUN1_3546886682", "lvl": 2200, "literal level": "EMERALD II", "time": 1696, "solokills_t": 0.008254716981132075, "kills_t": 0.03537735849056604, "kp": 0.43540669856459335, "deaths_t": 0.03537735849056604, "assists_t": 0.04245283018867924, "csscore_t": 0.816627358490566, "teamgold_t": 65.69044811320755, "vision_score_t": 0.9991250419288491, "wards_placed_t": 0.0660377358490566, "gold_graph_diffs_t": 12.392099056603774}