{"id": "EUN1_3568506812", "lvl": 2100, "literal level": "EMERALD III", "time": 1729, "solokills_t": 0.01156737998843262, "kills_t": 0.031231925968768073, "kp": 0.42777777777777776, "deaths_t": 0.031231925968768073, "assists_t": 0.035858877964141125, "csscore_t": 0.8525159051474841, "teamgold_t": 62.21688837478311, "vision_score_t": 0.9932007579887875, "wards_placed_t": 0.06940427993059572, "gold_graph_diffs_t": 12.582417582417582}