{"id": "EUN1_3586904363", "lvl": 2000, "literal level": "EMERALD IV", "time": 965, "solokills_t": 0.008290155440414507, "kills_t": 0.025906735751295335, "kp": 0.3702380952380952, "deaths_t": 0.025906735751295335, "assists_t": 0.02383419689119171, "csscore_t": 0.8528497409326425, "teamgold_t": 57.391709844559585, "vision_score_t": 0.6612181884041562, "wards_placed_t": 0.05181347150259067, "gold_graph_diffs_t": 12.239378238341969}