{"id": "EUN1_3569875527", "lvl": 1800, "literal level": "PLATINUM II", "time": 1441, "solokills_t": 0.006939625260235947, "kills_t": 0.03608605135322693, "kp": 0.5349282296650718, "deaths_t": 0.03608605135322693, "assists_t": 0.05829285218598196, "csscore_t": 0.816793893129771, "teamgold_t": 65.46217904233171, "vision_score_t": 0.6050727701570728, "wards_placed_t": 0.04510756419153366, "gold_graph_diffs_t": 12.93615544760583}