{"id": "EUN1_3570994903", "lvl": 2100, "literal level": "EMERALD III", "time": 1292, "solokills_t": 0.005417956656346749, "kills_t": 0.02321981424148607, "kp": 0.4465909090909091, "deaths_t": 0.02321981424148607, "assists_t": 0.027089783281733747, "csscore_t": 0.9295665634674922, "teamgold_t": 59.12770897832817, "vision_score_t": 0.9850219337248731, "wards_placed_t": 0.058823529411764705, "gold_graph_diffs_t": 9.40015479876161}