{"id": "EUN1_3586923109", "lvl": 2100, "literal level": "EMERALD III", "time": 1825, "solokills_t": 0.008767123287671232, "kills_t": 0.03123287671232877, "kp": 0.41818181818181815, "deaths_t": 0.03123287671232877, "assists_t": 0.033424657534246574, "csscore_t": 0.9046575342465754, "teamgold_t": 67.64054794520548, "vision_score_t": 0.8936463387983977, "wards_placed_t": 0.06356164383561644, "gold_graph_diffs_t": 12.158904109589042}