{"id": "EUN1_3564829480", "lvl": 2000, "literal level": "EMERALD IV", "time": 1746, "solokills_t": 0.009163802978235968, "kills_t": 0.04009163802978236, "kp": 0.45850340136054424, "deaths_t": 0.04009163802978236, "assists_t": 0.052691867124856816, "csscore_t": 0.8132875143184422, "teamgold_t": 69.94616265750287, "vision_score_t": 0.9170600065543859, "wards_placed_t": 0.06529209621993128, "gold_graph_diffs_t": 15.104238258877434}