{"id": "EUN1_3544191757", "lvl": 1900, "literal level": "PLATINUM I", "time": 1451, "solokills_t": 0.01171605789110958, "kills_t": 0.04066161268090972, "kp": 0.40869565217391307, "deaths_t": 0.04066161268090972, "assists_t": 0.04203997243280496, "csscore_t": 0.8697450034458993, "teamgold_t": 68.96554100620261, "vision_score_t": 0.7903702044167076, "wards_placed_t": 0.059269469331495524, "gold_graph_diffs_t": 14.735354927636113}