{"id": "EUN1_3552652423", "lvl": 2200, "literal level": "EMERALD II", "time": 1839, "solokills_t": 0.01794453507340946, "kills_t": 0.04676454594888527, "kp": 0.3604651162790698, "deaths_t": 0.04676454594888527, "assists_t": 0.037520391517128875, "csscore_t": 0.8651441000543774, "teamgold_t": 74.1305057096248, "vision_score_t": 1.0511900676194235, "wards_placed_t": 0.07286568787384448, "gold_graph_diffs_t": 17.281131049483413}