{"id": "EUN1_3579836668", "lvl": 2200, "literal level": "EMERALD II", "time": 1767, "solokills_t": 0.00622524052065648, "kills_t": 0.035653650254668934, "kp": 0.5074844074844075, "deaths_t": 0.03621958121109225, "assists_t": 0.05432937181663837, "csscore_t": 0.8958687040181098, "teamgold_t": 68.87945670628183, "vision_score_t": 0.8075500365202888, "wards_placed_t": 0.05263157894736842, "gold_graph_diffs_t": 14.508205998868139}