{"id": "EUN1_3551427065", "lvl": 2300, "literal level": "EMERALD I", "time": 920, "solokills_t": 0.010869565217391304, "kills_t": 0.03152173913043478, "kp": 0.36, "deaths_t": 0.03152173913043478, "assists_t": 0.029347826086956522, "csscore_t": 0.8956521739130435, "teamgold_t": 64.79130434782608, "vision_score_t": 0.7136261352500559, "wards_placed_t": 0.05, "gold_graph_diffs_t": 10.534782608695652}