{"id": "EUN1_3568094512", "lvl": 2000, "literal level": "EMERALD IV", "time": 1667, "solokills_t": 0.00599880023995201, "kills_t": 0.03179364127174565, "kp": 0.5284829721362229, "deaths_t": 0.032993401319736056, "assists_t": 0.052789442111577684, "csscore_t": 0.8416316736652669, "teamgold_t": 64.59808038392322, "vision_score_t": 1.0168841867492249, "wards_placed_t": 0.07198560287942411, "gold_graph_diffs_t": 14.355728854229154}