{"id": "EUN1_3583734439", "lvl": 2100, "literal level": "EMERALD III", "time": 1917, "solokills_t": 0.00782472613458529, "kills_t": 0.05112154407929056, "kp": 0.5276310272536688, "deaths_t": 0.05112154407929056, "assists_t": 0.08242044861763172, "csscore_t": 0.8408972352634324, "teamgold_t": 74.39227960354721, "vision_score_t": 1.0805286033908632, "wards_placed_t": 0.06885758998435054, "gold_graph_diffs_t": 18.049034950443403}