{"id": "EUN1_3543679629", "lvl": 1800, "literal level": "PLATINUM II", "time": 2041, "solokills_t": 0.006369426751592357, "kills_t": 0.03723664870161685, "kp": 0.49317073170731707, "deaths_t": 0.03723664870161685, "assists_t": 0.05536501714845664, "csscore_t": 0.7834394904458599, "teamgold_t": 65.6829985301323, "vision_score_t": 0.9187524874945927, "wards_placed_t": 0.06124448799608035, "gold_graph_diffs_t": 13.155805977462029}