{"id": "EUN1_3585520975", "lvl": 2000, "literal level": "EMERALD IV", "time": 1623, "solokills_t": 0.011090573012939002, "kills_t": 0.04436229205175601, "kp": 0.4155844155844156, "deaths_t": 0.04436229205175601, "assists_t": 0.04682686383240912, "csscore_t": 0.7732593961799138, "teamgold_t": 69.51447935921134, "vision_score_t": 0.9477745014852209, "wards_placed_t": 0.06531115218730746, "gold_graph_diffs_t": 11.898952556993223}