{"id": "EUN1_3583466585", "lvl": 2000, "literal level": "EMERALD IV", "time": 1438, "solokills_t": 0.009735744089012517, "kills_t": 0.03268428372739916, "kp": 0.44854166666666667, "deaths_t": 0.03337969401947149, "assists_t": 0.04033379694019471, "csscore_t": 0.8066759388038943, "teamgold_t": 62.073018080667595, "vision_score_t": 0.784720081042135, "wards_placed_t": 0.0521557719054242, "gold_graph_diffs_t": 12.130041724617524}