{"id": "EUN1_3585959154", "lvl": 2000, "literal level": "EMERALD IV", "time": 2395, "solokills_t": 0.007933194154488519, "kills_t": 0.04384133611691023, "kp": 0.5703193033381713, "deaths_t": 0.04384133611691023, "assists_t": 0.08100208768267224, "csscore_t": 0.8488517745302714, "teamgold_t": 70.76116910229645, "vision_score_t": 0.9682412045596005, "wards_placed_t": 0.06012526096033403, "gold_graph_diffs_t": 14.54321503131524}