{"id": "EUN1_3584286075", "lvl": 2100, "literal level": "EMERALD III", "time": 1911, "solokills_t": 0.0052328623757195184, "kills_t": 0.03453689167974882, "kp": 0.5181818181818182, "deaths_t": 0.03453689167974882, "assists_t": 0.0575614861329147, "csscore_t": 0.7901622187336473, "teamgold_t": 65.13553113553114, "vision_score_t": 0.844672600641726, "wards_placed_t": 0.06070120355834641, "gold_graph_diffs_t": 13.026687598116169}