{"id": "EUN1_3571309190", "lvl": 1900, "literal level": "PLATINUM I", "time": 2136, "solokills_t": 0.007022471910112359, "kills_t": 0.03838951310861423, "kp": 0.4830143540669857, "deaths_t": 0.03838951310861423, "assists_t": 0.054307116104868915, "csscore_t": 0.827247191011236, "teamgold_t": 67.60486891385767, "vision_score_t": 1.0431299276942683, "wards_placed_t": 0.06413857677902622, "gold_graph_diffs_t": 12.22378277153558}