{"id": "EUN1_3581285052", "lvl": 2200, "literal level": "EMERALD II", "time": 1732, "solokills_t": 0.009237875288683603, "kills_t": 0.03695150115473441, "kp": 0.48699507389162566, "deaths_t": 0.03695150115473441, "assists_t": 0.05369515011547344, "csscore_t": 0.9058891454965358, "teamgold_t": 68.14722863741339, "vision_score_t": 1.0034353346948297, "wards_placed_t": 0.07159353348729793, "gold_graph_diffs_t": 12.218822170900692}