{"id": "EUN1_3586902867", "lvl": 2200, "literal level": "EMERALD II", "time": 2134, "solokills_t": 0.008903467666354265, "kills_t": 0.04029990627928772, "kp": 0.5383771929824561, "deaths_t": 0.04029990627928772, "assists_t": 0.06747891283973759, "csscore_t": 0.8584817244611059, "teamgold_t": 69.85285848172447, "vision_score_t": 0.9765254065970437, "wards_placed_t": 0.06982193064667291, "gold_graph_diffs_t": 12.626054358013121}