{"id": "EUN1_3567292276", "lvl": 2100, "literal level": "EMERALD III", "time": 1491, "solokills_t": 0.008048289738430584, "kills_t": 0.0409121395036888, "kp": 0.4692682926829269, "deaths_t": 0.0409121395036888, "assists_t": 0.05432595573440644, "csscore_t": 0.8014755197853789, "teamgold_t": 67.01945003353454, "vision_score_t": 0.894722876839675, "wards_placed_t": 0.06639839034205232, "gold_graph_diffs_t": 16.1046277665996}