{"id": "EUN1_3563579682", "lvl": 2100, "literal level": "EMERALD III", "time": 1504, "solokills_t": 0.007313829787234043, "kills_t": 0.02726063829787234, "kp": 0.4664516129032258, "deaths_t": 0.027925531914893616, "assists_t": 0.032579787234042555, "csscore_t": 0.9148936170212766, "teamgold_t": 62.930186170212764, "vision_score_t": 0.7616307603180106, "wards_placed_t": 0.05851063829787234, "gold_graph_diffs_t": 13.080452127659575}