{"id": "EUN1_3581163969", "lvl": 2200, "literal level": "EMERALD II", "time": 963, "solokills_t": 0.010384215991692628, "kills_t": 0.024922118380062305, "kp": 0.35789473684210527, "deaths_t": 0.024922118380062305, "assists_t": 0.016614745586708203, "csscore_t": 0.9387331256490135, "teamgold_t": 62.30529595015577, "vision_score_t": 0.6197854126015823, "wards_placed_t": 0.04984423676012461, "gold_graph_diffs_t": 10.018691588785046}