{"id": "EUN1_3562536803", "lvl": 2000, "literal level": "EMERALD IV", "time": 2040, "solokills_t": 0.009313725490196078, "kills_t": 0.03627450980392157, "kp": 0.44508627156789193, "deaths_t": 0.03627450980392157, "assists_t": 0.045588235294117645, "csscore_t": 0.8411764705882353, "teamgold_t": 67.80735294117648, "vision_score_t": 1.0202927986451678, "wards_placed_t": 0.062254901960784315, "gold_graph_diffs_t": 14.049509803921568}