{"id": "EUN1_3552743451", "lvl": 2300, "literal level": "EMERALD I", "time": 1617, "solokills_t": 0.010513296227581941, "kills_t": 0.039579468150896725, "kp": 0.4257688229056204, "deaths_t": 0.039579468150896725, "assists_t": 0.04514533085961658, "csscore_t": 0.8348794063079777, "teamgold_t": 69.18738404452691, "vision_score_t": 0.9682587887432292, "wards_placed_t": 0.05998763141620284, "gold_graph_diffs_t": 12.482374768089054}