{"id": "EUN1_3563923119", "lvl": 2000, "literal level": "EMERALD IV", "time": 1420, "solokills_t": 0.011971830985915493, "kills_t": 0.05140845070422535, "kp": 0.4230827067669173, "deaths_t": 0.05140845070422535, "assists_t": 0.05704225352112676, "csscore_t": 0.8612676056338028, "teamgold_t": 74.34014084507042, "vision_score_t": 0.6709041417388353, "wards_placed_t": 0.045774647887323945, "gold_graph_diffs_t": 10.603521126760564}