{"id": "EUN1_3560906277", "lvl": 2400, "literal level": "DIAMOND IV", "time": 1897, "solokills_t": 0.010542962572482868, "kills_t": 0.049551924090669476, "kp": 0.47735294117647065, "deaths_t": 0.049551924090669476, "assists_t": 0.06958355297838692, "csscore_t": 0.8624143384290985, "teamgold_t": 74.6288877174486, "vision_score_t": 1.0728536232385908, "wards_placed_t": 0.07854507116499737, "gold_graph_diffs_t": 14.966262519768055}