{"id": "EUN1_3557312092", "lvl": 2300, "literal level": "EMERALD I", "time": 1668, "solokills_t": 0.008393285371702638, "kills_t": 0.039568345323741004, "kp": 0.46695156695156703, "deaths_t": 0.039568345323741004, "assists_t": 0.053357314148681056, "csscore_t": 0.8237410071942446, "teamgold_t": 68.8447242206235, "vision_score_t": 0.8021456052719389, "wards_placed_t": 0.049760191846522785, "gold_graph_diffs_t": 13.030575539568344}