{"id": "EUN1_3552739441", "lvl": 2300, "literal level": "EMERALD I", "time": 1572, "solokills_t": 0.007633587786259542, "kills_t": 0.03307888040712468, "kp": 0.47393939393939394, "deaths_t": 0.03371501272264631, "assists_t": 0.04580152671755725, "csscore_t": 0.8797709923664122, "teamgold_t": 68.5057251908397, "vision_score_t": 0.862442688228293, "wards_placed_t": 0.0648854961832061, "gold_graph_diffs_t": 12.75381679389313}