{"id": "EUN1_3552278199", "lvl": 2100, "literal level": "EMERALD III", "time": 1951, "solokills_t": 0.008200922603792926, "kills_t": 0.04202972834443875, "kp": 0.4301501501501502, "deaths_t": 0.04202972834443875, "assists_t": 0.04920553562275756, "csscore_t": 0.8692977960020503, "teamgold_t": 70.72526909277293, "vision_score_t": 0.9005825850754615, "wards_placed_t": 0.056381342901076374, "gold_graph_diffs_t": 10.89543823680164}