{"id": "EUN1_3549637532", "lvl": 2100, "literal level": "EMERALD III", "time": 1383, "solokills_t": 0.008676789587852495, "kills_t": 0.0368763557483731, "kp": 0.4629545454545455, "deaths_t": 0.0368763557483731, "assists_t": 0.0455531453362256, "csscore_t": 0.8496023138105567, "teamgold_t": 65.71438900939985, "vision_score_t": 0.8360720631948728, "wards_placed_t": 0.06290672451193059, "gold_graph_diffs_t": 16.69342010122921}