{"id": "EUN1_3582933994", "lvl": 2100, "literal level": "EMERALD III", "time": 2027, "solokills_t": 0.008386778490379871, "kills_t": 0.0370004933399112, "kp": 0.46450216450216447, "deaths_t": 0.0370004933399112, "assists_t": 0.04686729156388752, "csscore_t": 0.8061174148988653, "teamgold_t": 67.82930439072521, "vision_score_t": 0.8138309279328132, "wards_placed_t": 0.055747409965466205, "gold_graph_diffs_t": 15.338924518993586}