{"id": "EUN1_3583265143", "lvl": 1800, "literal level": "PLATINUM II", "time": 1940, "solokills_t": 0.010824742268041237, "kills_t": 0.04587628865979381, "kp": 0.44212398373983747, "deaths_t": 0.04587628865979381, "assists_t": 0.05515463917525773, "csscore_t": 0.8551546391752577, "teamgold_t": 71.99278350515463, "vision_score_t": 0.8867006221292076, "wards_placed_t": 0.06494845360824743, "gold_graph_diffs_t": 14.414432989690722}