{"id": "EUN1_3581269947", "lvl": 2100, "literal level": "EMERALD III", "time": 1590, "solokills_t": 0.008176100628930818, "kills_t": 0.04213836477987421, "kp": 0.44671669793621016, "deaths_t": 0.04213836477987421, "assists_t": 0.05345911949685535, "csscore_t": 0.8006289308176101, "teamgold_t": 67.38930817610063, "vision_score_t": 0.8787968528217004, "wards_placed_t": 0.0610062893081761, "gold_graph_diffs_t": 14.336477987421384}