{"id": "EUN1_3550203740", "lvl": 2100, "literal level": "EMERALD III", "time": 2675, "solokills_t": 0.00822429906542056, "kills_t": 0.034018691588785045, "kp": 0.4741496598639456, "deaths_t": 0.034018691588785045, "assists_t": 0.045981308411214956, "csscore_t": 0.822803738317757, "teamgold_t": 63.254205607476635, "vision_score_t": 1.174108307867388, "wards_placed_t": 0.08373831775700935, "gold_graph_diffs_t": 12.04}