{"id": "EUN1_3550417760", "lvl": 2200, "literal level": "EMERALD II", "time": 1600, "solokills_t": 0.010625, "kills_t": 0.030625, "kp": 0.4370967741935484, "deaths_t": 0.030625, "assists_t": 0.03375, "csscore_t": 0.950625, "teamgold_t": 66.32125, "vision_score_t": 1.104489518265378, "wards_placed_t": 0.07125, "gold_graph_diffs_t": 9.4925}