{"id": "EUN1_3563394518", "lvl": 1800, "literal level": "PLATINUM II", "time": 1784, "solokills_t": 0.015134529147982063, "kills_t": 0.04204035874439462, "kp": 0.4147186147186147, "deaths_t": 0.04204035874439462, "assists_t": 0.04596412556053812, "csscore_t": 0.8419282511210763, "teamgold_t": 68.902466367713, "vision_score_t": 0.8723659772666299, "wards_placed_t": 0.053251121076233185, "gold_graph_diffs_t": 10.54372197309417}