{"id": "EUN1_3567519419", "lvl": 2100, "literal level": "EMERALD III", "time": 2069, "solokills_t": 0.007249879168680522, "kills_t": 0.04156597390043499, "kp": 0.5050438596491229, "deaths_t": 0.04204929917834703, "assists_t": 0.06428226196230062, "csscore_t": 0.804736587723538, "teamgold_t": 69.3417109714838, "vision_score_t": 0.9752571191803865, "wards_placed_t": 0.0666988883518608, "gold_graph_diffs_t": 13.857902368293862}