{"id": "EUN1_3574563422", "lvl": 2000, "literal level": "EMERALD IV", "time": 1598, "solokills_t": 0.007509386733416771, "kills_t": 0.02753441802252816, "kp": 0.4519047619047619, "deaths_t": 0.02753441802252816, "assists_t": 0.0344180225281602, "csscore_t": 0.8404255319148937, "teamgold_t": 59.06195244055069, "vision_score_t": 0.8595958576818165, "wards_placed_t": 0.06382978723404255, "gold_graph_diffs_t": 10.635168961201503}