{"id": "EUN1_3585241738", "lvl": 1500, "literal level": "GOLD I", "time": 1145, "solokills_t": 0.00960698689956332, "kills_t": 0.03406113537117904, "kp": 0.4125, "deaths_t": 0.034934497816593885, "assists_t": 0.03580786026200873, "csscore_t": 0.8, "teamgold_t": 65.60349344978167, "vision_score_t": 0.6840529691824806, "wards_placed_t": 0.0445414847161572, "gold_graph_diffs_t": 16.080349344978167}