{"id": "EUN1_3569885833", "lvl": 2200, "literal level": "EMERALD II", "time": 1578, "solokills_t": 0.013307984790874524, "kills_t": 0.029784537389100127, "kp": 0.3534632034632034, "deaths_t": 0.029784537389100127, "assists_t": 0.02091254752851711, "csscore_t": 0.9550063371356147, "teamgold_t": 63.82572877059569, "vision_score_t": 0.8659705724915089, "wards_placed_t": 0.056400506970849175, "gold_graph_diffs_t": 12.407477820025349}