{"id": "EUN1_3576709327", "lvl": 2100, "literal level": "EMERALD III", "time": 2271, "solokills_t": 0.003963011889035667, "kills_t": 0.038749449581682076, "kp": 0.5816020671834625, "deaths_t": 0.038749449581682076, "assists_t": 0.07397622192866579, "csscore_t": 0.7992073976221928, "teamgold_t": 68.02642007926023, "vision_score_t": 0.998868142365201, "wards_placed_t": 0.06913254073095552, "gold_graph_diffs_t": 14.686041391457508}