{"id": "EUN1_3565184986", "lvl": 1700, "literal level": "PLATINUM III", "time": 2341, "solokills_t": 0.014096539940196497, "kills_t": 0.043998291328492097, "kp": 0.3805052790346907, "deaths_t": 0.043998291328492097, "assists_t": 0.03972661255873558, "csscore_t": 0.8235796668090559, "teamgold_t": 73.70653566851773, "vision_score_t": 0.9924992437354417, "wards_placed_t": 0.06535668517727466, "gold_graph_diffs_t": 15.005126014523707}