{"id": "EUN1_3567096306", "lvl": 1900, "literal level": "PLATINUM I", "time": 2239, "solokills_t": 0.003573023671281822, "kills_t": 0.03305046895935686, "kp": 0.5000000000000001, "deaths_t": 0.03305046895935686, "assists_t": 0.049575703439035286, "csscore_t": 0.8222420723537294, "teamgold_t": 67.41000446627959, "vision_score_t": 0.9454243837397642, "wards_placed_t": 0.05984814649397052, "gold_graph_diffs_t": 11.963823135328271}