{"id": "EUN1_3565833190", "lvl": 2000, "literal level": "EMERALD IV", "time": 2088, "solokills_t": 0.008141762452107279, "kills_t": 0.035440613026819924, "kp": 0.4575, "deaths_t": 0.035440613026819924, "assists_t": 0.045019157088122604, "csscore_t": 0.921455938697318, "teamgold_t": 67.71408045977012, "vision_score_t": 1.2664056816477829, "wards_placed_t": 0.07758620689655173, "gold_graph_diffs_t": 12.37595785440613}