{"id": "EUN1_3564259630", "lvl": 1800, "literal level": "PLATINUM II", "time": 1836, "solokills_t": 0.009259259259259259, "kills_t": 0.03540305010893246, "kp": 0.4323359073359073, "deaths_t": 0.03540305010893246, "assists_t": 0.04139433551198257, "csscore_t": 0.8752723311546841, "teamgold_t": 66.70370370370371, "vision_score_t": 1.0000944496814905, "wards_placed_t": 0.06481481481481481, "gold_graph_diffs_t": 10.544662309368192}