{"id": "EUN1_3578738488", "lvl": 2300, "literal level": "EMERALD I", "time": 1449, "solokills_t": 0.005521048999309869, "kills_t": 0.023464458247066944, "kp": 0.49416666666666664, "deaths_t": 0.023464458247066944, "assists_t": 0.035196687370600416, "csscore_t": 0.9537612146307799, "teamgold_t": 65.17667356797791, "vision_score_t": 0.9300348679506204, "wards_placed_t": 0.062111801242236024, "gold_graph_diffs_t": 11.455486542443063}