{"id": "EUN1_3563484483", "lvl": 2000, "literal level": "EMERALD IV", "time": 2479, "solokills_t": 0.00645421540943929, "kills_t": 0.03146430012101654, "kp": 0.5232620320855614, "deaths_t": 0.03146430012101654, "assists_t": 0.05203711173860428, "csscore_t": 0.8531665994352562, "teamgold_t": 65.0282371924163, "vision_score_t": 1.1449948640442902, "wards_placed_t": 0.06978620411456232, "gold_graph_diffs_t": 12.754739814441306}