{"id": "EUN1_3568839592", "lvl": 2200, "literal level": "EMERALD II", "time": 2041, "solokills_t": 0.006369426751592357, "kills_t": 0.039196472317491425, "kp": 0.495, "deaths_t": 0.039196472317491425, "assists_t": 0.057814796668299855, "csscore_t": 0.8662420382165605, "teamgold_t": 70.04948554630083, "vision_score_t": 0.7421206659741364, "wards_placed_t": 0.050955414012738856, "gold_graph_diffs_t": 14.898089171974522}