{"id": "EUN1_3579343905", "lvl": 2200, "literal level": "EMERALD II", "time": 1229, "solokills_t": 0.006509357200976403, "kills_t": 0.029292107404393815, "kp": 0.5392857142857143, "deaths_t": 0.029292107404393815, "assists_t": 0.044751830756712775, "csscore_t": 0.887713588283157, "teamgold_t": 65.50284784377543, "vision_score_t": 0.880586620308662, "wards_placed_t": 0.06346623270951994, "gold_graph_diffs_t": 17.021155410903173}