{"id": "EUN1_3564796630", "lvl": 2200, "literal level": "EMERALD II", "time": 1974, "solokills_t": 0.005572441742654508, "kills_t": 0.028368794326241134, "kp": 0.4971342383107089, "deaths_t": 0.028368794326241134, "assists_t": 0.04559270516717325, "csscore_t": 0.8738601823708206, "teamgold_t": 64.27710233029381, "vision_score_t": 1.00605939539644, "wards_placed_t": 0.06636271529888552, "gold_graph_diffs_t": 12.925531914893616}