{"id": "EUN1_3552708215", "lvl": 2100, "literal level": "EMERALD III", "time": 1743, "solokills_t": 0.005737234652897304, "kills_t": 0.039586919104991396, "kp": 0.5080808080808081, "deaths_t": 0.040160642570281124, "assists_t": 0.06138841078600115, "csscore_t": 0.8146873207114171, "teamgold_t": 69.35800344234079, "vision_score_t": 0.9181299253010671, "wards_placed_t": 0.06540447504302926, "gold_graph_diffs_t": 14.814113597246127}