{"id": "EUN1_3583745509", "lvl": 2200, "literal level": "EMERALD II", "time": 2330, "solokills_t": 0.004291845493562232, "kills_t": 0.04592274678111588, "kp": 0.5589021815622802, "deaths_t": 0.04592274678111588, "assists_t": 0.08240343347639485, "csscore_t": 0.7828326180257511, "teamgold_t": 70.45965665236052, "vision_score_t": 1.093618242428154, "wards_placed_t": 0.07124463519313305, "gold_graph_diffs_t": 13.249356223175965}