{"id": "EUN1_3584810700", "lvl": 1500, "literal level": "GOLD I", "time": 1553, "solokills_t": 0.00901481004507405, "kills_t": 0.0463618802318094, "kp": 0.42987012987012985, "deaths_t": 0.0463618802318094, "assists_t": 0.0540888602704443, "csscore_t": 0.7881519639407598, "teamgold_t": 70.1577591757888, "vision_score_t": 0.8870629653083164, "wards_placed_t": 0.06825499034127495, "gold_graph_diffs_t": 12.371538956857695}