{"id": "EUN1_3569574844", "lvl": 1900, "literal level": "PLATINUM I", "time": 2123, "solokills_t": 0.006123410268487989, "kills_t": 0.030617051342439944, "kp": 0.5319047619047619, "deaths_t": 0.030617051342439944, "assists_t": 0.05087140838436175, "csscore_t": 0.8893075836081017, "teamgold_t": 65.6189354686764, "vision_score_t": 1.0263953600868867, "wards_placed_t": 0.07253886010362694, "gold_graph_diffs_t": 11.846914743287801}