{"id": "EUN1_3585550148", "lvl": 1600, "literal level": "PLATINUM IV", "time": 1955, "solokills_t": 0.0076726342710997444, "kills_t": 0.04296675191815857, "kp": 0.5131578947368421, "deaths_t": 0.04296675191815857, "assists_t": 0.0670076726342711, "csscore_t": 0.8219948849104859, "teamgold_t": 70.52941176470588, "vision_score_t": 0.8111215108429816, "wards_placed_t": 0.070076726342711, "gold_graph_diffs_t": 12.28388746803069}