{"id": "EUN1_3549070814", "lvl": 2400, "literal level": "DIAMOND IV", "time": 1814, "solokills_t": 0.008269018743109152, "kills_t": 0.040793825799338476, "kp": 0.46257575757575753, "deaths_t": 0.040793825799338476, "assists_t": 0.05237045203969129, "csscore_t": 0.8704520396912899, "teamgold_t": 71.96747519294377, "vision_score_t": 0.9450351491865503, "wards_placed_t": 0.06615214994487321, "gold_graph_diffs_t": 15.745865490628445}