{"id": "EUN1_3549281771", "lvl": 2000, "literal level": "EMERALD IV", "time": 2604, "solokills_t": 0.008448540706605223, "kills_t": 0.043010752688172046, "kp": 0.4805006587615283, "deaths_t": 0.043010752688172046, "assists_t": 0.059907834101382486, "csscore_t": 0.7849462365591398, "teamgold_t": 69.65514592933948, "vision_score_t": 1.0622176504782532, "wards_placed_t": 0.06336405529953917, "gold_graph_diffs_t": 16.397849462365592}