{"id": "EUN1_3576457790", "lvl": 1900, "literal level": "PLATINUM I", "time": 1900, "solokills_t": 0.006842105263157895, "kills_t": 0.03684210526315789, "kp": 0.4604631927212573, "deaths_t": 0.03684210526315789, "assists_t": 0.04789473684210526, "csscore_t": 0.8168421052631579, "teamgold_t": 68.11631578947369, "vision_score_t": 1.0510163201399383, "wards_placed_t": 0.05947368421052632, "gold_graph_diffs_t": 13.777368421052632}