{"id": "EUN1_3577921516", "lvl": 2200, "literal level": "EMERALD II", "time": 1213, "solokills_t": 0.008244023083264633, "kills_t": 0.03215169002473207, "kp": 0.41923076923076924, "deaths_t": 0.03215169002473207, "assists_t": 0.03462489694971146, "csscore_t": 0.8408903544929925, "teamgold_t": 64.23907666941467, "vision_score_t": 0.7357845676939984, "wards_placed_t": 0.0585325638911789, "gold_graph_diffs_t": 13.691673536685903}