{"id": "EUN1_3569309012", "lvl": 2100, "literal level": "EMERALD III", "time": 1840, "solokills_t": 0.009782608695652175, "kills_t": 0.03641304347826087, "kp": 0.44093406593406587, "deaths_t": 0.03641304347826087, "assists_t": 0.044021739130434785, "csscore_t": 0.903804347826087, "teamgold_t": 68.8804347826087, "vision_score_t": 0.9248994959969062, "wards_placed_t": 0.057608695652173914, "gold_graph_diffs_t": 12.128260869565217}