{"id": "EUN1_3552943289", "lvl": 2100, "literal level": "EMERALD III", "time": 1891, "solokills_t": 0.007403490216816499, "kills_t": 0.03225806451612903, "kp": 0.4343468468468468, "deaths_t": 0.03225806451612903, "assists_t": 0.0375462718138551, "csscore_t": 0.9058699101004759, "teamgold_t": 67.49709148598625, "vision_score_t": 0.9683680409030544, "wards_placed_t": 0.06980433632998413, "gold_graph_diffs_t": 9.056054997355897}