{"id": "EUN1_3585025533", "lvl": 2200, "literal level": "EMERALD II", "time": 1448, "solokills_t": 0.010359116022099447, "kills_t": 0.0393646408839779, "kp": 0.481625, "deaths_t": 0.0393646408839779, "assists_t": 0.05662983425414365, "csscore_t": 0.893646408839779, "teamgold_t": 70.60013812154696, "vision_score_t": 0.9806786726259121, "wards_placed_t": 0.06284530386740332, "gold_graph_diffs_t": 14.618093922651934}