{"id": "EUN1_3548499457", "lvl": 2300, "literal level": "EMERALD I", "time": 1107, "solokills_t": 0.009033423667570008, "kills_t": 0.02710027100271003, "kp": 0.4, "deaths_t": 0.02710027100271003, "assists_t": 0.024390243902439025, "csscore_t": 0.9096657633242999, "teamgold_t": 59.47425474254742, "vision_score_t": 0.8809859003640679, "wards_placed_t": 0.06142728093947606, "gold_graph_diffs_t": 10.0903342366757}