{"id": "EUN1_3564709617", "lvl": 2200, "literal level": "EMERALD II", "time": 1993, "solokills_t": 0.0015052684395383843, "kills_t": 0.027094831911690917, "kp": 0.5826470588235294, "deaths_t": 0.027094831911690917, "assists_t": 0.050175614651279475, "csscore_t": 0.8479678876066232, "teamgold_t": 65.3176116407426, "vision_score_t": 0.942081176583893, "wards_placed_t": 0.06322127446061214, "gold_graph_diffs_t": 14.036126442548921}