{"id": "EUN1_3584304423", "lvl": 2100, "literal level": "EMERALD III", "time": 1551, "solokills_t": 0.013539651837524178, "kills_t": 0.04448742746615087, "kp": 0.41052631578947363, "deaths_t": 0.04448742746615087, "assists_t": 0.047066408768536426, "csscore_t": 0.8871695680206318, "teamgold_t": 70.86782720825273, "vision_score_t": 0.7171923144513288, "wards_placed_t": 0.050934880722114766, "gold_graph_diffs_t": 15.301096067053514}