{"id": "EUN1_3585793451", "lvl": 1700, "literal level": "PLATINUM III", "time": 2339, "solokills_t": 0.008123129542539546, "kills_t": 0.04959384352287302, "kp": 0.5184313725490196, "deaths_t": 0.05044890979050876, "assists_t": 0.0778110303548525, "csscore_t": 0.7490380504489098, "teamgold_t": 74.08593415989739, "vision_score_t": 0.9181272360933999, "wards_placed_t": 0.06883283454467722, "gold_graph_diffs_t": 17.06412997007268}