{"id": "EUN1_3572265937", "lvl": 2100, "literal level": "EMERALD III", "time": 2660, "solokills_t": 0.005263157894736842, "kills_t": 0.03045112781954887, "kp": 0.5514634146341464, "deaths_t": 0.03045112781954887, "assists_t": 0.05338345864661654, "csscore_t": 0.7962406015037594, "teamgold_t": 66.00413533834586, "vision_score_t": 1.0224829617964002, "wards_placed_t": 0.07142857142857142, "gold_graph_diffs_t": 15.68233082706767}