{"id": "EUN1_3545601581", "lvl": 2000, "literal level": "EMERALD IV", "time": 1714, "solokills_t": 0.007001166861143524, "kills_t": 0.03733955659276546, "kp": 0.5223529411764706, "deaths_t": 0.03733955659276546, "assists_t": 0.060676779463243874, "csscore_t": 0.7870478413068844, "teamgold_t": 67.96149358226371, "vision_score_t": 0.9428529820249597, "wards_placed_t": 0.07117852975495916, "gold_graph_diffs_t": 17.08634772462077}