{"id": "EUN1_3584832205", "lvl": 2200, "literal level": "EMERALD II", "time": 2239, "solokills_t": 0.006699419383653417, "kills_t": 0.04198302813756141, "kp": 0.5162790697674418, "deaths_t": 0.04242965609647164, "assists_t": 0.06788744975435462, "csscore_t": 0.7552478785171952, "teamgold_t": 66.07101384546672, "vision_score_t": 0.9705624576251211, "wards_placed_t": 0.06788744975435462, "gold_graph_diffs_t": 12.434569004019652}