{"id": "EUN1_3580755647", "lvl": 2200, "literal level": "EMERALD II", "time": 1624, "solokills_t": 0.006157635467980296, "kills_t": 0.03263546798029557, "kp": 0.4833333333333332, "deaths_t": 0.03263546798029557, "assists_t": 0.04556650246305419, "csscore_t": 0.9070197044334976, "teamgold_t": 68.03817733990148, "vision_score_t": 0.9536505389237305, "wards_placed_t": 0.06896551724137931, "gold_graph_diffs_t": 15.614532019704434}