{"id": "EUN1_3577905399", "lvl": 2200, "literal level": "EMERALD II", "time": 1388, "solokills_t": 0.00792507204610951, "kills_t": 0.029538904899135448, "kp": 0.44655172413793104, "deaths_t": 0.029538904899135448, "assists_t": 0.03314121037463977, "csscore_t": 0.9430835734870316, "teamgold_t": 64.2485590778098, "vision_score_t": 0.9909524344991787, "wards_placed_t": 0.07276657060518732, "gold_graph_diffs_t": 15.189481268011527}