{"id": "EUN1_3563748285", "lvl": 2000, "literal level": "EMERALD IV", "time": 2281, "solokills_t": 0.0021920210434020165, "kills_t": 0.03814116615519509, "kp": 0.5926984126984128, "deaths_t": 0.03814116615519509, "assists_t": 0.07496711968434897, "csscore_t": 0.7479175800087681, "teamgold_t": 66.63919333625603, "vision_score_t": 1.0750540241026614, "wards_placed_t": 0.07014467338886453, "gold_graph_diffs_t": 13.076720736519071}