{"id": "EUN1_3575402081", "lvl": 2100, "literal level": "EMERALD III", "time": 1664, "solokills_t": 0.010817307692307692, "kills_t": 0.03545673076923077, "kp": 0.4262731481481481, "deaths_t": 0.03545673076923077, "assists_t": 0.0390625, "csscore_t": 0.9002403846153846, "teamgold_t": 68.41225961538461, "vision_score_t": 0.8496733313301561, "wards_placed_t": 0.057692307692307696, "gold_graph_diffs_t": 12.475961538461538}