{"id": "EUN1_3573718103", "lvl": 2100, "literal level": "EMERALD III", "time": 1529, "solokills_t": 0.007848266841072597, "kills_t": 0.034009156311314584, "kp": 0.45069444444444445, "deaths_t": 0.034009156311314584, "assists_t": 0.041857423152387184, "csscore_t": 0.8960104643557881, "teamgold_t": 67.48790058862001, "vision_score_t": 0.8995231418583389, "wards_placed_t": 0.060170045781556575, "gold_graph_diffs_t": 12.194244604316546}