{"id": "EUN1_3537161362", "lvl": 2200, "literal level": "EMERALD II", "time": 2949, "solokills_t": 0.012207527975584944, "kills_t": 0.03458799593082401, "kp": 0.3678571428571429, "deaths_t": 0.03458799593082401, "assists_t": 0.028484231943031537, "csscore_t": 0.8552051542895897, "teamgold_t": 69.5459477789081, "vision_score_t": 0.7667126787560503, "wards_placed_t": 0.0420481519159037, "gold_graph_diffs_t": 13.803662258392675}