{"id": "EUN1_3564226715", "lvl": 1800, "literal level": "PLATINUM II", "time": 1775, "solokills_t": 0.007323943661971831, "kills_t": 0.036619718309859155, "kp": 0.458974358974359, "deaths_t": 0.036619718309859155, "assists_t": 0.04732394366197183, "csscore_t": 0.8332394366197183, "teamgold_t": 65.58704225352113, "vision_score_t": 0.9064349491546795, "wards_placed_t": 0.05577464788732395, "gold_graph_diffs_t": 14.424225352112677}