{"id": "EUN1_3576188758", "lvl": 2100, "literal level": "EMERALD III", "time": 1722, "solokills_t": 0.009291521486643438, "kills_t": 0.03484320557491289, "kp": 0.4333333333333333, "deaths_t": 0.03484320557491289, "assists_t": 0.04006968641114982, "csscore_t": 0.8850174216027874, "teamgold_t": 65.46980255516841, "vision_score_t": 0.9733646325183665, "wards_placed_t": 0.07200929152148665, "gold_graph_diffs_t": 12.322299651567944}