{"id": "EUN1_3583083344", "lvl": 2000, "literal level": "EMERALD IV", "time": 1598, "solokills_t": 0.011264080100125156, "kills_t": 0.04130162703379224, "kp": 0.4305555555555555, "deaths_t": 0.04130162703379224, "assists_t": 0.04818523153942428, "csscore_t": 0.8836045056320401, "teamgold_t": 68.72653316645807, "vision_score_t": 0.9435865952645971, "wards_placed_t": 0.07196495619524405, "gold_graph_diffs_t": 12.991864831038798}