{"id": "EUN1_3584984198", "lvl": 1700, "literal level": "PLATINUM III", "time": 1554, "solokills_t": 0.007078507078507079, "kills_t": 0.023166023166023165, "kp": 0.4135483870967742, "deaths_t": 0.023166023166023165, "assists_t": 0.02252252252252252, "csscore_t": 0.8938223938223938, "teamgold_t": 59.642857142857146, "vision_score_t": 0.8771775814111766, "wards_placed_t": 0.06628056628056628, "gold_graph_diffs_t": 11.977477477477477}