{"id": "EUN1_3579809509", "lvl": 2200, "literal level": "EMERALD II", "time": 1628, "solokills_t": 0.009828009828009828, "kills_t": 0.03501228501228501, "kp": 0.44238095238095243, "deaths_t": 0.03562653562653563, "assists_t": 0.03931203931203931, "csscore_t": 0.9262899262899262, "teamgold_t": 69.62837837837837, "vision_score_t": 0.7709420172164727, "wards_placed_t": 0.055896805896805894, "gold_graph_diffs_t": 16.851965601965603}