{"id": "EUN1_3583921715", "lvl": 2200, "literal level": "EMERALD II", "time": 1819, "solokills_t": 0.012644310060472787, "kills_t": 0.04123144584936778, "kp": 0.41862745098039217, "deaths_t": 0.04123144584936778, "assists_t": 0.0439802089059923, "csscore_t": 0.9004947773501925, "teamgold_t": 72.97416162726773, "vision_score_t": 0.9276933123465867, "wards_placed_t": 0.06102253985706432, "gold_graph_diffs_t": 16.40131940626718}