{"id": "EUN1_3571331895", "lvl": 2200, "literal level": "EMERALD II", "time": 1715, "solokills_t": 0.010495626822157435, "kills_t": 0.03965014577259475, "kp": 0.4577157802964254, "deaths_t": 0.03965014577259475, "assists_t": 0.05131195335276968, "csscore_t": 0.8892128279883382, "teamgold_t": 69.10787172011662, "vision_score_t": 1.0788472799916107, "wards_placed_t": 0.06647230320699708, "gold_graph_diffs_t": 14.538775510204081}