{"id": "EUN1_3538314268", "lvl": 2200, "literal level": "EMERALD II", "time": 1493, "solokills_t": 0.009377093101138647, "kills_t": 0.043536503683858, "kp": 0.473076923076923, "deaths_t": 0.043536503683858, "assists_t": 0.061620897521768254, "csscore_t": 0.781647689216343, "teamgold_t": 65.68184862692566, "vision_score_t": 0.9242173871986357, "wards_placed_t": 0.06296048225050234, "gold_graph_diffs_t": 14.15204286671132}