{"id": "EUN1_3568554150", "lvl": 2200, "literal level": "EMERALD II", "time": 2137, "solokills_t": 0.003743565746373421, "kills_t": 0.04258306036499766, "kp": 0.574313725490196, "deaths_t": 0.04258306036499766, "assists_t": 0.0795507721104352, "csscore_t": 0.6495086569957885, "teamgold_t": 66.32054281703323, "vision_score_t": 1.0852523697983587, "wards_placed_t": 0.0772110435189518, "gold_graph_diffs_t": 15.829199812821713}