{"id": "EUN1_3586033773", "lvl": 2000, "literal level": "EMERALD IV", "time": 1716, "solokills_t": 0.01048951048951049, "kills_t": 0.045454545454545456, "kp": 0.4472203157172272, "deaths_t": 0.045454545454545456, "assists_t": 0.054778554778554776, "csscore_t": 0.8881118881118881, "teamgold_t": 73.59848484848484, "vision_score_t": 1.0436236634554577, "wards_placed_t": 0.07167832167832168, "gold_graph_diffs_t": 13.74067599067599}