{"id": "EUN1_3566940209", "lvl": 2200, "literal level": "EMERALD II", "time": 1952, "solokills_t": 0.010245901639344262, "kills_t": 0.03944672131147541, "kp": 0.42333333333333334, "deaths_t": 0.039959016393442626, "assists_t": 0.04456967213114754, "csscore_t": 0.8468237704918032, "teamgold_t": 69.25051229508196, "vision_score_t": 0.9948029587117025, "wards_placed_t": 0.06864754098360656, "gold_graph_diffs_t": 16.10297131147541}