{"id": "EUN1_3573599232", "lvl": 2100, "literal level": "EMERALD III", "time": 1990, "solokills_t": 0.008040201005025126, "kills_t": 0.035175879396984924, "kp": 0.42268632268632267, "deaths_t": 0.035175879396984924, "assists_t": 0.03969849246231156, "csscore_t": 0.9552763819095478, "teamgold_t": 69.60402010050251, "vision_score_t": 0.9144959750458689, "wards_placed_t": 0.05628140703517588, "gold_graph_diffs_t": 13.58894472361809}