{"id": "EUN1_3571627465", "lvl": 2300, "literal level": "EMERALD I", "time": 1861, "solokills_t": 0.009134873723804407, "kills_t": 0.03707684040838259, "kp": 0.42195121951219516, "deaths_t": 0.03707684040838259, "assists_t": 0.04191295002686728, "csscore_t": 0.7581945190757657, "teamgold_t": 63.58785599140247, "vision_score_t": 1.0833581082288704, "wards_placed_t": 0.07576571735626007, "gold_graph_diffs_t": 14.456206340677056}