{"id": "EUN1_3569196989", "lvl": 2200, "literal level": "EMERALD II", "time": 1919, "solokills_t": 0.008337675872850442, "kills_t": 0.04064616988014591, "kp": 0.4523684210526316, "deaths_t": 0.04064616988014591, "assists_t": 0.05158936946326212, "csscore_t": 0.8405419489317353, "teamgold_t": 67.98853569567483, "vision_score_t": 1.08192795644456, "wards_placed_t": 0.06044815007816571, "gold_graph_diffs_t": 12.620114643043252}