{"id": "EUN1_3582981096", "lvl": 2100, "literal level": "EMERALD III", "time": 1976, "solokills_t": 0.00860323886639676, "kills_t": 0.046052631578947366, "kp": 0.4990328820116055, "deaths_t": 0.046052631578947366, "assists_t": 0.06933198380566802, "csscore_t": 0.9453441295546559, "teamgold_t": 77.68319838056681, "vision_score_t": 1.049399529632728, "wards_placed_t": 0.06629554655870445, "gold_graph_diffs_t": 18.87348178137652}