{"id": "EUN1_3567711969", "lvl": 2100, "literal level": "EMERALD III", "time": 1511, "solokills_t": 0.005956320317670417, "kills_t": 0.03309066843150232, "kp": 0.49661835748792277, "deaths_t": 0.03309066843150232, "assists_t": 0.04897418927862343, "csscore_t": 0.8153540701522171, "teamgold_t": 65.44010589013898, "vision_score_t": 1.0177435469685066, "wards_placed_t": 0.07743216412971542, "gold_graph_diffs_t": 15.514228987425547}