{"id": "EUN1_3584485801", "lvl": 2200, "literal level": "EMERALD II", "time": 1889, "solokills_t": 0.012175754367390153, "kills_t": 0.03811540497617787, "kp": 0.46432432432432424, "deaths_t": 0.03864478560084701, "assists_t": 0.05029115934356802, "csscore_t": 0.8073054526204341, "teamgold_t": 68.14399152991001, "vision_score_t": 1.1576558548890934, "wards_placed_t": 0.07199576495500265, "gold_graph_diffs_t": 16.007411328745366}