{"id": "EUN1_3582625754", "lvl": 1900, "literal level": "PLATINUM I", "time": 1389, "solokills_t": 0.01079913606911447, "kills_t": 0.029517638588912886, "kp": 0.43275862068965515, "deaths_t": 0.03023758099352052, "assists_t": 0.03023758099352052, "csscore_t": 0.904247660187185, "teamgold_t": 63.4247660187185, "vision_score_t": 0.7664331017582592, "wards_placed_t": 0.059755219582433405, "gold_graph_diffs_t": 14.58387329013679}