{"id": "EUN1_3565093875", "lvl": 2100, "literal level": "EMERALD III", "time": 2135, "solokills_t": 0.01592505854800937, "kills_t": 0.04449648711943794, "kp": 0.3715659340659341, "deaths_t": 0.04449648711943794, "assists_t": 0.03887587822014051, "csscore_t": 0.8669789227166277, "teamgold_t": 69.69461358313818, "vision_score_t": 1.031163235232, "wards_placed_t": 0.06651053864168618, "gold_graph_diffs_t": 12.361592505854802}