{"id": "EUN1_3578828924", "lvl": 2200, "literal level": "EMERALD II", "time": 1570, "solokills_t": 0.008917197452229299, "kills_t": 0.03821656050955414, "kp": 0.4589894242068155, "deaths_t": 0.03821656050955414, "assists_t": 0.050955414012738856, "csscore_t": 0.9159235668789809, "teamgold_t": 70.16751592356688, "vision_score_t": 0.8706604646120933, "wards_placed_t": 0.06305732484076433, "gold_graph_diffs_t": 15.19936305732484}