{"id": "EUN1_3581150744", "lvl": 2100, "literal level": "EMERALD III", "time": 2067, "solokills_t": 0.003386550556361877, "kills_t": 0.03289791969037252, "kp": 0.48993055555555554, "deaths_t": 0.03289791969037252, "assists_t": 0.047895500725689405, "csscore_t": 0.9046927914852443, "teamgold_t": 69.09772617319787, "vision_score_t": 1.1960525759099832, "wards_placed_t": 0.0899854862119013, "gold_graph_diffs_t": 13.567005321722302}