{"id": "EUN1_3583439137", "lvl": 2000, "literal level": "EMERALD IV", "time": 1838, "solokills_t": 0.012513601741022852, "kills_t": 0.04461371055495103, "kp": 0.4041337386018237, "deaths_t": 0.04461371055495103, "assists_t": 0.046789989118607184, "csscore_t": 0.8188248095756256, "teamgold_t": 69.73993471164309, "vision_score_t": 0.8315865943237888, "wards_placed_t": 0.058759521218716, "gold_graph_diffs_t": 12.928182807399347}