{"id": "EUN1_3570740232", "lvl": 2300, "literal level": "EMERALD I", "time": 2191, "solokills_t": 0.007759014148790507, "kills_t": 0.040620721131903244, "kp": 0.4881193124368048, "deaths_t": 0.040620721131903244, "assists_t": 0.05842081241442264, "csscore_t": 0.8101323596531265, "teamgold_t": 67.69329073482429, "vision_score_t": 0.9705872814883033, "wards_placed_t": 0.06435417617526244, "gold_graph_diffs_t": 14.701962574167046}