{"id": "EUN1_3550327821", "lvl": 2100, "literal level": "EMERALD III", "time": 1608, "solokills_t": 0.009328358208955223, "kills_t": 0.034203980099502485, "kp": 0.4373333333333333, "deaths_t": 0.034203980099502485, "assists_t": 0.04042288557213931, "csscore_t": 0.8439054726368159, "teamgold_t": 64.47512437810946, "vision_score_t": 0.9540781035591758, "wards_placed_t": 0.06716417910447761, "gold_graph_diffs_t": 14.975124378109452}