{"id": "EUN1_3566959410", "lvl": 1900, "literal level": "PLATINUM I", "time": 2112, "solokills_t": 0.004261363636363636, "kills_t": 0.04450757575757576, "kp": 0.5468085106382978, "deaths_t": 0.04450757575757576, "assists_t": 0.0771780303030303, "csscore_t": 0.6775568181818182, "teamgold_t": 67.93371212121212, "vision_score_t": 1.0151610839948535, "wards_placed_t": 0.06676136363636363, "gold_graph_diffs_t": 17.494318181818183}