{"id": "EUN1_3537139237", "lvl": 2200, "literal level": "EMERALD II", "time": 1943, "solokills_t": 0.008234688625836336, "kills_t": 0.03962943901183737, "kp": 0.4909090909090909, "deaths_t": 0.03962943901183737, "assists_t": 0.056613484302624806, "csscore_t": 0.8692743180648482, "teamgold_t": 71.11580030880083, "vision_score_t": 0.9697501391986784, "wards_placed_t": 0.07308286155429748, "gold_graph_diffs_t": 15.734431291816778}