{"id": "EUN1_3570070407", "lvl": 2200, "literal level": "EMERALD II", "time": 1362, "solokills_t": 0.010279001468428781, "kills_t": 0.03303964757709251, "kp": 0.42666666666666664, "deaths_t": 0.03303964757709251, "assists_t": 0.038913362701908955, "csscore_t": 0.8671071953010279, "teamgold_t": 63.00660792951542, "vision_score_t": 0.9024574853297281, "wards_placed_t": 0.06607929515418502, "gold_graph_diffs_t": 13.310572687224669}