{"id": "EUN1_3571344809", "lvl": 2100, "literal level": "EMERALD III", "time": 2155, "solokills_t": 0.00788863109048724, "kills_t": 0.03619489559164733, "kp": 0.4596153846153846, "deaths_t": 0.03619489559164733, "assists_t": 0.04501160092807425, "csscore_t": 0.822737819025522, "teamgold_t": 67.9062645011601, "vision_score_t": 0.8282879872010287, "wards_placed_t": 0.051508120649651976, "gold_graph_diffs_t": 11.535034802784223}