{"id": "EUN1_3565184218", "lvl": 1700, "literal level": "PLATINUM III", "time": 1806, "solokills_t": 0.013289036544850499, "kills_t": 0.03765227021040975, "kp": 0.4086080586080586, "deaths_t": 0.03765227021040975, "assists_t": 0.039313399778516056, "csscore_t": 0.8233665559246954, "teamgold_t": 68.14341085271317, "vision_score_t": 1.1060399134427443, "wards_placed_t": 0.07142857142857142, "gold_graph_diffs_t": 12.625138427464009}