{"id": "EUN1_3579239579", "lvl": 2300, "literal level": "EMERALD I", "time": 1253, "solokills_t": 0.009577015163607342, "kills_t": 0.03112529928172386, "kp": 0.35, "deaths_t": 0.03112529928172386, "assists_t": 0.030327214684756583, "csscore_t": 0.8914604948124502, "teamgold_t": 61.74221867517957, "vision_score_t": 0.7615450269383299, "wards_placed_t": 0.060654429369513166, "gold_graph_diffs_t": 10.398244213886672}