{"id": "EUN1_3586454044", "lvl": 2000, "literal level": "EMERALD IV", "time": 1046, "solokills_t": 0.018164435946462717, "kills_t": 0.04110898661567878, "kp": 0.3208333333333333, "deaths_t": 0.04110898661567878, "assists_t": 0.03441682600382409, "csscore_t": 0.9024856596558317, "teamgold_t": 66.46558317399618, "vision_score_t": 0.6778192389511452, "wards_placed_t": 0.0497131931166348, "gold_graph_diffs_t": 20.004780114722752}