{"id": "EUN1_3556275913", "lvl": 2200, "literal level": "EMERALD II", "time": 1139, "solokills_t": 0.009657594381035996, "kills_t": 0.035996488147497806, "kp": 0.42844827586206896, "deaths_t": 0.035996488147497806, "assists_t": 0.03950834064969271, "csscore_t": 0.8252853380158033, "teamgold_t": 63.43195785776997, "vision_score_t": 0.9416806048542716, "wards_placed_t": 0.0684811237928007, "gold_graph_diffs_t": 9.431957857769973}