{"id": "EUN1_3584172007", "lvl": 1800, "literal level": "PLATINUM II", "time": 1843, "solokills_t": 0.011394465545306565, "kills_t": 0.0385241454150841, "kp": 0.4454471544715447, "deaths_t": 0.0385241454150841, "assists_t": 0.048833423765599564, "csscore_t": 0.8084644601193706, "teamgold_t": 66.94465545306565, "vision_score_t": 0.9417119350535328, "wards_placed_t": 0.07107976125881714, "gold_graph_diffs_t": 11.887683125339121}