{"id": "EUN1_3583775608", "lvl": 2100, "literal level": "EMERALD III", "time": 1711, "solokills_t": 0.011689070718877849, "kills_t": 0.03915838690824079, "kp": 0.40696969696969704, "deaths_t": 0.03915838690824079, "assists_t": 0.03915838690824079, "csscore_t": 0.8936294564582116, "teamgold_t": 69.58094681472824, "vision_score_t": 0.9693963294132114, "wards_placed_t": 0.05786090005844535, "gold_graph_diffs_t": 13.313267095265926}