{"id": "EUN1_3548763629", "lvl": 2100, "literal level": "EMERALD III", "time": 1418, "solokills_t": 0.009873060648801129, "kills_t": 0.0380818053596615, "kp": 0.45607142857142857, "deaths_t": 0.0380818053596615, "assists_t": 0.04866008462623413, "csscore_t": 0.918194640338505, "teamgold_t": 71.5789844851904, "vision_score_t": 0.8499296578859294, "wards_placed_t": 0.059943582510578276, "gold_graph_diffs_t": 17.277150916784205}