{"id": "EUN1_3580969758", "lvl": 2100, "literal level": "EMERALD III", "time": 1536, "solokills_t": 0.006510416666666667, "kills_t": 0.041015625, "kp": 0.5132016632016632, "deaths_t": 0.041666666666666664, "assists_t": 0.0625, "csscore_t": 0.8059895833333334, "teamgold_t": 69.314453125, "vision_score_t": 0.8444063441671206, "wards_placed_t": 0.057942708333333336, "gold_graph_diffs_t": 15.987630208333334}