{"id": "EUN1_3575598478", "lvl": 2000, "literal level": "EMERALD IV", "time": 1380, "solokills_t": 0.007971014492753623, "kills_t": 0.04057971014492753, "kp": 0.4253393665158371, "deaths_t": 0.041304347826086954, "assists_t": 0.04492753623188406, "csscore_t": 0.8724637681159421, "teamgold_t": 68.70579710144928, "vision_score_t": 0.8116306940972953, "wards_placed_t": 0.05652173913043478, "gold_graph_diffs_t": 18.307246376811595}