{"id": "EUN1_3566665014", "lvl": 2000, "literal level": "EMERALD IV", "time": 1945, "solokills_t": 0.0071979434447300775, "kills_t": 0.032904884318766064, "kp": 0.4827272727272727, "deaths_t": 0.032904884318766064, "assists_t": 0.0442159383033419, "csscore_t": 0.8390745501285347, "teamgold_t": 64.626735218509, "vision_score_t": 1.0677007293477725, "wards_placed_t": 0.07557840616966581, "gold_graph_diffs_t": 14.036503856041131}