{"id": "EUN1_3583266305", "lvl": 1800, "literal level": "PLATINUM II", "time": 1475, "solokills_t": 0.01423728813559322, "kills_t": 0.04542372881355932, "kp": 0.3992380952380953, "deaths_t": 0.04542372881355932, "assists_t": 0.04474576271186441, "csscore_t": 0.9254237288135593, "teamgold_t": 73.34711864406779, "vision_score_t": 0.8081564596912454, "wards_placed_t": 0.06508474576271187, "gold_graph_diffs_t": 12.102372881355933}