{"id": "EUN1_3585326900", "lvl": 2300, "literal level": "EMERALD I", "time": 1807, "solokills_t": 0.005534034311012728, "kills_t": 0.03320420586607637, "kp": 0.5063348416289593, "deaths_t": 0.03320420586607637, "assists_t": 0.05201992252351965, "csscore_t": 0.8788046485888212, "teamgold_t": 67.81294964028777, "vision_score_t": 1.143156680981739, "wards_placed_t": 0.07913669064748201, "gold_graph_diffs_t": 15.174322080796902}