{"id": "EUN1_3574217786", "lvl": 2000, "literal level": "EMERALD IV", "time": 1880, "solokills_t": 0.01276595744680851, "kills_t": 0.03829787234042553, "kp": 0.4207459207459207, "deaths_t": 0.03829787234042553, "assists_t": 0.040957446808510635, "csscore_t": 0.8617021276595744, "teamgold_t": 66.81702127659574, "vision_score_t": 0.9310779091009618, "wards_placed_t": 0.06808510638297872, "gold_graph_diffs_t": 14.35}