{"id": "EUN1_3573514893", "lvl": 2100, "literal level": "EMERALD III", "time": 1483, "solokills_t": 0.004720161834120027, "kills_t": 0.03236682400539447, "kp": 0.49684210526315786, "deaths_t": 0.03236682400539447, "assists_t": 0.045853000674308836, "csscore_t": 0.8590694538098449, "teamgold_t": 65.98314227916386, "vision_score_t": 0.8863530156989972, "wards_placed_t": 0.06810519217801753, "gold_graph_diffs_t": 13.730950775455158}