{"id": "EUN1_3574654860", "lvl": 2300, "literal level": "EMERALD I", "time": 1562, "solokills_t": 0.0076824583866837385, "kills_t": 0.0441741357234315, "kp": 0.5169763513513514, "deaths_t": 0.0441741357234315, "assists_t": 0.06978233034571063, "csscore_t": 0.7688860435339309, "teamgold_t": 69.00384122919334, "vision_score_t": 0.9775128306225207, "wards_placed_t": 0.07042253521126761, "gold_graph_diffs_t": 12.382842509603073}