{"id": "EUN1_3568421772", "lvl": 1900, "literal level": "PLATINUM I", "time": 1981, "solokills_t": 0.005552751135790005, "kills_t": 0.03785966683493185, "kp": 0.5149709302325581, "deaths_t": 0.03785966683493185, "assists_t": 0.06108026249369006, "csscore_t": 0.8541140837960626, "teamgold_t": 67.74659262998486, "vision_score_t": 0.9474299609134776, "wards_placed_t": 0.0706713780918728, "gold_graph_diffs_t": 16.48864209994952}