{"id": "EUN1_3580260884", "lvl": 2100, "literal level": "EMERALD III", "time": 2100, "solokills_t": 0.009523809523809525, "kills_t": 0.032857142857142856, "kp": 0.4184615384615385, "deaths_t": 0.03333333333333333, "assists_t": 0.03571428571428571, "csscore_t": 0.9071428571428571, "teamgold_t": 66.13809523809523, "vision_score_t": 0.9554419948296445, "wards_placed_t": 0.05857142857142857, "gold_graph_diffs_t": 12.345714285714285}