{"id": "EUN1_3538276301", "lvl": 2000, "literal level": "EMERALD IV", "time": 1731, "solokills_t": 0.007510109763142692, "kills_t": 0.03119584055459272, "kp": 0.44722222222222224, "deaths_t": 0.03119584055459272, "assists_t": 0.03697284806470248, "csscore_t": 0.8734835355285961, "teamgold_t": 64.47949162333911, "vision_score_t": 0.9068649247401975, "wards_placed_t": 0.06412478336221837, "gold_graph_diffs_t": 12.273830155979203}