{"id": "EUN1_3570891578", "lvl": 2200, "literal level": "EMERALD II", "time": 1841, "solokills_t": 0.006518196632265073, "kills_t": 0.045627376425855515, "kp": 0.4879750425411231, "deaths_t": 0.04617055947854427, "assists_t": 0.06572514937533949, "csscore_t": 0.7474198804997284, "teamgold_t": 69.85822922324823, "vision_score_t": 0.6301547962913598, "wards_placed_t": 0.045084193373166756, "gold_graph_diffs_t": 16.535035306898425}