{"id": "EUN1_3580661616", "lvl": 1800, "literal level": "PLATINUM II", "time": 1733, "solokills_t": 0.008078476630121177, "kills_t": 0.031736872475476054, "kp": 0.43245614035087715, "deaths_t": 0.031736872475476054, "assists_t": 0.03693017888055395, "csscore_t": 0.8995960761684939, "teamgold_t": 64.75822273514137, "vision_score_t": 0.8605804824447392, "wards_placed_t": 0.058280438545874204, "gold_graph_diffs_t": 11.622619734564339}