{"id": "EUN1_3576496276", "lvl": 2000, "literal level": "EMERALD IV", "time": 1890, "solokills_t": 0.007936507936507936, "kills_t": 0.037037037037037035, "kp": 0.46873449131513645, "deaths_t": 0.037037037037037035, "assists_t": 0.05026455026455026, "csscore_t": 0.8164021164021164, "teamgold_t": 65.93174603174603, "vision_score_t": 0.9391623674424385, "wards_placed_t": 0.06613756613756613, "gold_graph_diffs_t": 12.641798941798942}