{"id": "EUN1_3570515325", "lvl": 2100, "literal level": "EMERALD III", "time": 2249, "solokills_t": 0.006224988883948421, "kills_t": 0.03601600711427301, "kp": 0.48666666666666664, "deaths_t": 0.03601600711427301, "assists_t": 0.05157847932414406, "csscore_t": 0.835482436638506, "teamgold_t": 68.32014228546021, "vision_score_t": 1.147836484383015, "wards_placed_t": 0.07425522454424188, "gold_graph_diffs_t": 13.001333926189417}