{"id": "EUN1_3576070004", "lvl": 2000, "literal level": "EMERALD IV", "time": 1749, "solokills_t": 0.009719839908519153, "kills_t": 0.037164093767867355, "kp": 0.4661904761904762, "deaths_t": 0.037164093767867355, "assists_t": 0.050314465408805034, "csscore_t": 0.8684962835906233, "teamgold_t": 67.94854202401372, "vision_score_t": 0.8219747613607135, "wards_placed_t": 0.05603201829616924, "gold_graph_diffs_t": 13.941680960548885}