{"id": "EUN1_3580657612", "lvl": 2000, "literal level": "EMERALD IV", "time": 1093, "solokills_t": 0.0192131747483989, "kills_t": 0.0292772186642269, "kp": 0.34347826086956523, "deaths_t": 0.0292772186642269, "assists_t": 0.01738334858188472, "csscore_t": 0.9057639524245197, "teamgold_t": 63.80786825251601, "vision_score_t": 0.6067312963902765, "wards_placed_t": 0.05032021957913998, "gold_graph_diffs_t": 12.287282708142726}