{"id": "EUN1_3575048911", "lvl": 2100, "literal level": "EMERALD III", "time": 1655, "solokills_t": 0.010876132930513595, "kills_t": 0.04229607250755287, "kp": 0.43804797353184444, "deaths_t": 0.04229607250755287, "assists_t": 0.04954682779456193, "csscore_t": 0.879154078549849, "teamgold_t": 73.53957703927493, "vision_score_t": 0.5625833796240653, "wards_placed_t": 0.04894259818731118, "gold_graph_diffs_t": 16.065256797583082}