{"id": "EUN1_3583757973", "lvl": 2200, "literal level": "EMERALD II", "time": 1933, "solokills_t": 0.009311950336264873, "kills_t": 0.04914640455250905, "kp": 0.4631410256410257, "deaths_t": 0.04914640455250905, "assists_t": 0.06518365235385411, "csscore_t": 0.7816864976720124, "teamgold_t": 71.14640455250905, "vision_score_t": 0.8404704869373457, "wards_placed_t": 0.05587170201758924, "gold_graph_diffs_t": 16.487325400931194}