{"id": "EUN1_3586217802", "lvl": 2100, "literal level": "EMERALD III", "time": 1811, "solokills_t": 0.006073992269464384, "kills_t": 0.03313086692435119, "kp": 0.5388392857142857, "deaths_t": 0.03313086692435119, "assists_t": 0.05521811154058531, "csscore_t": 0.8890115958034235, "teamgold_t": 67.38321369409167, "vision_score_t": 0.8129593351390699, "wards_placed_t": 0.061292103810049695, "gold_graph_diffs_t": 13.506902263942573}