{"id": "EUN1_3584844272", "lvl": 2100, "literal level": "EMERALD III", "time": 2151, "solokills_t": 0.00697350069735007, "kills_t": 0.034402603440260346, "kp": 0.5212121212121212, "deaths_t": 0.034402603440260346, "assists_t": 0.056717805671780565, "csscore_t": 0.7740585774058577, "teamgold_t": 64.96559739655974, "vision_score_t": 0.9126752081363024, "wards_placed_t": 0.06462110646211065, "gold_graph_diffs_t": 15.134821013482101}