{"id": "EUN1_3563518123", "lvl": 2000, "literal level": "EMERALD IV", "time": 2086, "solokills_t": 0.003355704697986577, "kills_t": 0.034036433365292426, "kp": 0.542368839427663, "deaths_t": 0.034036433365292426, "assists_t": 0.058485139022051776, "csscore_t": 0.8221476510067114, "teamgold_t": 66.1332694151486, "vision_score_t": 0.9987154863222436, "wards_placed_t": 0.062320230105465, "gold_graph_diffs_t": 11.87248322147651}