{"id": "EUN1_3586067175", "lvl": 2100, "literal level": "EMERALD III", "time": 2651, "solokills_t": 0.007544322897019992, "kills_t": 0.042248208223311955, "kp": 0.5125164690382082, "deaths_t": 0.042248208223311955, "assists_t": 0.06714447378347793, "csscore_t": 0.6940777065258393, "teamgold_t": 67.54394568087514, "vision_score_t": 1.104450815936722, "wards_placed_t": 0.06789890607317993, "gold_graph_diffs_t": 15.723500565824217}