{"id": "EUN1_3577936806", "lvl": 2200, "literal level": "EMERALD II", "time": 2081, "solokills_t": 0.011532916866890917, "kills_t": 0.040365209034118214, "kp": 0.4417620137299771, "deaths_t": 0.040365209034118214, "assists_t": 0.049495434887073524, "csscore_t": 0.8313310908217203, "teamgold_t": 68.68861124459394, "vision_score_t": 1.0187893597526343, "wards_placed_t": 0.06823642479577126, "gold_graph_diffs_t": 17.688130706391156}