{"id": "EUN1_3548371844", "lvl": 1900, "literal level": "PLATINUM I", "time": 1171, "solokills_t": 0.005977796754910333, "kills_t": 0.02134927412467976, "kp": 0.38000000000000006, "deaths_t": 0.02134927412467976, "assists_t": 0.025619128949615714, "csscore_t": 0.888129803586678, "teamgold_t": 57.24508966695132, "vision_score_t": 0.8865435298603055, "wards_placed_t": 0.06148590947907771, "gold_graph_diffs_t": 7.965841161400513}