{"id": "EUN1_3552537033", "lvl": 2100, "literal level": "EMERALD III", "time": 1105, "solokills_t": 0.006334841628959276, "kills_t": 0.015384615384615385, "kp": 0.31190476190476196, "deaths_t": 0.015384615384615385, "assists_t": 0.01085972850678733, "csscore_t": 1.004524886877828, "teamgold_t": 56.483257918552034, "vision_score_t": 0.648268034654868, "wards_placed_t": 0.04524886877828054, "gold_graph_diffs_t": 9.699547511312216}