{"id": "EUN1_3549962813", "lvl": 2200, "literal level": "EMERALD II", "time": 1498, "solokills_t": 0.01335113484646195, "kills_t": 0.04472630173564753, "kp": 0.4124505928853755, "deaths_t": 0.04472630173564753, "assists_t": 0.04472630173564753, "csscore_t": 0.8598130841121495, "teamgold_t": 72.29439252336448, "vision_score_t": 0.9091496024191708, "wards_placed_t": 0.06675567423230974, "gold_graph_diffs_t": 12.999332443257677}