{"id": "EUN1_3568858057", "lvl": 2100, "literal level": "EMERALD III", "time": 2282, "solokills_t": 0.012708150744960562, "kills_t": 0.03943908851884312, "kp": 0.4375, "deaths_t": 0.03943908851884312, "assists_t": 0.04645048203330412, "csscore_t": 0.8251533742331288, "teamgold_t": 69.21516213847502, "vision_score_t": 0.9276248215154794, "wards_placed_t": 0.05915863277826468, "gold_graph_diffs_t": 16.27826468010517}