{"id": "EUN1_3567656921", "lvl": 2100, "literal level": "EMERALD III", "time": 2092, "solokills_t": 0.0038240917782026767, "kills_t": 0.0372848948374761, "kp": 0.5369047619047619, "deaths_t": 0.0372848948374761, "assists_t": 0.06309751434034416, "csscore_t": 0.8169216061185468, "teamgold_t": 69.51577437858509, "vision_score_t": 1.002709019220935, "wards_placed_t": 0.06405353728489484, "gold_graph_diffs_t": 14.039674952198853}