{"id": "EUN1_3561711327", "lvl": 2500, "literal level": "DIAMOND III", "time": 1222, "solokills_t": 0.006546644844517185, "kills_t": 0.031914893617021274, "kp": 0.41923076923076924, "deaths_t": 0.031914893617021274, "assists_t": 0.038461538461538464, "csscore_t": 0.8101472995090017, "teamgold_t": 62.38052373158756, "vision_score_t": 0.7090865567165515, "wards_placed_t": 0.05564648117839607, "gold_graph_diffs_t": 15.565466448445171}