{"id": "EUN1_3586461973", "lvl": 2000, "literal level": "EMERALD IV", "time": 1086, "solokills_t": 0.0055248618784530384, "kills_t": 0.026703499079189688, "kp": 0.3941558441558442, "deaths_t": 0.027624309392265192, "assists_t": 0.029465930018416207, "csscore_t": 0.8802946593001841, "teamgold_t": 59.20441988950276, "vision_score_t": 0.6766021494815984, "wards_placed_t": 0.05064456721915286, "gold_graph_diffs_t": 13.679558011049723}