{"id": "EUN1_3584259526", "lvl": 2000, "literal level": "EMERALD IV", "time": 1645, "solokills_t": 0.0121580547112462, "kills_t": 0.0425531914893617, "kp": 0.43431372549019603, "deaths_t": 0.043161094224924014, "assists_t": 0.04984802431610942, "csscore_t": 0.7993920972644377, "teamgold_t": 68.33069908814589, "vision_score_t": 0.8644603871282381, "wards_placed_t": 0.06322188449848025, "gold_graph_diffs_t": 10.904559270516717}