{"id": "EUN1_3573082990", "lvl": 2300, "literal level": "EMERALD I", "time": 1716, "solokills_t": 0.008158508158508158, "kills_t": 0.03787878787878788, "kp": 0.4807453416149069, "deaths_t": 0.038461538461538464, "assists_t": 0.051864801864801864, "csscore_t": 0.8467365967365967, "teamgold_t": 67.65850815850816, "vision_score_t": 0.9384636979417298, "wards_placed_t": 0.06118881118881119, "gold_graph_diffs_t": 14.913752913752914}