{"id": "EUN1_3579326960", "lvl": 2200, "literal level": "EMERALD II", "time": 2145, "solokills_t": 0.006526806526806527, "kills_t": 0.034032634032634033, "kp": 0.528078078078078, "deaths_t": 0.0344988344988345, "assists_t": 0.055944055944055944, "csscore_t": 0.7995337995337995, "teamgold_t": 64.38974358974359, "vision_score_t": 0.9914305569013158, "wards_placed_t": 0.06247086247086247, "gold_graph_diffs_t": 12.277855477855478}