{"id": "EUN1_3552723674", "lvl": 2300, "literal level": "EMERALD I", "time": 1981, "solokills_t": 0.007067137809187279, "kills_t": 0.03634528016153458, "kp": 0.4862470862470863, "deaths_t": 0.03634528016153458, "assists_t": 0.0524987380111055, "csscore_t": 0.8525996971226654, "teamgold_t": 70.09843513377082, "vision_score_t": 0.8014453317347344, "wards_placed_t": 0.05754669358909641, "gold_graph_diffs_t": 16.947501261988894}