{"id": "EUN1_3546081292", "lvl": 2000, "literal level": "EMERALD IV", "time": 1851, "solokills_t": 0.010264721772015126, "kills_t": 0.03727714748784441, "kp": 0.46521739130434775, "deaths_t": 0.03727714748784441, "assists_t": 0.050783360345759046, "csscore_t": 0.8384656942193409, "teamgold_t": 65.5569962182604, "vision_score_t": 0.8027285878564244, "wards_placed_t": 0.051323608860075635, "gold_graph_diffs_t": 12.35764451647758}