{"id": "EUN1_3568576200", "lvl": 2200, "literal level": "EMERALD II", "time": 1761, "solokills_t": 0.007950028392958546, "kills_t": 0.03236797274275979, "kp": 0.43753246753246755, "deaths_t": 0.03236797274275979, "assists_t": 0.03747870528109029, "csscore_t": 0.9505962521294719, "teamgold_t": 70.95059625212947, "vision_score_t": 0.9414410477526245, "wards_placed_t": 0.06700738216922203, "gold_graph_diffs_t": 12.077228847245882}