{"id": "EUN1_3570528455", "lvl": 2000, "literal level": "EMERALD IV", "time": 1656, "solokills_t": 0.010265700483091788, "kills_t": 0.04106280193236715, "kp": 0.4128571428571428, "deaths_t": 0.04106280193236715, "assists_t": 0.042874396135265704, "csscore_t": 0.8774154589371981, "teamgold_t": 71.38164251207729, "vision_score_t": 0.7577762735750185, "wards_placed_t": 0.059782608695652176, "gold_graph_diffs_t": 15.054347826086957}