{"id": "EUN1_3544045043", "lvl": 1900, "literal level": "PLATINUM I", "time": 2176, "solokills_t": 0.007352941176470588, "kills_t": 0.03170955882352941, "kp": 0.4660344827586207, "deaths_t": 0.03170955882352941, "assists_t": 0.042279411764705885, "csscore_t": 0.9094669117647058, "teamgold_t": 66.61902573529412, "vision_score_t": 1.006244170785673, "wards_placed_t": 0.06893382352941177, "gold_graph_diffs_t": 14.425091911764707}