{"id": "EUN1_3578892451", "lvl": 2200, "literal level": "EMERALD II", "time": 1566, "solokills_t": 0.013409961685823755, "kills_t": 0.037037037037037035, "kp": 0.41742424242424236, "deaths_t": 0.037037037037037035, "assists_t": 0.040229885057471264, "csscore_t": 0.8473818646232439, "teamgold_t": 68.44125159642401, "vision_score_t": 0.9766949091480823, "wards_placed_t": 0.07471264367816093, "gold_graph_diffs_t": 14.784802043422733}