{"id": "EUN1_3573619517", "lvl": 2100, "literal level": "EMERALD III", "time": 1381, "solokills_t": 0.013034033309196235, "kills_t": 0.04561911658218682, "kp": 0.36791666666666667, "deaths_t": 0.04634322954380883, "assists_t": 0.04561911658218682, "csscore_t": 0.8160753077480087, "teamgold_t": 70.57204923968139, "vision_score_t": 0.8119529610443335, "wards_placed_t": 0.05286024619840695, "gold_graph_diffs_t": 13.310644460535844}