{"id": "EUN1_3570744924", "lvl": 2300, "literal level": "EMERALD I", "time": 1404, "solokills_t": 0.00641025641025641, "kills_t": 0.04202279202279202, "kp": 0.49595238095238103, "deaths_t": 0.04202279202279202, "assists_t": 0.06267806267806268, "csscore_t": 0.8368945868945868, "teamgold_t": 69.08119658119658, "vision_score_t": 0.6984872285513879, "wards_placed_t": 0.049145299145299144, "gold_graph_diffs_t": 17.06980056980057}