{"id": "EUN1_3564215657", "lvl": 1700, "literal level": "PLATINUM III", "time": 2229, "solokills_t": 0.004486316733961417, "kills_t": 0.03230148048452221, "kp": 0.6085139318885447, "deaths_t": 0.03230148048452221, "assists_t": 0.06594885598923284, "csscore_t": 0.8106774338268282, "teamgold_t": 67.3481381785554, "vision_score_t": 0.9487486969674693, "wards_placed_t": 0.06191117092866756, "gold_graph_diffs_t": 14.610587707492149}