{"id": "EUN1_3577379096", "lvl": 2100, "literal level": "EMERALD III", "time": 1560, "solokills_t": 0.007051282051282051, "kills_t": 0.03461538461538462, "kp": 0.4976190476190475, "deaths_t": 0.03461538461538462, "assists_t": 0.05128205128205128, "csscore_t": 0.825, "teamgold_t": 64.92884615384615, "vision_score_t": 0.7924057939866864, "wards_placed_t": 0.05576923076923077, "gold_graph_diffs_t": 14.700641025641026}