{"id": "EUN1_3584423782", "lvl": 1800, "literal level": "PLATINUM II", "time": 1803, "solokills_t": 0.00887409872434831, "kills_t": 0.05268996117581808, "kp": 0.4862023070097604, "deaths_t": 0.05324459234608985, "assists_t": 0.07542983915696062, "csscore_t": 0.8019966722129783, "teamgold_t": 74.37104825291182, "vision_score_t": 0.9298572316095537, "wards_placed_t": 0.06821963394342762, "gold_graph_diffs_t": 12.32556849694953}