{"id": "EUN1_3567434882", "lvl": 1900, "literal level": "PLATINUM I", "time": 2247, "solokills_t": 0.008900756564307966, "kills_t": 0.03337783711615487, "kp": 0.45392857142857146, "deaths_t": 0.03337783711615487, "assists_t": 0.042723631508678236, "csscore_t": 0.8842901646639965, "teamgold_t": 66.13039608366711, "vision_score_t": 1.0391166256088902, "wards_placed_t": 0.08099688473520249, "gold_graph_diffs_t": 13.963061860258122}