{"id": "EUN1_3566995298", "lvl": 1800, "literal level": "PLATINUM II", "time": 1823, "solokills_t": 0.010422380691168404, "kills_t": 0.04607789358200768, "kp": 0.46840909090909094, "deaths_t": 0.04607789358200768, "assists_t": 0.06198573779484366, "csscore_t": 0.7218869994514536, "teamgold_t": 68.74382885353812, "vision_score_t": 0.8002304786347529, "wards_placed_t": 0.061437191442676904, "gold_graph_diffs_t": 16.893033461327484}