{"id": "EUN1_3567432668", "lvl": 2000, "literal level": "EMERALD IV", "time": 1982, "solokills_t": 0.005045408678102927, "kills_t": 0.03128153380423814, "kp": 0.473054587688734, "deaths_t": 0.03128153380423814, "assists_t": 0.04591321897073663, "csscore_t": 0.9278506559031282, "teamgold_t": 66.62966700302725, "vision_score_t": 0.7775013422505805, "wards_placed_t": 0.05600403632694248, "gold_graph_diffs_t": 13.41473259334006}