{"id": "EUN1_3586600433", "lvl": 2000, "literal level": "EMERALD IV", "time": 1795, "solokills_t": 0.006128133704735376, "kills_t": 0.03454038997214485, "kp": 0.4647058823529412, "deaths_t": 0.03454038997214485, "assists_t": 0.04512534818941504, "csscore_t": 0.7816155988857939, "teamgold_t": 64.57660167130919, "vision_score_t": 0.9210454751017914, "wards_placed_t": 0.06295264623955432, "gold_graph_diffs_t": 10.787186629526463}