{"id": "EUN1_3567587050", "lvl": 2000, "literal level": "EMERALD IV", "time": 1237, "solokills_t": 0.004042037186742118, "kills_t": 0.029911075181891674, "kp": 0.49066666666666664, "deaths_t": 0.029911075181891674, "assists_t": 0.041228779304769606, "csscore_t": 0.8981406628940987, "teamgold_t": 66.41875505254649, "vision_score_t": 0.7696844234163474, "wards_placed_t": 0.0549717057396928, "gold_graph_diffs_t": 16.177849636216653}