{"id": "EUN1_3575425789", "lvl": 2100, "literal level": "EMERALD III", "time": 1591, "solokills_t": 0.01257071024512885, "kills_t": 0.03519798868636078, "kp": 0.43069828722002634, "deaths_t": 0.03519798868636078, "assists_t": 0.04211187932118165, "csscore_t": 0.7932118164676304, "teamgold_t": 64.83595223130106, "vision_score_t": 0.7910470327547742, "wards_placed_t": 0.06222501571338781, "gold_graph_diffs_t": 12.313010685103709}