{"id": "EUN1_3582949220", "lvl": 2200, "literal level": "EMERALD II", "time": 1599, "solokills_t": 0.0050031269543464665, "kills_t": 0.03314571607254534, "kp": 0.5060371517027863, "deaths_t": 0.03314571607254534, "assists_t": 0.04878048780487805, "csscore_t": 0.8836772983114447, "teamgold_t": 65.34959349593495, "vision_score_t": 0.8524774831578611, "wards_placed_t": 0.0600375234521576, "gold_graph_diffs_t": 13.518449030644152}