{"id": "EUN1_3582492343", "lvl": 2000, "literal level": "EMERALD IV", "time": 1692, "solokills_t": 0.008865248226950355, "kills_t": 0.03605200945626478, "kp": 0.4945555555555556, "deaths_t": 0.03605200945626478, "assists_t": 0.05200945626477541, "csscore_t": 0.7978723404255319, "teamgold_t": 65.07505910165484, "vision_score_t": 0.9921887314506408, "wards_placed_t": 0.07505910165484633, "gold_graph_diffs_t": 13.640070921985815}