{"id": "EUN1_3579753947", "lvl": 2000, "literal level": "EMERALD IV", "time": 1824, "solokills_t": 0.006030701754385965, "kills_t": 0.03070175438596491, "kp": 0.49868247694334655, "deaths_t": 0.03125, "assists_t": 0.048793859649122806, "csscore_t": 0.8755482456140351, "teamgold_t": 65.21217105263158, "vision_score_t": 1.148063022444403, "wards_placed_t": 0.07017543859649122, "gold_graph_diffs_t": 14.212171052631579}