{"id": "EUN1_3567614412", "lvl": 2000, "literal level": "EMERALD IV", "time": 1595, "solokills_t": 0.007523510971786834, "kills_t": 0.027586206896551724, "kp": 0.4461538461538462, "deaths_t": 0.027586206896551724, "assists_t": 0.03510971786833856, "csscore_t": 0.8971786833855799, "teamgold_t": 63.99498432601881, "vision_score_t": 1.0259110114904382, "wards_placed_t": 0.08025078369905957, "gold_graph_diffs_t": 14.121630094043887}