{"id": "EUN1_3557951371", "lvl": 2000, "literal level": "EMERALD IV", "time": 1718, "solokills_t": 0.007566938300349243, "kills_t": 0.034924330616996506, "kp": 0.425, "deaths_t": 0.034924330616996506, "assists_t": 0.03958090803259604, "csscore_t": 0.8480791618160652, "teamgold_t": 66.28114086146682, "vision_score_t": 0.911960724767624, "wards_placed_t": 0.06169965075669383, "gold_graph_diffs_t": 14.19499417927823}