{"id": "EUN1_3576528447", "lvl": 2200, "literal level": "EMERALD II", "time": 1552, "solokills_t": 0.011597938144329897, "kills_t": 0.0509020618556701, "kp": 0.4198945981554677, "deaths_t": 0.0509020618556701, "assists_t": 0.0547680412371134, "csscore_t": 0.7847938144329897, "teamgold_t": 71.625, "vision_score_t": 0.9672954104662657, "wards_placed_t": 0.0625, "gold_graph_diffs_t": 12.606958762886597}