{"id": "EUN1_3576392947", "lvl": 2300, "literal level": "EMERALD I", "time": 1736, "solokills_t": 0.001152073732718894, "kills_t": 0.02707373271889401, "kp": 0.5493951612903226, "deaths_t": 0.02707373271889401, "assists_t": 0.0478110599078341, "csscore_t": 0.9095622119815668, "teamgold_t": 64.60541474654377, "vision_score_t": 1.0794889005239532, "wards_placed_t": 0.061635944700460826, "gold_graph_diffs_t": 11.34389400921659}