{"id": "EUN1_3584280722", "lvl": 2200, "literal level": "EMERALD II", "time": 1705, "solokills_t": 0.00469208211143695, "kills_t": 0.03167155425219941, "kp": 0.47777777777777786, "deaths_t": 0.03167155425219941, "assists_t": 0.04398826979472141, "csscore_t": 0.9577712609970674, "teamgold_t": 68.76950146627566, "vision_score_t": 0.9933818203249427, "wards_placed_t": 0.07096774193548387, "gold_graph_diffs_t": 14.317888563049854}