{"id": "EUN1_3550155107", "lvl": 2300, "literal level": "EMERALD I", "time": 1869, "solokills_t": 0.006420545746388443, "kills_t": 0.034777956126270736, "kp": 0.46794871794871795, "deaths_t": 0.034777956126270736, "assists_t": 0.047619047619047616, "csscore_t": 0.9138576779026217, "teamgold_t": 66.86088817549492, "vision_score_t": 1.0557026426067215, "wards_placed_t": 0.07704654895666131, "gold_graph_diffs_t": 14.65008025682183}