{"id": "EUN1_3562435204", "lvl": 2200, "literal level": "EMERALD II", "time": 1380, "solokills_t": 0.014492753623188406, "kills_t": 0.05144927536231884, "kp": 0.4337391304347826, "deaths_t": 0.05144927536231884, "assists_t": 0.06086956521739131, "csscore_t": 0.755072463768116, "teamgold_t": 71.6731884057971, "vision_score_t": 0.7657824381644607, "wards_placed_t": 0.0572463768115942, "gold_graph_diffs_t": 16.794927536231885}