{"id": "EUN1_3567874567", "lvl": 2100, "literal level": "EMERALD III", "time": 2121, "solokills_t": 0.008958038661008957, "kills_t": 0.03253182461103253, "kp": 0.4287931034482758, "deaths_t": 0.03253182461103253, "assists_t": 0.037246581801037244, "csscore_t": 0.9335219236209336, "teamgold_t": 66.34370579915134, "vision_score_t": 0.9967679606936025, "wards_placed_t": 0.06506364922206506, "gold_graph_diffs_t": 12.456859971711458}