{"id": "EUN1_3573077533", "lvl": 2200, "literal level": "EMERALD II", "time": 1442, "solokills_t": 0.009708737864077669, "kills_t": 0.047156726768377254, "kp": 0.4862637362637363, "deaths_t": 0.047156726768377254, "assists_t": 0.06588072122052704, "csscore_t": 0.8543689320388349, "teamgold_t": 73.23994452149792, "vision_score_t": 1.083232829038095, "wards_placed_t": 0.07350901525658807, "gold_graph_diffs_t": 14.363384188626908}