{"id": "EUN1_3586841331", "lvl": 2200, "literal level": "EMERALD II", "time": 1605, "solokills_t": 0.004361370716510903, "kills_t": 0.029906542056074768, "kp": 0.553968253968254, "deaths_t": 0.029906542056074768, "assists_t": 0.0529595015576324, "csscore_t": 0.8566978193146417, "teamgold_t": 62.655451713395635, "vision_score_t": 0.9057870615479089, "wards_placed_t": 0.06043613707165109, "gold_graph_diffs_t": 13.085358255451714}