{"id": "EUN1_3551690064", "lvl": 2100, "literal level": "EMERALD III", "time": 1567, "solokills_t": 0.015315890236119975, "kills_t": 0.04913848117421825, "kp": 0.40659574468085113, "deaths_t": 0.04913848117421825, "assists_t": 0.047862156987874924, "csscore_t": 0.8844926611359285, "teamgold_t": 73.12125079770261, "vision_score_t": 0.8904004595143501, "wards_placed_t": 0.058710912571793235, "gold_graph_diffs_t": 11.778557753669432}