{"id": "EUN1_3584564537", "lvl": 1700, "literal level": "PLATINUM III", "time": 925, "solokills_t": 0.0075675675675675675, "kills_t": 0.025945945945945945, "kp": 0.34444444444444444, "deaths_t": 0.025945945945945945, "assists_t": 0.01945945945945946, "csscore_t": 0.84, "teamgold_t": 58.07135135135135, "vision_score_t": 0.6578280315465014, "wards_placed_t": 0.04756756756756757, "gold_graph_diffs_t": 11.982702702702703}