{"id": "EUN1_3563599734", "lvl": 2000, "literal level": "EMERALD IV", "time": 2221, "solokills_t": 0.00945520036019811, "kills_t": 0.048626744709590275, "kp": 0.46112071947423044, "deaths_t": 0.04907699234579019, "assists_t": 0.06348491670418731, "csscore_t": 0.819900945520036, "teamgold_t": 71.87348041422783, "vision_score_t": 0.8932004407021946, "wards_placed_t": 0.06258442143178748, "gold_graph_diffs_t": 11.84736605132823}