{"id": "EUN1_3568539103", "lvl": 2100, "literal level": "EMERALD III", "time": 1432, "solokills_t": 0.00558659217877095, "kills_t": 0.03770949720670391, "kp": 0.48315789473684223, "deaths_t": 0.03770949720670391, "assists_t": 0.05097765363128492, "csscore_t": 0.8666201117318436, "teamgold_t": 67.74860335195531, "vision_score_t": 0.828219592436005, "wards_placed_t": 0.05935754189944134, "gold_graph_diffs_t": 11.553072625698324}