{"id": "EUN1_3581216664", "lvl": 2100, "literal level": "EMERALD III", "time": 1747, "solokills_t": 0.010875787063537493, "kills_t": 0.04579278763594734, "kp": 0.4460716530483973, "deaths_t": 0.04579278763594734, "assists_t": 0.05666857469948483, "csscore_t": 0.795649685174585, "teamgold_t": 69.89181453921007, "vision_score_t": 1.1607246072489967, "wards_placed_t": 0.09387521465369204, "gold_graph_diffs_t": 13.716657126502575}