{"id": "EUN1_3577867945", "lvl": 2200, "literal level": "EMERALD II", "time": 917, "solokills_t": 0.011995637949836423, "kills_t": 0.03489640130861505, "kp": 0.40636363636363637, "deaths_t": 0.03489640130861505, "assists_t": 0.03380588876772083, "csscore_t": 0.8625954198473282, "teamgold_t": 63.94002181025082, "vision_score_t": 0.6664086869107815, "wards_placed_t": 0.05888767720828789, "gold_graph_diffs_t": 12.260632497273718}