{"id": "EUN1_3567927775", "lvl": 2000, "literal level": "EMERALD IV", "time": 1481, "solokills_t": 0.011478730587440918, "kills_t": 0.03916272788656313, "kp": 0.4244530244530245, "deaths_t": 0.03916272788656313, "assists_t": 0.04321404456448346, "csscore_t": 0.8163403106009454, "teamgold_t": 68.87170830519919, "vision_score_t": 0.8186839081461024, "wards_placed_t": 0.054692775151924375, "gold_graph_diffs_t": 11.790006752194463}