{"id": "EUN1_3550168538", "lvl": 2100, "literal level": "EMERALD III", "time": 2052, "solokills_t": 0.00682261208576998, "kills_t": 0.03216374269005848, "kp": 0.47749287749287755, "deaths_t": 0.032651072124756333, "assists_t": 0.043859649122807015, "csscore_t": 0.8859649122807017, "teamgold_t": 67.49561403508773, "vision_score_t": 1.0397226272009772, "wards_placed_t": 0.07456140350877193, "gold_graph_diffs_t": 13.905945419103315}