{"id": "EUN1_3568420275", "lvl": 2000, "literal level": "EMERALD IV", "time": 1657, "solokills_t": 0.01388050694025347, "kills_t": 0.032589016294508145, "kp": 0.36944444444444435, "deaths_t": 0.032589016294508145, "assists_t": 0.02776101388050694, "csscore_t": 0.8412794206397103, "teamgold_t": 62.99215449607725, "vision_score_t": 0.9090384902889437, "wards_placed_t": 0.0675920337960169, "gold_graph_diffs_t": 12.061557030778516}