{"id": "EUN1_3575709317", "lvl": 2100, "literal level": "EMERALD III", "time": 1491, "solokills_t": 0.011401743796109993, "kills_t": 0.034875922199865864, "kp": 0.4173109243697479, "deaths_t": 0.034875922199865864, "assists_t": 0.03822937625754527, "csscore_t": 0.8826291079812206, "teamgold_t": 64.59892689470155, "vision_score_t": 0.8173878730933424, "wards_placed_t": 0.05835010060362173, "gold_graph_diffs_t": 11.716297786720322}