{"id": "EUN1_3575770280", "lvl": 2300, "literal level": "EMERALD I", "time": 1995, "solokills_t": 0.005513784461152882, "kills_t": 0.03558897243107769, "kp": 0.5345238095238095, "deaths_t": 0.03558897243107769, "assists_t": 0.05964912280701754, "csscore_t": 0.893734335839599, "teamgold_t": 69.04010025062657, "vision_score_t": 1.05866351046869, "wards_placed_t": 0.07418546365914787, "gold_graph_diffs_t": 11.683709273182957}