{"id": "EUN1_3568873447", "lvl": 2100, "literal level": "EMERALD III", "time": 1857, "solokills_t": 0.008077544426494346, "kills_t": 0.04092622509423802, "kp": 0.4298295454545455, "deaths_t": 0.04092622509423802, "assists_t": 0.04738826063543349, "csscore_t": 0.8379106085083468, "teamgold_t": 68.98653742595585, "vision_score_t": 1.0421277807904414, "wards_placed_t": 0.07485191168551426, "gold_graph_diffs_t": 13.952611739364567}