{"id": "EUN1_3570052171", "lvl": 2300, "literal level": "EMERALD I", "time": 1750, "solokills_t": 0.008571428571428572, "kills_t": 0.036, "kp": 0.47778947368421054, "deaths_t": 0.036, "assists_t": 0.052, "csscore_t": 0.84, "teamgold_t": 66.6, "vision_score_t": 0.8594498000610683, "wards_placed_t": 0.060571428571428575, "gold_graph_diffs_t": 12.185142857142857}