{"id": "EUN1_3584178509", "lvl": 1700, "literal level": "PLATINUM III", "time": 1604, "solokills_t": 0.01371571072319202, "kills_t": 0.060473815461346635, "kp": 0.42995670995671, "deaths_t": 0.060473815461346635, "assists_t": 0.06920199501246883, "csscore_t": 0.6571072319201995, "teamgold_t": 72.75, "vision_score_t": 0.7442679592267275, "wards_placed_t": 0.05236907730673317, "gold_graph_diffs_t": 18.629052369077307}