{"id": "EUN1_3567149858", "lvl": 2000, "literal level": "EMERALD IV", "time": 1793, "solokills_t": 0.011712214166201896, "kills_t": 0.053541550474065815, "kp": 0.4596895787139689, "deaths_t": 0.053541550474065815, "assists_t": 0.06804238706079196, "csscore_t": 0.7640825432236475, "teamgold_t": 74.69213608477412, "vision_score_t": 0.9275254546394537, "wards_placed_t": 0.06581148912437255, "gold_graph_diffs_t": 18.538204127161183}