{"id": "EUN1_3569678152", "lvl": 1800, "literal level": "PLATINUM II", "time": 1362, "solokills_t": 0.005873715124816446, "kills_t": 0.041116005873715125, "kp": 0.4749999999999999, "deaths_t": 0.041116005873715125, "assists_t": 0.05800293685756241, "csscore_t": 0.8076358296622613, "teamgold_t": 68.70558002936858, "vision_score_t": 0.8707575139843836, "wards_placed_t": 0.0631424375917768, "gold_graph_diffs_t": 17.977239353891335}