{"id": "EUN1_3586092842", "lvl": 2000, "literal level": "EMERALD IV", "time": 1368, "solokills_t": 0.010964912280701754, "kills_t": 0.038011695906432746, "kp": 0.4291666666666666, "deaths_t": 0.038011695906432746, "assists_t": 0.05116959064327485, "csscore_t": 0.8640350877192983, "teamgold_t": 68.39766081871345, "vision_score_t": 0.8350860597531412, "wards_placed_t": 0.05555555555555555, "gold_graph_diffs_t": 16.82894736842105}