{"id": "EUN1_3565721025", "lvl": 2100, "literal level": "EMERALD III", "time": 1460, "solokills_t": 0.00410958904109589, "kills_t": 0.0273972602739726, "kp": 0.5116161616161616, "deaths_t": 0.0273972602739726, "assists_t": 0.04315068493150685, "csscore_t": 0.9171232876712329, "teamgold_t": 66.20753424657535, "vision_score_t": 0.9348476948152762, "wards_placed_t": 0.057534246575342465, "gold_graph_diffs_t": 11.35958904109589}