{"id": "EUN1_3556019193", "lvl": 2300, "literal level": "EMERALD I", "time": 1339, "solokills_t": 0.006721433905899925, "kills_t": 0.03435399551904406, "kp": 0.43725490196078437, "deaths_t": 0.03435399551904406, "assists_t": 0.041075429424943986, "csscore_t": 0.8491411501120238, "teamgold_t": 64.15832710978341, "vision_score_t": 1.0307180189802652, "wards_placed_t": 0.07244212098581031, "gold_graph_diffs_t": 15.798356982823002}