{"id": "EUN1_3577880672", "lvl": 2200, "literal level": "EMERALD II", "time": 2049, "solokills_t": 0.007320644216691069, "kills_t": 0.03318692044899951, "kp": 0.42234432234432234, "deaths_t": 0.03318692044899951, "assists_t": 0.03806734992679356, "csscore_t": 0.928745729624207, "teamgold_t": 69.18350414836506, "vision_score_t": 0.99178645064144, "wards_placed_t": 0.063933626159102, "gold_graph_diffs_t": 14.84382625671059}