{"id": "EUN1_3580734955", "lvl": 2100, "literal level": "EMERALD III", "time": 1280, "solokills_t": 0.00703125, "kills_t": 0.03046875, "kp": 0.44000000000000006, "deaths_t": 0.03046875, "assists_t": 0.03984375, "csscore_t": 0.89375, "teamgold_t": 63.65625, "vision_score_t": 0.877643157660178, "wards_placed_t": 0.06484375, "gold_graph_diffs_t": 11.5265625}