{"id": "EUN1_3572812404", "lvl": 2300, "literal level": "EMERALD I", "time": 2261, "solokills_t": 0.004422821760283061, "kills_t": 0.040689960194604156, "kp": 0.5563120567375885, "deaths_t": 0.040689960194604156, "assists_t": 0.0725342768686422, "csscore_t": 0.8014153029632906, "teamgold_t": 70.46616541353383, "vision_score_t": 0.9467644251284938, "wards_placed_t": 0.06988058381247236, "gold_graph_diffs_t": 15.45687748783724}