{"id": "EUN1_3575711536", "lvl": 2100, "literal level": "EMERALD III", "time": 1602, "solokills_t": 0.013108614232209739, "kills_t": 0.04556803995006242, "kp": 0.43076923076923074, "deaths_t": 0.04556803995006242, "assists_t": 0.05056179775280899, "csscore_t": 0.83458177278402, "teamgold_t": 71.6354556803995, "vision_score_t": 0.8903361934080521, "wards_placed_t": 0.06554307116104868, "gold_graph_diffs_t": 17.405742821473158}