{"id": "EUN1_3565081764", "lvl": 2100, "literal level": "EMERALD III", "time": 1508, "solokills_t": 0.013262599469496022, "kills_t": 0.047082228116710874, "kp": 0.39121739130434785, "deaths_t": 0.047082228116710874, "assists_t": 0.04774535809018567, "csscore_t": 0.8328912466843501, "teamgold_t": 73.64190981432361, "vision_score_t": 1.0048177406005707, "wards_placed_t": 0.06763925729442971, "gold_graph_diffs_t": 15.594164456233422}