{"id": "EUN1_3575065960", "lvl": 2200, "literal level": "EMERALD II", "time": 2045, "solokills_t": 0.0117359413202934, "kills_t": 0.04352078239608802, "kp": 0.46472746331236897, "deaths_t": 0.04352078239608802, "assists_t": 0.05867970660146699, "csscore_t": 0.8058679706601467, "teamgold_t": 70.68361858190708, "vision_score_t": 0.8690375024580966, "wards_placed_t": 0.05770171149144254, "gold_graph_diffs_t": 14.728606356968216}