{"id": "EUN1_3537055988", "lvl": 2100, "literal level": "EMERALD III", "time": 2502, "solokills_t": 0.004396482813749001, "kills_t": 0.02597921662669864, "kp": 0.5132827324478179, "deaths_t": 0.02597921662669864, "assists_t": 0.04036770583533174, "csscore_t": 0.8693045563549161, "teamgold_t": 64.81175059952038, "vision_score_t": 0.9671331993134299, "wards_placed_t": 0.07314148681055156, "gold_graph_diffs_t": 13.043565147881695}