{"id": "EUN1_3567476416", "lvl": 2100, "literal level": "EMERALD III", "time": 2768, "solokills_t": 0.007947976878612716, "kills_t": 0.03468208092485549, "kp": 0.4671347082053533, "deaths_t": 0.03468208092485549, "assists_t": 0.04552023121387283, "csscore_t": 0.8338150289017341, "teamgold_t": 68.90715317919076, "vision_score_t": 1.2817294027162167, "wards_placed_t": 0.08778901734104046, "gold_graph_diffs_t": 11.501806358381502}