{"id": "EUN1_3536645406", "lvl": 2100, "literal level": "EMERALD III", "time": 2275, "solokills_t": 0.006593406593406593, "kills_t": 0.041758241758241756, "kp": 0.4674277726001864, "deaths_t": 0.041758241758241756, "assists_t": 0.056703296703296706, "csscore_t": 0.803076923076923, "teamgold_t": 71.02505494505495, "vision_score_t": 0.9767217387403135, "wards_placed_t": 0.0654945054945055, "gold_graph_diffs_t": 13.027692307692307}