{"id": "EUN1_3581871751", "lvl": 2200, "literal level": "EMERALD II", "time": 2407, "solokills_t": 0.009140008309098464, "kills_t": 0.04279185708350644, "kp": 0.5010935143288084, "deaths_t": 0.04279185708350644, "assists_t": 0.06439551308683007, "csscore_t": 0.7320315745741587, "teamgold_t": 68.87370170336519, "vision_score_t": 1.1343031578041471, "wards_placed_t": 0.07769007062733693, "gold_graph_diffs_t": 12.86123805567096}