{"id": "EUN1_3581235380", "lvl": 2200, "literal level": "EMERALD II", "time": 1897, "solokills_t": 0.005798629414865577, "kills_t": 0.05007907221929362, "kp": 0.5362745098039217, "deaths_t": 0.050606220347917764, "assists_t": 0.08487084870848709, "csscore_t": 0.7290458618871903, "teamgold_t": 73.54665260938323, "vision_score_t": 0.8657598595536408, "wards_placed_t": 0.06905640484976279, "gold_graph_diffs_t": 18.47337901950448}