{"id": "EUN1_3582057227", "lvl": 2000, "literal level": "EMERALD IV", "time": 2221, "solokills_t": 0.008554705087798289, "kills_t": 0.03962179198559208, "kp": 0.47091097308488605, "deaths_t": 0.03962179198559208, "assists_t": 0.053579468707789284, "csscore_t": 0.8280054029716344, "teamgold_t": 68.09275101305718, "vision_score_t": 0.9609453562328121, "wards_placed_t": 0.06843764070238631, "gold_graph_diffs_t": 13.472309770373705}