{"id": "EUN1_3569886832", "lvl": 2100, "literal level": "EMERALD III", "time": 929, "solokills_t": 0.007534983853606028, "kills_t": 0.030139935414424113, "kp": 0.35508021390374334, "deaths_t": 0.030139935414424113, "assists_t": 0.023681377825618945, "csscore_t": 0.9138858988159311, "teamgold_t": 63.26480086114101, "vision_score_t": 0.7416009335549739, "wards_placed_t": 0.05059203444564048, "gold_graph_diffs_t": 11.747039827771797}