{"id": "EUN1_3585992046", "lvl": 1700, "literal level": "PLATINUM III", "time": 2443, "solokills_t": 0.008595988538681949, "kills_t": 0.03315595579205895, "kp": 0.44029304029304034, "deaths_t": 0.03315595579205895, "assists_t": 0.04011461318051576, "csscore_t": 0.8546868604175194, "teamgold_t": 67.0589439214081, "vision_score_t": 0.9689988064432014, "wards_placed_t": 0.06508391322144903, "gold_graph_diffs_t": 12.12893982808023}