{"id": "EUN1_3544584461", "lvl": 1800, "literal level": "PLATINUM II", "time": 1926, "solokills_t": 0.014018691588785047, "kills_t": 0.043094496365524405, "kp": 0.4154545454545454, "deaths_t": 0.043094496365524405, "assists_t": 0.043094496365524405, "csscore_t": 0.8447559709241952, "teamgold_t": 71.25025960539979, "vision_score_t": 0.8933140688530147, "wards_placed_t": 0.05970924195223261, "gold_graph_diffs_t": 15.050882658359294}