{"id": "EUN1_3536871439", "lvl": 2100, "literal level": "EMERALD III", "time": 1770, "solokills_t": 0.007344632768361582, "kills_t": 0.024293785310734464, "kp": 0.4163978494623656, "deaths_t": 0.024293785310734464, "assists_t": 0.031638418079096044, "csscore_t": 0.9146892655367231, "teamgold_t": 62.849152542372885, "vision_score_t": 1.139308956997101, "wards_placed_t": 0.06892655367231638, "gold_graph_diffs_t": 14.733898305084745}