{"id": "EUN1_3545455733", "lvl": 2100, "literal level": "EMERALD III", "time": 1946, "solokills_t": 0.007194244604316547, "kills_t": 0.03854059609455293, "kp": 0.5018895348837209, "deaths_t": 0.03854059609455293, "assists_t": 0.05858170606372045, "csscore_t": 0.8699897225077081, "teamgold_t": 70.86330935251799, "vision_score_t": 0.9837478230796295, "wards_placed_t": 0.065775950668037, "gold_graph_diffs_t": 13.0}