{"id": "EUN1_3565615870", "lvl": 1900, "literal level": "PLATINUM I", "time": 1357, "solokills_t": 0.008106116433308769, "kills_t": 0.03610906411201179, "kp": 0.4385714285714286, "deaths_t": 0.03610906411201179, "assists_t": 0.040530582166543844, "csscore_t": 0.8437730287398674, "teamgold_t": 65.21591746499631, "vision_score_t": 0.8107430895338054, "wards_placed_t": 0.05969049373618276, "gold_graph_diffs_t": 11.983787767133382}