{"id": "EUN1_3579889896", "lvl": 2100, "literal level": "EMERALD III", "time": 1704, "solokills_t": 0.006455399061032864, "kills_t": 0.04401408450704225, "kp": 0.53, "deaths_t": 0.04401408450704225, "assists_t": 0.0710093896713615, "csscore_t": 0.8597417840375586, "teamgold_t": 72.13615023474179, "vision_score_t": 1.0446795535750077, "wards_placed_t": 0.07570422535211267, "gold_graph_diffs_t": 14.450704225352112}