{"id": "EUN1_3566772889", "lvl": 2100, "literal level": "EMERALD III", "time": 1539, "solokills_t": 0.014944769330734242, "kills_t": 0.037686809616634176, "kp": 0.3883333333333333, "deaths_t": 0.037686809616634176, "assists_t": 0.03573749187784275, "csscore_t": 1.00909681611436, "teamgold_t": 70.10526315789474, "vision_score_t": 0.9032213995463673, "wards_placed_t": 0.06042884990253411, "gold_graph_diffs_t": 14.74074074074074}