{"id": "EUN1_3570404003", "lvl": 2100, "literal level": "EMERALD III", "time": 1236, "solokills_t": 0.012944983818770227, "kills_t": 0.03478964401294499, "kp": 0.3963068181818182, "deaths_t": 0.03478964401294499, "assists_t": 0.030744336569579287, "csscore_t": 0.8438511326860841, "teamgold_t": 68.29692556634305, "vision_score_t": 0.8886640270174275, "wards_placed_t": 0.063915857605178, "gold_graph_diffs_t": 18.03640776699029}