{"id": "EUN1_3537086419", "lvl": 2100, "literal level": "EMERALD III", "time": 1456, "solokills_t": 0.006868131868131868, "kills_t": 0.04395604395604396, "kp": 0.4690909090909091, "deaths_t": 0.044642857142857144, "assists_t": 0.059065934065934064, "csscore_t": 0.8440934065934066, "teamgold_t": 70.46085164835165, "vision_score_t": 0.8053382241805446, "wards_placed_t": 0.05425824175824176, "gold_graph_diffs_t": 13.839972527472527}