{"id": "EUN1_3544552605", "lvl": 1900, "literal level": "PLATINUM I", "time": 1581, "solokills_t": 0.006957621758380772, "kills_t": 0.03225806451612903, "kp": 0.46119691119691114, "deaths_t": 0.03225806451612903, "assists_t": 0.04554079696394687, "csscore_t": 0.8671726755218216, "teamgold_t": 65.63061353573687, "vision_score_t": 0.977360100434343, "wards_placed_t": 0.0683111954459203, "gold_graph_diffs_t": 15.147375079063883}