{"id": "EUN1_3581108296", "lvl": 2100, "literal level": "EMERALD III", "time": 1598, "solokills_t": 0.011889862327909888, "kills_t": 0.0425531914893617, "kp": 0.4565581395348838, "deaths_t": 0.0425531914893617, "assists_t": 0.05506883604505632, "csscore_t": 0.8623279098873592, "teamgold_t": 69.66270337922403, "vision_score_t": 0.8612549215162352, "wards_placed_t": 0.057571964956195244, "gold_graph_diffs_t": 17.91176470588235}