{"id": "EUN1_3549332533", "lvl": 1800, "literal level": "PLATINUM II", "time": 1884, "solokills_t": 0.009554140127388535, "kills_t": 0.037154989384288746, "kp": 0.4330065359477124, "deaths_t": 0.037154989384288746, "assists_t": 0.042993630573248405, "csscore_t": 0.8651804670912951, "teamgold_t": 68.86942675159236, "vision_score_t": 1.0136253812070906, "wards_placed_t": 0.06528662420382166, "gold_graph_diffs_t": 16.03927813163482}