{"id": "EUN1_3582863303", "lvl": 2100, "literal level": "EMERALD III", "time": 2206, "solokills_t": 0.0027198549410698096, "kills_t": 0.028558476881233003, "kp": 0.5788032454361055, "deaths_t": 0.028558476881233003, "assists_t": 0.05439709882139619, "csscore_t": 0.9338168631006346, "teamgold_t": 67.3730734360834, "vision_score_t": 1.2542528077733828, "wards_placed_t": 0.09156844968268359, "gold_graph_diffs_t": 10.91613780598368}