{"id": "EUN1_3570048794", "lvl": 1900, "literal level": "PLATINUM I", "time": 1752, "solokills_t": 0.01141552511415525, "kills_t": 0.03881278538812785, "kp": 0.4449302325581395, "deaths_t": 0.03881278538812785, "assists_t": 0.04737442922374429, "csscore_t": 0.8613013698630136, "teamgold_t": 69.04509132420091, "vision_score_t": 1.053742840016361, "wards_placed_t": 0.062214611872146115, "gold_graph_diffs_t": 12.860159817351597}