{"id": "EUN1_3554210441", "lvl": 2200, "literal level": "EMERALD II", "time": 1151, "solokills_t": 0.013032145960034752, "kills_t": 0.036490008688097306, "kp": 0.42333333333333323, "deaths_t": 0.036490008688097306, "assists_t": 0.03735881841876629, "csscore_t": 0.8340573414422241, "teamgold_t": 65.41876629018245, "vision_score_t": 0.663588826796343, "wards_placed_t": 0.04865334491746308, "gold_graph_diffs_t": 15.616854908774979}