{"id": "EUN1_3547007464", "lvl": 1900, "literal level": "PLATINUM I", "time": 1652, "solokills_t": 0.00847457627118644, "kills_t": 0.030871670702179176, "kp": 0.4601851851851852, "deaths_t": 0.031476997578692496, "assists_t": 0.039951573849878935, "csscore_t": 0.8946731234866828, "teamgold_t": 66.4546004842615, "vision_score_t": 0.922806938088023, "wards_placed_t": 0.06174334140435835, "gold_graph_diffs_t": 10.470338983050848}