{"id": "EUN1_3536717680", "lvl": 2000, "literal level": "EMERALD IV", "time": 1310, "solokills_t": 0.012213740458015267, "kills_t": 0.04198473282442748, "kp": 0.41271929824561404, "deaths_t": 0.04198473282442748, "assists_t": 0.042748091603053436, "csscore_t": 0.8870229007633588, "teamgold_t": 70.27251908396947, "vision_score_t": 0.9017574777151044, "wards_placed_t": 0.06412213740458016, "gold_graph_diffs_t": 11.953435114503817}