{"id": "EUN1_3583404457", "lvl": 2200, "literal level": "EMERALD II", "time": 1385, "solokills_t": 0.007220216606498195, "kills_t": 0.03898916967509025, "kp": 0.43243243243243246, "deaths_t": 0.03898916967509025, "assists_t": 0.047653429602888084, "csscore_t": 0.8433212996389892, "teamgold_t": 67.27148014440434, "vision_score_t": 0.7845380081749856, "wards_placed_t": 0.0592057761732852, "gold_graph_diffs_t": 13.63971119133574}