{"id": "EUN1_3571963699", "lvl": 2300, "literal level": "EMERALD I", "time": 1567, "solokills_t": 0.003190810465858328, "kills_t": 0.035737077217613274, "kp": 0.5166666666666667, "deaths_t": 0.035737077217613274, "assists_t": 0.054243777919591576, "csscore_t": 0.839821314613912, "teamgold_t": 66.62220804084238, "vision_score_t": 0.7365289183450633, "wards_placed_t": 0.052967453733248245, "gold_graph_diffs_t": 14.227823867262284}