{"id": "EUN1_3536909947", "lvl": 2000, "literal level": "EMERALD IV", "time": 1487, "solokills_t": 0.008742434431741762, "kills_t": 0.026227303295225286, "kp": 0.4055194805194805, "deaths_t": 0.026227303295225286, "assists_t": 0.026227303295225286, "csscore_t": 0.9663752521856086, "teamgold_t": 66.13651647612643, "vision_score_t": 0.9126356746354798, "wards_placed_t": 0.05379959650302623, "gold_graph_diffs_t": 8.732347007397445}