{"id": "EUN1_3582143648", "lvl": 2200, "literal level": "EMERALD II", "time": 939, "solokills_t": 0.005324813631522897, "kills_t": 0.0308839190628328, "kp": 0.46739130434782605, "deaths_t": 0.0308839190628328, "assists_t": 0.038338658146964855, "csscore_t": 0.853035143769968, "teamgold_t": 61.84877529286475, "vision_score_t": 0.7866625456307264, "wards_placed_t": 0.059637912673056445, "gold_graph_diffs_t": 14.270500532481362}