{"id": "EUN1_3567588137", "lvl": 2000, "literal level": "EMERALD IV", "time": 1620, "solokills_t": 0.006172839506172839, "kills_t": 0.02962962962962963, "kp": 0.4580645161290322, "deaths_t": 0.030246913580246913, "assists_t": 0.040740740740740744, "csscore_t": 0.858641975308642, "teamgold_t": 62.80246913580247, "vision_score_t": 0.9035883110896805, "wards_placed_t": 0.06419753086419754, "gold_graph_diffs_t": 10.620987654320988}