{"id": "EUN1_3568896508", "lvl": 1900, "literal level": "PLATINUM I", "time": 1747, "solokills_t": 0.005724098454493417, "kills_t": 0.040641099026903264, "kp": 0.5294308943089431, "deaths_t": 0.040641099026903264, "assists_t": 0.06639954207212365, "csscore_t": 0.8391528334287349, "teamgold_t": 68.82026330852891, "vision_score_t": 1.0278908493425651, "wards_placed_t": 0.07097882083571837, "gold_graph_diffs_t": 17.22781911848884}