{"id": "EUN1_3579270739", "lvl": 2000, "literal level": "EMERALD IV", "time": 2075, "solokills_t": 0.006265060240963855, "kills_t": 0.043373493975903614, "kp": 0.5192973775358734, "deaths_t": 0.043373493975903614, "assists_t": 0.06891566265060241, "csscore_t": 0.7489156626506024, "teamgold_t": 67.83084337349398, "vision_score_t": 1.0347857201942023, "wards_placed_t": 0.06795180722891567, "gold_graph_diffs_t": 14.560481927710843}