{"id": "EUN1_3585570854", "lvl": 2000, "literal level": "EMERALD IV", "time": 1573, "solokills_t": 0.006357279084551812, "kills_t": 0.029243483788938335, "kp": 0.5411538461538461, "deaths_t": 0.029243483788938335, "assists_t": 0.04895104895104895, "csscore_t": 0.8734901462174189, "teamgold_t": 64.69548633184996, "vision_score_t": 0.9294770682007162, "wards_placed_t": 0.06993006993006994, "gold_graph_diffs_t": 11.991099809281627}