{"id": "EUN1_3568430002", "lvl": 2300, "literal level": "EMERALD I", "time": 1832, "solokills_t": 0.010917030567685589, "kills_t": 0.0453056768558952, "kp": 0.43014705882352944, "deaths_t": 0.0453056768558952, "assists_t": 0.05240174672489083, "csscore_t": 0.8482532751091703, "teamgold_t": 70.82969432314411, "vision_score_t": 0.9217750724709429, "wards_placed_t": 0.0584061135371179, "gold_graph_diffs_t": 14.674672489082969}