{"id": "EUN1_3583929723", "lvl": 2000, "literal level": "EMERALD IV", "time": 2219, "solokills_t": 0.012618296529968454, "kills_t": 0.03785488958990536, "kp": 0.43262032085561497, "deaths_t": 0.03785488958990536, "assists_t": 0.041910770617395225, "csscore_t": 0.868409193330329, "teamgold_t": 70.27760252365931, "vision_score_t": 0.9839971034495992, "wards_placed_t": 0.05362776025236593, "gold_graph_diffs_t": 15.705272645335738}