{"id": "EUN1_3577596359", "lvl": 2100, "literal level": "EMERALD III", "time": 1933, "solokills_t": 0.008277289187790998, "kills_t": 0.04086911536471805, "kp": 0.47246469833119387, "deaths_t": 0.04086911536471805, "assists_t": 0.05587170201758924, "csscore_t": 0.9068804966373513, "teamgold_t": 71.75685463010863, "vision_score_t": 0.9893027571053035, "wards_placed_t": 0.062079668908432487, "gold_graph_diffs_t": 14.0}