{"id": "EUN1_3583363760", "lvl": 2000, "literal level": "EMERALD IV", "time": 1805, "solokills_t": 0.01218836565096953, "kills_t": 0.04265927977839335, "kp": 0.4336363636363636, "deaths_t": 0.043213296398891966, "assists_t": 0.04709141274238227, "csscore_t": 0.8991689750692521, "teamgold_t": 68.66648199445983, "vision_score_t": 0.7992849774166338, "wards_placed_t": 0.0520775623268698, "gold_graph_diffs_t": 10.062603878116343}