{"id": "EUN1_3567749942", "lvl": 1900, "literal level": "PLATINUM I", "time": 2019, "solokills_t": 0.010896483407627538, "kills_t": 0.05299653293709757, "kp": 0.46925227113906354, "deaths_t": 0.05299653293709757, "assists_t": 0.0713224368499257, "csscore_t": 0.6849925705794948, "teamgold_t": 72.28429915799902, "vision_score_t": 0.8067441312127102, "wards_placed_t": 0.05448241703813769, "gold_graph_diffs_t": 15.370975730559683}