{"id": "EUN1_3569920083", "lvl": 1900, "literal level": "PLATINUM I", "time": 1915, "solokills_t": 0.010966057441253264, "kills_t": 0.03289817232375979, "kp": 0.45967741935483863, "deaths_t": 0.03289817232375979, "assists_t": 0.042819843342036555, "csscore_t": 0.8647519582245431, "teamgold_t": 65.60678851174934, "vision_score_t": 0.9599218813861323, "wards_placed_t": 0.05953002610966057, "gold_graph_diffs_t": 13.021932114882507}