{"id": "EUN1_3584411167", "lvl": 1800, "literal level": "PLATINUM II", "time": 1882, "solokills_t": 0.004250797024442083, "kills_t": 0.03506907545164718, "kp": 0.4812942366026289, "deaths_t": 0.03506907545164718, "assists_t": 0.04994686503719448, "csscore_t": 0.798087141339001, "teamgold_t": 66.30712008501594, "vision_score_t": 0.9606372479235394, "wards_placed_t": 0.06323060573857599, "gold_graph_diffs_t": 12.535600425079702}