{"id": "EUN1_3549035552", "lvl": 2300, "literal level": "EMERALD I", "time": 1531, "solokills_t": 0.006531678641410843, "kills_t": 0.043762246897452645, "kp": 0.5240404040404041, "deaths_t": 0.043762246897452645, "assists_t": 0.06792945787067277, "csscore_t": 0.8282168517308949, "teamgold_t": 71.56694970607447, "vision_score_t": 0.8619203589043207, "wards_placed_t": 0.0581319399085565, "gold_graph_diffs_t": 13.655780535597648}