{"id": "EUN1_3566475704", "lvl": 1900, "literal level": "PLATINUM I", "time": 2136, "solokills_t": 0.0032771535580524347, "kills_t": 0.033707865168539325, "kp": 0.5472222222222223, "deaths_t": 0.033707865168539325, "assists_t": 0.05852059925093633, "csscore_t": 0.8029026217228464, "teamgold_t": 66.59737827715355, "vision_score_t": 1.1115360095306397, "wards_placed_t": 0.06320224719101124, "gold_graph_diffs_t": 15.00374531835206}