{"id": "EUN1_3577531906", "lvl": 2100, "literal level": "EMERALD III", "time": 1911, "solokills_t": 0.0031397174254317113, "kills_t": 0.029304029304029304, "kp": 0.5279693486590038, "deaths_t": 0.029304029304029304, "assists_t": 0.04814233385661957, "csscore_t": 0.8948194662480377, "teamgold_t": 63.26321297749869, "vision_score_t": 1.033168083320052, "wards_placed_t": 0.07012035583464155, "gold_graph_diffs_t": 12.275248560962847}