{"id": "EUN1_3556262870", "lvl": 2200, "literal level": "EMERALD II", "time": 1712, "solokills_t": 0.0040887850467289715, "kills_t": 0.04030373831775701, "kp": 0.46567944250871074, "deaths_t": 0.04030373831775701, "assists_t": 0.055490654205607476, "csscore_t": 0.8551401869158879, "teamgold_t": 69.39544392523365, "vision_score_t": 1.0972927953545426, "wards_placed_t": 0.07476635514018691, "gold_graph_diffs_t": 12.830023364485982}