{"id": "EUN1_3576219659", "lvl": 200, "literal level": "IRON II", "time": 1674, "solokills_t": 0.0047789725209080045, "kills_t": 0.02927120669056153, "kp": 0.5174137931034483, "deaths_t": 0.02927120669056153, "assists_t": 0.047192353643966546, "csscore_t": 0.7186379928315412, "teamgold_t": 59.590800477897254, "vision_score_t": 0.7559664663415748, "wards_placed_t": 0.05794504181600956, "gold_graph_diffs_t": 12.907407407407407}