{"id": "EUN1_3573570587", "lvl": 200, "literal level": "IRON II", "time": 1953, "solokills_t": 0.018433179723502304, "kills_t": 0.04608294930875576, "kp": 0.3895748987854251, "deaths_t": 0.04608294930875576, "assists_t": 0.045570916538658475, "csscore_t": 0.6589861751152074, "teamgold_t": 65.1126472094214, "vision_score_t": 0.6575528625708025, "wards_placed_t": 0.051203277009728626, "gold_graph_diffs_t": 15.519201228878648}