{"id": "EUN1_3565796285", "lvl": 200, "literal level": "IRON II", "time": 2348, "solokills_t": 0.010647359454855196, "kills_t": 0.04003407155025554, "kp": 0.48657407407407405, "deaths_t": 0.04003407155025554, "assists_t": 0.056218057921635436, "csscore_t": 0.5907155025553663, "teamgold_t": 61.90034071550256, "vision_score_t": 0.8465522713553859, "wards_placed_t": 0.06856899488926746, "gold_graph_diffs_t": 15.269165247018739}