{"id": "EUN1_3555469641", "lvl": 1000, "literal level": "SILVER II", "time": 2007, "solokills_t": 0.009466865969108122, "kills_t": 0.03188839063278525, "kp": 0.4249169435215947, "deaths_t": 0.03188839063278525, "assists_t": 0.04035874439461883, "csscore_t": 0.7703039362232187, "teamgold_t": 63.74040857000498, "vision_score_t": 0.9423420411264811, "wards_placed_t": 0.07125062282012955, "gold_graph_diffs_t": 13.006975585450922}