{"id": "EUN1_3580822715", "lvl": 500, "literal level": "BRONZE III", "time": 1866, "solokills_t": 0.010182207931404072, "kills_t": 0.04715969989281887, "kp": 0.4230526315789474, "deaths_t": 0.04715969989281887, "assists_t": 0.051982851018220796, "csscore_t": 0.6120042872454448, "teamgold_t": 64.0042872454448, "vision_score_t": 0.7551108581683522, "wards_placed_t": 0.05894962486602358, "gold_graph_diffs_t": 13.644158628081458}