{"id": "EUN1_3552603219", "lvl": 600, "literal level": "BRONZE II", "time": 1625, "solokills_t": 0.008615384615384615, "kills_t": 0.03323076923076923, "kp": 0.4228571428571429, "deaths_t": 0.03323076923076923, "assists_t": 0.038153846153846156, "csscore_t": 0.7630769230769231, "teamgold_t": 63.188307692307696, "vision_score_t": 0.7894648857919183, "wards_placed_t": 0.064, "gold_graph_diffs_t": 13.377846153846153}