{"id": "EUN1_3565020766", "lvl": 400, "literal level": "BRONZE IV", "time": 1624, "solokills_t": 0.013546798029556651, "kills_t": 0.03633004926108374, "kp": 0.38280141843971627, "deaths_t": 0.03633004926108374, "assists_t": 0.029556650246305417, "csscore_t": 0.6742610837438424, "teamgold_t": 61.95073891625616, "vision_score_t": 0.6606201960646698, "wards_placed_t": 0.054187192118226604, "gold_graph_diffs_t": 12.421182266009852}