{"id": "EUN1_3565408518", "lvl": 200, "literal level": "IRON II", "time": 1535, "solokills_t": 0.021498371335504887, "kills_t": 0.046905537459283386, "kp": 0.34728560188827695, "deaths_t": 0.04755700325732899, "assists_t": 0.033876221498371335, "csscore_t": 0.6618892508143323, "teamgold_t": 63.4442996742671, "vision_score_t": 0.6383668631048736, "wards_placed_t": 0.05276872964169381, "gold_graph_diffs_t": 11.4742671009772}