{"id": "EUN1_3554120574", "lvl": 400, "literal level": "BRONZE IV", "time": 1711, "solokills_t": 0.0058445353594389245, "kills_t": 0.02863822326125073, "kp": 0.43534482758620685, "deaths_t": 0.02863822326125073, "assists_t": 0.03331385154880187, "csscore_t": 0.712448860315605, "teamgold_t": 58.25540619520748, "vision_score_t": 0.7382988079268249, "wards_placed_t": 0.055523085914669784, "gold_graph_diffs_t": 8.94739918176505}