{"id": "EUN1_3576638017", "lvl": 100, "literal level": "IRON III", "time": 2132, "solokills_t": 0.01547842401500938, "kills_t": 0.042682926829268296, "kp": 0.391256038647343, "deaths_t": 0.042682926829268296, "assists_t": 0.04080675422138837, "csscore_t": 0.6167917448405253, "teamgold_t": 62.21857410881801, "vision_score_t": 0.8458454728528153, "wards_placed_t": 0.06660412757973734, "gold_graph_diffs_t": 16.370544090056285}