{"id": "EUN1_3582604615", "lvl": 300, "literal level": "IRON I", "time": 2249, "solokills_t": 0.01067140951534015, "kills_t": 0.041351711871943087, "kp": 0.4771718146718147, "deaths_t": 0.041351711871943087, "assists_t": 0.05691418408181414, "csscore_t": 0.7180969319697643, "teamgold_t": 65.5073365940418, "vision_score_t": 0.5076911128817445, "wards_placed_t": 0.048910626945309024, "gold_graph_diffs_t": 12.549577590040018}