{"id": "EUN1_3577248069", "lvl": 300, "literal level": "IRON I", "time": 2645, "solokills_t": 0.013232514177693762, "kills_t": 0.04801512287334594, "kp": 0.41405128205128217, "deaths_t": 0.04801512287334594, "assists_t": 0.05066162570888469, "csscore_t": 0.6937618147448015, "teamgold_t": 68.19470699432893, "vision_score_t": 0.6690685384102741, "wards_placed_t": 0.06011342155009452, "gold_graph_diffs_t": 13.298676748582231}