{"id": "EUN1_3579561194", "lvl": 400, "literal level": "BRONZE IV", "time": 1884, "solokills_t": 0.011146496815286623, "kills_t": 0.03927813163481953, "kp": 0.38032653061224486, "deaths_t": 0.03927813163481953, "assists_t": 0.038747346072186835, "csscore_t": 0.7420382165605095, "teamgold_t": 64.60828025477707, "vision_score_t": 0.6345346108615119, "wards_placed_t": 0.049893842887473464, "gold_graph_diffs_t": 13.50212314225053}