{"id": "EUN1_3562962359", "lvl": 300, "literal level": "IRON I", "time": 1207, "solokills_t": 0.006628003314001657, "kills_t": 0.019055509527754765, "kp": 0.35392156862745094, "deaths_t": 0.019055509527754765, "assists_t": 0.014084507042253521, "csscore_t": 0.7978458989229494, "teamgold_t": 51.894780447390225, "vision_score_t": 0.780284815009727, "wards_placed_t": 0.05716652858326429, "gold_graph_diffs_t": 7.869925434962718}