{"id": "EUN1_3580925322", "lvl": 500, "literal level": "BRONZE III", "time": 2110, "solokills_t": 0.00995260663507109, "kills_t": 0.036492890995260666, "kp": 0.49333333333333335, "deaths_t": 0.036492890995260666, "assists_t": 0.053554502369668244, "csscore_t": 0.7341232227488151, "teamgold_t": 64.8042654028436, "vision_score_t": 0.7212198909365358, "wards_placed_t": 0.05639810426540284, "gold_graph_diffs_t": 13.282938388625592}