{"id": "EUN1_3562358318", "lvl": 400, "literal level": "BRONZE IV", "time": 1337, "solokills_t": 0.020942408376963352, "kills_t": 0.0456245325355273, "kp": 0.35573170731707315, "deaths_t": 0.0456245325355273, "assists_t": 0.0344053851907255, "csscore_t": 0.7105459985041137, "teamgold_t": 66.55497382198953, "vision_score_t": 0.5508681490347443, "wards_placed_t": 0.0456245325355273, "gold_graph_diffs_t": 15.271503365744204}