{"id": "EUN1_3511513343", "lvl": 600, "literal level": "BRONZE II", "time": 1887, "solokills_t": 0.00688924218335983, "kills_t": 0.04292527821939587, "kp": 0.4545148247978436, "deaths_t": 0.04292527821939587, "assists_t": 0.057763645998940114, "csscore_t": 0.730259671436142, "teamgold_t": 68.13089560148384, "vision_score_t": 0.6785626685134354, "wards_placed_t": 0.052994170641229466, "gold_graph_diffs_t": 15.080551139374668}