{"id": "EUN1_3557324089", "lvl": 600, "literal level": "BRONZE II", "time": 1898, "solokills_t": 0.005268703898840885, "kills_t": 0.019494204425711276, "kp": 0.47368421052631576, "deaths_t": 0.019494204425711276, "assists_t": 0.026870389884088516, "csscore_t": 0.7075869336143309, "teamgold_t": 53.35458377239199, "vision_score_t": 0.7613340943242585, "wards_placed_t": 0.05795574288724974, "gold_graph_diffs_t": 11.071127502634353}