{"id": "EUN1_3538695563", "lvl": 500, "literal level": "BRONZE III", "time": 2033, "solokills_t": 0.010329562223315297, "kills_t": 0.046237088047220855, "kp": 0.4196886446886447, "deaths_t": 0.046237088047220855, "assists_t": 0.05115592720118052, "csscore_t": 0.6251844564682735, "teamgold_t": 65.3172651254304, "vision_score_t": 0.5948982405755506, "wards_placed_t": 0.05263157894736842, "gold_graph_diffs_t": 16.375799311362517}