{"id": "EUN1_3554833200", "lvl": 400, "literal level": "BRONZE IV", "time": 2466, "solokills_t": 0.008921330089213302, "kills_t": 0.0413625304136253, "kp": 0.4549019607843136, "deaths_t": 0.0413625304136253, "assists_t": 0.05271695052716951, "csscore_t": 0.7287104622871047, "teamgold_t": 67.53000811030009, "vision_score_t": 0.8587496054632971, "wards_placed_t": 0.06285482562854826, "gold_graph_diffs_t": 11.688158961881589}