{"id": "EUN1_3484667779", "lvl": 500, "literal level": "BRONZE III", "time": 2120, "solokills_t": 0.016037735849056604, "kills_t": 0.04009433962264151, "kp": 0.37787068004459307, "deaths_t": 0.04009433962264151, "assists_t": 0.03537735849056604, "csscore_t": 0.7858490566037736, "teamgold_t": 64.25141509433962, "vision_score_t": 0.6826937712137109, "wards_placed_t": 0.05990566037735849, "gold_graph_diffs_t": 11.76179245283019}