{"id": "EUN1_3514238414", "lvl": 700, "literal level": "BRONZE I", "time": 2157, "solokills_t": 0.00927213722763097, "kills_t": 0.04033379694019471, "kp": 0.43990384615384615, "deaths_t": 0.04033379694019471, "assists_t": 0.048678720445062586, "csscore_t": 0.674547983310153, "teamgold_t": 64.06861381548447, "vision_score_t": 0.7549354286322265, "wards_placed_t": 0.050533147890588784, "gold_graph_diffs_t": 14.86230876216968}