{"id": "EUN1_3534787286", "lvl": 500, "literal level": "BRONZE III", "time": 1877, "solokills_t": 0.011188066062866276, "kills_t": 0.03462972828982419, "kp": 0.4333976833976834, "deaths_t": 0.03516249334043687, "assists_t": 0.04155567394778902, "csscore_t": 0.7506659563132658, "teamgold_t": 61.663292488012786, "vision_score_t": 0.468029744479729, "wards_placed_t": 0.036760788492274904, "gold_graph_diffs_t": 12.261054874800212}