{"id": "EUN1_3549987455", "lvl": 600, "literal level": "BRONZE II", "time": 1566, "solokills_t": 0.01277139208173691, "kills_t": 0.040229885057471264, "kp": 0.4198717948717949, "deaths_t": 0.040229885057471264, "assists_t": 0.04597701149425287, "csscore_t": 0.7011494252873564, "teamgold_t": 64.34355044699872, "vision_score_t": 0.7571978416971342, "wards_placed_t": 0.05938697318007663, "gold_graph_diffs_t": 12.567049808429118}