{"id": "EUN1_3573404263", "lvl": 200, "literal level": "IRON II", "time": 1530, "solokills_t": 0.00784313725490196, "kills_t": 0.027450980392156862, "kp": 0.3816666666666667, "deaths_t": 0.027450980392156862, "assists_t": 0.02483660130718954, "csscore_t": 0.7261437908496732, "teamgold_t": 57.82875816993464, "vision_score_t": 0.4389298912988811, "wards_placed_t": 0.0392156862745098, "gold_graph_diffs_t": 10.45359477124183}