{"id": "EUN1_3556054412", "lvl": 600, "literal level": "BRONZE II", "time": 1393, "solokills_t": 0.013639626704953339, "kills_t": 0.03445800430725054, "kp": 0.35168067226890753, "deaths_t": 0.03445800430725054, "assists_t": 0.030868628858578606, "csscore_t": 0.6712132089016511, "teamgold_t": 58.97631012203877, "vision_score_t": 0.7437251961113387, "wards_placed_t": 0.05958363244795405, "gold_graph_diffs_t": 10.87580760947595}