{"id": "EUN1_3561452271", "lvl": 500, "literal level": "BRONZE III", "time": 2464, "solokills_t": 0.008522727272727272, "kills_t": 0.040990259740259744, "kp": 0.4622408293460925, "deaths_t": 0.040990259740259744, "assists_t": 0.05478896103896104, "csscore_t": 0.7544642857142857, "teamgold_t": 67.93952922077922, "vision_score_t": 0.9545698021504059, "wards_placed_t": 0.0625, "gold_graph_diffs_t": 14.071022727272727}