{"id": "EUN1_3559651022", "lvl": 300, "literal level": "IRON I", "time": 1581, "solokills_t": 0.01644528779253637, "kills_t": 0.048703352308665404, "kp": 0.46479591836734696, "deaths_t": 0.048703352308665404, "assists_t": 0.056925996204933584, "csscore_t": 0.6287160025300442, "teamgold_t": 66.29411764705883, "vision_score_t": 0.5481464860314228, "wards_placed_t": 0.04933586337760911, "gold_graph_diffs_t": 13.998102466793169}