{"id": "EUN1_3583016562", "lvl": 300, "literal level": "IRON I", "time": 1848, "solokills_t": 0.00974025974025974, "kills_t": 0.030844155844155844, "kp": 0.4217391304347826, "deaths_t": 0.030844155844155844, "assists_t": 0.03354978354978355, "csscore_t": 0.6477272727272727, "teamgold_t": 57.16179653679654, "vision_score_t": 0.6499881150506043, "wards_placed_t": 0.05357142857142857, "gold_graph_diffs_t": 11.327380952380953}