{"id": "EUN1_3533077284", "lvl": 500, "literal level": "BRONZE III", "time": 1658, "solokills_t": 0.012665862484921592, "kills_t": 0.05066344993968637, "kp": 0.45224489795918366, "deaths_t": 0.05066344993968637, "assists_t": 0.06272617611580217, "csscore_t": 0.7159227985524729, "teamgold_t": 70.57720144752714, "vision_score_t": 0.7065713323610121, "wards_placed_t": 0.05850422195416164, "gold_graph_diffs_t": 16.793124246079614}