{"id": "EUN1_3564960998", "lvl": 600, "literal level": "BRONZE II", "time": 1601, "solokills_t": 0.014990630855715179, "kills_t": 0.037476577139287946, "kp": 0.40497737556561086, "deaths_t": 0.037476577139287946, "assists_t": 0.03622735790131168, "csscore_t": 0.7239225484072455, "teamgold_t": 64.35415365396626, "vision_score_t": 0.6663515956311965, "wards_placed_t": 0.05246720799500312, "gold_graph_diffs_t": 10.65896314803248}