{"id": "EUN1_3559300024", "lvl": 600, "literal level": "BRONZE II", "time": 1769, "solokills_t": 0.008479366873940079, "kills_t": 0.03278688524590164, "kp": 0.3810909090909091, "deaths_t": 0.03278688524590164, "assists_t": 0.030525720746184284, "csscore_t": 0.7388355002826456, "teamgold_t": 61.63312605992086, "vision_score_t": 0.8086602663546998, "wards_placed_t": 0.05596382136800452, "gold_graph_diffs_t": 12.38383267382702}