{"id": "EUN1_3538869923", "lvl": 1100, "literal level": "SILVER I", "time": 2224, "solokills_t": 0.0040467625899280575, "kills_t": 0.03147482014388489, "kp": 0.5045454545454545, "deaths_t": 0.03147482014388489, "assists_t": 0.048111510791366906, "csscore_t": 0.8125, "teamgold_t": 64.8601618705036, "vision_score_t": 0.8508565318975437, "wards_placed_t": 0.0598021582733813, "gold_graph_diffs_t": 12.91771582733813}