{"id": "EUN1_3551157102", "lvl": 1000, "literal level": "SILVER II", "time": 1540, "solokills_t": 0.005844155844155844, "kills_t": 0.03116883116883117, "kp": 0.45, "deaths_t": 0.031818181818181815, "assists_t": 0.04025974025974026, "csscore_t": 0.7558441558441559, "teamgold_t": 63.91168831168831, "vision_score_t": 0.833708847988267, "wards_placed_t": 0.06428571428571428, "gold_graph_diffs_t": 11.801298701298702}