{"id": "EUN1_3542702790", "lvl": 300, "literal level": "IRON I", "time": 2415, "solokills_t": 0.005797101449275362, "kills_t": 0.03354037267080745, "kp": 0.4966666666666666, "deaths_t": 0.03354037267080745, "assists_t": 0.049689440993788817, "csscore_t": 0.6546583850931676, "teamgold_t": 59.02070393374741, "vision_score_t": 1.003965896854097, "wards_placed_t": 0.07163561076604555, "gold_graph_diffs_t": 12.521325051759835}