{"id": "EUN1_3523811601", "lvl": 600, "literal level": "BRONZE II", "time": 1960, "solokills_t": 0.010714285714285714, "kills_t": 0.04081632653061224, "kp": 0.4488072211476467, "deaths_t": 0.04081632653061224, "assists_t": 0.049489795918367344, "csscore_t": 0.7204081632653061, "teamgold_t": 65.03622448979591, "vision_score_t": 0.6254723627633402, "wards_placed_t": 0.049489795918367344, "gold_graph_diffs_t": 15.800510204081633}