{"id": "EUN1_3577529844", "lvl": 200, "literal level": "IRON II", "time": 2280, "solokills_t": 0.012280701754385965, "kills_t": 0.035964912280701755, "kp": 0.41873684210526313, "deaths_t": 0.035964912280701755, "assists_t": 0.03728070175438596, "csscore_t": 0.8083333333333333, "teamgold_t": 67.42675438596491, "vision_score_t": 0.6168799816868726, "wards_placed_t": 0.04912280701754386, "gold_graph_diffs_t": 14.261842105263158}