{"id": "EUN1_3553137825", "lvl": 300, "literal level": "IRON I", "time": 2140, "solokills_t": 0.012149532710280374, "kills_t": 0.03177570093457944, "kp": 0.4003508771929825, "deaths_t": 0.03177570093457944, "assists_t": 0.03271028037383177, "csscore_t": 0.6570093457943925, "teamgold_t": 59.41495327102804, "vision_score_t": 0.9079799583308723, "wards_placed_t": 0.06728971962616823, "gold_graph_diffs_t": 13.451401869158879}