{"id": "EUN1_3575626580", "lvl": 100, "literal level": "IRON III", "time": 2828, "solokills_t": 0.012022630834512023, "kills_t": 0.039957567185289956, "kp": 0.39902821316614423, "deaths_t": 0.039957567185289956, "assists_t": 0.039603960396039604, "csscore_t": 0.704031117397454, "teamgold_t": 64.87270155586987, "vision_score_t": 0.7096506084169263, "wards_placed_t": 0.047736916548797734, "gold_graph_diffs_t": 13.652758132956153}