{"id": "EUN1_3576674422", "lvl": 300, "literal level": "IRON I", "time": 851, "solokills_t": 0.01645123384253819, "kills_t": 0.038777908343125736, "kp": 0.34090909090909094, "deaths_t": 0.0399529964747356, "assists_t": 0.024676850763807285, "csscore_t": 0.7109283196239718, "teamgold_t": 61.91304347826087, "vision_score_t": 0.3516001840457922, "wards_placed_t": 0.03290246768507638, "gold_graph_diffs_t": 11.292596944770859}