{"id": "EUN1_3475778848", "lvl": 400, "literal level": "BRONZE IV", "time": 2045, "solokills_t": 0.011246943765281174, "kills_t": 0.05085574572127139, "kp": 0.4295352323838081, "deaths_t": 0.05085574572127139, "assists_t": 0.05770171149144254, "csscore_t": 0.6684596577017115, "teamgold_t": 69.23031784841076, "vision_score_t": 0.7394897901040697, "wards_placed_t": 0.05281173594132029, "gold_graph_diffs_t": 13.03276283618582}