{"id": "EUN1_3568113853", "lvl": 200, "literal level": "IRON II", "time": 1711, "solokills_t": 0.015780245470485097, "kills_t": 0.04324956165984804, "kp": 0.3993333333333334, "deaths_t": 0.04324956165984804, "assists_t": 0.04558737580362361, "csscore_t": 0.6715371127995324, "teamgold_t": 62.24430157802455, "vision_score_t": 0.622206414197132, "wards_placed_t": 0.056107539450613676, "gold_graph_diffs_t": 12.078316773816482}