{"id": "EUN1_3578244384", "lvl": 100, "literal level": "IRON III", "time": 1281, "solokills_t": 0.01405152224824356, "kills_t": 0.0312256049960968, "kp": 0.3473354231974922, "deaths_t": 0.03278688524590164, "assists_t": 0.02185792349726776, "csscore_t": 0.6604215456674473, "teamgold_t": 58.4184231069477, "vision_score_t": 0.45458727205700444, "wards_placed_t": 0.03356752537080406, "gold_graph_diffs_t": 11.831381733021077}