{"id": "EUN1_3572463676", "lvl": 200, "literal level": "IRON II", "time": 1893, "solokills_t": 0.01162176439513999, "kills_t": 0.03486529318541997, "kp": 0.4360975609756098, "deaths_t": 0.03486529318541997, "assists_t": 0.044374009508716325, "csscore_t": 0.694136291600634, "teamgold_t": 62.53407290015848, "vision_score_t": 0.5111592949710838, "wards_placed_t": 0.04226096143687269, "gold_graph_diffs_t": 10.788695192815636}