{"id": "EUN1_3582064217", "lvl": 300, "literal level": "IRON I", "time": 2048, "solokills_t": 0.017578125, "kills_t": 0.04248046875, "kp": 0.3567702552719201, "deaths_t": 0.04248046875, "assists_t": 0.033203125, "csscore_t": 0.74072265625, "teamgold_t": 63.6015625, "vision_score_t": 0.664580694237804, "wards_placed_t": 0.05224609375, "gold_graph_diffs_t": 12.7861328125}