{"id": "EUN1_3566865359", "lvl": 300, "literal level": "IRON I", "time": 1677, "solokills_t": 0.017889087656529516, "kills_t": 0.043530113297555156, "kp": 0.3665130568356375, "deaths_t": 0.043530113297555156, "assists_t": 0.03577817531305903, "csscore_t": 0.6535480023852117, "teamgold_t": 62.937388193202146, "vision_score_t": 0.6370392948394261, "wards_placed_t": 0.05843768634466309, "gold_graph_diffs_t": 15.604054859868814}