{"id": "EUN1_3567419453", "lvl": 200, "literal level": "IRON II", "time": 1952, "solokills_t": 0.00973360655737705, "kills_t": 0.030737704918032786, "kp": 0.3866515837104072, "deaths_t": 0.030737704918032786, "assists_t": 0.02920081967213115, "csscore_t": 0.7264344262295082, "teamgold_t": 60.62909836065574, "vision_score_t": 0.7323325175248142, "wards_placed_t": 0.06352459016393443, "gold_graph_diffs_t": 11.690573770491802}