{"id": "EUN1_3552248772", "lvl": 300, "literal level": "IRON I", "time": 2272, "solokills_t": 0.008362676056338027, "kills_t": 0.03653169014084507, "kp": 0.43755813953488365, "deaths_t": 0.03697183098591549, "assists_t": 0.04357394366197183, "csscore_t": 0.6971830985915493, "teamgold_t": 62.006161971830984, "vision_score_t": 0.8006828130048724, "wards_placed_t": 0.058098591549295774, "gold_graph_diffs_t": 13.0625}