{"id": "EUN1_3552302791", "lvl": 300, "literal level": "IRON I", "time": 2322, "solokills_t": 0.00818260120585702, "kills_t": 0.034453057708871665, "kp": 0.4366860090264345, "deaths_t": 0.034453057708871665, "assists_t": 0.040051679586563305, "csscore_t": 0.6580534022394487, "teamgold_t": 60.843238587424636, "vision_score_t": 0.7141093618009119, "wards_placed_t": 0.05813953488372093, "gold_graph_diffs_t": 11.662360034453057}