{"id": "EUN1_3584503906", "lvl": 300, "literal level": "IRON I", "time": 1922, "solokills_t": 0.008844953173777315, "kills_t": 0.03329864724245578, "kp": 0.4313765182186235, "deaths_t": 0.03329864724245578, "assists_t": 0.03902185223725286, "csscore_t": 0.745057232049948, "teamgold_t": 62.090010405827265, "vision_score_t": 0.714652680246273, "wards_placed_t": 0.05463059313215401, "gold_graph_diffs_t": 13.46462018730489}