{"id": "EUN1_3584483323", "lvl": 200, "literal level": "IRON II", "time": 2103, "solokills_t": 0.007132667617689016, "kills_t": 0.030432715168806468, "kp": 0.4127272727272728, "deaths_t": 0.030432715168806468, "assists_t": 0.034236804564907276, "csscore_t": 0.6714217784117926, "teamgold_t": 58.215406562054206, "vision_score_t": 0.8080693048003409, "wards_placed_t": 0.061816452686638136, "gold_graph_diffs_t": 10.547313361864004}