{"id": "EUN1_3574686300", "lvl": 200, "literal level": "IRON II", "time": 2440, "solokills_t": 0.01639344262295082, "kills_t": 0.04180327868852459, "kp": 0.38123076923076926, "deaths_t": 0.04221311475409836, "assists_t": 0.03770491803278689, "csscore_t": 0.8012295081967213, "teamgold_t": 69.66229508196722, "vision_score_t": 0.7170897644456746, "wards_placed_t": 0.04959016393442623, "gold_graph_diffs_t": 13.522131147540984}