{"id": "EUN1_3563438277", "lvl": 300, "literal level": "IRON I", "time": 2142, "solokills_t": 0.011671335200746966, "kills_t": 0.0457516339869281, "kp": 0.44006734006734005, "deaths_t": 0.0457516339869281, "assists_t": 0.05415499533146592, "csscore_t": 0.5854341736694678, "teamgold_t": 65.87114845938375, "vision_score_t": 0.6297478849831537, "wards_placed_t": 0.05088702147525677, "gold_graph_diffs_t": 14.182072829131652}