{"id": "EUN1_3543131880", "lvl": 300, "literal level": "IRON I", "time": 1668, "solokills_t": 0.00539568345323741, "kills_t": 0.02877697841726619, "kp": 0.4428571428571429, "deaths_t": 0.029376498800959234, "assists_t": 0.03597122302158273, "csscore_t": 0.7248201438848921, "teamgold_t": 58.591127098321344, "vision_score_t": 0.623354852924722, "wards_placed_t": 0.053357314148681056, "gold_graph_diffs_t": 11.856115107913668}