{"id": "EUN1_3569504256", "lvl": 200, "literal level": "IRON II", "time": 1468, "solokills_t": 0.014986376021798364, "kills_t": 0.04904632152588556, "kp": 0.4027234042553192, "deaths_t": 0.04904632152588556, "assists_t": 0.04632152588555858, "csscore_t": 0.6662125340599455, "teamgold_t": 66.61035422343325, "vision_score_t": 0.4348981989457054, "wards_placed_t": 0.036103542234332424, "gold_graph_diffs_t": 12.544959128065395}