{"id": "EUN1_3554278368", "lvl": 800, "literal level": "SILVER IV", "time": 1945, "solokills_t": 0.010796915167095116, "kills_t": 0.03958868894601542, "kp": 0.4775177304964539, "deaths_t": 0.03958868894601542, "assists_t": 0.05861182519280206, "csscore_t": 0.7588688946015424, "teamgold_t": 65.4185089974293, "vision_score_t": 0.9758604322647167, "wards_placed_t": 0.06272493573264781, "gold_graph_diffs_t": 15.248843187660668}