{"id": "EUN1_3413346972", "lvl": 1100, "literal level": "SILVER I", "time": 1181, "solokills_t": 0.017781541066892465, "kills_t": 0.03895004233700254, "kp": 0.3683333333333333, "deaths_t": 0.03979678238780694, "assists_t": 0.027095681625740897, "csscore_t": 0.7569856054191363, "teamgold_t": 63.068585944115156, "vision_score_t": 0.4548614030162047, "wards_placed_t": 0.03810330228619814, "gold_graph_diffs_t": 17.315834038950044}