{"id": "EUN1_3575549344", "lvl": 200, "literal level": "IRON II", "time": 2398, "solokills_t": 0.01626355296080067, "kills_t": 0.04670558798999166, "kp": 0.40968490878938646, "deaths_t": 0.04670558798999166, "assists_t": 0.04920767306088407, "csscore_t": 0.7030859049207673, "teamgold_t": 67.56380316930776, "vision_score_t": 0.6271530824275063, "wards_placed_t": 0.0567139282735613, "gold_graph_diffs_t": 11.466221851542953}