{"id": "EUN1_3569442412", "lvl": 200, "literal level": "IRON II", "time": 1406, "solokills_t": 0.016358463726884778, "kills_t": 0.029871977240398292, "kp": 0.33030303030303027, "deaths_t": 0.029871977240398292, "assists_t": 0.019203413940256046, "csscore_t": 0.7503556187766715, "teamgold_t": 59.628022759601706, "vision_score_t": 0.6491413468835449, "wards_placed_t": 0.04907539118065434, "gold_graph_diffs_t": 15.18421052631579}