{"id": "EUN1_3573089196", "lvl": 800, "literal level": "SILVER IV", "time": 2357, "solokills_t": 0.007212558336868901, "kills_t": 0.035214255409418756, "kp": 0.49297328687572606, "deaths_t": 0.03563852354688163, "assists_t": 0.05176071277047094, "csscore_t": 0.807382265591854, "teamgold_t": 66.71234620280018, "vision_score_t": 0.7672992215056685, "wards_placed_t": 0.05260924904539669, "gold_graph_diffs_t": 18.73440814594824}