{"id": "EUN1_3573978005", "lvl": 100, "literal level": "IRON III", "time": 1256, "solokills_t": 0.012738853503184714, "kills_t": 0.03343949044585987, "kp": 0.35278514588859416, "deaths_t": 0.03343949044585987, "assists_t": 0.025477707006369428, "csscore_t": 0.6687898089171974, "teamgold_t": 58.35828025477707, "vision_score_t": 0.3543135829762721, "wards_placed_t": 0.03105095541401274, "gold_graph_diffs_t": 12.929936305732484}