{"id": "EUN1_3572267146", "lvl": 500, "literal level": "BRONZE III", "time": 1890, "solokills_t": 0.009523809523809525, "kills_t": 0.035449735449735446, "kp": 0.4154264972776769, "deaths_t": 0.035449735449735446, "assists_t": 0.03756613756613757, "csscore_t": 0.6624338624338625, "teamgold_t": 61.143386243386246, "vision_score_t": 0.4966656695902282, "wards_placed_t": 0.04285714285714286, "gold_graph_diffs_t": 11.401587301587302}