{"id": "EUN1_3568353768", "lvl": 100, "literal level": "IRON III", "time": 1936, "solokills_t": 0.007747933884297521, "kills_t": 0.029442148760330578, "kp": 0.43432432432432433, "deaths_t": 0.029442148760330578, "assists_t": 0.03512396694214876, "csscore_t": 0.6658057851239669, "teamgold_t": 58.010330578512395, "vision_score_t": 0.5074708817196681, "wards_placed_t": 0.038739669421487606, "gold_graph_diffs_t": 11.568181818181818}