{"id": "EUN1_3574758569", "lvl": 200, "literal level": "IRON II", "time": 1505, "solokills_t": 0.011960132890365448, "kills_t": 0.038538205980066444, "kp": 0.42601010101010106, "deaths_t": 0.038538205980066444, "assists_t": 0.04053156146179402, "csscore_t": 0.7096345514950166, "teamgold_t": 61.74152823920266, "vision_score_t": 0.4920144104395624, "wards_placed_t": 0.045182724252491695, "gold_graph_diffs_t": 13.809302325581395}