{"id": "EUN1_3551797726", "lvl": 400, "literal level": "BRONZE IV", "time": 1606, "solokills_t": 0.028019925280199254, "kills_t": 0.05292652552926526, "kp": 0.32, "deaths_t": 0.053549190535491904, "assists_t": 0.034869240348692404, "csscore_t": 0.6955168119551681, "teamgold_t": 70.57721046077211, "vision_score_t": 0.5748560030386842, "wards_placed_t": 0.047322540473225407, "gold_graph_diffs_t": 17.10024906600249}