{"id": "EUN1_3573421679", "lvl": 100, "literal level": "IRON III", "time": 1960, "solokills_t": 0.013265306122448979, "kills_t": 0.036734693877551024, "kp": 0.4051464063886424, "deaths_t": 0.036734693877551024, "assists_t": 0.03571428571428571, "csscore_t": 0.689795918367347, "teamgold_t": 61.63673469387755, "vision_score_t": 0.45783047158815576, "wards_placed_t": 0.03316326530612245, "gold_graph_diffs_t": 13.845918367346938}