{"id": "EUN1_3576713745", "lvl": 200, "literal level": "IRON II", "time": 1600, "solokills_t": 0.009375, "kills_t": 0.033125, "kp": 0.4708978328173374, "deaths_t": 0.033125, "assists_t": 0.04375, "csscore_t": 0.725625, "teamgold_t": 62.89, "vision_score_t": 0.5890102846479804, "wards_placed_t": 0.049375, "gold_graph_diffs_t": 13.50625}