{"id": "EUN1_3565936439", "lvl": 400, "literal level": "BRONZE IV", "time": 1582, "solokills_t": 0.007585335018963337, "kills_t": 0.02970922882427307, "kp": 0.470995670995671, "deaths_t": 0.02970922882427307, "assists_t": 0.04108723135271808, "csscore_t": 0.6403286978508217, "teamgold_t": 58.01074589127686, "vision_score_t": 0.7475447744201329, "wards_placed_t": 0.06005056890012642, "gold_graph_diffs_t": 12.512642225031605}