{"id": "EUN1_3563487090", "lvl": 400, "literal level": "BRONZE IV", "time": 2233, "solokills_t": 0.008956560680698611, "kills_t": 0.0438871473354232, "kp": 0.4642857142857143, "deaths_t": 0.0438871473354232, "assists_t": 0.05821764442454098, "csscore_t": 0.6318853560232871, "teamgold_t": 65.66636811464397, "vision_score_t": 0.8101690876320211, "wards_placed_t": 0.06583072100313479, "gold_graph_diffs_t": 12.559337214509629}