{"id": "EUN1_3578103395", "lvl": 300, "literal level": "IRON I", "time": 1239, "solokills_t": 0.014527845036319613, "kills_t": 0.042776432606941084, "kp": 0.3633445945945946, "deaths_t": 0.042776432606941084, "assists_t": 0.03712671509281679, "csscore_t": 0.6206618240516546, "teamgold_t": 63.92413236481033, "vision_score_t": 0.6261844412496217, "wards_placed_t": 0.04923325262308313, "gold_graph_diffs_t": 16.293785310734464}