{"id": "EUN1_3566715225", "lvl": 300, "literal level": "IRON I", "time": 2015, "solokills_t": 0.011910669975186104, "kills_t": 0.03225806451612903, "kp": 0.39380952380952383, "deaths_t": 0.03225806451612903, "assists_t": 0.03076923076923077, "csscore_t": 0.7409429280397022, "teamgold_t": 62.06699751861042, "vision_score_t": 0.6324348465606632, "wards_placed_t": 0.05359801488833747, "gold_graph_diffs_t": 12.558312655086848}