{"id": "EUN1_3551963871", "lvl": 300, "literal level": "IRON I", "time": 1222, "solokills_t": 0.0057283142389525366, "kills_t": 0.0220949263502455, "kp": 0.4435714285714286, "deaths_t": 0.0220949263502455, "assists_t": 0.02618657937806874, "csscore_t": 0.7168576104746317, "teamgold_t": 50.819148936170215, "vision_score_t": 0.6187199543605354, "wards_placed_t": 0.05155482815057283, "gold_graph_diffs_t": 8.986088379705402}