{"id": "EUN1_3577482994", "lvl": 300, "literal level": "IRON I", "time": 2069, "solokills_t": 0.007249879168680522, "kills_t": 0.0333494441759304, "kp": 0.5070101351351352, "deaths_t": 0.0333494441759304, "assists_t": 0.05074915418076365, "csscore_t": 0.7535041082648622, "teamgold_t": 61.78105364910585, "vision_score_t": 0.8182096987110652, "wards_placed_t": 0.06283228612856452, "gold_graph_diffs_t": 12.832769453842436}