{"id": "EUN1_3580600586", "lvl": 400, "literal level": "BRONZE IV", "time": 2134, "solokills_t": 0.007497656982193065, "kills_t": 0.03280224929709466, "kp": 0.5054263565891474, "deaths_t": 0.033739456419868794, "assists_t": 0.05154639175257732, "csscore_t": 0.774601686972821, "teamgold_t": 64.08903467666354, "vision_score_t": 0.7409397522579935, "wards_placed_t": 0.05857544517338332, "gold_graph_diffs_t": 12.429240862230554}