{"id": "EUN1_3582523960", "lvl": 300, "literal level": "IRON I", "time": 2247, "solokills_t": 0.01335113484646195, "kills_t": 0.046283934134401426, "kp": 0.436764705882353, "deaths_t": 0.046283934134401426, "assists_t": 0.05384957721406319, "csscore_t": 0.6555407209612817, "teamgold_t": 64.24966622162884, "vision_score_t": 0.6966901579382407, "wards_placed_t": 0.051179350244770806, "gold_graph_diffs_t": 12.623497997329773}