{"id": "EUN1_3569342519", "lvl": 200, "literal level": "IRON II", "time": 2187, "solokills_t": 0.010973936899862825, "kills_t": 0.025605852766346592, "kp": 0.41690322580645167, "deaths_t": 0.025605852766346592, "assists_t": 0.027892089620484683, "csscore_t": 0.7462277091906722, "teamgold_t": 56.87837219935985, "vision_score_t": 0.7575554396614195, "wards_placed_t": 0.05486968449931413, "gold_graph_diffs_t": 8.250114311842706}