{"id": "EUN1_3407962800", "lvl": 800, "literal level": "SILVER IV", "time": 2545, "solokills_t": 0.011394891944990177, "kills_t": 0.04400785854616896, "kp": 0.4553571428571429, "deaths_t": 0.044400785854616896, "assists_t": 0.05618860510805501, "csscore_t": 0.7115913555992142, "teamgold_t": 67.49941060903733, "vision_score_t": 0.8654356593577134, "wards_placed_t": 0.06758349705304519, "gold_graph_diffs_t": 13.827111984282908}