{"id": "EUN1_3559393252", "lvl": 1000, "literal level": "SILVER II", "time": 1701, "solokills_t": 0.007642563198118754, "kills_t": 0.03233392122281011, "kp": 0.4299731182795698, "deaths_t": 0.03233392122281011, "assists_t": 0.0376249265138154, "csscore_t": 0.829512051734274, "teamgold_t": 64.52792475014697, "vision_score_t": 0.9328254440703292, "wards_placed_t": 0.06819517930629042, "gold_graph_diffs_t": 13.569664902998236}