{"id": "EUN1_3568342292", "lvl": 300, "literal level": "IRON I", "time": 2132, "solokills_t": 0.01594746716697936, "kills_t": 0.04409005628517824, "kp": 0.38919172932330826, "deaths_t": 0.04409005628517824, "assists_t": 0.04080675422138837, "csscore_t": 0.7645403377110694, "teamgold_t": 65.89258911819887, "vision_score_t": 0.5794793613653997, "wards_placed_t": 0.04971857410881801, "gold_graph_diffs_t": 9.871013133208255}