{"id": "EUN1_3543098711", "lvl": 200, "literal level": "IRON II", "time": 1683, "solokills_t": 0.009506833036244802, "kills_t": 0.032679738562091505, "kp": 0.4586021505376344, "deaths_t": 0.032679738562091505, "assists_t": 0.0427807486631016, "csscore_t": 0.6120023767082591, "teamgold_t": 57.3184789067142, "vision_score_t": 0.6173453070532362, "wards_placed_t": 0.05525846702317291, "gold_graph_diffs_t": 12.815805109922756}