{"id": "EUN1_3567427917", "lvl": 200, "literal level": "IRON II", "time": 2026, "solokills_t": 0.010365251727541954, "kills_t": 0.034550839091806514, "kp": 0.38, "deaths_t": 0.03504442250740375, "assists_t": 0.0315893385982231, "csscore_t": 0.694471865745311, "teamgold_t": 63.461500493583415, "vision_score_t": 0.7034322506332216, "wards_placed_t": 0.05725567620927937, "gold_graph_diffs_t": 11.439782823297136}