{"id": "EUN1_3580281663", "lvl": 300, "literal level": "IRON I", "time": 1441, "solokills_t": 0.009021512838306732, "kills_t": 0.03816793893129771, "kp": 0.43814102564102564, "deaths_t": 0.03816793893129771, "assists_t": 0.046495489243580844, "csscore_t": 0.6821651630811936, "teamgold_t": 62.952116585704374, "vision_score_t": 0.6402388224273536, "wards_placed_t": 0.05135322692574601, "gold_graph_diffs_t": 13.933379597501736}