{"id": "EUN1_3548689520", "lvl": 300, "literal level": "IRON I", "time": 1891, "solokills_t": 0.012162876784769964, "kills_t": 0.03860391327340032, "kp": 0.4072831423895254, "deaths_t": 0.03860391327340032, "assists_t": 0.03913273400317292, "csscore_t": 0.6959280803807509, "teamgold_t": 62.65203595980962, "vision_score_t": 0.7343619276221192, "wards_placed_t": 0.05711263881544157, "gold_graph_diffs_t": 12.29243786356425}