{"id": "EUN1_3531592682", "lvl": 300, "literal level": "IRON I", "time": 2789, "solokills_t": 0.004661168877733955, "kills_t": 0.029401219074937254, "kp": 0.48639455782312935, "deaths_t": 0.029401219074937254, "assists_t": 0.04266762280387235, "csscore_t": 0.7906059519541054, "teamgold_t": 60.467192542129794, "vision_score_t": 0.7482063253152637, "wards_placed_t": 0.05306561491574041, "gold_graph_diffs_t": 12.946217282179992}