{"id": "EUN1_3565821723", "lvl": 300, "literal level": "IRON I", "time": 2099, "solokills_t": 0.00857551214864221, "kills_t": 0.0281086231538828, "kp": 0.5004597701149425, "deaths_t": 0.0281086231538828, "assists_t": 0.042401143401619816, "csscore_t": 0.7070033349213911, "teamgold_t": 56.126250595521675, "vision_score_t": 0.7122887020565132, "wards_placed_t": 0.05955216769890424, "gold_graph_diffs_t": 8.534063839923773}