{"id": "EUN1_3538626515", "lvl": 900, "literal level": "SILVER III", "time": 1629, "solokills_t": 0.015346838551258441, "kills_t": 0.0570902394106814, "kp": 0.42131147540983604, "deaths_t": 0.057704112952731736, "assists_t": 0.06507059545733579, "csscore_t": 0.6881522406384285, "teamgold_t": 70.05586249232658, "vision_score_t": 0.791048177218383, "wards_placed_t": 0.0620012277470841, "gold_graph_diffs_t": 16.828115408225905}