{"id": "EUN1_3553720266", "lvl": 300, "literal level": "IRON I", "time": 1555, "solokills_t": 0.010932475884244373, "kills_t": 0.037942122186495175, "kp": 0.43607142857142855, "deaths_t": 0.037942122186495175, "assists_t": 0.04694533762057878, "csscore_t": 0.7099678456591639, "teamgold_t": 64.28745980707396, "vision_score_t": 0.48872590502881125, "wards_placed_t": 0.03922829581993569, "gold_graph_diffs_t": 14.870096463022508}