{"id": "EUN1_3410003541", "lvl": 700, "literal level": "BRONZE I", "time": 2666, "solokills_t": 0.009377344336084021, "kills_t": 0.03938484621155289, "kp": 0.45663265306122447, "deaths_t": 0.03938484621155289, "assists_t": 0.05026256564141035, "csscore_t": 0.5735183795948987, "teamgold_t": 61.33608402100525, "vision_score_t": 0.6342068242847014, "wards_placed_t": 0.050637659414853715, "gold_graph_diffs_t": 15.619654913728432}