{"id": "EUN1_3573663641", "lvl": 300, "literal level": "IRON I", "time": 3426, "solokills_t": 0.01138353765323993, "kills_t": 0.050788091068301226, "kp": 0.4573717948717949, "deaths_t": 0.05107997664915353, "assists_t": 0.06625802685347344, "csscore_t": 0.6185055458260362, "teamgold_t": 69.02247518972563, "vision_score_t": 0.5792747747367956, "wards_placed_t": 0.04407472270869819, "gold_graph_diffs_t": 16.366316403969645}