{"id": "EUN1_3549904761", "lvl": 300, "literal level": "IRON I", "time": 2038, "solokills_t": 0.01717369970559372, "kills_t": 0.047105004906771344, "kp": 0.3825, "deaths_t": 0.047105004906771344, "assists_t": 0.04072620215897939, "csscore_t": 0.7296368989205103, "teamgold_t": 66.46516192345436, "vision_score_t": 0.7199741617054123, "wards_placed_t": 0.06526005888125613, "gold_graph_diffs_t": 11.242394504416094}