{"id": "EUN1_3574966996", "lvl": 600, "literal level": "BRONZE II", "time": 2400, "solokills_t": 0.019583333333333335, "kills_t": 0.042916666666666665, "kp": 0.34129939209726445, "deaths_t": 0.042916666666666665, "assists_t": 0.030416666666666668, "csscore_t": 0.7170833333333333, "teamgold_t": 63.74166666666667, "vision_score_t": 0.6530116571290447, "wards_placed_t": 0.058333333333333334, "gold_graph_diffs_t": 13.881666666666666}