{"id": "EUN1_3559333638", "lvl": 600, "literal level": "BRONZE II", "time": 3269, "solokills_t": 0.007341694707861731, "kills_t": 0.030590394616090547, "kp": 0.4788461538461538, "deaths_t": 0.030896298562251453, "assists_t": 0.04252064851636586, "csscore_t": 0.6228204343836036, "teamgold_t": 60.49892933618844, "vision_score_t": 1.0368685173358707, "wards_placed_t": 0.08167635362496176, "gold_graph_diffs_t": 13.820434383603548}