{"id": "EUN1_3580350282", "lvl": 300, "literal level": "IRON I", "time": 2579, "solokills_t": 0.006979449398991857, "kills_t": 0.04187669639395114, "kp": 0.5269619811649807, "deaths_t": 0.04187669639395114, "assists_t": 0.06901899961225282, "csscore_t": 0.5626211709965103, "teamgold_t": 62.65606824350523, "vision_score_t": 0.9379088744238293, "wards_placed_t": 0.07018224117875145, "gold_graph_diffs_t": 12.802636680884063}