{"id": "EUN1_3554746851", "lvl": 200, "literal level": "IRON II", "time": 1407, "solokills_t": 0.007107320540156361, "kills_t": 0.03695806680881308, "kp": 0.40428571428571425, "deaths_t": 0.037668798862828715, "assists_t": 0.04051172707889126, "csscore_t": 0.6865671641791045, "teamgold_t": 62.17341862117981, "vision_score_t": 0.436509427313345, "wards_placed_t": 0.042643923240938165, "gold_graph_diffs_t": 16.31130063965885}