{"id": "EUN1_3577275455", "lvl": 200, "literal level": "IRON II", "time": 916, "solokills_t": 0.008733624454148471, "kills_t": 0.03384279475982533, "kp": 0.42105263157894735, "deaths_t": 0.03384279475982533, "assists_t": 0.03820960698689956, "csscore_t": 0.5567685589519651, "teamgold_t": 54.44432314410481, "vision_score_t": 0.4943276047025467, "wards_placed_t": 0.04912663755458515, "gold_graph_diffs_t": 9.40065502183406}