{"id": "EUN1_3581600470", "lvl": 200, "literal level": "IRON II", "time": 1400, "solokills_t": 0.015, "kills_t": 0.045, "kp": 0.38518518518518513, "deaths_t": 0.045, "assists_t": 0.041428571428571426, "csscore_t": 0.6585714285714286, "teamgold_t": 63.64, "vision_score_t": 0.4738086539453841, "wards_placed_t": 0.04, "gold_graph_diffs_t": 12.315714285714286}