{"id": "EUN1_3581050691", "lvl": 200, "literal level": "IRON II", "time": 2461, "solokills_t": 0.009345794392523364, "kills_t": 0.026818366517675742, "kp": 0.42775735294117645, "deaths_t": 0.026818366517675742, "assists_t": 0.030881755383990246, "csscore_t": 0.6651767574156847, "teamgold_t": 56.46607070296628, "vision_score_t": 0.6259946593182081, "wards_placed_t": 0.051198699715562776, "gold_graph_diffs_t": 11.924014628199918}