{"id": "EUN1_3568102672", "lvl": 300, "literal level": "IRON I", "time": 1077, "solokills_t": 0.005571030640668524, "kills_t": 0.02321262766945218, "kp": 0.3961038961038961, "deaths_t": 0.02321262766945218, "assists_t": 0.02321262766945218, "csscore_t": 0.7103064066852368, "teamgold_t": 57.64345403899721, "vision_score_t": 0.5565944955018833, "wards_placed_t": 0.0436397400185701, "gold_graph_diffs_t": 10.536675951717735}