{"id": "EUN1_3543037505", "lvl": 300, "literal level": "IRON I", "time": 1525, "solokills_t": 0.008524590163934427, "kills_t": 0.03081967213114754, "kp": 0.3847058823529412, "deaths_t": 0.03081967213114754, "assists_t": 0.03081967213114754, "csscore_t": 0.6911475409836065, "teamgold_t": 57.65639344262295, "vision_score_t": 0.5294653298968239, "wards_placed_t": 0.04655737704918033, "gold_graph_diffs_t": 9.607868852459017}