{"id": "EUN1_3576051733", "lvl": 300, "literal level": "IRON I", "time": 2443, "solokills_t": 0.007367990176013099, "kills_t": 0.03315595579205895, "kp": 0.39957002457002455, "deaths_t": 0.03315595579205895, "assists_t": 0.03315595579205895, "csscore_t": 0.7662709783053623, "teamgold_t": 62.364715513712646, "vision_score_t": 0.7721771746126121, "wards_placed_t": 0.059762586983217354, "gold_graph_diffs_t": 10.277936962750717}