{"id": "EUN1_3564943266", "lvl": 500, "literal level": "BRONZE III", "time": 1768, "solokills_t": 0.005656108597285068, "kills_t": 0.026583710407239818, "kp": 0.49746376811594206, "deaths_t": 0.026583710407239818, "assists_t": 0.03959276018099547, "csscore_t": 0.8195701357466063, "teamgold_t": 61.630090497737555, "vision_score_t": 0.9224363534175606, "wards_placed_t": 0.06843891402714933, "gold_graph_diffs_t": 12.654977375565611}