{"id": "EUN1_3564028740", "lvl": 200, "literal level": "IRON II", "time": 2876, "solokills_t": 0.011126564673157162, "kills_t": 0.03859527121001391, "kp": 0.40006506180871826, "deaths_t": 0.03859527121001391, "assists_t": 0.03824756606397774, "csscore_t": 0.730528511821975, "teamgold_t": 65.0500695410292, "vision_score_t": 0.658198329710793, "wards_placed_t": 0.04798331015299027, "gold_graph_diffs_t": 15.439499304589708}