{"id": "EUN1_3579966634", "lvl": 300, "literal level": "IRON I", "time": 1268, "solokills_t": 0.013406940063091483, "kills_t": 0.03706624605678233, "kp": 0.4058467741935484, "deaths_t": 0.03706624605678233, "assists_t": 0.03627760252365931, "csscore_t": 0.722397476340694, "teamgold_t": 63.48580441640379, "vision_score_t": 0.46013846927468804, "wards_placed_t": 0.04022082018927445, "gold_graph_diffs_t": 14.369085173501578}