{"id": "EUN1_3579653756", "lvl": 200, "literal level": "IRON II", "time": 1455, "solokills_t": 0.01718213058419244, "kills_t": 0.04261168384879725, "kp": 0.4014285714285714, "deaths_t": 0.04329896907216495, "assists_t": 0.03848797250859107, "csscore_t": 0.709278350515464, "teamgold_t": 64.40137457044673, "vision_score_t": 0.4952325249596849, "wards_placed_t": 0.04261168384879725, "gold_graph_diffs_t": 15.551890034364261}