{"id": "EUN1_3552535981", "lvl": 300, "literal level": "IRON I", "time": 2153, "solokills_t": 0.009753831862517418, "kills_t": 0.04087320018578727, "kp": 0.48288288288288295, "deaths_t": 0.04087320018578727, "assists_t": 0.05945192754296331, "csscore_t": 0.6864839758476544, "teamgold_t": 65.16488620529493, "vision_score_t": 0.6868035642860801, "wards_placed_t": 0.0548072457036693, "gold_graph_diffs_t": 11.601486298188574}