{"id": "EUN1_3567391663", "lvl": 100, "literal level": "IRON III", "time": 1904, "solokills_t": 0.008403361344537815, "kills_t": 0.029411764705882353, "kp": 0.4712258064516129, "deaths_t": 0.029411764705882353, "assists_t": 0.038865546218487396, "csscore_t": 0.645483193277311, "teamgold_t": 57.013130252100844, "vision_score_t": 0.5753505804358542, "wards_placed_t": 0.046218487394957986, "gold_graph_diffs_t": 10.922794117647058}