{"id": "EUN1_3577550311", "lvl": 200, "literal level": "IRON II", "time": 1503, "solokills_t": 0.014637391882900865, "kills_t": 0.047238855622089154, "kp": 0.38330434782608697, "deaths_t": 0.047238855622089154, "assists_t": 0.04324683965402528, "csscore_t": 0.6287425149700598, "teamgold_t": 66.833000665336, "vision_score_t": 0.5641942665206658, "wards_placed_t": 0.047238855622089154, "gold_graph_diffs_t": 12.413838988689289}