{"id": "EUN1_3575258345", "lvl": 300, "literal level": "IRON I", "time": 2222, "solokills_t": 0.013501350135013501, "kills_t": 0.0387038703870387, "kp": 0.40043360433604336, "deaths_t": 0.0387038703870387, "assists_t": 0.0387038703870387, "csscore_t": 0.6498649864986499, "teamgold_t": 61.725472547254725, "vision_score_t": 0.5726188788906009, "wards_placed_t": 0.04770477047704771, "gold_graph_diffs_t": 12.332133213321333}