{"id": "EUN1_3547731962", "lvl": 300, "literal level": "IRON I", "time": 1796, "solokills_t": 0.0066815144766146995, "kills_t": 0.03396436525612472, "kp": 0.3997747747747748, "deaths_t": 0.03507795100222717, "assists_t": 0.034521158129175944, "csscore_t": 0.7783964365256125, "teamgold_t": 62.80400890868597, "vision_score_t": 0.7646490380560456, "wards_placed_t": 0.05957683741648107, "gold_graph_diffs_t": 15.077951002227172}