{"id": "EUN1_3573289676", "lvl": 100, "literal level": "IRON III", "time": 1453, "solokills_t": 0.0034411562284927736, "kills_t": 0.047487955953200274, "kp": 0.5267973856209152, "deaths_t": 0.047487955953200274, "assists_t": 0.0743289745354439, "csscore_t": 0.5602202339986235, "teamgold_t": 61.98485891259463, "vision_score_t": 0.5272838628304733, "wards_placed_t": 0.044735030970406056, "gold_graph_diffs_t": 13.880247763248452}