{"id": "EUN1_3579390079", "lvl": 200, "literal level": "IRON II", "time": 1331, "solokills_t": 0.010518407212622089, "kills_t": 0.04282494365138993, "kp": 0.38003952569169963, "deaths_t": 0.04357625845229151, "assists_t": 0.03831705484598046, "csscore_t": 0.7310293012772352, "teamgold_t": 62.99474079639369, "vision_score_t": 0.46916488896216296, "wards_placed_t": 0.04357625845229151, "gold_graph_diffs_t": 18.132231404958677}