{"id": "EUN1_3522835844", "lvl": 500, "literal level": "BRONZE III", "time": 1591, "solokills_t": 0.011942174732872407, "kills_t": 0.04085480829666876, "kp": 0.3936853002070394, "deaths_t": 0.04085480829666876, "assists_t": 0.04022627278441232, "csscore_t": 0.7247014456316782, "teamgold_t": 64.3218101822753, "vision_score_t": 0.6189555618529348, "wards_placed_t": 0.04776869893148963, "gold_graph_diffs_t": 15.155248271527341}