{"id": "EUN1_3581625514", "lvl": 200, "literal level": "IRON II", "time": 1618, "solokills_t": 0.013597033374536464, "kills_t": 0.034610630407911, "kp": 0.3748663101604278, "deaths_t": 0.034610630407911, "assists_t": 0.029666254635352288, "csscore_t": 0.7286773794808405, "teamgold_t": 58.8770086526576, "vision_score_t": 0.6684320988067375, "wards_placed_t": 0.04758961681087762, "gold_graph_diffs_t": 11.95982694684796}