{"id": "EUN1_3556565339", "lvl": 700, "literal level": "BRONZE I", "time": 2082, "solokills_t": 0.012007684918347743, "kills_t": 0.034101825168107586, "kp": 0.3980063795853269, "deaths_t": 0.034101825168107586, "assists_t": 0.034101825168107586, "csscore_t": 0.866954851104707, "teamgold_t": 65.02065321805956, "vision_score_t": 0.8743292573240338, "wards_placed_t": 0.06147934678194044, "gold_graph_diffs_t": 9.727665706051873}