{"id": "EUN1_3561024175", "lvl": 600, "literal level": "BRONZE II", "time": 1594, "solokills_t": 0.015056461731493099, "kills_t": 0.04893350062735257, "kp": 0.36257142857142854, "deaths_t": 0.04893350062735257, "assists_t": 0.04015056461731493, "csscore_t": 0.7490589711417817, "teamgold_t": 66.06273525721456, "vision_score_t": 0.657236026743688, "wards_placed_t": 0.05269761606022585, "gold_graph_diffs_t": 13.475533249686324}