{"id": "EUN1_3571923267", "lvl": 300, "literal level": "IRON I", "time": 2526, "solokills_t": 0.00870942201108472, "kills_t": 0.03721298495645289, "kp": 0.506078431372549, "deaths_t": 0.03760886777513856, "assists_t": 0.05938242280285035, "csscore_t": 0.6619160728424386, "teamgold_t": 64.80522565320665, "vision_score_t": 0.7195431864096651, "wards_placed_t": 0.056215360253365, "gold_graph_diffs_t": 12.64528899445764}