{"id": "EUN1_3548157657", "lvl": 500, "literal level": "BRONZE III", "time": 573, "solokills_t": 0.015706806282722512, "kills_t": 0.034904013961605584, "kp": 0.30476190476190473, "deaths_t": 0.034904013961605584, "assists_t": 0.020942408376963352, "csscore_t": 0.631762652705061, "teamgold_t": 56.24432809773124, "vision_score_t": 0.4138492687201665, "wards_placed_t": 0.03664921465968586, "gold_graph_diffs_t": 8.188481675392671}