{"id": "EUN1_3494418831", "lvl": 300, "literal level": "IRON I", "time": 2037, "solokills_t": 0.005400098183603338, "kills_t": 0.030927835051546393, "kp": 0.5071428571428571, "deaths_t": 0.030927835051546393, "assists_t": 0.046637211585665195, "csscore_t": 0.7373588610702013, "teamgold_t": 59.54639175257732, "vision_score_t": 0.7388226261334342, "wards_placed_t": 0.054000981836033385, "gold_graph_diffs_t": 15.403043691703486}