{"id": "EUN1_3572905925", "lvl": 200, "literal level": "IRON II", "time": 2168, "solokills_t": 0.018911439114391145, "kills_t": 0.04151291512915129, "kp": 0.35584415584415585, "deaths_t": 0.04151291512915129, "assists_t": 0.03136531365313653, "csscore_t": 0.6369926199261993, "teamgold_t": 61.78459409594096, "vision_score_t": 0.5373993085667109, "wards_placed_t": 0.04059040590405904, "gold_graph_diffs_t": 13.093634686346864}