{"id": "EUN1_3543079195", "lvl": 200, "literal level": "IRON II", "time": 2735, "solokills_t": 0.006946983546617916, "kills_t": 0.038391224862888484, "kp": 0.46833333333333327, "deaths_t": 0.038756855575868374, "assists_t": 0.051919561243144424, "csscore_t": 0.6840950639853748, "teamgold_t": 63.88190127970749, "vision_score_t": 0.669829643325676, "wards_placed_t": 0.04789762340036563, "gold_graph_diffs_t": 11.96380255941499}