{"id": "EUN1_3566838590", "lvl": 200, "literal level": "IRON II", "time": 2044, "solokills_t": 0.009295499021526418, "kills_t": 0.036203522504892366, "kp": 0.4458041958041957, "deaths_t": 0.036203522504892366, "assists_t": 0.04452054794520548, "csscore_t": 0.6648727984344422, "teamgold_t": 63.32681017612524, "vision_score_t": 0.6878481041214243, "wards_placed_t": 0.05870841487279843, "gold_graph_diffs_t": 11.606653620352251}