{"id": "EUN1_3475741651", "lvl": 500, "literal level": "BRONZE III", "time": 2140, "solokills_t": 0.014018691588785047, "kills_t": 0.041121495327102804, "kp": 0.48, "deaths_t": 0.041121495327102804, "assists_t": 0.05654205607476635, "csscore_t": 0.6560747663551402, "teamgold_t": 62.19532710280374, "vision_score_t": 0.7594049642576445, "wards_placed_t": 0.05794392523364486, "gold_graph_diffs_t": 12.521495327102803}