{"id": "EUN1_3566923621", "lvl": 200, "literal level": "IRON II", "time": 1724, "solokills_t": 0.012761020881670533, "kills_t": 0.04118329466357309, "kp": 0.3749565217391304, "deaths_t": 0.04118329466357309, "assists_t": 0.03596287703016241, "csscore_t": 0.744199535962877, "teamgold_t": 66.14849187935035, "vision_score_t": 0.6252267112015838, "wards_placed_t": 0.05626450116009281, "gold_graph_diffs_t": 17.701856148491878}