{"id": "EUN1_3581645222", "lvl": 400, "literal level": "BRONZE IV", "time": 1758, "solokills_t": 0.016496018202502846, "kills_t": 0.042662116040955635, "kp": 0.3895136778115501, "deaths_t": 0.042662116040955635, "assists_t": 0.03754266211604096, "csscore_t": 0.717292377701934, "teamgold_t": 63.82423208191126, "vision_score_t": 0.5422161518960051, "wards_placed_t": 0.047212741751990896, "gold_graph_diffs_t": 13.639931740614335}