{"id": "EUN1_3552406021", "lvl": 700, "literal level": "BRONZE I", "time": 2103, "solokills_t": 0.011887779362815026, "kills_t": 0.04232049453162149, "kp": 0.42738461538461536, "deaths_t": 0.04232049453162149, "assists_t": 0.048026628625772706, "csscore_t": 0.7964812173086068, "teamgold_t": 69.14931050879696, "vision_score_t": 0.5942937679842172, "wards_placed_t": 0.05230622919638612, "gold_graph_diffs_t": 13.812173086067522}