{"id": "EUN1_3580472558", "lvl": 100, "literal level": "IRON III", "time": 1175, "solokills_t": 0.009361702127659575, "kills_t": 0.03148936170212766, "kp": 0.44190476190476186, "deaths_t": 0.03148936170212766, "assists_t": 0.03659574468085106, "csscore_t": 0.6808510638297872, "teamgold_t": 56.28170212765957, "vision_score_t": 0.5347893467458947, "wards_placed_t": 0.04936170212765958, "gold_graph_diffs_t": 12.463829787234042}