{"id": "EUN1_3543901616", "lvl": 200, "literal level": "IRON II", "time": 1100, "solokills_t": 0.008181818181818182, "kills_t": 0.019090909090909092, "kp": 0.35000000000000003, "deaths_t": 0.019090909090909092, "assists_t": 0.01090909090909091, "csscore_t": 0.76, "teamgold_t": 54.191818181818185, "vision_score_t": 0.6340566314358104, "wards_placed_t": 0.046363636363636364, "gold_graph_diffs_t": 11.835454545454546}