{"id": "EUN1_3578250711", "lvl": 100, "literal level": "IRON III", "time": 2812, "solokills_t": 0.009246088193456615, "kills_t": 0.03769559032716927, "kp": 0.4581428571428572, "deaths_t": 0.03769559032716927, "assists_t": 0.04871977240398293, "csscore_t": 0.6667852062588905, "teamgold_t": 64.62980085348507, "vision_score_t": 0.7992908400185674, "wards_placed_t": 0.0689900426742532, "gold_graph_diffs_t": 16.120554765291608}