{"id": "EUN1_3408132809", "lvl": 600, "literal level": "BRONZE II", "time": 1066, "solokills_t": 0.008442776735459663, "kills_t": 0.03283302063789869, "kp": 0.398, "deaths_t": 0.03283302063789869, "assists_t": 0.028142589118198873, "csscore_t": 0.7814258911819888, "teamgold_t": 65.29455909943715, "vision_score_t": 0.6996775483101791, "wards_placed_t": 0.05628517823639775, "gold_graph_diffs_t": 15.215759849906192}