{"id": "EUN1_3565005356", "lvl": 500, "literal level": "BRONZE III", "time": 1511, "solokills_t": 0.009265387160820648, "kills_t": 0.03838517538054269, "kp": 0.43434343434343436, "deaths_t": 0.03838517538054269, "assists_t": 0.04698874917273329, "csscore_t": 0.6505625413633356, "teamgold_t": 62.244870946393114, "vision_score_t": 0.6735766519405673, "wards_placed_t": 0.048312375909993384, "gold_graph_diffs_t": 13.776307081403043}