{"id": "EUN1_3541317912", "lvl": 600, "literal level": "BRONZE II", "time": 2306, "solokills_t": 0.010407632263660017, "kills_t": 0.03816131830008673, "kp": 0.45133928571428567, "deaths_t": 0.03816131830008673, "assists_t": 0.047701647875108416, "csscore_t": 0.7059843885516045, "teamgold_t": 63.69644405897658, "vision_score_t": 0.7669230696532262, "wards_placed_t": 0.05897658282740677, "gold_graph_diffs_t": 13.154379878577624}