{"id": "EUN1_3577516717", "lvl": 200, "literal level": "IRON II", "time": 2478, "solokills_t": 0.007667473769168685, "kills_t": 0.03470540758676352, "kp": 0.4472826086956522, "deaths_t": 0.03470540758676352, "assists_t": 0.04317998385794996, "csscore_t": 0.6085552865213882, "teamgold_t": 57.461662631154155, "vision_score_t": 0.5343787260791385, "wards_placed_t": 0.04600484261501211, "gold_graph_diffs_t": 11.087167070217918}