{"id": "EUN1_3560560249", "lvl": 600, "literal level": "BRONZE II", "time": 1465, "solokills_t": 0.008191126279863481, "kills_t": 0.034129692832764506, "kp": 0.385, "deaths_t": 0.034129692832764506, "assists_t": 0.03617747440273038, "csscore_t": 0.8075085324232082, "teamgold_t": 65.33105802047781, "vision_score_t": 0.834676994664928, "wards_placed_t": 0.06689419795221843, "gold_graph_diffs_t": 16.20887372013652}