{"id": "EUN1_3575707655", "lvl": 100, "literal level": "IRON III", "time": 1510, "solokills_t": 0.007947019867549669, "kills_t": 0.02781456953642384, "kp": 0.38285714285714284, "deaths_t": 0.02781456953642384, "assists_t": 0.026490066225165563, "csscore_t": 0.6940397350993377, "teamgold_t": 53.55695364238411, "vision_score_t": 0.5444322518694541, "wards_placed_t": 0.0456953642384106, "gold_graph_diffs_t": 11.849668874172185}