{"id": "EUN1_3483475561", "lvl": 700, "literal level": "BRONZE I", "time": 2227, "solokills_t": 0.010327795240233499, "kills_t": 0.03682083520431073, "kp": 0.4280769230769231, "deaths_t": 0.03682083520431073, "assists_t": 0.04041311180960934, "csscore_t": 0.7108217332734621, "teamgold_t": 62.94027840143691, "vision_score_t": 0.7791416301198646, "wards_placed_t": 0.05657835653345308, "gold_graph_diffs_t": 14.370004490345757}