{"id": "EUN1_3495065186", "lvl": 400, "literal level": "BRONZE IV", "time": 2314, "solokills_t": 0.007778738115816767, "kills_t": 0.04883318928262748, "kp": 0.4558066541117388, "deaths_t": 0.04883318928262748, "assists_t": 0.06266205704407951, "csscore_t": 0.6153846153846154, "teamgold_t": 68.09161624891962, "vision_score_t": 0.7783399651747503, "wards_placed_t": 0.056179775280898875, "gold_graph_diffs_t": 16.98962834917891}