{"id": "EUN1_3562396593", "lvl": 600, "literal level": "BRONZE II", "time": 1076, "solokills_t": 0.0027881040892193307, "kills_t": 0.019516728624535316, "kp": 0.39249999999999996, "deaths_t": 0.019516728624535316, "assists_t": 0.020446096654275093, "csscore_t": 0.6886617100371747, "teamgold_t": 52.98141263940521, "vision_score_t": 0.56588860815863, "wards_placed_t": 0.05204460966542751, "gold_graph_diffs_t": 10.871747211895912}