{"id": "EUN1_3582648906", "lvl": 200, "literal level": "IRON II", "time": 1800, "solokills_t": 0.013333333333333334, "kills_t": 0.03888888888888889, "kp": 0.43387681159420294, "deaths_t": 0.03888888888888889, "assists_t": 0.045, "csscore_t": 0.6144444444444445, "teamgold_t": 60.284444444444446, "vision_score_t": 0.5951411253988462, "wards_placed_t": 0.04888888888888889, "gold_graph_diffs_t": 14.151111111111112}