{"id": "EUN1_3572262428", "lvl": 200, "literal level": "IRON II", "time": 1710, "solokills_t": 0.00935672514619883, "kills_t": 0.052046783625730994, "kp": 0.5002705627705628, "deaths_t": 0.052046783625730994, "assists_t": 0.0783625730994152, "csscore_t": 0.5584795321637427, "teamgold_t": 66.26842105263158, "vision_score_t": 0.6763546234280602, "wards_placed_t": 0.05906432748538012, "gold_graph_diffs_t": 14.901169590643274}