{"id": "EUN1_3577128644", "lvl": 100, "literal level": "IRON III", "time": 2122, "solokills_t": 0.009896324222431668, "kills_t": 0.033930254476908575, "kp": 0.3844444444444445, "deaths_t": 0.03440150801131008, "assists_t": 0.030631479736098022, "csscore_t": 0.6262959472196041, "teamgold_t": 59.886427898209234, "vision_score_t": 0.39944529005904245, "wards_placed_t": 0.03157398680490104, "gold_graph_diffs_t": 11.918473138548539}