{"id": "EUN1_3570798918", "lvl": 100, "literal level": "IRON III", "time": 927, "solokills_t": 0.016181229773462782, "kills_t": 0.03344120819848975, "kp": 0.3416666666666667, "deaths_t": 0.03344120819848975, "assists_t": 0.02481121898597627, "csscore_t": 0.651564185544768, "teamgold_t": 56.004314994606254, "vision_score_t": 0.4866398458936006, "wards_placed_t": 0.038834951456310676, "gold_graph_diffs_t": 18.377562028047464}