{"id": "EUN1_3583569677", "lvl": 300, "literal level": "IRON I", "time": 2759, "solokills_t": 0.012323305545487495, "kills_t": 0.0449438202247191, "kp": 0.4427598847865933, "deaths_t": 0.0449438202247191, "assists_t": 0.05545487495469373, "csscore_t": 0.6650960492932222, "teamgold_t": 65.74990938745923, "vision_score_t": 0.934060187287747, "wards_placed_t": 0.0721275824574121, "gold_graph_diffs_t": 13.847046031170715}