{"id": "EUN1_3571692833", "lvl": 400, "literal level": "BRONZE IV", "time": 1903, "solokills_t": 0.015239096163951655, "kills_t": 0.03783499737256963, "kp": 0.36888888888888893, "deaths_t": 0.03783499737256963, "assists_t": 0.03468208092485549, "csscore_t": 0.7193904361534419, "teamgold_t": 66.07987388334209, "vision_score_t": 0.627380614588736, "wards_placed_t": 0.05097214923804519, "gold_graph_diffs_t": 13.72044140830268}