{"id": "EUN1_3560518279", "lvl": 700, "literal level": "BRONZE I", "time": 2113, "solokills_t": 0.00709891150023663, "kills_t": 0.02555608140085187, "kp": 0.4691444600280505, "deaths_t": 0.02555608140085187, "assists_t": 0.03454803596781827, "csscore_t": 0.8476100331282537, "teamgold_t": 61.12825366777094, "vision_score_t": 0.8871556935222438, "wards_placed_t": 0.07193563653573119, "gold_graph_diffs_t": 10.202555608140084}