{"id": "EUN1_3552627685", "lvl": 800, "literal level": "SILVER IV", "time": 1875, "solokills_t": 0.0096, "kills_t": 0.0416, "kp": 0.438498023715415, "deaths_t": 0.0416, "assists_t": 0.050666666666666665, "csscore_t": 0.6832, "teamgold_t": 63.37866666666667, "vision_score_t": 0.7816370176061667, "wards_placed_t": 0.0624, "gold_graph_diffs_t": 14.7248}