{"id": "EUN1_3564921091", "lvl": 700, "literal level": "BRONZE I", "time": 1713, "solokills_t": 0.0099241097489784, "kills_t": 0.04144775248102744, "kp": 0.396984126984127, "deaths_t": 0.04144775248102744, "assists_t": 0.040863981319322826, "csscore_t": 0.7875072971395213, "teamgold_t": 67.93403385872737, "vision_score_t": 0.9403364014225646, "wards_placed_t": 0.0647985989492119, "gold_graph_diffs_t": 16.69994162288383}