{"id": "EUN1_3570593959", "lvl": 100, "literal level": "IRON III", "time": 2010, "solokills_t": 0.010447761194029851, "kills_t": 0.027860696517412936, "kp": 0.380796586059744, "deaths_t": 0.027860696517412936, "assists_t": 0.023383084577114428, "csscore_t": 0.7283582089552239, "teamgold_t": 58.96567164179105, "vision_score_t": 0.6608393392868347, "wards_placed_t": 0.049253731343283584, "gold_graph_diffs_t": 10.98457711442786}