{"id": "EUN1_3553719203", "lvl": 700, "literal level": "BRONZE I", "time": 1823, "solokills_t": 0.005485463521667581, "kills_t": 0.04388370817334065, "kp": 0.44072727272727275, "deaths_t": 0.04388370817334065, "assists_t": 0.05485463521667581, "csscore_t": 0.8156884256719693, "teamgold_t": 67.94514536478333, "vision_score_t": 0.7452426369664416, "wards_placed_t": 0.05485463521667581, "gold_graph_diffs_t": 15.892484914975315}