{"id": "EUN1_3560828512", "lvl": 100, "literal level": "IRON III", "time": 1607, "solokills_t": 0.014934660858743, "kills_t": 0.043559427504667084, "kp": 0.3839360807401177, "deaths_t": 0.043559427504667084, "assists_t": 0.03920348475420037, "csscore_t": 0.6228998133167393, "teamgold_t": 61.0130678282514, "vision_score_t": 0.6213017958590819, "wards_placed_t": 0.0522713130056005, "gold_graph_diffs_t": 8.881144990665836}