{"id": "EUN1_3575437938", "lvl": 400, "literal level": "BRONZE IV", "time": 1609, "solokills_t": 0.0074580484773151025, "kills_t": 0.032318210068365445, "kp": 0.48250000000000004, "deaths_t": 0.032939714108141706, "assists_t": 0.048477315102548164, "csscore_t": 0.6600372902423866, "teamgold_t": 59.880049720323186, "vision_score_t": 0.634648089986546, "wards_placed_t": 0.0509633312616532, "gold_graph_diffs_t": 11.135487880671224}