{"id": "EUN1_3549934213", "lvl": 800, "literal level": "SILVER IV", "time": 1571, "solokills_t": 0.010821133036282623, "kills_t": 0.03500954805856143, "kp": 0.3860360360360361, "deaths_t": 0.03500954805856143, "assists_t": 0.03373647358370465, "csscore_t": 0.8026734563971992, "teamgold_t": 63.895607893061744, "vision_score_t": 0.838568067389248, "wards_placed_t": 0.056015276893698285, "gold_graph_diffs_t": 13.457670273711011}