{"id": "EUN1_3553038412", "lvl": 200, "literal level": "IRON II", "time": 1744, "solokills_t": 0.013188073394495414, "kills_t": 0.04128440366972477, "kp": 0.3875, "deaths_t": 0.04128440366972477, "assists_t": 0.03784403669724771, "csscore_t": 0.6823394495412844, "teamgold_t": 64.55619266055047, "vision_score_t": 0.6359652369657096, "wards_placed_t": 0.04988532110091743, "gold_graph_diffs_t": 13.716743119266056}