{"id": "EUN1_3575798586", "lvl": 100, "literal level": "IRON III", "time": 2174, "solokills_t": 0.006439742410303588, "kills_t": 0.029438822447102116, "kp": 0.471875, "deaths_t": 0.03035878564857406, "assists_t": 0.04001839926402944, "csscore_t": 0.7594296228150874, "teamgold_t": 61.06347746090157, "vision_score_t": 0.7616193529326459, "wards_placed_t": 0.060257589696412144, "gold_graph_diffs_t": 10.115915363385465}