{"id": "EUN1_3538577601", "lvl": 300, "literal level": "IRON I", "time": 2052, "solokills_t": 0.010721247563352826, "kills_t": 0.047270955165692005, "kp": 0.41103896103896104, "deaths_t": 0.04775828460038986, "assists_t": 0.050682261208576995, "csscore_t": 0.6807992202729045, "teamgold_t": 68.21686159844054, "vision_score_t": 0.7097239602422791, "wards_placed_t": 0.0594541910331384, "gold_graph_diffs_t": 13.187621832358674}