{"id": "EUN1_3553678514", "lvl": 700, "literal level": "BRONZE I", "time": 1849, "solokills_t": 0.009734991887506761, "kills_t": 0.03407247160627366, "kp": 0.4080128205128205, "deaths_t": 0.03407247160627366, "assists_t": 0.03407247160627366, "csscore_t": 0.7685235262303948, "teamgold_t": 63.85830178474851, "vision_score_t": 0.4840167822348033, "wards_placed_t": 0.043807463493780424, "gold_graph_diffs_t": 12.322336398053002}