{"id": "EUN1_3568429250", "lvl": 200, "literal level": "IRON II", "time": 2159, "solokills_t": 0.005094951366373321, "kills_t": 0.03195924038906901, "kp": 0.4605128205128205, "deaths_t": 0.03195924038906901, "assists_t": 0.041222788327929596, "csscore_t": 0.7744326076887448, "teamgold_t": 62.845298749421026, "vision_score_t": 0.6806496278166593, "wards_placed_t": 0.0523390458545623, "gold_graph_diffs_t": 13.783696155627606}