{"id": "EUN1_3484631479", "lvl": 600, "literal level": "BRONZE II", "time": 1542, "solokills_t": 0.014915693904020753, "kills_t": 0.04085603112840467, "kp": 0.3555555555555555, "deaths_t": 0.04085603112840467, "assists_t": 0.031776913099870296, "csscore_t": 0.7645914396887159, "teamgold_t": 66.84760051880674, "vision_score_t": 0.685954511768276, "wards_placed_t": 0.051232166018158234, "gold_graph_diffs_t": 15.678988326848248}