{"id": "EUN1_3577551591", "lvl": 200, "literal level": "IRON II", "time": 2499, "solokills_t": 0.008803521408563426, "kills_t": 0.04321728691476591, "kp": 0.4936551724137931, "deaths_t": 0.04321728691476591, "assists_t": 0.06322529011604641, "csscore_t": 0.6722689075630253, "teamgold_t": 67.27210884353741, "vision_score_t": 0.5703749016260955, "wards_placed_t": 0.04841936774709884, "gold_graph_diffs_t": 16.182873149259702}