{"id": "EUN1_3542369404", "lvl": 500, "literal level": "BRONZE III", "time": 2888, "solokills_t": 0.007617728531855956, "kills_t": 0.037742382271468145, "kp": 0.5093402777777778, "deaths_t": 0.037742382271468145, "assists_t": 0.05817174515235457, "csscore_t": 0.66101108033241, "teamgold_t": 62.6398891966759, "vision_score_t": 0.8918471876920725, "wards_placed_t": 0.06267313019390582, "gold_graph_diffs_t": 15.65650969529086}