{"id": "EUN1_3554232855", "lvl": 800, "literal level": "SILVER IV", "time": 2185, "solokills_t": 0.0036613272311212816, "kills_t": 0.032494279176201374, "kp": 0.518695652173913, "deaths_t": 0.032494279176201374, "assists_t": 0.0517162471395881, "csscore_t": 0.700228832951945, "teamgold_t": 62.996796338672766, "vision_score_t": 0.9217027338790785, "wards_placed_t": 0.06178489702517163, "gold_graph_diffs_t": 13.967048054919909}