{"id": "EUN1_3468815724", "lvl": 1200, "literal level": "GOLD IV", "time": 1539, "solokills_t": 0.018843404808317088, "kills_t": 0.04483430799220273, "kp": 0.31568627450980397, "deaths_t": 0.04483430799220273, "assists_t": 0.031189083820662766, "csscore_t": 0.8551007147498375, "teamgold_t": 69.44054580896686, "vision_score_t": 0.570269776093048, "wards_placed_t": 0.044184535412605586, "gold_graph_diffs_t": 13.890188434048083}