{"id": "EUN1_3549775125", "lvl": 500, "literal level": "BRONZE III", "time": 1677, "solokills_t": 0.00655933214072749, "kills_t": 0.03697078115682767, "kp": 0.5101010101010102, "deaths_t": 0.03697078115682767, "assists_t": 0.057245080500894455, "csscore_t": 0.6642814549791294, "teamgold_t": 63.038163387000594, "vision_score_t": 0.6606277234687217, "wards_placed_t": 0.05426356589147287, "gold_graph_diffs_t": 13.085867620751342}