{"id": "EUN1_3580666590", "lvl": 400, "literal level": "BRONZE IV", "time": 1118, "solokills_t": 0.007155635062611807, "kills_t": 0.022361359570661897, "kp": 0.4196969696969696, "deaths_t": 0.022361359570661897, "assists_t": 0.020572450805008944, "csscore_t": 0.6994633273703041, "teamgold_t": 54.37567084078712, "vision_score_t": 0.4734468916126288, "wards_placed_t": 0.044722719141323794, "gold_graph_diffs_t": 15.31484794275492}