{"id": "EUN1_3502531591", "lvl": 500, "literal level": "BRONZE III", "time": 2172, "solokills_t": 0.008747697974217311, "kills_t": 0.043738489871086556, "kp": 0.4339453860640301, "deaths_t": 0.043738489871086556, "assists_t": 0.049723756906077346, "csscore_t": 0.6749539594843462, "teamgold_t": 65.69981583793738, "vision_score_t": 0.6648819080011348, "wards_placed_t": 0.04788213627992634, "gold_graph_diffs_t": 14.70902394106814}