{"id": "EUN1_3538565862", "lvl": 300, "literal level": "IRON I", "time": 2523, "solokills_t": 0.013079667063020214, "kills_t": 0.04795877923107412, "kp": 0.4011208310552214, "deaths_t": 0.048355132778438364, "assists_t": 0.048355132778438364, "csscore_t": 0.6254458977407847, "teamgold_t": 65.98969480776853, "vision_score_t": 0.5830807303569702, "wards_placed_t": 0.04676971858898137, "gold_graph_diffs_t": 13.510899722552518}