{"id": "EUN1_3534919446", "lvl": 200, "literal level": "IRON II", "time": 1330, "solokills_t": 0.009774436090225564, "kills_t": 0.038345864661654135, "kp": 0.40612903225806446, "deaths_t": 0.038345864661654135, "assists_t": 0.0406015037593985, "csscore_t": 0.7233082706766917, "teamgold_t": 64.60977443609022, "vision_score_t": 0.7294323383134543, "wards_placed_t": 0.05789473684210526, "gold_graph_diffs_t": 15.79624060150376}