{"id": "EUN1_3503561185", "lvl": 600, "literal level": "BRONZE II", "time": 1363, "solokills_t": 0.008070432868672046, "kills_t": 0.03741746148202495, "kp": 0.43235294117647055, "deaths_t": 0.03741746148202495, "assists_t": 0.04402054292002935, "csscore_t": 0.7028613352898019, "teamgold_t": 66.05135730007336, "vision_score_t": 0.6467796248544997, "wards_placed_t": 0.05429200293470286, "gold_graph_diffs_t": 12.544387380777696}