{"id": "EUN1_3559923719", "lvl": 600, "literal level": "BRONZE II", "time": 1401, "solokills_t": 0.009992862241256246, "kills_t": 0.027123483226266953, "kp": 0.37857142857142856, "deaths_t": 0.027123483226266953, "assists_t": 0.024982155603140613, "csscore_t": 0.7630264097073519, "teamgold_t": 56.92362598144183, "vision_score_t": 0.8140838904400015, "wards_placed_t": 0.06067094932191292, "gold_graph_diffs_t": 11.693076374018558}