{"id": "EUN1_3539957062", "lvl": 1000, "literal level": "SILVER II", "time": 1685, "solokills_t": 0.008902077151335312, "kills_t": 0.032047477744807124, "kp": 0.45064935064935063, "deaths_t": 0.032047477744807124, "assists_t": 0.03857566765578635, "csscore_t": 0.8094955489614243, "teamgold_t": 63.730563798219585, "vision_score_t": 0.7065090806384882, "wards_placed_t": 0.055786350148367955, "gold_graph_diffs_t": 13.85519287833828}