{"id": "EUN1_3557882406", "lvl": 600, "literal level": "BRONZE II", "time": 1995, "solokills_t": 0.007017543859649123, "kills_t": 0.02606516290726817, "kp": 0.41875, "deaths_t": 0.02606516290726817, "assists_t": 0.029072681704260653, "csscore_t": 0.8421052631578947, "teamgold_t": 60.69273182957394, "vision_score_t": 1.0669635602266907, "wards_placed_t": 0.07969924812030076, "gold_graph_diffs_t": 12.632581453634085}