{"id": "EUN1_3571643035", "lvl": 200, "literal level": "IRON II", "time": 1458, "solokills_t": 0.01440329218106996, "kills_t": 0.03909465020576132, "kp": 0.3705555555555555, "deaths_t": 0.03909465020576132, "assists_t": 0.03566529492455418, "csscore_t": 0.6399176954732511, "teamgold_t": 60.31069958847737, "vision_score_t": 0.443116260213077, "wards_placed_t": 0.03772290809327846, "gold_graph_diffs_t": 15.756515775034293}