{"id": "EUN1_3563413044", "lvl": 1000, "literal level": "SILVER II", "time": 2061, "solokills_t": 0.013100436681222707, "kills_t": 0.044153323629306164, "kp": 0.4387755102040816, "deaths_t": 0.044153323629306164, "assists_t": 0.05240174672489083, "csscore_t": 0.7472100921882582, "teamgold_t": 68.83794274623969, "vision_score_t": 0.8182210824303604, "wards_placed_t": 0.05579815623483746, "gold_graph_diffs_t": 8.93886462882096}