{"id": "EUN1_3571440966", "lvl": 200, "literal level": "IRON II", "time": 2392, "solokills_t": 0.015050167224080268, "kills_t": 0.044732441471571904, "kp": 0.40166666666666667, "deaths_t": 0.044732441471571904, "assists_t": 0.0451505016722408, "csscore_t": 0.6237458193979933, "teamgold_t": 65.6086956521739, "vision_score_t": 0.5674863368397349, "wards_placed_t": 0.042642140468227424, "gold_graph_diffs_t": 15.147993311036789}