{"id": "EUN1_3554312240", "lvl": 300, "literal level": "IRON I", "time": 1325, "solokills_t": 0.012075471698113207, "kills_t": 0.026415094339622643, "kp": 0.3768518518518519, "deaths_t": 0.026415094339622643, "assists_t": 0.018113207547169812, "csscore_t": 0.7479245283018868, "teamgold_t": 56.29811320754717, "vision_score_t": 0.6893361671646052, "wards_placed_t": 0.04981132075471698, "gold_graph_diffs_t": 11.297358490566038}