{"id": "EUN1_3580774905", "lvl": 600, "literal level": "BRONZE II", "time": 1298, "solokills_t": 0.009244992295839754, "kills_t": 0.03543913713405239, "kp": 0.39246031746031745, "deaths_t": 0.0362095531587057, "assists_t": 0.03466872110939907, "csscore_t": 0.7157164869029276, "teamgold_t": 63.81818181818182, "vision_score_t": 0.661946709291269, "wards_placed_t": 0.04699537750385208, "gold_graph_diffs_t": 13.537750385208012}