{"id": "EUN1_3525571955", "lvl": 700, "literal level": "BRONZE I", "time": 2058, "solokills_t": 0.00826044703595724, "kills_t": 0.03984450923226433, "kp": 0.4923444976076555, "deaths_t": 0.03984450923226433, "assists_t": 0.05782312925170068, "csscore_t": 0.7439261418853256, "teamgold_t": 66.79786200194363, "vision_score_t": 0.6768599560240622, "wards_placed_t": 0.05393586005830904, "gold_graph_diffs_t": 15.838678328474247}