{"id": "EUN1_3569616720", "lvl": 700, "literal level": "BRONZE I", "time": 2500, "solokills_t": 0.0112, "kills_t": 0.0372, "kp": 0.43390313390313395, "deaths_t": 0.0372, "assists_t": 0.0416, "csscore_t": 0.77, "teamgold_t": 66.3352, "vision_score_t": 0.74769740092502, "wards_placed_t": 0.0592, "gold_graph_diffs_t": 12.3928}