{"id": "EUN1_3532153644", "lvl": 900, "literal level": "SILVER III", "time": 2334, "solokills_t": 0.004712939160239932, "kills_t": 0.027849185946872322, "kp": 0.45899999999999996, "deaths_t": 0.027849185946872322, "assists_t": 0.03513281919451585, "csscore_t": 0.7626392459297343, "teamgold_t": 60.18551842330763, "vision_score_t": 1.0154994945760796, "wards_placed_t": 0.0702656383890317, "gold_graph_diffs_t": 10.025278491859469}