{"id": "EUN1_3557506927", "lvl": 1000, "literal level": "SILVER II", "time": 2317, "solokills_t": 0.008631851532153647, "kills_t": 0.03927492447129909, "kp": 0.45179263565891475, "deaths_t": 0.03970651704790678, "assists_t": 0.04920155373327579, "csscore_t": 0.8571428571428571, "teamgold_t": 72.26456624946051, "vision_score_t": 0.8240740629458353, "wards_placed_t": 0.059991368148467845, "gold_graph_diffs_t": 13.231333621061717}