{"id": "EUN1_3559012106", "lvl": 800, "literal level": "SILVER IV", "time": 2746, "solokills_t": 0.008375819373634377, "kills_t": 0.04115076474872542, "kp": 0.48736507936507945, "deaths_t": 0.04115076474872542, "assists_t": 0.06081573197378004, "csscore_t": 0.7042971595047341, "teamgold_t": 65.99817916970139, "vision_score_t": 0.7625934928531459, "wards_placed_t": 0.05680990531682447, "gold_graph_diffs_t": 14.647123088128186}