{"id": "EUN1_3571633353", "lvl": 600, "literal level": "BRONZE II", "time": 2205, "solokills_t": 0.011791383219954649, "kills_t": 0.04081632653061224, "kp": 0.42093023255813955, "deaths_t": 0.04081632653061224, "assists_t": 0.044897959183673466, "csscore_t": 0.6866213151927437, "teamgold_t": 64.50884353741496, "vision_score_t": 0.9999576242099835, "wards_placed_t": 0.06575963718820861, "gold_graph_diffs_t": 10.415419501133787}