{"id": "EUN1_3559937774", "lvl": 900, "literal level": "SILVER III", "time": 2082, "solokills_t": 0.011047070124879923, "kills_t": 0.037463976945244955, "kp": 0.42839673913043474, "deaths_t": 0.037463976945244955, "assists_t": 0.04226705091258405, "csscore_t": 0.7411143131604226, "teamgold_t": 63.65033621517772, "vision_score_t": 0.924087408176511, "wards_placed_t": 0.0686839577329491, "gold_graph_diffs_t": 11.174831892411143}