{"id": "EUN1_3565372661", "lvl": 600, "literal level": "BRONZE II", "time": 1784, "solokills_t": 0.01289237668161435, "kills_t": 0.04204035874439462, "kp": 0.41385630498533726, "deaths_t": 0.042600896860986545, "assists_t": 0.044282511210762335, "csscore_t": 0.7174887892376681, "teamgold_t": 67.77970852017937, "vision_score_t": 0.8321179196327227, "wards_placed_t": 0.05941704035874439, "gold_graph_diffs_t": 13.695627802690582}