{"id": "EUN1_3569568786", "lvl": 400, "literal level": "BRONZE IV", "time": 1187, "solokills_t": 0.006739679865206402, "kills_t": 0.03285593934288121, "kp": 0.43798701298701304, "deaths_t": 0.03285593934288121, "assists_t": 0.037910699241786014, "csscore_t": 0.7211457455770851, "teamgold_t": 61.187026116259474, "vision_score_t": 0.39735553999178325, "wards_placed_t": 0.039595619208087615, "gold_graph_diffs_t": 10.772535804549284}