{"id": "EUN1_3567881664", "lvl": 700, "literal level": "BRONZE I", "time": 984, "solokills_t": 0.016260162601626018, "kills_t": 0.036585365853658534, "kp": 0.3770909090909091, "deaths_t": 0.036585365853658534, "assists_t": 0.029471544715447155, "csscore_t": 0.6392276422764228, "teamgold_t": 60.041666666666664, "vision_score_t": 0.49315669231204895, "wards_placed_t": 0.04573170731707317, "gold_graph_diffs_t": 13.789634146341463}