{"id": "EUN1_3557184378", "lvl": 300, "literal level": "IRON I", "time": 1040, "solokills_t": 0.014423076923076924, "kills_t": 0.02980769230769231, "kp": 0.3223809523809523, "deaths_t": 0.02980769230769231, "assists_t": 0.01730769230769231, "csscore_t": 0.8201923076923077, "teamgold_t": 59.4625, "vision_score_t": 0.3270790133969435, "wards_placed_t": 0.025961538461538463, "gold_graph_diffs_t": 11.474038461538461}