{"id": "EUN1_3563238605", "lvl": 800, "literal level": "SILVER IV", "time": 1815, "solokills_t": 0.017079889807162536, "kills_t": 0.047933884297520664, "kp": 0.36508108108108106, "deaths_t": 0.048484848484848485, "assists_t": 0.03966942148760331, "csscore_t": 0.8044077134986226, "teamgold_t": 72.11570247933884, "vision_score_t": 0.9771807927899776, "wards_placed_t": 0.06501377410468319, "gold_graph_diffs_t": 13.704683195592287}