{"id": "EUN1_3537036483", "lvl": 1000, "literal level": "SILVER II", "time": 2208, "solokills_t": 0.009963768115942028, "kills_t": 0.035326086956521736, "kp": 0.437, "deaths_t": 0.035326086956521736, "assists_t": 0.04121376811594203, "csscore_t": 0.8029891304347826, "teamgold_t": 66.08605072463769, "vision_score_t": 0.8778830654486397, "wards_placed_t": 0.06340579710144928, "gold_graph_diffs_t": 14.923913043478262}