{"id": "EUN1_3547794009", "lvl": 700, "literal level": "BRONZE I", "time": 1476, "solokills_t": 0.014227642276422764, "kills_t": 0.046747967479674794, "kp": 0.3834494773519164, "deaths_t": 0.046747967479674794, "assists_t": 0.04403794037940379, "csscore_t": 0.801490514905149, "teamgold_t": 70.03929539295393, "vision_score_t": 0.749132057774935, "wards_placed_t": 0.061653116531165314, "gold_graph_diffs_t": 16.25338753387534}