{"id": "EUN1_3545871137", "lvl": 900, "literal level": "SILVER III", "time": 2403, "solokills_t": 0.013316687473990845, "kills_t": 0.039950062421972535, "kp": 0.44527972027972035, "deaths_t": 0.040366208905534745, "assists_t": 0.04868913857677903, "csscore_t": 0.7973366625052019, "teamgold_t": 67.23595505617978, "vision_score_t": 0.9003077815978356, "wards_placed_t": 0.056179775280898875, "gold_graph_diffs_t": 13.388264669163545}