{"id": "EUN1_3568522309", "lvl": 500, "literal level": "BRONZE III", "time": 1782, "solokills_t": 0.003928170594837262, "kills_t": 0.037037037037037035, "kp": 0.44781634938409853, "deaths_t": 0.037037037037037035, "assists_t": 0.04882154882154882, "csscore_t": 0.7295173961840629, "teamgold_t": 62.24298540965208, "vision_score_t": 0.7855775484883283, "wards_placed_t": 0.05667789001122334, "gold_graph_diffs_t": 13.92648709315376}