{"id": "EUN1_3583412151", "lvl": 300, "literal level": "IRON I", "time": 1379, "solokills_t": 0.01305293691080493, "kills_t": 0.04423495286439449, "kp": 0.3759523809523809, "deaths_t": 0.04423495286439449, "assists_t": 0.03988397389412618, "csscore_t": 0.6896301667875272, "teamgold_t": 64.12835387962292, "vision_score_t": 0.6757095607476354, "wards_placed_t": 0.050761421319796954, "gold_graph_diffs_t": 13.597534445250181}