{"id": "EUN1_3564254745", "lvl": 400, "literal level": "BRONZE IV", "time": 2396, "solokills_t": 0.007929883138564273, "kills_t": 0.03297161936560935, "kp": 0.4634615384615384, "deaths_t": 0.0333889816360601, "assists_t": 0.04340567612687813, "csscore_t": 0.6840567612687813, "teamgold_t": 61.060100166944906, "vision_score_t": 0.9581798929261748, "wards_placed_t": 0.07220367278797997, "gold_graph_diffs_t": 12.501669449081803}