{"id": "EUN1_3579892073", "lvl": 400, "literal level": "BRONZE IV", "time": 1061, "solokills_t": 0.011310084825636193, "kills_t": 0.046182846371347785, "kp": 0.4179924242424242, "deaths_t": 0.046182846371347785, "assists_t": 0.0527803958529689, "csscore_t": 0.763430725730443, "teamgold_t": 63.98963242224317, "vision_score_t": 0.7525822175188397, "wards_placed_t": 0.057492931196983975, "gold_graph_diffs_t": 12.125353440150802}