{"id": "EUN1_3518056031", "lvl": 1000, "literal level": "SILVER II", "time": 1143, "solokills_t": 0.017497812773403325, "kills_t": 0.03937007874015748, "kp": 0.36, "deaths_t": 0.03937007874015748, "assists_t": 0.02974628171478565, "csscore_t": 0.7410323709536308, "teamgold_t": 64.09448818897638, "vision_score_t": 0.544671449171666, "wards_placed_t": 0.04461942257217848, "gold_graph_diffs_t": 16.762904636920386}