{"id": "EUN1_3570100063", "lvl": 1200, "literal level": "GOLD IV", "time": 914, "solokills_t": 0.01312910284463895, "kills_t": 0.0350109409190372, "kp": 0.3398268398268398, "deaths_t": 0.0350109409190372, "assists_t": 0.02516411378555799, "csscore_t": 0.7527352297592997, "teamgold_t": 61.471553610503285, "vision_score_t": 0.7964116955413981, "wards_placed_t": 0.061269146608315096, "gold_graph_diffs_t": 11.38402625820569}