{"id": "EUN1_3581922486", "lvl": 600, "literal level": "BRONZE II", "time": 2009, "solokills_t": 0.012444001991040319, "kills_t": 0.04629168740666999, "kp": 0.4425438596491228, "deaths_t": 0.04629168740666999, "assists_t": 0.05574912891986063, "csscore_t": 0.646590343454455, "teamgold_t": 65.95420607267297, "vision_score_t": 0.926858571566353, "wards_placed_t": 0.07267297162767546, "gold_graph_diffs_t": 14.136386261821801}