{"id": "EUN1_3559999767", "lvl": 1100, "literal level": "SILVER I", "time": 981, "solokills_t": 0.009174311926605505, "kills_t": 0.023445463812436288, "kp": 0.3953846153846154, "deaths_t": 0.023445463812436288, "assists_t": 0.023445463812436288, "csscore_t": 0.8807339449541285, "teamgold_t": 57.701325178389396, "vision_score_t": 0.5378956791774033, "wards_placed_t": 0.0417940876656473, "gold_graph_diffs_t": 8.584097859327217}