{"id": "EUN1_3568980289", "lvl": 500, "literal level": "BRONZE III", "time": 2064, "solokills_t": 0.015019379844961241, "kills_t": 0.040697674418604654, "kp": 0.3659090909090909, "deaths_t": 0.040697674418604654, "assists_t": 0.03343023255813953, "csscore_t": 0.7340116279069767, "teamgold_t": 64.9500968992248, "vision_score_t": 0.8377412384886979, "wards_placed_t": 0.06346899224806202, "gold_graph_diffs_t": 13.854166666666666}