{"id": "EUN1_3560205812", "lvl": 800, "literal level": "SILVER IV", "time": 1790, "solokills_t": 0.005027932960893855, "kills_t": 0.03687150837988827, "kp": 0.45703634669151905, "deaths_t": 0.03687150837988827, "assists_t": 0.048044692737430165, "csscore_t": 0.8474860335195531, "teamgold_t": 70.01564245810056, "vision_score_t": 0.9589515330211169, "wards_placed_t": 0.06480446927374302, "gold_graph_diffs_t": 15.671508379888268}