{"id": "EUN1_3584564645", "lvl": 700, "literal level": "BRONZE I", "time": 2313, "solokills_t": 0.015131863380890618, "kills_t": 0.041936878512753996, "kp": 0.41029159519725555, "deaths_t": 0.041936878512753996, "assists_t": 0.043233895373973194, "csscore_t": 0.7877215737137916, "teamgold_t": 66.54172070903589, "vision_score_t": 0.9423875819091817, "wards_placed_t": 0.07479463899697363, "gold_graph_diffs_t": 10.567661046260268}