{"id": "EUN1_3584793136", "lvl": 1000, "literal level": "SILVER II", "time": 1852, "solokills_t": 0.012419006479481642, "kills_t": 0.04859611231101512, "kp": 0.40750000000000003, "deaths_t": 0.04859611231101512, "assists_t": 0.050215982721382287, "csscore_t": 0.7678185745140389, "teamgold_t": 70.46436285097192, "vision_score_t": 0.7617681160265956, "wards_placed_t": 0.06047516198704104, "gold_graph_diffs_t": 11.968682505399569}