{"id": "EUN1_3584855260", "lvl": 600, "literal level": "BRONZE II", "time": 2075, "solokills_t": 0.015903614457831325, "kills_t": 0.04819277108433735, "kp": 0.3920454545454546, "deaths_t": 0.04819277108433735, "assists_t": 0.04578313253012048, "csscore_t": 0.7628915662650603, "teamgold_t": 70.74216867469879, "vision_score_t": 1.0246853994132497, "wards_placed_t": 0.07710843373493977, "gold_graph_diffs_t": 14.843373493975903}