{"id": "EUN1_3572787228", "lvl": 700, "literal level": "BRONZE I", "time": 1923, "solokills_t": 0.015600624024960999, "kills_t": 0.045761830473218926, "kp": 0.4267090620031796, "deaths_t": 0.04628185127405096, "assists_t": 0.0530421216848674, "csscore_t": 0.6463858554342173, "teamgold_t": 68.10504420176807, "vision_score_t": 0.7328656674510181, "wards_placed_t": 0.062402496099843996, "gold_graph_diffs_t": 15.273010920436818}