{"id": "EUN1_3560624559", "lvl": 800, "literal level": "SILVER IV", "time": 1542, "solokills_t": 0.01621271076523995, "kills_t": 0.03826199740596628, "kp": 0.3665517241379311, "deaths_t": 0.038910505836575876, "assists_t": 0.031776913099870296, "csscore_t": 0.8450064850843061, "teamgold_t": 65.69390402075227, "vision_score_t": 0.9494548285120563, "wards_placed_t": 0.062905317769131, "gold_graph_diffs_t": 9.185473411154344}