{"id": "EUN1_3563537983", "lvl": 700, "literal level": "BRONZE I", "time": 2450, "solokills_t": 0.01183673469387755, "kills_t": 0.036326530612244896, "kp": 0.42459349593495926, "deaths_t": 0.036326530612244896, "assists_t": 0.04163265306122449, "csscore_t": 0.7616326530612245, "teamgold_t": 63.76897959183673, "vision_score_t": 0.7655116469128057, "wards_placed_t": 0.05918367346938776, "gold_graph_diffs_t": 13.608163265306123}