{"id": "EUN1_3568141367", "lvl": 500, "literal level": "BRONZE III", "time": 1774, "solokills_t": 0.013528748590755355, "kills_t": 0.05411499436302142, "kp": 0.4002645502645503, "deaths_t": 0.05411499436302142, "assists_t": 0.05355129650507328, "csscore_t": 0.741826381059752, "teamgold_t": 71.9216459977452, "vision_score_t": 0.6981219127107633, "wards_placed_t": 0.052423900789177004, "gold_graph_diffs_t": 12.255355129650507}