{"id": "EUN1_3569578251", "lvl": 500, "literal level": "BRONZE III", "time": 2380, "solokills_t": 0.015546218487394958, "kills_t": 0.041176470588235294, "kp": 0.43358364622444723, "deaths_t": 0.041176470588235294, "assists_t": 0.04747899159663865, "csscore_t": 0.7915966386554621, "teamgold_t": 67.20294117647059, "vision_score_t": 0.8129966823776453, "wards_placed_t": 0.052521008403361345, "gold_graph_diffs_t": 13.071848739495799}