{"id": "EUN1_3583291153", "lvl": 600, "literal level": "BRONZE II", "time": 2097, "solokills_t": 0.00715307582260372, "kills_t": 0.03528850739151168, "kp": 0.4602678571428571, "deaths_t": 0.03528850739151168, "assists_t": 0.04482594182164998, "csscore_t": 0.7811158798283262, "teamgold_t": 63.72913686218407, "vision_score_t": 0.9095424303041423, "wards_placed_t": 0.07057701478302336, "gold_graph_diffs_t": 11.25035765379113}