{"id": "EUN1_3568513157", "lvl": 700, "literal level": "BRONZE I", "time": 2064, "solokills_t": 0.01308139534883721, "kills_t": 0.045542635658914726, "kp": 0.4336561743341404, "deaths_t": 0.045542635658914726, "assists_t": 0.05184108527131783, "csscore_t": 0.7853682170542635, "teamgold_t": 68.87354651162791, "vision_score_t": 0.6685859803965016, "wards_placed_t": 0.054748062015503876, "gold_graph_diffs_t": 13.954941860465116}