{"id": "EUN1_3568756307", "lvl": 400, "literal level": "BRONZE IV", "time": 1620, "solokills_t": 0.015432098765432098, "kills_t": 0.04259259259259259, "kp": 0.4003157894736842, "deaths_t": 0.043209876543209874, "assists_t": 0.037654320987654324, "csscore_t": 0.7691358024691358, "teamgold_t": 64.63148148148149, "vision_score_t": 0.7563430548973722, "wards_placed_t": 0.06049382716049383, "gold_graph_diffs_t": 13.448765432098766}