{"id": "EUN1_3524251581", "lvl": 300, "literal level": "IRON I", "time": 2516, "solokills_t": 0.009936406995230525, "kills_t": 0.04054054054054054, "kp": 0.44994002399040395, "deaths_t": 0.040937996820349765, "assists_t": 0.05206677265500795, "csscore_t": 0.6677265500794912, "teamgold_t": 64.03219395866455, "vision_score_t": 0.5673544535935297, "wards_placed_t": 0.04888712241653418, "gold_graph_diffs_t": 14.106120826709063}