{"id": "EUN1_3563231107", "lvl": 500, "literal level": "BRONZE III", "time": 1652, "solokills_t": 0.014527845036319613, "kills_t": 0.04963680387409201, "kp": 0.4303846153846155, "deaths_t": 0.04963680387409201, "assists_t": 0.05387409200968523, "csscore_t": 0.7542372881355932, "teamgold_t": 71.50786924939467, "vision_score_t": 0.5886905635038298, "wards_placed_t": 0.04963680387409201, "gold_graph_diffs_t": 13.11682808716707}