{"id": "EUN1_3583370096", "lvl": 600, "literal level": "BRONZE II", "time": 1884, "solokills_t": 0.013800424628450107, "kills_t": 0.042993630573248405, "kp": 0.3888888888888889, "deaths_t": 0.042993630573248405, "assists_t": 0.044585987261146494, "csscore_t": 0.6735668789808917, "teamgold_t": 61.11411889596603, "vision_score_t": 0.84371633336548, "wards_placed_t": 0.05360934182590234, "gold_graph_diffs_t": 12.34660297239915}