{"id": "EUN1_3581192077", "lvl": 500, "literal level": "BRONZE III", "time": 2012, "solokills_t": 0.015904572564612324, "kills_t": 0.04970178926441352, "kp": 0.39087852038671705, "deaths_t": 0.05019880715705766, "assists_t": 0.04721669980119284, "csscore_t": 0.7475149105367793, "teamgold_t": 71.09045725646124, "vision_score_t": 0.5452739613656291, "wards_placed_t": 0.041749502982107355, "gold_graph_diffs_t": 18.88469184890656}