{"id": "EUN1_3553350428", "lvl": 400, "literal level": "BRONZE IV", "time": 2021, "solokills_t": 0.01830776843146957, "kills_t": 0.053933696190004946, "kp": 0.4182033898305084, "deaths_t": 0.05442850074220683, "assists_t": 0.05987135081642751, "csscore_t": 0.6615536862939139, "teamgold_t": 70.45769421078674, "vision_score_t": 0.6565299424806181, "wards_placed_t": 0.050470064324591786, "gold_graph_diffs_t": 13.08411677387432}