{"id": "EUN1_3567605307", "lvl": 700, "literal level": "BRONZE I", "time": 1808, "solokills_t": 0.012168141592920354, "kills_t": 0.03926991150442478, "kp": 0.3819658119658119, "deaths_t": 0.03926991150442478, "assists_t": 0.03761061946902655, "csscore_t": 0.8573008849557522, "teamgold_t": 66.65597345132744, "vision_score_t": 0.942216927487458, "wards_placed_t": 0.0702433628318584, "gold_graph_diffs_t": 12.986725663716815}