{"id": "EUN1_3519520963", "lvl": 700, "literal level": "BRONZE I", "time": 1695, "solokills_t": 0.007669616519174041, "kills_t": 0.029498525073746312, "kp": 0.4607809847198642, "deaths_t": 0.029498525073746312, "assists_t": 0.035398230088495575, "csscore_t": 0.7817109144542773, "teamgold_t": 62.06312684365782, "vision_score_t": 0.6397128359663838, "wards_placed_t": 0.05309734513274336, "gold_graph_diffs_t": 12.85250737463127}