{"id": "EUN1_3558768123", "lvl": 1000, "literal level": "SILVER II", "time": 2590, "solokills_t": 0.00888030888030888, "kills_t": 0.04517374517374517, "kp": 0.47807692307692307, "deaths_t": 0.04517374517374517, "assists_t": 0.06138996138996139, "csscore_t": 0.7243243243243244, "teamgold_t": 69.77181467181467, "vision_score_t": 0.9412131874111338, "wards_placed_t": 0.07027027027027027, "gold_graph_diffs_t": 11.489189189189188}