{"id": "EUN1_3582979253", "lvl": 500, "literal level": "BRONZE III", "time": 1815, "solokills_t": 0.015426997245179064, "kills_t": 0.047933884297520664, "kp": 0.4027192008879023, "deaths_t": 0.047933884297520664, "assists_t": 0.049035812672176306, "csscore_t": 0.7212121212121212, "teamgold_t": 66.1228650137741, "vision_score_t": 0.6177004422680117, "wards_placed_t": 0.047933884297520664, "gold_graph_diffs_t": 12.046831955922865}