{"id": "EUN1_3583272979", "lvl": 600, "literal level": "BRONZE II", "time": 949, "solokills_t": 0.006322444678609062, "kills_t": 0.026343519494204427, "kp": 0.3638888888888888, "deaths_t": 0.026343519494204427, "assists_t": 0.02107481559536354, "csscore_t": 0.815595363540569, "teamgold_t": 55.92939936775553, "vision_score_t": 0.8309033770274092, "wards_placed_t": 0.0642781875658588, "gold_graph_diffs_t": 8.144362486828241}