{"id": "EUN1_3557119077", "lvl": 300, "literal level": "IRON I", "time": 1195, "solokills_t": 0.007531380753138075, "kills_t": 0.02510460251046025, "kp": 0.44444444444444436, "deaths_t": 0.02510460251046025, "assists_t": 0.028451882845188285, "csscore_t": 0.7472803347280335, "teamgold_t": 57.109623430962344, "vision_score_t": 0.8052585151860683, "wards_placed_t": 0.06610878661087866, "gold_graph_diffs_t": 11.559832635983264}