{"id": "EUN1_3573160834", "lvl": 500, "literal level": "BRONZE III", "time": 315, "solokills_t": 0.006349206349206349, "kills_t": 0.009523809523809525, "kp": 0.3, "deaths_t": 0.009523809523809525, "assists_t": 0.0031746031746031746, "csscore_t": 0.5968253968253968, "teamgold_t": 46.55238095238095, "vision_score_t": 0.20568851983258854, "wards_placed_t": 0.03492063492063492, "gold_graph_diffs_t": 1.980952380952381}