{"id": "EUN1_3531366625", "lvl": 400, "literal level": "BRONZE IV", "time": 1942, "solokills_t": 0.010298661174047374, "kills_t": 0.03810504634397528, "kp": 0.47294117647058825, "deaths_t": 0.03810504634397528, "assists_t": 0.05303810504634397, "csscore_t": 0.7028836251287333, "teamgold_t": 64.59268795056643, "vision_score_t": 0.7329575246238041, "wards_placed_t": 0.057157569515962924, "gold_graph_diffs_t": 12.915036045314109}