{"id": "EUN1_3541632631", "lvl": 800, "literal level": "SILVER IV", "time": 1710, "solokills_t": 0.010526315789473684, "kills_t": 0.03859649122807018, "kp": 0.42175609756097565, "deaths_t": 0.03859649122807018, "assists_t": 0.04269005847953217, "csscore_t": 0.7660818713450293, "teamgold_t": 66.44619883040936, "vision_score_t": 0.7910938518322872, "wards_placed_t": 0.05789473684210526, "gold_graph_diffs_t": 11.594736842105263}