{"id": "EUN1_3578553623", "lvl": 900, "literal level": "SILVER III", "time": 1799, "solokills_t": 0.011673151750972763, "kills_t": 0.03613118399110617, "kp": 0.4, "deaths_t": 0.03613118399110617, "assists_t": 0.03557531962201223, "csscore_t": 0.8276820455808782, "teamgold_t": 66.284046692607, "vision_score_t": 0.5669256469749288, "wards_placed_t": 0.049471928849360754, "gold_graph_diffs_t": 11.785992217898833}