{"id": "EUN1_3577659360", "lvl": 400, "literal level": "BRONZE IV", "time": 1297, "solokills_t": 0.013107170393215111, "kills_t": 0.04548959136468774, "kp": 0.3980392156862745, "deaths_t": 0.04548959136468774, "assists_t": 0.051657671549730146, "csscore_t": 0.7070161912104858, "teamgold_t": 65.32922127987663, "vision_score_t": 0.6748693450630506, "wards_placed_t": 0.04317656129529684, "gold_graph_diffs_t": 14.982266769468003}