{"id": "EUN1_3583102751", "lvl": 400, "literal level": "BRONZE IV", "time": 2027, "solokills_t": 0.010360138135175136, "kills_t": 0.04242723236309817, "kp": 0.4455284552845529, "deaths_t": 0.04242723236309817, "assists_t": 0.05229403058707449, "csscore_t": 0.6635421805624075, "teamgold_t": 65.73902318697583, "vision_score_t": 0.9309849070557528, "wards_placed_t": 0.06561420818944252, "gold_graph_diffs_t": 13.618648248643316}