{"id": "EUN1_3514927580", "lvl": 400, "literal level": "BRONZE IV", "time": 2038, "solokills_t": 0.014720314033366046, "kills_t": 0.05299313052011776, "kp": 0.42412698412698413, "deaths_t": 0.0534838076545633, "assists_t": 0.058881256133464184, "csscore_t": 0.6211972522080471, "teamgold_t": 68.00441609421001, "vision_score_t": 0.5876428037841793, "wards_placed_t": 0.0436702649656526, "gold_graph_diffs_t": 16.036800785083415}