{"id": "EUN1_3572520844", "lvl": 400, "literal level": "BRONZE IV", "time": 1988, "solokills_t": 0.015090543259557344, "kills_t": 0.05130784708249497, "kp": 0.40077639751552796, "deaths_t": 0.05130784708249497, "assists_t": 0.05130784708249497, "csscore_t": 0.7585513078470825, "teamgold_t": 72.19315895372233, "vision_score_t": 0.7945487523976563, "wards_placed_t": 0.05985915492957746, "gold_graph_diffs_t": 13.09758551307847}