{"id": "EUN1_3553403376", "lvl": 1000, "literal level": "SILVER II", "time": 2258, "solokills_t": 0.007971656333038087, "kills_t": 0.03720106288751107, "kp": 0.5121951219512194, "deaths_t": 0.03720106288751107, "assists_t": 0.05845881310894597, "csscore_t": 0.7825509300265722, "teamgold_t": 65.59433126660761, "vision_score_t": 0.9729524494460307, "wards_placed_t": 0.07351638618246235, "gold_graph_diffs_t": 14.7511071744907}