{"id": "EUN1_3571439367", "lvl": 500, "literal level": "BRONZE III", "time": 1226, "solokills_t": 0.010603588907014683, "kills_t": 0.030179445350734094, "kp": 0.3545454545454546, "deaths_t": 0.03099510603588907, "assists_t": 0.026101141924959218, "csscore_t": 0.7520391517128875, "teamgold_t": 58.97063621533442, "vision_score_t": 0.8290941551377682, "wards_placed_t": 0.06606851549755302, "gold_graph_diffs_t": 12.830342577487766}