{"id": "EUN1_3562998282", "lvl": 1000, "literal level": "SILVER II", "time": 1999, "solokills_t": 0.008504252126063032, "kills_t": 0.029014507253626812, "kp": 0.4942084942084942, "deaths_t": 0.029014507253626812, "assists_t": 0.04302151075537769, "csscore_t": 0.7858929464732366, "teamgold_t": 59.53726863431716, "vision_score_t": 0.9742601633194283, "wards_placed_t": 0.06903451725862932, "gold_graph_diffs_t": 9.94647323661831}