{"id": "EUN1_3558241484", "lvl": 300, "literal level": "IRON I", "time": 1415, "solokills_t": 0.01625441696113074, "kills_t": 0.045936395759717315, "kp": 0.39806949806949804, "deaths_t": 0.046643109540636045, "assists_t": 0.04452296819787986, "csscore_t": 0.7477031802120141, "teamgold_t": 67.50247349823321, "vision_score_t": 0.6759489853590213, "wards_placed_t": 0.04946996466431095, "gold_graph_diffs_t": 16.88339222614841}