{"id": "EUN1_3570418172", "lvl": 700, "literal level": "BRONZE I", "time": 2131, "solokills_t": 0.009385265133740028, "kills_t": 0.038010323791647115, "kp": 0.4321290322580646, "deaths_t": 0.038010323791647115, "assists_t": 0.044110746128578134, "csscore_t": 0.7095260441107462, "teamgold_t": 66.11684655091506, "vision_score_t": 0.7379821762311011, "wards_placed_t": 0.054903801032379164, "gold_graph_diffs_t": 15.341623650868137}