{"id": "EUN1_3532355495", "lvl": 400, "literal level": "BRONZE IV", "time": 2488, "solokills_t": 0.008440514469453377, "kills_t": 0.03135048231511254, "kp": 0.48008021390374334, "deaths_t": 0.03135048231511254, "assists_t": 0.04421221864951769, "csscore_t": 0.6543408360128617, "teamgold_t": 60.47789389067524, "vision_score_t": 0.5784830435047901, "wards_placed_t": 0.04340836012861737, "gold_graph_diffs_t": 15.683681672025724}