{"id": "EUN1_3560746580", "lvl": 900, "literal level": "SILVER III", "time": 2326, "solokills_t": 0.010748065348237317, "kills_t": 0.040412725709372314, "kp": 0.4590038314176246, "deaths_t": 0.040842648323301804, "assists_t": 0.04987102321582115, "csscore_t": 0.7987962166809974, "teamgold_t": 66.49441100601892, "vision_score_t": 0.8912639913478235, "wards_placed_t": 0.06405846947549441, "gold_graph_diffs_t": 13.907996560619088}