{"id": "EUN1_3570942168", "lvl": 700, "literal level": "BRONZE I", "time": 2396, "solokills_t": 0.011268781302170284, "kills_t": 0.040901502504173626, "kp": 0.42340425531914894, "deaths_t": 0.040901502504173626, "assists_t": 0.045492487479131885, "csscore_t": 0.7074290484140233, "teamgold_t": 65.69616026711185, "vision_score_t": 0.9130632571630818, "wards_placed_t": 0.06385642737896494, "gold_graph_diffs_t": 11.321368948247079}