{"id": "EUN1_3583441619", "lvl": 400, "literal level": "BRONZE IV", "time": 1567, "solokills_t": 0.006381620931716656, "kills_t": 0.02169751116783663, "kp": 0.45916666666666667, "deaths_t": 0.02169751116783663, "assists_t": 0.023611997447351627, "csscore_t": 0.7223994894703255, "teamgold_t": 56.189534141671984, "vision_score_t": 0.6109050041189777, "wards_placed_t": 0.047862156987874924, "gold_graph_diffs_t": 10.761327377153798}