{"id": "EUN1_3572053215", "lvl": 500, "literal level": "BRONZE III", "time": 969, "solokills_t": 0.015479876160990712, "kills_t": 0.030959752321981424, "kp": 0.362111801242236, "deaths_t": 0.030959752321981424, "assists_t": 0.0196078431372549, "csscore_t": 0.782249742002064, "teamgold_t": 58.847265221878224, "vision_score_t": 0.8171583725572461, "wards_placed_t": 0.06191950464396285, "gold_graph_diffs_t": 8.463364293085656}