{"id": "EUN1_3547007249", "lvl": 900, "literal level": "SILVER III", "time": 1661, "solokills_t": 0.013245033112582781, "kills_t": 0.055388320288982544, "kp": 0.42175438596491227, "deaths_t": 0.055990367248645395, "assists_t": 0.060204695966285374, "csscore_t": 0.7381095725466587, "teamgold_t": 73.27272727272727, "vision_score_t": 0.7838018944672852, "wards_placed_t": 0.050571944611679714, "gold_graph_diffs_t": 13.52317880794702}