{"id": "EUN1_3584941324", "lvl": 600, "literal level": "BRONZE II", "time": 1675, "solokills_t": 0.007761194029850746, "kills_t": 0.04298507462686567, "kp": 0.4607808340727595, "deaths_t": 0.04298507462686567, "assists_t": 0.056716417910447764, "csscore_t": 0.6453731343283582, "teamgold_t": 63.76298507462687, "vision_score_t": 0.5947639261893316, "wards_placed_t": 0.051940298507462686, "gold_graph_diffs_t": 16.68238805970149}