{"id": "EUN1_3564712187", "lvl": 800, "literal level": "SILVER IV", "time": 1697, "solokills_t": 0.0076605774896876845, "kills_t": 0.037124337065409546, "kp": 0.45666666666666667, "deaths_t": 0.03771361225692398, "assists_t": 0.05126694166175604, "csscore_t": 0.7501473187978787, "teamgold_t": 63.23217442545669, "vision_score_t": 0.7137113152061441, "wards_placed_t": 0.05303476723629935, "gold_graph_diffs_t": 10.173836181496759}