{"id": "EUN1_3584769142", "lvl": 900, "literal level": "SILVER III", "time": 1768, "solokills_t": 0.011877828054298642, "kills_t": 0.03619909502262444, "kp": 0.4436923076923077, "deaths_t": 0.03676470588235294, "assists_t": 0.042986425339366516, "csscore_t": 0.792420814479638, "teamgold_t": 63.86425339366516, "vision_score_t": 0.9895829177493809, "wards_placed_t": 0.0673076923076923, "gold_graph_diffs_t": 13.684389140271493}