{"id": "EUN1_3492621118", "lvl": 1000, "literal level": "SILVER II", "time": 1789, "solokills_t": 0.009502515371716043, "kills_t": 0.03856903297931805, "kp": 0.4194545454545454, "deaths_t": 0.03856903297931805, "assists_t": 0.040804918949133594, "csscore_t": 0.7445500279485746, "teamgold_t": 64.1928451648966, "vision_score_t": 0.7015668655021313, "wards_placed_t": 0.05086640581330352, "gold_graph_diffs_t": 14.29346003353829}