{"id": "EUN1_3532447239", "lvl": 700, "literal level": "BRONZE I", "time": 1449, "solokills_t": 0.022774327122153208, "kills_t": 0.04692891649413389, "kp": 0.358695652173913, "deaths_t": 0.047619047619047616, "assists_t": 0.033816425120772944, "csscore_t": 0.772256728778468, "teamgold_t": 65.41407867494824, "vision_score_t": 0.6315585948154172, "wards_placed_t": 0.04623878536922015, "gold_graph_diffs_t": 13.404416839199447}