{"id": "EUN1_3559570652", "lvl": 900, "literal level": "SILVER III", "time": 2145, "solokills_t": 0.006060606060606061, "kills_t": 0.032167832167832165, "kp": 0.49565217391304345, "deaths_t": 0.032167832167832165, "assists_t": 0.046620046620046623, "csscore_t": 0.6578088578088578, "teamgold_t": 59.53193473193473, "vision_score_t": 1.0276401339717336, "wards_placed_t": 0.0662004662004662, "gold_graph_diffs_t": 13.62983682983683}