{"id": "EUN1_3540942074", "lvl": 900, "literal level": "SILVER III", "time": 2027, "solokills_t": 0.0059200789343857915, "kills_t": 0.03256043413912185, "kp": 0.44019230769230766, "deaths_t": 0.03256043413912185, "assists_t": 0.03996053280710409, "csscore_t": 0.7992106561420819, "teamgold_t": 62.66206216082881, "vision_score_t": 0.8091967767729636, "wards_placed_t": 0.05525407005426739, "gold_graph_diffs_t": 13.684262456832757}