{"id": "EUN1_3565306997", "lvl": 1300, "literal level": "GOLD III", "time": 2227, "solokills_t": 0.005388414907947912, "kills_t": 0.030085316569375842, "kp": 0.5101633393829401, "deaths_t": 0.030085316569375842, "assists_t": 0.04804669959586888, "csscore_t": 0.8325101032779524, "teamgold_t": 65.43556353839246, "vision_score_t": 1.011780355915518, "wards_placed_t": 0.07319263583295914, "gold_graph_diffs_t": 16.0309833857207}