{"id": "EUN1_3572395080", "lvl": 400, "literal level": "BRONZE IV", "time": 2134, "solokills_t": 0.01358950328022493, "kills_t": 0.04076850984067479, "kp": 0.4119866814650389, "deaths_t": 0.04076850984067479, "assists_t": 0.04217432052483599, "csscore_t": 0.6991565135895033, "teamgold_t": 62.77647610121837, "vision_score_t": 0.640386134253968, "wards_placed_t": 0.05248359887535145, "gold_graph_diffs_t": 10.809278350515465}