{"id": "EUN1_3534267144", "lvl": 1100, "literal level": "SILVER I", "time": 1878, "solokills_t": 0.012779552715654952, "kills_t": 0.046858359957401494, "kp": 0.39212121212121215, "deaths_t": 0.046858359957401494, "assists_t": 0.04739084132055378, "csscore_t": 0.7428115015974441, "teamgold_t": 68.77795527156549, "vision_score_t": 0.9066448865266705, "wards_placed_t": 0.06975505857294995, "gold_graph_diffs_t": 14.038871139510118}