{"id": "EUN1_3584259210", "lvl": 700, "literal level": "BRONZE I", "time": 2378, "solokills_t": 0.009671993271656855, "kills_t": 0.037426408746846086, "kp": 0.4382113821138211, "deaths_t": 0.037426408746846086, "assists_t": 0.04499579478553406, "csscore_t": 0.7922624053826746, "teamgold_t": 67.12279226240538, "vision_score_t": 0.8505014888741043, "wards_placed_t": 0.06181665264928511, "gold_graph_diffs_t": 12.36080740117746}