{"id": "EUN1_3563661472", "lvl": 600, "literal level": "BRONZE II", "time": 1462, "solokills_t": 0.006155950752393981, "kills_t": 0.030095759233926128, "kp": 0.5381609195402299, "deaths_t": 0.030095759233926128, "assists_t": 0.04856361149110807, "csscore_t": 0.7859097127222983, "teamgold_t": 61.84336525307798, "vision_score_t": 0.7150897142574184, "wards_placed_t": 0.05540355677154583, "gold_graph_diffs_t": 13.075923392612859}