{"id": "EUN1_3555659546", "lvl": 500, "literal level": "BRONZE III", "time": 2078, "solokills_t": 0.009143407122232916, "kills_t": 0.03946102021174206, "kp": 0.43923076923076926, "deaths_t": 0.03946102021174206, "assists_t": 0.04716073147256978, "csscore_t": 0.6862367661212705, "teamgold_t": 63.12897016361887, "vision_score_t": 0.6254051504695204, "wards_placed_t": 0.04619826756496631, "gold_graph_diffs_t": 11.18864292589028}