{"id": "EUN1_3569053539", "lvl": 500, "literal level": "BRONZE III", "time": 1391, "solokills_t": 0.01653486700215672, "kills_t": 0.04241552839683681, "kp": 0.3982718894009217, "deaths_t": 0.04241552839683681, "assists_t": 0.04241552839683681, "csscore_t": 0.8037383177570093, "teamgold_t": 68.82602444284687, "vision_score_t": 0.6858885153405085, "wards_placed_t": 0.04816678648454349, "gold_graph_diffs_t": 13.031631919482386}