{"id": "EUN1_3575066157", "lvl": 900, "literal level": "SILVER III", "time": 1942, "solokills_t": 0.014418125643666324, "kills_t": 0.044284243048403706, "kp": 0.4008211143695015, "deaths_t": 0.04479917610710608, "assists_t": 0.04531410916580844, "csscore_t": 0.7636457260556128, "teamgold_t": 68.62564366632338, "vision_score_t": 0.7915387433729281, "wards_placed_t": 0.055612770339855816, "gold_graph_diffs_t": 13.75231719876416}