{"id": "EUN1_3572642526", "lvl": 500, "literal level": "BRONZE III", "time": 1819, "solokills_t": 0.01154480483782298, "kills_t": 0.036833424958768554, "kp": 0.40059288537549403, "deaths_t": 0.036833424958768554, "assists_t": 0.038482682792743264, "csscore_t": 0.776800439802089, "teamgold_t": 63.80758658603629, "vision_score_t": 0.6133668964448761, "wards_placed_t": 0.04507971412864211, "gold_graph_diffs_t": 12.752061572292469}