{"id": "EUN1_3567086372", "lvl": 600, "literal level": "BRONZE II", "time": 2360, "solokills_t": 0.010169491525423728, "kills_t": 0.04364406779661017, "kp": 0.43193277310924366, "deaths_t": 0.04406779661016949, "assists_t": 0.05084745762711865, "csscore_t": 0.713135593220339, "teamgold_t": 65.7885593220339, "vision_score_t": 0.9836493113025989, "wards_placed_t": 0.06822033898305084, "gold_graph_diffs_t": 15.138559322033899}