{"id": "EUN1_3516050319", "lvl": 400, "literal level": "BRONZE IV", "time": 1571, "solokills_t": 0.006365372374283896, "kills_t": 0.02991725015913431, "kp": 0.45444444444444443, "deaths_t": 0.02991725015913431, "assists_t": 0.03882877148313176, "csscore_t": 0.5868873329089752, "teamgold_t": 59.09611712285169, "vision_score_t": 0.6959558475628509, "wards_placed_t": 0.056651814131126674, "gold_graph_diffs_t": 13.717377466581794}