{"id": "EUN1_3559941460", "lvl": 900, "literal level": "SILVER III", "time": 1795, "solokills_t": 0.014484679665738161, "kills_t": 0.03676880222841226, "kp": 0.3505555555555555, "deaths_t": 0.03732590529247911, "assists_t": 0.027855153203342618, "csscore_t": 0.7220055710306407, "teamgold_t": 60.583286908077994, "vision_score_t": 0.8502522444731145, "wards_placed_t": 0.06406685236768803, "gold_graph_diffs_t": 13.085793871866295}