{"id": "EUN1_3574846202", "lvl": 600, "literal level": "BRONZE II", "time": 1797, "solokills_t": 0.00333889816360601, "kills_t": 0.02615470228158041, "kp": 0.4613553113553114, "deaths_t": 0.02615470228158041, "assists_t": 0.03450194769059544, "csscore_t": 0.755147468002226, "teamgold_t": 60.202003338898166, "vision_score_t": 0.7803603871239464, "wards_placed_t": 0.054535336672231496, "gold_graph_diffs_t": 14.042849193099611}