{"id": "EUN1_3570854065", "lvl": 500, "literal level": "BRONZE III", "time": 930, "solokills_t": 0.011827956989247311, "kills_t": 0.034408602150537634, "kp": 0.35845410628019314, "deaths_t": 0.034408602150537634, "assists_t": 0.025806451612903226, "csscore_t": 0.8021505376344086, "teamgold_t": 61.18279569892473, "vision_score_t": 0.5168899542905898, "wards_placed_t": 0.046236559139784944, "gold_graph_diffs_t": 12.883870967741936}