{"id": "EUN1_3518344141", "lvl": 800, "literal level": "SILVER IV", "time": 947, "solokills_t": 0.004223864836325237, "kills_t": 0.023231256599788808, "kp": 0.5647058823529412, "deaths_t": 0.023231256599788808, "assists_t": 0.04012671594508976, "csscore_t": 0.7602956705385427, "teamgold_t": 57.59662090813094, "vision_score_t": 0.7460980660126623, "wards_placed_t": 0.06335797254487856, "gold_graph_diffs_t": 13.214361140443506}