{"id": "EUN1_3540956327", "lvl": 1200, "literal level": "GOLD IV", "time": 1898, "solokills_t": 0.009483667017913594, "kills_t": 0.03635405690200211, "kp": 0.3782608695652174, "deaths_t": 0.03635405690200211, "assists_t": 0.03477344573234984, "csscore_t": 0.8556375131717597, "teamgold_t": 65.97260273972603, "vision_score_t": 0.8139747554380831, "wards_placed_t": 0.05532139093782929, "gold_graph_diffs_t": 12.87881981032666}