{"id": "EUN1_3583984370", "lvl": 600, "literal level": "BRONZE II", "time": 1519, "solokills_t": 0.012508229098090849, "kills_t": 0.031599736668861095, "kp": 0.41454545454545455, "deaths_t": 0.031599736668861095, "assists_t": 0.031599736668861095, "csscore_t": 0.7083607636603029, "teamgold_t": 59.30941408821593, "vision_score_t": 0.5009671868172101, "wards_placed_t": 0.044107965766951945, "gold_graph_diffs_t": 11.50822909809085}