{"id": "EUN1_3565577031", "lvl": 800, "literal level": "SILVER IV", "time": 2401, "solokills_t": 0.012494793835901708, "kills_t": 0.04872969596001666, "kp": 0.46587795765877954, "deaths_t": 0.04914618908788005, "assists_t": 0.059975010412328195, "csscore_t": 0.7996668054977093, "teamgold_t": 74.51478550603915, "vision_score_t": 0.7233778814145007, "wards_placed_t": 0.054977092877967516, "gold_graph_diffs_t": 14.950437317784257}