{"id": "EUN1_3542805836", "lvl": 1000, "literal level": "SILVER II", "time": 1632, "solokills_t": 0.018995098039215685, "kills_t": 0.04656862745098039, "kp": 0.3475268817204301, "deaths_t": 0.04656862745098039, "assists_t": 0.03431372549019608, "csscore_t": 0.8253676470588235, "teamgold_t": 69.4718137254902, "vision_score_t": 0.6886174581351849, "wards_placed_t": 0.056372549019607844, "gold_graph_diffs_t": 11.02328431372549}