{"id": "EUN1_3572507901", "lvl": 400, "literal level": "BRONZE IV", "time": 1648, "solokills_t": 0.015776699029126214, "kills_t": 0.038834951456310676, "kp": 0.36875, "deaths_t": 0.038834951456310676, "assists_t": 0.028519417475728157, "csscore_t": 0.6881067961165048, "teamgold_t": 62.60376213592233, "vision_score_t": 0.6232811270475173, "wards_placed_t": 0.05036407766990291, "gold_graph_diffs_t": 13.48361650485437}