{"id": "EUN1_3584545315", "lvl": 400, "literal level": "BRONZE IV", "time": 2843, "solokills_t": 0.011255715793176222, "kills_t": 0.04256067534294759, "kp": 0.3974847982310669, "deaths_t": 0.04256067534294759, "assists_t": 0.04256067534294759, "csscore_t": 0.7513190291945129, "teamgold_t": 66.9349278930707, "vision_score_t": 0.8554026804305448, "wards_placed_t": 0.07492085824832923, "gold_graph_diffs_t": 15.405557509672882}