{"id": "EUN1_3542803419", "lvl": 300, "literal level": "IRON I", "time": 2033, "solokills_t": 0.013772749631087064, "kills_t": 0.048204623708804725, "kp": 0.43266583229036293, "deaths_t": 0.048204623708804725, "assists_t": 0.05656665027053615, "csscore_t": 0.6433841613379242, "teamgold_t": 68.16478111165765, "vision_score_t": 0.7852085861138486, "wards_placed_t": 0.06296114117068372, "gold_graph_diffs_t": 14.304476143630103}