{"id": "EUN1_3562378430", "lvl": 600, "literal level": "BRONZE II", "time": 1959, "solokills_t": 0.009698825931597753, "kills_t": 0.04185809086268504, "kp": 0.4607407407407407, "deaths_t": 0.04185809086268504, "assists_t": 0.05308831036242981, "csscore_t": 0.6916794282797346, "teamgold_t": 63.59673302705462, "vision_score_t": 0.868488509636537, "wards_placed_t": 0.06533945890760592, "gold_graph_diffs_t": 12.94231750893313}