{"id": "EUN1_3516085912", "lvl": 300, "literal level": "IRON I", "time": 2229, "solokills_t": 0.016599371915657246, "kills_t": 0.052489905787348586, "kp": 0.3968571428571429, "deaths_t": 0.052489905787348586, "assists_t": 0.052489905787348586, "csscore_t": 0.6123822341857336, "teamgold_t": 64.82054733064155, "vision_score_t": 0.740165114280764, "wards_placed_t": 0.056078959174517724, "gold_graph_diffs_t": 11.897263346792284}