{"id": "EUN1_3574737470", "lvl": 400, "literal level": "BRONZE IV", "time": 1898, "solokills_t": 0.010010537407797681, "kills_t": 0.044257112750263436, "kp": 0.4261904761904762, "deaths_t": 0.044783983140147525, "assists_t": 0.05005268703898841, "csscore_t": 0.7344573234984194, "teamgold_t": 67.79715489989462, "vision_score_t": 0.7938808346252131, "wards_placed_t": 0.06006322444678609, "gold_graph_diffs_t": 12.827713382507904}