{"id": "EUN1_3571796269", "lvl": 400, "literal level": "BRONZE IV", "time": 1644, "solokills_t": 0.015815085158150853, "kills_t": 0.0413625304136253, "kp": 0.384526967285588, "deaths_t": 0.0413625304136253, "assists_t": 0.03832116788321168, "csscore_t": 0.7463503649635036, "teamgold_t": 66.45012165450122, "vision_score_t": 0.6920790047085614, "wards_placed_t": 0.05778588807785888, "gold_graph_diffs_t": 17.6654501216545}