{"id": "EUN1_3560602276", "lvl": 900, "literal level": "SILVER III", "time": 2526, "solokills_t": 0.010688836104513063, "kills_t": 0.035629453681710214, "kp": 0.4131578947368421, "deaths_t": 0.035629453681710214, "assists_t": 0.03760886777513856, "csscore_t": 0.8174980205859066, "teamgold_t": 66.46912114014252, "vision_score_t": 0.9218750704469028, "wards_placed_t": 0.0613618368962787, "gold_graph_diffs_t": 13.142913697545527}