{"id": "EUN1_3567128276", "lvl": 700, "literal level": "BRONZE I", "time": 1711, "solokills_t": 0.008766803039158387, "kills_t": 0.02863822326125073, "kp": 0.4128787878787879, "deaths_t": 0.02863822326125073, "assists_t": 0.02863822326125073, "csscore_t": 0.7936879018118059, "teamgold_t": 59.8947983635301, "vision_score_t": 0.5735075868079338, "wards_placed_t": 0.049094097019286964, "gold_graph_diffs_t": 11.368790181180596}