{"id": "EUN1_3561872739", "lvl": 1100, "literal level": "SILVER I", "time": 1925, "solokills_t": 0.006753246753246753, "kills_t": 0.034805194805194804, "kp": 0.42696969696969694, "deaths_t": 0.034805194805194804, "assists_t": 0.039480519480519484, "csscore_t": 0.8394805194805195, "teamgold_t": 64.87272727272727, "vision_score_t": 1.1169880445666531, "wards_placed_t": 0.08571428571428572, "gold_graph_diffs_t": 11.627012987012987}