{"id": "EUN1_3583754900", "lvl": 500, "literal level": "BRONZE III", "time": 1265, "solokills_t": 0.013438735177865613, "kills_t": 0.02608695652173913, "kp": 0.3185, "deaths_t": 0.02608695652173913, "assists_t": 0.015019762845849802, "csscore_t": 0.8015810276679842, "teamgold_t": 58.689328063241106, "vision_score_t": 0.6622171708771394, "wards_placed_t": 0.04980237154150197, "gold_graph_diffs_t": 15.416600790513835}