{"id": "EUN1_3563677917", "lvl": 800, "literal level": "SILVER IV", "time": 2222, "solokills_t": 0.013501350135013501, "kills_t": 0.047254725472547256, "kp": 0.43570391872278663, "deaths_t": 0.047254725472547256, "assists_t": 0.0558055805580558, "csscore_t": 0.7187218721872187, "teamgold_t": 69.88613861386139, "vision_score_t": 0.7300910018029864, "wards_placed_t": 0.06030603060306031, "gold_graph_diffs_t": 15.256075607560756}