{"id": "EUN1_3570639141", "lvl": 300, "literal level": "IRON I", "time": 2346, "solokills_t": 0.011082693947144074, "kills_t": 0.04475703324808184, "kp": 0.44314456035767513, "deaths_t": 0.04475703324808184, "assists_t": 0.054987212276214836, "csscore_t": 0.6402387041773231, "teamgold_t": 67.67433930093776, "vision_score_t": 0.6704134823981687, "wards_placed_t": 0.043478260869565216, "gold_graph_diffs_t": 14.249786871270247}