{"id": "EUN1_3532092598", "lvl": 800, "literal level": "SILVER IV", "time": 2198, "solokills_t": 0.010464058234758872, "kills_t": 0.0373066424021838, "kp": 0.48079904591532496, "deaths_t": 0.0373066424021838, "assists_t": 0.05232029117379436, "csscore_t": 0.7343039126478617, "teamgold_t": 65.15832575068244, "vision_score_t": 0.8302945057117579, "wards_placed_t": 0.06050955414012739, "gold_graph_diffs_t": 11.745222929936306}