{"id": "EUN1_3562629940", "lvl": 1100, "literal level": "SILVER I", "time": 1021, "solokills_t": 0.011753183153770812, "kills_t": 0.034280117531831536, "kp": 0.35946969696969694, "deaths_t": 0.034280117531831536, "assists_t": 0.029382957884427033, "csscore_t": 0.7600391772771793, "teamgold_t": 61.155729676787466, "vision_score_t": 0.7418040856304875, "wards_placed_t": 0.05386875612144956, "gold_graph_diffs_t": 6.362389813907933}