{"id": "EUN1_3570920560", "lvl": 300, "literal level": "IRON I", "time": 1927, "solokills_t": 0.00934094447327452, "kills_t": 0.03476907109496627, "kp": 0.42909909909909916, "deaths_t": 0.03528801245459263, "assists_t": 0.040477426050856254, "csscore_t": 0.7581733264141152, "teamgold_t": 64.17280747275558, "vision_score_t": 0.7882963615395714, "wards_placed_t": 0.059159314997405295, "gold_graph_diffs_t": 16.136481577581733}