{"id": "EUN1_3563427830", "lvl": 800, "literal level": "SILVER IV", "time": 1425, "solokills_t": 0.009122807017543859, "kills_t": 0.03368421052631579, "kp": 0.4142857142857143, "deaths_t": 0.03368421052631579, "assists_t": 0.037192982456140354, "csscore_t": 0.775438596491228, "teamgold_t": 62.8140350877193, "vision_score_t": 0.9465872862174649, "wards_placed_t": 0.06947368421052631, "gold_graph_diffs_t": 13.962105263157895}