{"id": "EUN1_3571086475", "lvl": 700, "literal level": "BRONZE I", "time": 1831, "solokills_t": 0.005461496450027308, "kills_t": 0.042599672310213, "kp": 0.475, "deaths_t": 0.042599672310213, "assists_t": 0.06062261059530311, "csscore_t": 0.718186783178591, "teamgold_t": 65.54888039322775, "vision_score_t": 0.8497248595346807, "wards_placed_t": 0.0655379574003277, "gold_graph_diffs_t": 15.72801747678864}