{"id": "EUN1_3548628709", "lvl": 700, "literal level": "BRONZE I", "time": 2008, "solokills_t": 0.009462151394422311, "kills_t": 0.04233067729083665, "kp": 0.45139860139860144, "deaths_t": 0.04233067729083665, "assists_t": 0.054780876494023904, "csscore_t": 0.7370517928286853, "teamgold_t": 65.05926294820718, "vision_score_t": 0.8710057370843745, "wards_placed_t": 0.06274900398406374, "gold_graph_diffs_t": 14.757470119521912}