{"id": "EUN1_3573560916", "lvl": 400, "literal level": "BRONZE IV", "time": 1250, "solokills_t": 0.004, "kills_t": 0.0184, "kp": 0.3734848484848484, "deaths_t": 0.0184, "assists_t": 0.016, "csscore_t": 0.7128, "teamgold_t": 52.3304, "vision_score_t": 0.4260434258346334, "wards_placed_t": 0.0328, "gold_graph_diffs_t": 6.6888}