{"id": "EUN1_3569773127", "lvl": 700, "literal level": "BRONZE I", "time": 2285, "solokills_t": 0.013566739606126914, "kills_t": 0.045514223194748356, "kp": 0.4239583333333334, "deaths_t": 0.045514223194748356, "assists_t": 0.0525164113785558, "csscore_t": 0.6818380743982495, "teamgold_t": 64.80262582056893, "vision_score_t": 0.6632741261923137, "wards_placed_t": 0.05557986870897155, "gold_graph_diffs_t": 11.206126914660832}