{"id": "EUN1_3578529593", "lvl": 500, "literal level": "BRONZE III", "time": 1958, "solokills_t": 0.010214504596527068, "kills_t": 0.04698672114402452, "kp": 0.4343262411347517, "deaths_t": 0.04698672114402452, "assists_t": 0.05515832482124617, "csscore_t": 0.763023493360572, "teamgold_t": 71.40960163432074, "vision_score_t": 0.8909499449363103, "wards_placed_t": 0.0658835546475996, "gold_graph_diffs_t": 16.967313585291112}