{"id": "EUN1_3561003711", "lvl": 900, "literal level": "SILVER III", "time": 1476, "solokills_t": 0.014905149051490514, "kills_t": 0.0508130081300813, "kp": 0.38923959827833576, "deaths_t": 0.051490514905149054, "assists_t": 0.048102981029810296, "csscore_t": 0.6795392953929539, "teamgold_t": 70.66937669376694, "vision_score_t": 0.7565165457405307, "wards_placed_t": 0.061653116531165314, "gold_graph_diffs_t": 12.399728997289973}