{"id": "EUN1_3518046197", "lvl": 400, "literal level": "BRONZE IV", "time": 2220, "solokills_t": 0.012612612612612612, "kills_t": 0.02882882882882883, "kp": 0.4134199134199134, "deaths_t": 0.02882882882882883, "assists_t": 0.02972972972972973, "csscore_t": 0.7031531531531532, "teamgold_t": 56.7536036036036, "vision_score_t": 0.8184355483993272, "wards_placed_t": 0.0545045045045045, "gold_graph_diffs_t": 11.29144144144144}