{"id": "EUN1_3551868966", "lvl": 600, "literal level": "BRONZE II", "time": 1991, "solokills_t": 0.017076845806127575, "kills_t": 0.047212456052235056, "kp": 0.3889093419236079, "deaths_t": 0.047212456052235056, "assists_t": 0.04470115519839277, "csscore_t": 0.6845806127574083, "teamgold_t": 65.7292817679558, "vision_score_t": 0.7286436062452365, "wards_placed_t": 0.057759919638372674, "gold_graph_diffs_t": 12.079859367152185}