{"id": "EUN1_3568980717", "lvl": 900, "literal level": "SILVER III", "time": 1160, "solokills_t": 0.014655172413793103, "kills_t": 0.028448275862068967, "kp": 0.3653846153846154, "deaths_t": 0.028448275862068967, "assists_t": 0.020689655172413793, "csscore_t": 0.7922413793103448, "teamgold_t": 56.38103448275862, "vision_score_t": 0.6678267259498705, "wards_placed_t": 0.052586206896551725, "gold_graph_diffs_t": 10.668965517241379}