{"id": "EUN1_3532229496", "lvl": 600, "literal level": "BRONZE II", "time": 1557, "solokills_t": 0.01605651894669236, "kills_t": 0.04945407835581246, "kp": 0.38365591397849463, "deaths_t": 0.04945407835581246, "assists_t": 0.0449582530507386, "csscore_t": 0.7514450867052023, "teamgold_t": 67.35773924213231, "vision_score_t": 0.6371140271712492, "wards_placed_t": 0.05073859987154785, "gold_graph_diffs_t": 14.737315350032112}