{"id": "EUN1_3559149749", "lvl": 900, "literal level": "SILVER III", "time": 2222, "solokills_t": 0.013501350135013501, "kills_t": 0.045004500450045004, "kp": 0.41544991511035656, "deaths_t": 0.045004500450045004, "assists_t": 0.05130513051305131, "csscore_t": 0.7178217821782178, "teamgold_t": 68.99099909990998, "vision_score_t": 0.972779162216785, "wards_placed_t": 0.062106210621062106, "gold_graph_diffs_t": 13.149414941494149}