{"id": "EUN1_3568288839", "lvl": 400, "literal level": "BRONZE IV", "time": 1979, "solokills_t": 0.005053057099545225, "kills_t": 0.0404244567963618, "kp": 0.5008241758241758, "deaths_t": 0.0404244567963618, "assists_t": 0.059120768064679134, "csscore_t": 0.6872157655381506, "teamgold_t": 65.92521475492673, "vision_score_t": 0.6813600326126424, "wards_placed_t": 0.056088933804951994, "gold_graph_diffs_t": 14.452753916119253}