{"id": "EUN1_3571537708", "lvl": 600, "literal level": "BRONZE II", "time": 1796, "solokills_t": 0.009465478841870824, "kills_t": 0.03173719376391982, "kp": 0.4045454545454546, "deaths_t": 0.03173719376391982, "assists_t": 0.03229398663697105, "csscore_t": 0.8234966592427617, "teamgold_t": 63.79621380846325, "vision_score_t": 0.9070859146474423, "wards_placed_t": 0.05957683741648107, "gold_graph_diffs_t": 9.630289532293986}