{"id": "EUN1_3524309180", "lvl": 400, "literal level": "BRONZE IV", "time": 1452, "solokills_t": 0.01721763085399449, "kills_t": 0.047520661157024795, "kp": 0.3496842105263158, "deaths_t": 0.048209366391184574, "assists_t": 0.03581267217630854, "csscore_t": 0.6570247933884298, "teamgold_t": 64.95936639118457, "vision_score_t": 0.5023134859278929, "wards_placed_t": 0.03650137741046832, "gold_graph_diffs_t": 17.665977961432507}