{"id": "EUN1_3564977699", "lvl": 600, "literal level": "BRONZE II", "time": 1955, "solokills_t": 0.006138107416879796, "kills_t": 0.05115089514066496, "kp": 0.5404255319148936, "deaths_t": 0.05115089514066496, "assists_t": 0.08797953964194373, "csscore_t": 0.6358056265984655, "teamgold_t": 70.00306905370844, "vision_score_t": 0.6729208113507565, "wards_placed_t": 0.05217391304347826, "gold_graph_diffs_t": 16.591304347826085}