{"id": "EUN1_3525538744", "lvl": 700, "literal level": "BRONZE I", "time": 1390, "solokills_t": 0.012949640287769784, "kills_t": 0.038129496402877695, "kp": 0.4062091503267974, "deaths_t": 0.038129496402877695, "assists_t": 0.038129496402877695, "csscore_t": 0.7589928057553957, "teamgold_t": 63.85323741007194, "vision_score_t": 0.4978865574647665, "wards_placed_t": 0.041726618705035974, "gold_graph_diffs_t": 13.420143884892086}