{"id": "EUN1_3517377450", "lvl": 400, "literal level": "BRONZE IV", "time": 1421, "solokills_t": 0.007037297677691766, "kills_t": 0.043631245601688955, "kp": 0.45732323232323235, "deaths_t": 0.043631245601688955, "assists_t": 0.05629838142153413, "csscore_t": 0.6382828993666432, "teamgold_t": 63.99225897255454, "vision_score_t": 0.47953365154129857, "wards_placed_t": 0.04081632653061224, "gold_graph_diffs_t": 16.655172413793103}