{"id": "EUN1_3572601852", "lvl": 700, "literal level": "BRONZE I", "time": 2342, "solokills_t": 0.009393680614859094, "kills_t": 0.04013663535439795, "kp": 0.4668490652074784, "deaths_t": 0.04013663535439795, "assists_t": 0.05294619982920581, "csscore_t": 0.7164816396242528, "teamgold_t": 65.67933390264731, "vision_score_t": 0.7472975766418166, "wards_placed_t": 0.061058923996584115, "gold_graph_diffs_t": 10.56404782237404}