{"id": "EUN1_3572323276", "lvl": 500, "literal level": "BRONZE III", "time": 1778, "solokills_t": 0.009561304836895388, "kills_t": 0.03824521934758155, "kp": 0.4610714285714286, "deaths_t": 0.03824521934758155, "assists_t": 0.048368953880764905, "csscore_t": 0.7980877390326209, "teamgold_t": 66.61529808773903, "vision_score_t": 0.889675284387512, "wards_placed_t": 0.06411698537682789, "gold_graph_diffs_t": 13.368953880764904}