{"id": "EUN1_3515062628", "lvl": 400, "literal level": "BRONZE IV", "time": 1541, "solokills_t": 0.016223231667748216, "kills_t": 0.04218040233614536, "kp": 0.41078224101479915, "deaths_t": 0.04218040233614536, "assists_t": 0.04023361453601557, "csscore_t": 0.6742375081116159, "teamgold_t": 62.81635301752109, "vision_score_t": 0.6001089811125194, "wards_placed_t": 0.045425048669695, "gold_graph_diffs_t": 10.846203763789747}