{"id": "EUN1_3578578621", "lvl": 900, "literal level": "SILVER III", "time": 1751, "solokills_t": 0.012564249000571102, "kills_t": 0.0422615648201028, "kp": 0.4057453416149069, "deaths_t": 0.0422615648201028, "assists_t": 0.043403769274700174, "csscore_t": 0.7835522558537978, "teamgold_t": 68.24500285551113, "vision_score_t": 0.8056823116088466, "wards_placed_t": 0.05825242718446602, "gold_graph_diffs_t": 13.623643632210166}