{"id": "EUN1_3517019508", "lvl": 300, "literal level": "IRON I", "time": 2792, "solokills_t": 0.008595988538681949, "kills_t": 0.04620343839541547, "kp": 0.468547215496368, "deaths_t": 0.04620343839541547, "assists_t": 0.062320916905444126, "csscore_t": 0.5891833810888252, "teamgold_t": 63.84348137535817, "vision_score_t": 0.6796530404635094, "wards_placed_t": 0.05766475644699141, "gold_graph_diffs_t": 15.558381088825215}