{"id": "EUN1_3497779084", "lvl": 800, "literal level": "SILVER IV", "time": 2370, "solokills_t": 0.009704641350210971, "kills_t": 0.042616033755274264, "kp": 0.4553852201257862, "deaths_t": 0.043037974683544304, "assists_t": 0.05443037974683544, "csscore_t": 0.7054852320675106, "teamgold_t": 64.53080168776371, "vision_score_t": 0.8251432447065195, "wards_placed_t": 0.05738396624472574, "gold_graph_diffs_t": 11.962025316455696}