{"id": "EUN1_3505285262", "lvl": 400, "literal level": "BRONZE IV", "time": 711, "solokills_t": 0.014064697609001406, "kills_t": 0.02250351617440225, "kp": 0.2794871794871795, "deaths_t": 0.02250351617440225, "assists_t": 0.009845288326300985, "csscore_t": 0.7510548523206751, "teamgold_t": 53.32770745428973, "vision_score_t": 0.42068300361880995, "wards_placed_t": 0.040787623066104076, "gold_graph_diffs_t": 10.49507735583685}