{"id": "EUN1_3571123459", "lvl": 900, "literal level": "SILVER III", "time": 2063, "solokills_t": 0.010179350460494426, "kills_t": 0.045564711585070285, "kp": 0.42299319727891155, "deaths_t": 0.045564711585070285, "assists_t": 0.05089675230247213, "csscore_t": 0.6907416383906931, "teamgold_t": 68.04895782840524, "vision_score_t": 0.9022817514307668, "wards_placed_t": 0.059621909840038775, "gold_graph_diffs_t": 14.442559379544353}