{"id": "EUN1_3571330624", "lvl": 400, "literal level": "BRONZE IV", "time": 1744, "solokills_t": 0.010894495412844037, "kills_t": 0.041857798165137614, "kp": 0.42930232558139536, "deaths_t": 0.041857798165137614, "assists_t": 0.047591743119266054, "csscore_t": 0.669151376146789, "teamgold_t": 63.205848623853214, "vision_score_t": 0.8593721185917234, "wards_placed_t": 0.06192660550458716, "gold_graph_diffs_t": 11.510894495412844}