{"id": "EUN1_3573720806", "lvl": 700, "literal level": "BRONZE I", "time": 1917, "solokills_t": 0.010432968179447054, "kills_t": 0.040166927490871154, "kp": 0.44281842818428185, "deaths_t": 0.040166927490871154, "assists_t": 0.04903495044340115, "csscore_t": 0.7699530516431925, "teamgold_t": 67.641627543036, "vision_score_t": 0.6230954975065159, "wards_placed_t": 0.046426708398539386, "gold_graph_diffs_t": 11.37663015127804}