{"id": "EUN1_3574367854", "lvl": 500, "literal level": "BRONZE III", "time": 1598, "solokills_t": 0.011889862327909888, "kills_t": 0.04130162703379224, "kp": 0.3866666666666666, "deaths_t": 0.04130162703379224, "assists_t": 0.038172715894868585, "csscore_t": 0.7027534418022529, "teamgold_t": 64.32916145181477, "vision_score_t": 0.6994479768238537, "wards_placed_t": 0.05068836045056321, "gold_graph_diffs_t": 12.097622027534419}