{"id": "EUN1_3524221709", "lvl": 300, "literal level": "IRON I", "time": 2042, "solokills_t": 0.010773751224289911, "kills_t": 0.03672869735553379, "kp": 0.407823613086771, "deaths_t": 0.03672869735553379, "assists_t": 0.03819784524975514, "csscore_t": 0.5954946131243879, "teamgold_t": 59.08863858961802, "vision_score_t": 0.6378066121511766, "wards_placed_t": 0.04701273261508325, "gold_graph_diffs_t": 11.62047012732615}