{"id": "EUN1_3532570025", "lvl": 1200, "literal level": "GOLD IV", "time": 2200, "solokills_t": 0.014545454545454545, "kills_t": 0.042272727272727274, "kp": 0.40837209302325583, "deaths_t": 0.042272727272727274, "assists_t": 0.04454545454545455, "csscore_t": 0.7459090909090909, "teamgold_t": 67.61318181818181, "vision_score_t": 0.7726231222301972, "wards_placed_t": 0.057727272727272724, "gold_graph_diffs_t": 15.097727272727273}