{"id": "EUN1_3556550453", "lvl": 600, "literal level": "BRONZE II", "time": 1533, "solokills_t": 0.010437051532941943, "kills_t": 0.0319634703196347, "kp": 0.39380341880341885, "deaths_t": 0.0319634703196347, "assists_t": 0.029354207436399216, "csscore_t": 0.7808219178082192, "teamgold_t": 62.504892367906066, "vision_score_t": 0.9062885934046945, "wards_placed_t": 0.06327462491846053, "gold_graph_diffs_t": 16.08219178082192}