{"id": "EUN1_3562777050", "lvl": 600, "literal level": "BRONZE II", "time": 1746, "solokills_t": 0.011454753722794959, "kills_t": 0.03951890034364261, "kp": 0.39051282051282055, "deaths_t": 0.03951890034364261, "assists_t": 0.03722794959908362, "csscore_t": 0.7325315005727376, "teamgold_t": 64.19816723940436, "vision_score_t": 0.8847489222292262, "wards_placed_t": 0.06242840778923253, "gold_graph_diffs_t": 12.54410080183276}