{"id": "EUN1_3558073280", "lvl": 300, "literal level": "IRON I", "time": 2349, "solokills_t": 0.005108556832694764, "kills_t": 0.034482758620689655, "kp": 0.4511888111888112, "deaths_t": 0.034482758620689655, "assists_t": 0.04171988080034057, "csscore_t": 0.6866751809280545, "teamgold_t": 64.43039591315453, "vision_score_t": 0.6746383800204266, "wards_placed_t": 0.05363984674329502, "gold_graph_diffs_t": 14.685823754789272}