{"id": "EUN1_3561208337", "lvl": 700, "literal level": "BRONZE I", "time": 2137, "solokills_t": 0.012166588675713618, "kills_t": 0.05240992044922789, "kp": 0.4104091653027823, "deaths_t": 0.05240992044922789, "assists_t": 0.055217594759007955, "csscore_t": 0.6396817969115582, "teamgold_t": 68.27000467945719, "vision_score_t": 0.7028466926026985, "wards_placed_t": 0.049602246139447824, "gold_graph_diffs_t": 15.051474029012635}