{"id": "EUN1_3532190767", "lvl": 900, "literal level": "SILVER III", "time": 2054, "solokills_t": 0.006329113924050633, "kills_t": 0.02872444011684518, "kp": 0.5215294117647058, "deaths_t": 0.02872444011684518, "assists_t": 0.04673807205452775, "csscore_t": 0.7517039922103214, "teamgold_t": 59.2921129503408, "vision_score_t": 0.9300344150352909, "wards_placed_t": 0.06962025316455696, "gold_graph_diffs_t": 14.366114897760468}