{"id": "EUN1_3557883211", "lvl": 300, "literal level": "IRON I", "time": 2053, "solokills_t": 0.01071602532878714, "kills_t": 0.03214807598636142, "kp": 0.41054131054131054, "deaths_t": 0.03214807598636142, "assists_t": 0.0345835362883585, "csscore_t": 0.7530443253774963, "teamgold_t": 60.64880662445202, "vision_score_t": 0.6906583597872773, "wards_placed_t": 0.04870920603994155, "gold_graph_diffs_t": 12.249391134924501}