{"id": "EUN1_3570084994", "lvl": 1100, "literal level": "SILVER I", "time": 931, "solokills_t": 0.007518796992481203, "kills_t": 0.023630504833512353, "kp": 0.4222222222222222, "deaths_t": 0.023630504833512353, "assists_t": 0.02040816326530612, "csscore_t": 0.8227712137486574, "teamgold_t": 55.40386680988185, "vision_score_t": 0.6318193594388563, "wards_placed_t": 0.05370569280343716, "gold_graph_diffs_t": 10.984962406015038}