{"id": "EUN1_3538981130", "lvl": 800, "literal level": "SILVER IV", "time": 2307, "solokills_t": 0.009102730819245773, "kills_t": 0.03684438664932813, "kp": 0.4675720620842572, "deaths_t": 0.03727785002167317, "assists_t": 0.0494148244473342, "csscore_t": 0.7490247074122237, "teamgold_t": 64.49978326831383, "vision_score_t": 0.9124168509899114, "wards_placed_t": 0.05635023840485479, "gold_graph_diffs_t": 11.23493714781101}