{"id": "EUN1_3541069133", "lvl": 700, "literal level": "BRONZE I", "time": 1145, "solokills_t": 0.005240174672489083, "kills_t": 0.02445414847161572, "kp": 0.36, "deaths_t": 0.02445414847161572, "assists_t": 0.022707423580786028, "csscore_t": 0.8279475982532751, "teamgold_t": 57.69170305676856, "vision_score_t": 0.6295347031254336, "wards_placed_t": 0.05327510917030567, "gold_graph_diffs_t": 11.429694323144105}