{"id": "EUN1_3580362143", "lvl": 600, "literal level": "BRONZE II", "time": 1824, "solokills_t": 0.007675438596491228, "kills_t": 0.03453947368421053, "kp": 0.4416666666666666, "deaths_t": 0.03453947368421053, "assists_t": 0.04276315789473684, "csscore_t": 0.7242324561403509, "teamgold_t": 61.83936403508772, "vision_score_t": 0.7698095863122626, "wards_placed_t": 0.06030701754385965, "gold_graph_diffs_t": 12.991776315789474}