{"id": "EUN1_3548434606", "lvl": 900, "literal level": "SILVER III", "time": 1796, "solokills_t": 0.018374164810690423, "kills_t": 0.0400890868596882, "kp": 0.3834803528468324, "deaths_t": 0.0400890868596882, "assists_t": 0.034521158129175944, "csscore_t": 0.717706013363029, "teamgold_t": 65.43429844097996, "vision_score_t": 0.7862099452076732, "wards_placed_t": 0.06737193763919821, "gold_graph_diffs_t": 13.120267260579064}