{"id": "EUN1_3564823305", "lvl": 500, "literal level": "BRONZE III", "time": 1413, "solokills_t": 0.021939136588818117, "kills_t": 0.052370842179759375, "kp": 0.3666666666666667, "deaths_t": 0.052370842179759375, "assists_t": 0.04600141542816702, "csscore_t": 0.6914366595895258, "teamgold_t": 67.93913658881812, "vision_score_t": 0.6604730929592251, "wards_placed_t": 0.056617126680820945, "gold_graph_diffs_t": 14.38075017692852}