{"id": "EUN1_3575101374", "lvl": 700, "literal level": "BRONZE I", "time": 1829, "solokills_t": 0.008747949699289229, "kills_t": 0.03280481137233461, "kp": 0.47612323491655956, "deaths_t": 0.03280481137233461, "assists_t": 0.04100601421541826, "csscore_t": 0.7911427009294697, "teamgold_t": 62.92454893384363, "vision_score_t": 0.9553096937958074, "wards_placed_t": 0.07435757244395845, "gold_graph_diffs_t": 13.686714051394205}