{"id": "EUN1_3574287802", "lvl": 600, "literal level": "BRONZE II", "time": 2032, "solokills_t": 0.011811023622047244, "kills_t": 0.04872047244094488, "kp": 0.4307308970099668, "deaths_t": 0.04872047244094488, "assists_t": 0.056594488188976375, "csscore_t": 0.6579724409448819, "teamgold_t": 67.6392716535433, "vision_score_t": 0.63052485163092, "wards_placed_t": 0.056594488188976375, "gold_graph_diffs_t": 13.769192913385826}