{"id": "EUN1_3529765423", "lvl": 800, "literal level": "SILVER IV", "time": 1776, "solokills_t": 0.006193693693693694, "kills_t": 0.02252252252252252, "kp": 0.425, "deaths_t": 0.02252252252252252, "assists_t": 0.02533783783783784, "csscore_t": 0.793918918918919, "teamgold_t": 56.799549549549546, "vision_score_t": 1.0441499852172043, "wards_placed_t": 0.07713963963963964, "gold_graph_diffs_t": 9.475225225225225}