{"id": "EUN1_3525291095", "lvl": 300, "literal level": "IRON I", "time": 2052, "solokills_t": 0.011208576998050682, "kills_t": 0.038011695906432746, "kp": 0.42477693891558, "deaths_t": 0.038011695906432746, "assists_t": 0.041423001949317736, "csscore_t": 0.6783625730994152, "teamgold_t": 64.17592592592592, "vision_score_t": 0.7672840905747964, "wards_placed_t": 0.06627680311890838, "gold_graph_diffs_t": 14.466374269005849}