{"id": "EUN1_3577803658", "lvl": 900, "literal level": "SILVER III", "time": 2124, "solokills_t": 0.010357815442561206, "kills_t": 0.04001883239171375, "kp": 0.44523809523809527, "deaths_t": 0.04001883239171375, "assists_t": 0.04896421845574388, "csscore_t": 0.7824858757062146, "teamgold_t": 68.5668549905838, "vision_score_t": 0.6708252322348361, "wards_placed_t": 0.04472693032015066, "gold_graph_diffs_t": 14.080037664783427}