{"id": "EUN1_3541043558", "lvl": 1300, "literal level": "GOLD III", "time": 2004, "solokills_t": 0.0029940119760479044, "kills_t": 0.027944111776447105, "kp": 0.49951219512195133, "deaths_t": 0.02844311377245509, "assists_t": 0.03792415169660679, "csscore_t": 0.8388223552894212, "teamgold_t": 65.48103792415169, "vision_score_t": 0.8984737044949389, "wards_placed_t": 0.06686626746506986, "gold_graph_diffs_t": 13.763473053892216}