{"id": "EUN1_3559903510", "lvl": 1000, "literal level": "SILVER II", "time": 2230, "solokills_t": 0.004035874439461884, "kills_t": 0.036771300448430494, "kp": 0.5363636363636364, "deaths_t": 0.036771300448430494, "assists_t": 0.06233183856502242, "csscore_t": 0.6780269058295965, "teamgold_t": 65.03452914798206, "vision_score_t": 0.9324620322901322, "wards_placed_t": 0.06636771300448431, "gold_graph_diffs_t": 16.088340807174887}