{"id": "EUN1_3576781105", "lvl": 600, "literal level": "BRONZE II", "time": 2040, "solokills_t": 0.009313725490196078, "kills_t": 0.043137254901960784, "kp": 0.43, "deaths_t": 0.043137254901960784, "assists_t": 0.049509803921568625, "csscore_t": 0.6759803921568628, "teamgold_t": 66.33431372549019, "vision_score_t": 0.7548343304079542, "wards_placed_t": 0.05196078431372549, "gold_graph_diffs_t": 13.943137254901961}