{"id": "EUN1_3571967554", "lvl": 300, "literal level": "IRON I", "time": 1097, "solokills_t": 0.014585232452142206, "kills_t": 0.027347310847766638, "kp": 0.31746031746031744, "deaths_t": 0.027347310847766638, "assists_t": 0.016408386508659983, "csscore_t": 0.7493163172288059, "teamgold_t": 55.16864175022789, "vision_score_t": 0.7108952815510994, "wards_placed_t": 0.059252506836827715, "gold_graph_diffs_t": 8.45943482224248}