{"id": "EUN1_3550214134", "lvl": 800, "literal level": "SILVER IV", "time": 1532, "solokills_t": 0.01174934725848564, "kills_t": 0.034595300261096605, "kp": 0.44183006535947716, "deaths_t": 0.03590078328981723, "assists_t": 0.037859007832898174, "csscore_t": 0.7878590078328982, "teamgold_t": 62.56462140992167, "vision_score_t": 0.8916048510987926, "wards_placed_t": 0.06005221932114883, "gold_graph_diffs_t": 15.52023498694517}