{"id": "EUN1_3551530649", "lvl": 500, "literal level": "BRONZE III", "time": 2136, "solokills_t": 0.011235955056179775, "kills_t": 0.04307116104868914, "kp": 0.4341904761904762, "deaths_t": 0.04307116104868914, "assists_t": 0.050093632958801496, "csscore_t": 0.7682584269662921, "teamgold_t": 65.62734082397004, "vision_score_t": 1.0059865441234936, "wards_placed_t": 0.08333333333333333, "gold_graph_diffs_t": 14.127340823970037}