{"id": "EUN1_3502062585", "lvl": 800, "literal level": "SILVER IV", "time": 1880, "solokills_t": 0.014893617021276596, "kills_t": 0.03723404255319149, "kp": 0.4127450980392157, "deaths_t": 0.03723404255319149, "assists_t": 0.039361702127659576, "csscore_t": 0.7425531914893617, "teamgold_t": 65.37287234042553, "vision_score_t": 0.7133911323072757, "wards_placed_t": 0.0601063829787234, "gold_graph_diffs_t": 12.152659574468085}