{"id": "EUN1_3570620364", "lvl": 500, "literal level": "BRONZE III", "time": 1818, "solokills_t": 0.012651265126512651, "kills_t": 0.0352035203520352, "kp": 0.3837301587301587, "deaths_t": 0.036303630363036306, "assists_t": 0.03135313531353135, "csscore_t": 0.6936193619361937, "teamgold_t": 61.705170517051705, "vision_score_t": 0.9425873184782745, "wards_placed_t": 0.06050605060506051, "gold_graph_diffs_t": 12.107810781078108}