{"id": "EUN1_3583761745", "lvl": 500, "literal level": "BRONZE III", "time": 1634, "solokills_t": 0.011015911872705019, "kills_t": 0.042839657282741736, "kp": 0.43467492260061913, "deaths_t": 0.042839657282741736, "assists_t": 0.05263157894736842, "csscore_t": 0.7509179926560587, "teamgold_t": 64.10097919216646, "vision_score_t": 0.6851759208497004, "wards_placed_t": 0.05813953488372093, "gold_graph_diffs_t": 12.233170134638923}