{"id": "EUN1_3582879083", "lvl": 600, "literal level": "BRONZE II", "time": 1814, "solokills_t": 0.011025358324145534, "kills_t": 0.03914002205071665, "kp": 0.4303225806451613, "deaths_t": 0.03914002205071665, "assists_t": 0.04630650496141125, "csscore_t": 0.737045203969129, "teamgold_t": 64.65545755237045, "vision_score_t": 0.6868148287087278, "wards_placed_t": 0.05237045203969129, "gold_graph_diffs_t": 12.36438809261301}