{"id": "EUN1_3564182901", "lvl": 500, "literal level": "BRONZE III", "time": 1990, "solokills_t": 0.009045226130653266, "kills_t": 0.036180904522613064, "kp": 0.4162207357859532, "deaths_t": 0.036180904522613064, "assists_t": 0.0407035175879397, "csscore_t": 0.8954773869346734, "teamgold_t": 67.7532663316583, "vision_score_t": 0.7095138876054156, "wards_placed_t": 0.05025125628140704, "gold_graph_diffs_t": 12.805527638190954}