{"id": "EUN1_3560401547", "lvl": 800, "literal level": "SILVER IV", "time": 1633, "solokills_t": 0.008573178199632579, "kills_t": 0.03735456215554195, "kp": 0.4517316017316017, "deaths_t": 0.03735456215554195, "assists_t": 0.04715248009797918, "csscore_t": 0.7317819963257808, "teamgold_t": 65.87140232700551, "vision_score_t": 0.7860960533556071, "wards_placed_t": 0.06307409675443969, "gold_graph_diffs_t": 14.33435394978567}