{"id": "EUN1_3566370714", "lvl": 1000, "literal level": "SILVER II", "time": 1109, "solokills_t": 0.015329125338142471, "kills_t": 0.032461677186654644, "kp": 0.35000000000000003, "deaths_t": 0.033363390441839495, "assists_t": 0.02164111812443643, "csscore_t": 0.7790802524797115, "teamgold_t": 60.82596934174932, "vision_score_t": 0.6991137358741433, "wards_placed_t": 0.057709648331830475, "gold_graph_diffs_t": 11.63390441839495}