{"id": "EUN1_3571034537", "lvl": 400, "literal level": "BRONZE IV", "time": 1812, "solokills_t": 0.011037527593818985, "kills_t": 0.0336644591611479, "kp": 0.42586580086580084, "deaths_t": 0.0336644591611479, "assists_t": 0.0380794701986755, "csscore_t": 0.7185430463576159, "teamgold_t": 60.530905077262695, "vision_score_t": 0.5146388564683643, "wards_placed_t": 0.0380794701986755, "gold_graph_diffs_t": 8.465783664459162}