{"id": "EUN1_3564702702", "lvl": 600, "literal level": "BRONZE II", "time": 1297, "solokills_t": 0.014649190439475714, "kills_t": 0.03932151117964534, "kp": 0.3815047021943574, "deaths_t": 0.03932151117964534, "assists_t": 0.03469545104086353, "csscore_t": 0.7016191210485736, "teamgold_t": 62.78720123361604, "vision_score_t": 0.6317346597685956, "wards_placed_t": 0.04934464148033924, "gold_graph_diffs_t": 16.369313801079414}