{"id": "EUN1_3520554364", "lvl": 400, "literal level": "BRONZE IV", "time": 1575, "solokills_t": 0.007619047619047619, "kills_t": 0.029841269841269842, "kp": 0.3936781609195402, "deaths_t": 0.030476190476190476, "assists_t": 0.029841269841269842, "csscore_t": 0.5765079365079365, "teamgold_t": 54.09460317460317, "vision_score_t": 0.6231344266098032, "wards_placed_t": 0.04253968253968254, "gold_graph_diffs_t": 13.573968253968253}