{"id": "EUN1_3560438046", "lvl": 800, "literal level": "SILVER IV", "time": 1883, "solokills_t": 0.01168348380244291, "kills_t": 0.038236856080722255, "kp": 0.48281733746130023, "deaths_t": 0.038767923526287836, "assists_t": 0.0525756771109931, "csscore_t": 0.7201274561869357, "teamgold_t": 65.59160913436007, "vision_score_t": 0.8390141319443878, "wards_placed_t": 0.05894848645778014, "gold_graph_diffs_t": 14.14073287307488}