{"id": "EUN1_3575824365", "lvl": 400, "literal level": "BRONZE IV", "time": 1355, "solokills_t": 0.012546125461254613, "kills_t": 0.03173431734317343, "kp": 0.3822660098522167, "deaths_t": 0.03173431734317343, "assists_t": 0.02952029520295203, "csscore_t": 0.777859778597786, "teamgold_t": 58.011808118081184, "vision_score_t": 0.8196032879007719, "wards_placed_t": 0.06051660516605166, "gold_graph_diffs_t": 10.361623616236162}