{"id": "EUN1_3532063267", "lvl": 1200, "literal level": "GOLD IV", "time": 2643, "solokills_t": 0.009458948164964056, "kills_t": 0.040484298146046156, "kp": 0.48543417366946773, "deaths_t": 0.040484298146046156, "assists_t": 0.057510404842981463, "csscore_t": 0.7446083995459705, "teamgold_t": 67.27393113885736, "vision_score_t": 0.8739847391476052, "wards_placed_t": 0.07150964812712826, "gold_graph_diffs_t": 10.806280741581537}