{"id": "EUN1_3575469419", "lvl": 500, "literal level": "BRONZE III", "time": 1676, "solokills_t": 0.008353221957040573, "kills_t": 0.02684964200477327, "kp": 0.3866666666666667, "deaths_t": 0.02684964200477327, "assists_t": 0.028042959427207637, "csscore_t": 0.7589498806682577, "teamgold_t": 58.24045346062052, "vision_score_t": 0.7068415029460612, "wards_placed_t": 0.05608591885441527, "gold_graph_diffs_t": 12.829952267303103}