{"id": "EUN1_3516019515", "lvl": 400, "literal level": "BRONZE IV", "time": 1887, "solokills_t": 0.012718600953895072, "kills_t": 0.03709591944886063, "kp": 0.36592956592956594, "deaths_t": 0.03709591944886063, "assists_t": 0.03073661897191309, "csscore_t": 0.6756756756756757, "teamgold_t": 60.813460519342875, "vision_score_t": 0.5490124789130972, "wards_placed_t": 0.04769475357710652, "gold_graph_diffs_t": 12.696873343932168}