{"id": "EUN1_3556961132", "lvl": 600, "literal level": "BRONZE II", "time": 2028, "solokills_t": 0.014792899408284023, "kills_t": 0.03550295857988166, "kp": 0.37857142857142856, "deaths_t": 0.03550295857988166, "assists_t": 0.03254437869822485, "csscore_t": 0.7371794871794872, "teamgold_t": 60.78698224852071, "vision_score_t": 0.6960407267627542, "wards_placed_t": 0.04980276134122288, "gold_graph_diffs_t": 10.603550295857989}