{"id": "EUN1_3559021676", "lvl": 700, "literal level": "BRONZE I", "time": 2351, "solokills_t": 0.013185878349638452, "kills_t": 0.03530412590387069, "kp": 0.4149999999999999, "deaths_t": 0.03572947681837516, "assists_t": 0.036154827732879626, "csscore_t": 0.7941301573798384, "teamgold_t": 65.0, "vision_score_t": 0.8278951291837755, "wards_placed_t": 0.06380263717566993, "gold_graph_diffs_t": 12.342407486176095}