{"id": "EUN1_3550455754", "lvl": 600, "literal level": "BRONZE II", "time": 1976, "solokills_t": 0.013663967611336033, "kills_t": 0.03896761133603239, "kp": 0.424822695035461, "deaths_t": 0.03896761133603239, "assists_t": 0.04200404858299595, "csscore_t": 0.7611336032388664, "teamgold_t": 64.53947368421052, "vision_score_t": 0.6758200945211599, "wards_placed_t": 0.05465587044534413, "gold_graph_diffs_t": 11.974696356275304}