{"id": "EUN1_3576446287", "lvl": 500, "literal level": "BRONZE III", "time": 1752, "solokills_t": 0.018835616438356163, "kills_t": 0.04452054794520548, "kp": 0.36967699406723803, "deaths_t": 0.04452054794520548, "assists_t": 0.03767123287671233, "csscore_t": 0.7602739726027398, "teamgold_t": 68.48687214611873, "vision_score_t": 0.639367047304831, "wards_placed_t": 0.04794520547945205, "gold_graph_diffs_t": 13.23230593607306}