{"id": "EUN1_3529729327", "lvl": 1200, "literal level": "GOLD IV", "time": 1990, "solokills_t": 0.008040201005025126, "kills_t": 0.035678391959798994, "kp": 0.4590425531914894, "deaths_t": 0.035678391959798994, "assists_t": 0.04673366834170854, "csscore_t": 0.7271356783919598, "teamgold_t": 63.82462311557789, "vision_score_t": 1.1780772823929277, "wards_placed_t": 0.08241206030150754, "gold_graph_diffs_t": 11.895979899497487}