{"id": "EUN1_3575873304", "lvl": 600, "literal level": "BRONZE II", "time": 1749, "solokills_t": 0.010863350485991996, "kills_t": 0.0411663807890223, "kp": 0.4258207630878438, "deaths_t": 0.04230989136649514, "assists_t": 0.04516866781017725, "csscore_t": 0.6689536878216124, "teamgold_t": 61.7958833619211, "vision_score_t": 0.5926538592607787, "wards_placed_t": 0.0411663807890223, "gold_graph_diffs_t": 13.666666666666666}