{"id": "EUN1_3574794923", "lvl": 600, "literal level": "BRONZE II", "time": 2290, "solokills_t": 0.008296943231441048, "kills_t": 0.04061135371179039, "kp": 0.4602777777777778, "deaths_t": 0.04061135371179039, "assists_t": 0.05283842794759825, "csscore_t": 0.7336244541484717, "teamgold_t": 66.9117903930131, "vision_score_t": 0.6026507703508558, "wards_placed_t": 0.043668122270742356, "gold_graph_diffs_t": 12.487336244541485}