{"id": "EUN1_3584510679", "lvl": 800, "literal level": "SILVER IV", "time": 1616, "solokills_t": 0.006188118811881188, "kills_t": 0.03217821782178218, "kp": 0.46538461538461534, "deaths_t": 0.03217821782178218, "assists_t": 0.0426980198019802, "csscore_t": 0.75, "teamgold_t": 62.17759900990099, "vision_score_t": 0.8087299492988471, "wards_placed_t": 0.058787128712871284, "gold_graph_diffs_t": 13.344678217821782}