{"id": "EUN1_3564155904", "lvl": 600, "literal level": "BRONZE II", "time": 1992, "solokills_t": 0.014056224899598393, "kills_t": 0.04317269076305221, "kp": 0.39128516271373415, "deaths_t": 0.04317269076305221, "assists_t": 0.04216867469879518, "csscore_t": 0.733433734939759, "teamgold_t": 66.08383534136546, "vision_score_t": 0.7192973542474467, "wards_placed_t": 0.051706827309236945, "gold_graph_diffs_t": 11.45230923694779}