{"id": "EUN1_3568923013", "lvl": 500, "literal level": "BRONZE III", "time": 1779, "solokills_t": 0.011804384485666104, "kills_t": 0.02866779089376054, "kp": 0.43503289473684215, "deaths_t": 0.02866779089376054, "assists_t": 0.03035413153456998, "csscore_t": 0.8234963462619449, "teamgold_t": 60.369870713884204, "vision_score_t": 0.7360889252321325, "wards_placed_t": 0.05171444631815627, "gold_graph_diffs_t": 10.689151208544127}