{"id": "EUN1_3572288080", "lvl": 400, "literal level": "BRONZE IV", "time": 1757, "solokills_t": 0.01309049516220831, "kills_t": 0.03813318155947638, "kp": 0.3948717948717949, "deaths_t": 0.03870233352305066, "assists_t": 0.03699487763232783, "csscore_t": 0.6994877632327832, "teamgold_t": 61.92145702902675, "vision_score_t": 0.8023221939176359, "wards_placed_t": 0.05805350028457598, "gold_graph_diffs_t": 13.833807626636311}