{"id": "EUN1_3562257581", "lvl": 600, "literal level": "BRONZE II", "time": 2145, "solokills_t": 0.012121212121212121, "kills_t": 0.03496503496503497, "kp": 0.3877331420373028, "deaths_t": 0.03496503496503497, "assists_t": 0.0331002331002331, "csscore_t": 0.8251748251748252, "teamgold_t": 64.62564102564103, "vision_score_t": 0.8029228158106445, "wards_placed_t": 0.06153846153846154, "gold_graph_diffs_t": 14.4988344988345}