{"id": "EUN1_3549643332", "lvl": 1000, "literal level": "SILVER II", "time": 1569, "solokills_t": 0.014659018483110261, "kills_t": 0.04652644996813257, "kp": 0.3844444444444444, "deaths_t": 0.04716379859783301, "assists_t": 0.04206500956022945, "csscore_t": 0.7635436583811345, "teamgold_t": 70.68451242829828, "vision_score_t": 0.7944372529420536, "wards_placed_t": 0.05289993626513703, "gold_graph_diffs_t": 12.192479286169535}