{"id": "EUN1_3572195229", "lvl": 700, "literal level": "BRONZE I", "time": 1801, "solokills_t": 0.011660188784008884, "kills_t": 0.038312048861743477, "kp": 0.46427272727272734, "deaths_t": 0.038312048861743477, "assists_t": 0.05274847307051638, "csscore_t": 0.6829539144919489, "teamgold_t": 61.66962798445308, "vision_score_t": 0.7041833750977909, "wards_placed_t": 0.04775124930594114, "gold_graph_diffs_t": 13.396446418656302}