{"id": "EUN1_3509982028", "lvl": 500, "literal level": "BRONZE III", "time": 1976, "solokills_t": 0.016700404858299597, "kills_t": 0.03744939271255061, "kp": 0.3903726708074534, "deaths_t": 0.03744939271255061, "assists_t": 0.038461538461538464, "csscore_t": 0.6928137651821862, "teamgold_t": 60.328947368421055, "vision_score_t": 0.7772646123508514, "wards_placed_t": 0.053643724696356275, "gold_graph_diffs_t": 13.57591093117409}