{"id": "EUN1_3567346519", "lvl": 900, "literal level": "SILVER III", "time": 1972, "solokills_t": 0.010649087221095335, "kills_t": 0.03498985801217039, "kp": 0.39928443649373885, "deaths_t": 0.03498985801217039, "assists_t": 0.035496957403651115, "csscore_t": 0.7986815415821501, "teamgold_t": 62.25608519269777, "vision_score_t": 1.0952941984685727, "wards_placed_t": 0.07809330628803246, "gold_graph_diffs_t": 8.699290060851927}