{"id": "EUN1_3579604442", "lvl": 400, "literal level": "BRONZE IV", "time": 1931, "solokills_t": 0.01294665976178146, "kills_t": 0.03521491455204557, "kp": 0.40915750915750915, "deaths_t": 0.03521491455204557, "assists_t": 0.03625064733298809, "csscore_t": 0.7892283790781979, "teamgold_t": 61.960124287933716, "vision_score_t": 0.6088376812945773, "wards_placed_t": 0.05282237182806836, "gold_graph_diffs_t": 10.644743656136717}