{"id": "EUN1_3547269794", "lvl": 800, "literal level": "SILVER IV", "time": 2278, "solokills_t": 0.014925373134328358, "kills_t": 0.050921861281826165, "kp": 0.44249775381850853, "deaths_t": 0.050921861281826165, "assists_t": 0.061018437225636525, "csscore_t": 0.6870061457418788, "teamgold_t": 70.51141352063213, "vision_score_t": 0.8474723823202852, "wards_placed_t": 0.05926251097453907, "gold_graph_diffs_t": 13.662423178226515}