{"id": "EUN1_3567044456", "lvl": 800, "literal level": "SILVER IV", "time": 1064, "solokills_t": 0.005639097744360902, "kills_t": 0.02631578947368421, "kp": 0.3939393939393939, "deaths_t": 0.02631578947368421, "assists_t": 0.03007518796992481, "csscore_t": 0.7979323308270677, "teamgold_t": 59.89661654135338, "vision_score_t": 0.6513462127492969, "wards_placed_t": 0.05075187969924812, "gold_graph_diffs_t": 14.107142857142858}