{"id": "EUN1_3571151243", "lvl": 600, "literal level": "BRONZE II", "time": 2127, "solokills_t": 0.012693935119887164, "kills_t": 0.04560413728255759, "kp": 0.4352941176470588, "deaths_t": 0.04560413728255759, "assists_t": 0.05124588622472966, "csscore_t": 0.6262341325811002, "teamgold_t": 65.47343676539727, "vision_score_t": 0.8695391977748702, "wards_placed_t": 0.059708509637987774, "gold_graph_diffs_t": 12.166431593794076}