{"id": "EUN1_3565130096", "lvl": 600, "literal level": "BRONZE II", "time": 1995, "solokills_t": 0.018546365914786967, "kills_t": 0.061654135338345864, "kp": 0.39969863013698625, "deaths_t": 0.061654135338345864, "assists_t": 0.06315789473684211, "csscore_t": 0.6807017543859649, "teamgold_t": 76.3483709273183, "vision_score_t": 0.7656268945314568, "wards_placed_t": 0.05263157894736842, "gold_graph_diffs_t": 14.792481203007519}