{"id": "EUN1_3565891944", "lvl": 500, "literal level": "BRONZE III", "time": 1406, "solokills_t": 0.014935988620199146, "kills_t": 0.04338549075391181, "kp": 0.43207317073170726, "deaths_t": 0.04338549075391181, "assists_t": 0.050497866287339974, "csscore_t": 0.6728307254623044, "teamgold_t": 65.28378378378379, "vision_score_t": 0.4699186744167198, "wards_placed_t": 0.041251778093883355, "gold_graph_diffs_t": 19.160028449502132}