{"id": "EUN1_3562529402", "lvl": 900, "literal level": "SILVER III", "time": 2073, "solokills_t": 0.008683068017366137, "kills_t": 0.032320308731307285, "kp": 0.5021739130434782, "deaths_t": 0.032320308731307285, "assists_t": 0.04872165943077665, "csscore_t": 0.7506029908345393, "teamgold_t": 61.23637240713941, "vision_score_t": 0.8623100295576187, "wards_placed_t": 0.05981669078630005, "gold_graph_diffs_t": 14.427882296189098}