{"id": "EUN1_3566537422", "lvl": 600, "literal level": "BRONZE II", "time": 2588, "solokills_t": 0.0034775888717156105, "kills_t": 0.03245749613601236, "kp": 0.568257619321449, "deaths_t": 0.03245749613601236, "assists_t": 0.05873261205564142, "csscore_t": 0.7774343122102009, "teamgold_t": 64.49381761978361, "vision_score_t": 0.8201738435286863, "wards_placed_t": 0.06491499227202473, "gold_graph_diffs_t": 13.088098918083462}