{"id": "EUN1_3544009841", "lvl": 1000, "literal level": "SILVER II", "time": 1900, "solokills_t": 0.013157894736842105, "kills_t": 0.05105263157894737, "kp": 0.45714900947459086, "deaths_t": 0.05105263157894737, "assists_t": 0.06473684210526316, "csscore_t": 0.618421052631579, "teamgold_t": 68.36894736842105, "vision_score_t": 0.7052452840517601, "wards_placed_t": 0.05842105263157895, "gold_graph_diffs_t": 12.467894736842105}