{"id": "EUN1_3575412622", "lvl": 600, "literal level": "BRONZE II", "time": 2026, "solokills_t": 0.011352418558736426, "kills_t": 0.04146100691016782, "kp": 0.41800356506238867, "deaths_t": 0.04146100691016782, "assists_t": 0.04491609081934847, "csscore_t": 0.7048371174728529, "teamgold_t": 65.53010858835142, "vision_score_t": 0.8251288142963539, "wards_placed_t": 0.06564659427443238, "gold_graph_diffs_t": 14.495557749259625}