{"id": "EUN1_3570274152", "lvl": 700, "literal level": "BRONZE I", "time": 921, "solokills_t": 0.009771986970684038, "kills_t": 0.038002171552660155, "kp": 0.4428571428571428, "deaths_t": 0.038002171552660155, "assists_t": 0.04125950054288816, "csscore_t": 0.6959826275787188, "teamgold_t": 61.88490770901194, "vision_score_t": 0.5015010085136333, "wards_placed_t": 0.04560260586319218, "gold_graph_diffs_t": 14.386536373507058}