{"id": "EUN1_3569126637", "lvl": 400, "literal level": "BRONZE IV", "time": 963, "solokills_t": 0.007268951194184839, "kills_t": 0.021806853582554516, "kp": 0.4294117647058823, "deaths_t": 0.021806853582554516, "assists_t": 0.02699896157840083, "csscore_t": 0.6957424714434061, "teamgold_t": 55.387331256490135, "vision_score_t": 0.49294902465295787, "wards_placed_t": 0.0446521287642783, "gold_graph_diffs_t": 8.893042575285566}