{"id": "EUN1_3561836205", "lvl": 800, "literal level": "SILVER IV", "time": 1888, "solokills_t": 0.015889830508474576, "kills_t": 0.03760593220338983, "kp": 0.38123809523809526, "deaths_t": 0.03760593220338983, "assists_t": 0.03336864406779661, "csscore_t": 0.7632415254237288, "teamgold_t": 62.00264830508475, "vision_score_t": 0.9218506313122321, "wards_placed_t": 0.06779661016949153, "gold_graph_diffs_t": 12.814088983050848}