{"id": "EUN1_3532617315", "lvl": 700, "literal level": "BRONZE I", "time": 1893, "solokills_t": 0.010565240359218173, "kills_t": 0.04384574749075541, "kp": 0.44931761786600494, "deaths_t": 0.04384574749075541, "assists_t": 0.05810882197569995, "csscore_t": 0.6661384046487058, "teamgold_t": 64.19756999471738, "vision_score_t": 0.824138893209474, "wards_placed_t": 0.06233491811938722, "gold_graph_diffs_t": 12.23877443211833}