{"id": "EUN1_3580097770", "lvl": 500, "literal level": "BRONZE III", "time": 935, "solokills_t": 0.012834224598930482, "kills_t": 0.03208556149732621, "kp": 0.34800000000000003, "deaths_t": 0.03208556149732621, "assists_t": 0.022459893048128343, "csscore_t": 0.8010695187165775, "teamgold_t": 61.19893048128342, "vision_score_t": 0.6549000837504819, "wards_placed_t": 0.053475935828877004, "gold_graph_diffs_t": 14.416042780748663}