{"id": "EUN1_3570962439", "lvl": 400, "literal level": "BRONZE IV", "time": 1549, "solokills_t": 0.012265978050355068, "kills_t": 0.03744351194318916, "kp": 0.3941176470588235, "deaths_t": 0.03744351194318916, "assists_t": 0.036797934151065206, "csscore_t": 0.6630083925112976, "teamgold_t": 59.07101355713363, "vision_score_t": 0.7334999485537372, "wards_placed_t": 0.05358295674628793, "gold_graph_diffs_t": 11.06714009038089}