{"id": "EUN1_3564265373", "lvl": 600, "literal level": "BRONZE II", "time": 2006, "solokills_t": 0.007477567298105683, "kills_t": 0.027417746759720838, "kp": 0.45500000000000007, "deaths_t": 0.027417746759720838, "assists_t": 0.03090727816550349, "csscore_t": 0.748753738783649, "teamgold_t": 57.98803589232303, "vision_score_t": 0.7960320632882437, "wards_placed_t": 0.06031904287138584, "gold_graph_diffs_t": 10.48753738783649}