{"id": "EUN1_3559521457", "lvl": 700, "literal level": "BRONZE I", "time": 2523, "solokills_t": 0.011494252873563218, "kills_t": 0.03408640507332541, "kp": 0.4162790697674418, "deaths_t": 0.03408640507332541, "assists_t": 0.036860879904875146, "csscore_t": 0.7606024573919936, "teamgold_t": 67.69758224336108, "vision_score_t": 0.8089617676603801, "wards_placed_t": 0.05866032500990884, "gold_graph_diffs_t": 16.42053111375347}