{"id": "EUN1_3540822685", "lvl": 400, "literal level": "BRONZE IV", "time": 2340, "solokills_t": 0.011965811965811967, "kills_t": 0.03418803418803419, "kp": 0.4045132172791748, "deaths_t": 0.03418803418803419, "assists_t": 0.03418803418803419, "csscore_t": 0.747008547008547, "teamgold_t": 61.76025641025641, "vision_score_t": 0.6839156864171597, "wards_placed_t": 0.05213675213675214, "gold_graph_diffs_t": 10.055128205128206}