{"id": "EUN1_3584501773", "lvl": 400, "literal level": "BRONZE IV", "time": 2887, "solokills_t": 0.005542085209560097, "kills_t": 0.03186698995497056, "kp": 0.5387468671679198, "deaths_t": 0.03186698995497056, "assists_t": 0.05403533079321095, "csscore_t": 0.6906823692414271, "teamgold_t": 58.728091444405955, "vision_score_t": 0.7320420506426855, "wards_placed_t": 0.0516106685140284, "gold_graph_diffs_t": 11.20263249047454}