{"id": "EUN1_3562654651", "lvl": 800, "literal level": "SILVER IV", "time": 1474, "solokills_t": 0.008141112618724558, "kills_t": 0.03188602442333786, "kp": 0.46764705882352936, "deaths_t": 0.03188602442333786, "assists_t": 0.044097693351424695, "csscore_t": 0.6580732700135685, "teamgold_t": 61.54341926729987, "vision_score_t": 0.5337618851870047, "wards_placed_t": 0.035278154681139755, "gold_graph_diffs_t": 13.575983717774763}