{"id": "EUN1_3567161728", "lvl": 700, "literal level": "BRONZE I", "time": 1319, "solokills_t": 0.015163002274450341, "kills_t": 0.034874905231235785, "kp": 0.3494172494172494, "deaths_t": 0.034874905231235785, "assists_t": 0.028051554207733132, "csscore_t": 0.755117513267627, "teamgold_t": 63.19711902956785, "vision_score_t": 0.4555767172891384, "wards_placed_t": 0.04700530705079606, "gold_graph_diffs_t": 16.119029567854437}