{"id": "EUN1_3533073686", "lvl": 700, "literal level": "BRONZE I", "time": 1738, "solokills_t": 0.010356731875719217, "kills_t": 0.04372842347525892, "kp": 0.44326990838618735, "deaths_t": 0.04372842347525892, "assists_t": 0.05408515535097814, "csscore_t": 0.7209436133486766, "teamgold_t": 68.96892980437285, "vision_score_t": 0.7036208513865969, "wards_placed_t": 0.06271576524741082, "gold_graph_diffs_t": 13.92174913693901}