{"id": "EUN1_3547193736", "lvl": 800, "literal level": "SILVER IV", "time": 1786, "solokills_t": 0.005599104143337066, "kills_t": 0.02463605823068309, "kp": 0.40625, "deaths_t": 0.025195968645016796, "assists_t": 0.02295632698768197, "csscore_t": 0.8001119820828667, "teamgold_t": 58.825867861142214, "vision_score_t": 0.8456019001824953, "wards_placed_t": 0.060470324748040316, "gold_graph_diffs_t": 11.230123180291153}