{"id": "EUN1_3553003431", "lvl": 800, "literal level": "SILVER IV", "time": 1962, "solokills_t": 0.01580020387359837, "kills_t": 0.04892966360856269, "kp": 0.43566433566433566, "deaths_t": 0.04892966360856269, "assists_t": 0.0581039755351682, "csscore_t": 0.6376146788990825, "teamgold_t": 66.58715596330275, "vision_score_t": 0.7546238979027894, "wards_placed_t": 0.060652395514780834, "gold_graph_diffs_t": 15.215086646279307}