{"id": "EUN1_3538370499", "lvl": 1200, "literal level": "GOLD IV", "time": 1857, "solokills_t": 0.01615508885298869, "kills_t": 0.04092622509423802, "kp": 0.3730555555555556, "deaths_t": 0.04092622509423802, "assists_t": 0.035541195476575124, "csscore_t": 0.8034464189553042, "teamgold_t": 69.13624124932687, "vision_score_t": 0.995115570067368, "wards_placed_t": 0.07377490576198169, "gold_graph_diffs_t": 11.483037156704363}