{"id": "EUN1_3552529579", "lvl": 400, "literal level": "BRONZE IV", "time": 2314, "solokills_t": 0.006914433880726016, "kills_t": 0.028089887640449437, "kp": 0.4649068322981367, "deaths_t": 0.028089887640449437, "assists_t": 0.036300777873811585, "csscore_t": 0.7411408815903198, "teamgold_t": 56.45764909248055, "vision_score_t": 0.7095269863594833, "wards_placed_t": 0.045375972342264474, "gold_graph_diffs_t": 7.313310285220398}