{"id": "EUN1_3566242776", "lvl": 600, "literal level": "BRONZE II", "time": 1180, "solokills_t": 0.011016949152542373, "kills_t": 0.03983050847457627, "kp": 0.4195833333333333, "deaths_t": 0.03983050847457627, "assists_t": 0.043220338983050846, "csscore_t": 0.714406779661017, "teamgold_t": 66.44406779661017, "vision_score_t": 0.6555419318919978, "wards_placed_t": 0.051694915254237285, "gold_graph_diffs_t": 16.759322033898304}