{"id": "EUN1_3559352646", "lvl": 900, "literal level": "SILVER III", "time": 2181, "solokills_t": 0.008253094910591471, "kills_t": 0.04264099037138927, "kp": 0.44856215213358064, "deaths_t": 0.04309949564419991, "assists_t": 0.05318661164603393, "csscore_t": 0.7326914259513985, "teamgold_t": 68.3273727647868, "vision_score_t": 0.9507163138367956, "wards_placed_t": 0.06923429619440624, "gold_graph_diffs_t": 15.07198532783127}