{"id": "EUN1_3547593955", "lvl": 800, "literal level": "SILVER IV", "time": 1570, "solokills_t": 0.012101910828025478, "kills_t": 0.031210191082802548, "kp": 0.3681034482758621, "deaths_t": 0.031210191082802548, "assists_t": 0.0267515923566879, "csscore_t": 0.8312101910828026, "teamgold_t": 64.9312101910828, "vision_score_t": 0.9016125161204858, "wards_placed_t": 0.06560509554140127, "gold_graph_diffs_t": 14.445859872611464}