{"id": "EUN1_3500343674", "lvl": 900, "literal level": "SILVER III", "time": 2140, "solokills_t": 0.010280373831775701, "kills_t": 0.04439252336448598, "kp": 0.4281305903398926, "deaths_t": 0.04439252336448598, "assists_t": 0.05093457943925234, "csscore_t": 0.7401869158878505, "teamgold_t": 65.93084112149533, "vision_score_t": 0.7034171291064514, "wards_placed_t": 0.053738317757009345, "gold_graph_diffs_t": 11.809345794392524}