{"id": "EUN1_3584018494", "lvl": 500, "literal level": "BRONZE III", "time": 1757, "solokills_t": 0.013659647125782584, "kills_t": 0.040978941377347755, "kp": 0.3973684210526316, "deaths_t": 0.040978941377347755, "assists_t": 0.040409789413773475, "csscore_t": 0.8093340922026181, "teamgold_t": 69.58679567444507, "vision_score_t": 0.6167309036966427, "wards_placed_t": 0.04610130904951622, "gold_graph_diffs_t": 13.674445076835514}