{"id": "EUN1_3569812625", "lvl": 900, "literal level": "SILVER III", "time": 1149, "solokills_t": 0.009573542210617928, "kills_t": 0.025239338555265448, "kp": 0.305, "deaths_t": 0.02610966057441253, "assists_t": 0.018276762402088774, "csscore_t": 0.7893820713664056, "teamgold_t": 56.32375979112272, "vision_score_t": 0.6330199784176298, "wards_placed_t": 0.050478677110530897, "gold_graph_diffs_t": 11.73716275021758}