{"id": "EUN1_3553062832", "lvl": 900, "literal level": "SILVER III", "time": 1422, "solokills_t": 0.012658227848101266, "kills_t": 0.03727144866385373, "kp": 0.3795665634674922, "deaths_t": 0.03727144866385373, "assists_t": 0.035161744022503515, "csscore_t": 0.7362869198312236, "teamgold_t": 61.55836849507735, "vision_score_t": 0.7137436678418606, "wards_placed_t": 0.053445850914205346, "gold_graph_diffs_t": 13.375527426160337}