{"id": "EUN1_3578998380", "lvl": 600, "literal level": "BRONZE II", "time": 1364, "solokills_t": 0.008797653958944282, "kills_t": 0.024926686217008796, "kp": 0.40133333333333326, "deaths_t": 0.024926686217008796, "assists_t": 0.02126099706744868, "csscore_t": 0.7859237536656891, "teamgold_t": 59.26979472140763, "vision_score_t": 0.7487431630788862, "wards_placed_t": 0.06085043988269795, "gold_graph_diffs_t": 12.168621700879765}