{"id": "EUN1_3562900677", "lvl": 600, "literal level": "BRONZE II", "time": 1660, "solokills_t": 0.00963855421686747, "kills_t": 0.043373493975903614, "kp": 0.44791666666666663, "deaths_t": 0.043373493975903614, "assists_t": 0.05060240963855422, "csscore_t": 0.8289156626506025, "teamgold_t": 68.4632530120482, "vision_score_t": 0.7258691376422789, "wards_placed_t": 0.05, "gold_graph_diffs_t": 12.517469879518073}