{"id": "EUN1_3560885182", "lvl": 300, "literal level": "IRON I", "time": 1831, "solokills_t": 0.012015292190060076, "kills_t": 0.04533042053522665, "kp": 0.42346813725490196, "deaths_t": 0.045876570180229385, "assists_t": 0.05024576734025123, "csscore_t": 0.71600218459858, "teamgold_t": 68.15456034953577, "vision_score_t": 0.6775278492723268, "wards_placed_t": 0.05570726379027854, "gold_graph_diffs_t": 16.11414527580557}