{"id": "EUN1_3563716603", "lvl": 800, "literal level": "SILVER IV", "time": 1573, "solokills_t": 0.008900190718372537, "kills_t": 0.03560076287349015, "kp": 0.43939393939393934, "deaths_t": 0.03560076287349015, "assists_t": 0.04322949777495232, "csscore_t": 0.6961220597584233, "teamgold_t": 61.8213604577241, "vision_score_t": 0.7674280976978209, "wards_placed_t": 0.05530832803560076, "gold_graph_diffs_t": 14.271455816910363}