{"id": "EUN1_3541610024", "lvl": 600, "literal level": "BRONZE II", "time": 1588, "solokills_t": 0.018261964735516372, "kills_t": 0.04534005037783375, "kp": 0.37745454545454543, "deaths_t": 0.04534005037783375, "assists_t": 0.03904282115869018, "csscore_t": 0.7273299748110831, "teamgold_t": 67.39672544080605, "vision_score_t": 0.6414384898617992, "wards_placed_t": 0.045969773299748114, "gold_graph_diffs_t": 12.163727959697733}