{"id": "EUN1_3560112450", "lvl": 600, "literal level": "BRONZE II", "time": 1287, "solokills_t": 0.009324009324009324, "kills_t": 0.031857031857031856, "kp": 0.40393939393939393, "deaths_t": 0.031857031857031856, "assists_t": 0.028749028749028748, "csscore_t": 0.790986790986791, "teamgold_t": 62.71561771561772, "vision_score_t": 0.7002532060580227, "wards_placed_t": 0.05982905982905983, "gold_graph_diffs_t": 13.675990675990676}