{"id": "EUN1_3583361162", "lvl": 800, "literal level": "SILVER IV", "time": 1273, "solokills_t": 0.010997643362136685, "kills_t": 0.05341712490180676, "kp": 0.45183150183150184, "deaths_t": 0.05341712490180676, "assists_t": 0.07148468185388845, "csscore_t": 0.6370777690494894, "teamgold_t": 69.13432835820896, "vision_score_t": 0.7274740449125143, "wards_placed_t": 0.05813040062843677, "gold_graph_diffs_t": 13.413982717989002}