{"id": "EUN1_3578113653", "lvl": 1000, "literal level": "SILVER II", "time": 1777, "solokills_t": 0.015194147439504783, "kills_t": 0.04445694991558807, "kp": 0.4130984042553191, "deaths_t": 0.04445694991558807, "assists_t": 0.04501969611705121, "csscore_t": 0.6899268429938098, "teamgold_t": 65.2335396736072, "vision_score_t": 0.7753175267351443, "wards_placed_t": 0.05908835115362971, "gold_graph_diffs_t": 12.724817107484524}