{"id": "EUN1_3568350415", "lvl": 900, "literal level": "SILVER III", "time": 1725, "solokills_t": 0.008115942028985508, "kills_t": 0.02318840579710145, "kp": 0.4111111111111111, "deaths_t": 0.02318840579710145, "assists_t": 0.02434782608695652, "csscore_t": 0.7797101449275362, "teamgold_t": 57.84695652173913, "vision_score_t": 1.0053764899893944, "wards_placed_t": 0.07072463768115941, "gold_graph_diffs_t": 10.649275362318841}