{"id": "EUN1_3570591999", "lvl": 600, "literal level": "BRONZE II", "time": 2178, "solokills_t": 0.009182736455463728, "kills_t": 0.046372819100091826, "kp": 0.48909803921568623, "deaths_t": 0.046372819100091826, "assists_t": 0.06703397612488522, "csscore_t": 0.7277318640955005, "teamgold_t": 68.16574839302112, "vision_score_t": 0.704068146207651, "wards_placed_t": 0.04224058769513315, "gold_graph_diffs_t": 12.557851239669422}