{"id": "EUN1_3552787183", "lvl": 1100, "literal level": "SILVER I", "time": 1862, "solokills_t": 0.011278195488721804, "kills_t": 0.03759398496240601, "kp": 0.39869281045751637, "deaths_t": 0.03759398496240601, "assists_t": 0.03705692803437164, "csscore_t": 0.8356605800214822, "teamgold_t": 66.92158968850698, "vision_score_t": 0.8529456191898293, "wards_placed_t": 0.0644468313641246, "gold_graph_diffs_t": 13.240601503759398}