{"id": "EUN1_3570657636", "lvl": 700, "literal level": "BRONZE I", "time": 1511, "solokills_t": 0.007941760423560556, "kills_t": 0.03772336201191264, "kp": 0.4447368421052631, "deaths_t": 0.03772336201191264, "assists_t": 0.04632693580410324, "csscore_t": 0.728656518861681, "teamgold_t": 63.65585704831238, "vision_score_t": 0.5972619651277185, "wards_placed_t": 0.048312375909993384, "gold_graph_diffs_t": 16.358702845797485}