{"id": "EUN1_3541388883", "lvl": 600, "literal level": "BRONZE II", "time": 2577, "solokills_t": 0.007372914241365929, "kills_t": 0.0403570042685293, "kp": 0.49500571864277554, "deaths_t": 0.04074505238649592, "assists_t": 0.05975941016686069, "csscore_t": 0.7175009701202949, "teamgold_t": 68.01590997283664, "vision_score_t": 0.6402740319250049, "wards_placed_t": 0.05083430345362825, "gold_graph_diffs_t": 13.94373302289484}