{"id": "EUN1_3567104562", "lvl": 600, "literal level": "BRONZE II", "time": 2224, "solokills_t": 0.007194244604316547, "kills_t": 0.03642086330935252, "kp": 0.4736486486486487, "deaths_t": 0.0368705035971223, "assists_t": 0.04946043165467626, "csscore_t": 0.8066546762589928, "teamgold_t": 65.40422661870504, "vision_score_t": 1.0066852511920141, "wards_placed_t": 0.06924460431654676, "gold_graph_diffs_t": 12.33408273381295}