{"id": "EUN1_3553362109", "lvl": 600, "literal level": "BRONZE II", "time": 1421, "solokills_t": 0.009852216748768473, "kills_t": 0.03729767769176636, "kp": 0.4336182336182336, "deaths_t": 0.03729767769176636, "assists_t": 0.043631245601688955, "csscore_t": 0.7586206896551724, "teamgold_t": 66.42646023926812, "vision_score_t": 0.5132954648172257, "wards_placed_t": 0.03518648838845883, "gold_graph_diffs_t": 12.916256157635468}