{"id": "EUN1_3525175334", "lvl": 400, "literal level": "BRONZE IV", "time": 1798, "solokills_t": 0.013904338153503892, "kills_t": 0.0439377085650723, "kp": 0.41219696969696973, "deaths_t": 0.04449388209121246, "assists_t": 0.04838709677419355, "csscore_t": 0.5989988876529477, "teamgold_t": 61.82814238042269, "vision_score_t": 0.807323601303399, "wards_placed_t": 0.05784204671857619, "gold_graph_diffs_t": 14.662402669632925}