{"id": "EUN1_3541162382", "lvl": 900, "literal level": "SILVER III", "time": 1681, "solokills_t": 0.009518143961927425, "kills_t": 0.0362879238548483, "kp": 0.4641111111111112, "deaths_t": 0.0362879238548483, "assists_t": 0.04818560380725759, "csscore_t": 0.7679952409280191, "teamgold_t": 63.94289113622843, "vision_score_t": 0.804726716614956, "wards_placed_t": 0.05591909577632362, "gold_graph_diffs_t": 13.018441403926234}