{"id": "EUN1_3548319028", "lvl": 600, "literal level": "BRONZE II", "time": 1337, "solokills_t": 0.014210919970082274, "kills_t": 0.037397157816005985, "kp": 0.372972972972973, "deaths_t": 0.03889304412864622, "assists_t": 0.029917726252804786, "csscore_t": 0.868362004487659, "teamgold_t": 66.98803290949888, "vision_score_t": 0.5563395903684308, "wards_placed_t": 0.04338070306656694, "gold_graph_diffs_t": 12.367240089753178}