{"id": "EUN1_3578304617", "lvl": 400, "literal level": "BRONZE IV", "time": 2150, "solokills_t": 0.017209302325581394, "kills_t": 0.03395348837209302, "kp": 0.346078431372549, "deaths_t": 0.03395348837209302, "assists_t": 0.024651162790697675, "csscore_t": 0.838139534883721, "teamgold_t": 64.60697674418604, "vision_score_t": 0.6755353374748, "wards_placed_t": 0.05023255813953489, "gold_graph_diffs_t": 12.14}