{"id": "EUN1_3542671500", "lvl": 300, "literal level": "IRON I", "time": 2592, "solokills_t": 0.0038580246913580245, "kills_t": 0.030864197530864196, "kp": 0.5038148843026892, "deaths_t": 0.030864197530864196, "assists_t": 0.0470679012345679, "csscore_t": 0.6983024691358025, "teamgold_t": 60.45216049382716, "vision_score_t": 0.7303708469247093, "wards_placed_t": 0.062114197530864196, "gold_graph_diffs_t": 11.344135802469136}