{"id": "EUN1_3561381415", "lvl": 1000, "literal level": "SILVER II", "time": 2353, "solokills_t": 0.010199745006374841, "kills_t": 0.04122396940076498, "kp": 0.46471900089206064, "deaths_t": 0.04122396940076498, "assists_t": 0.05439864003399915, "csscore_t": 0.6914577135571611, "teamgold_t": 65.71270718232044, "vision_score_t": 0.8311068208037244, "wards_placed_t": 0.06077348066298342, "gold_graph_diffs_t": 11.196770080747982}