{"id": "EUN1_3563446050", "lvl": 1100, "literal level": "SILVER I", "time": 1352, "solokills_t": 0.013313609467455622, "kills_t": 0.03328402366863906, "kp": 0.384375, "deaths_t": 0.03328402366863906, "assists_t": 0.029585798816568046, "csscore_t": 0.7004437869822485, "teamgold_t": 59.271449704142015, "vision_score_t": 0.6908543165466827, "wards_placed_t": 0.05621301775147929, "gold_graph_diffs_t": 11.76405325443787}