{"id": "EUN1_3574493919", "lvl": 800, "literal level": "SILVER IV", "time": 2346, "solokills_t": 0.008098891730605285, "kills_t": 0.046462063086104004, "kp": 0.5592592592592592, "deaths_t": 0.046462063086104004, "assists_t": 0.08354646206308611, "csscore_t": 0.6807331628303496, "teamgold_t": 70.00085251491902, "vision_score_t": 0.8621627644674901, "wards_placed_t": 0.06521739130434782, "gold_graph_diffs_t": 14.068201193520887}