{"id": "EUN1_3590907753", "lvl": 400, "literal level": "BRONZE IV", "time": 2319, "solokills_t": 0.01121172919361794, "kills_t": 0.03880983182406209, "kp": 0.44082137555665507, "deaths_t": 0.03880983182406209, "assists_t": 0.047003018542475204, "csscore_t": 0.6308753773178094, "teamgold_t": 62.032772746873654, "vision_score_t": 0.9563938367336664, "wards_placed_t": 0.06770159551530833, "gold_graph_diffs_t": 13.055627425614489}