{"id": "EUN1_3562760819", "lvl": 900, "literal level": "SILVER III", "time": 2009, "solokills_t": 0.014932802389248382, "kills_t": 0.04479840716774515, "kp": 0.3873303167420815, "deaths_t": 0.04479840716774515, "assists_t": 0.04081632653061224, "csscore_t": 0.7839721254355401, "teamgold_t": 69.42906918865107, "vision_score_t": 0.8713689001230864, "wards_placed_t": 0.06869089099054256, "gold_graph_diffs_t": 13.204081632653061}