{"id": "EUN1_3524869826", "lvl": 300, "literal level": "IRON I", "time": 1570, "solokills_t": 0.01464968152866242, "kills_t": 0.041401273885350316, "kp": 0.3962049335863378, "deaths_t": 0.041401273885350316, "assists_t": 0.04076433121019108, "csscore_t": 0.6197452229299363, "teamgold_t": 62.80191082802548, "vision_score_t": 0.6362822936512745, "wards_placed_t": 0.054140127388535034, "gold_graph_diffs_t": 11.642675159235669}