{"id": "EUN1_3571467594", "lvl": 3200, "literal level": "MASTER 0 lp", "time": 1199, "solokills_t": 0.010008340283569641, "kills_t": 0.03753127606338615, "kp": 0.3891826923076923, "deaths_t": 0.03753127606338615, "assists_t": 0.03586321934945788, "csscore_t": 0.9432860717264387, "teamgold_t": 67.86238532110092, "vision_score_t": 1.063971829007814, "wards_placed_t": 0.07339449541284404, "gold_graph_diffs_t": 11.738949124270226}