{"id": "EUN1_3580145312", "lvl": 3400, "literal level": "MASTER 200 lp", "time": 1875, "solokills_t": 0.009066666666666667, "kills_t": 0.04, "kp": 0.4435897435897436, "deaths_t": 0.04, "assists_t": 0.04906666666666667, "csscore_t": 0.8384, "teamgold_t": 68.6832, "vision_score_t": 1.3545735541201231, "wards_placed_t": 0.09813333333333334, "gold_graph_diffs_t": 10.3184}