{"id": "EUN1_3580077399", "lvl": 3300, "literal level": "MASTER 100 lp", "time": 1564, "solokills_t": 0.008312020460358057, "kills_t": 0.03260869565217391, "kp": 0.48717105263157895, "deaths_t": 0.03260869565217391, "assists_t": 0.04475703324808184, "csscore_t": 0.9667519181585678, "teamgold_t": 67.3957800511509, "vision_score_t": 0.9896983620659701, "wards_placed_t": 0.06649616368286446, "gold_graph_diffs_t": 12.519820971867007}