{"id": "EUN1_3568126672", "lvl": 2600, "literal level": "DIAMOND II", "time": 1748, "solokills_t": 0.004576659038901602, "kills_t": 0.02402745995423341, "kp": 0.4963636363636363, "deaths_t": 0.02402745995423341, "assists_t": 0.03546910755148741, "csscore_t": 0.9364988558352403, "teamgold_t": 62.026887871853546, "vision_score_t": 1.0277150993897421, "wards_placed_t": 0.059496567505720827, "gold_graph_diffs_t": 14.168764302059497}