{"id": "EUN1_3575596254", "lvl": 3700, "literal level": "MASTER 100 lp", "time": 1576, "solokills_t": 0.011421319796954314, "kills_t": 0.037436548223350255, "kp": 0.4744755244755245, "deaths_t": 0.037436548223350255, "assists_t": 0.05012690355329949, "csscore_t": 0.8572335025380711, "teamgold_t": 68.30710659898477, "vision_score_t": 0.926290158466011, "wards_placed_t": 0.06789340101522842, "gold_graph_diffs_t": 16.243654822335024}