{"id": "EUN1_3544200083", "lvl": 2600, "literal level": "DIAMOND II", "time": 1812, "solokills_t": 0.010485651214128035, "kills_t": 0.039183222958057394, "kp": 0.5001642036124794, "deaths_t": 0.039183222958057394, "assists_t": 0.057947019867549666, "csscore_t": 0.7985651214128036, "teamgold_t": 69.01545253863135, "vision_score_t": 1.0682539785988399, "wards_placed_t": 0.0717439293598234, "gold_graph_diffs_t": 12.044150110375275}