{"id": "EUN1_3571969123", "lvl": 2900, "literal level": "MASTER 100 lp", "time": 1459, "solokills_t": 0.010966415352981495, "kills_t": 0.045236463331048665, "kp": 0.440354147250699, "deaths_t": 0.045236463331048665, "assists_t": 0.05414667580534613, "csscore_t": 0.8361891706648389, "teamgold_t": 73.08773132282386, "vision_score_t": 1.0689953783027781, "wards_placed_t": 0.08498971898560657, "gold_graph_diffs_t": 16.52981494174092}