{"id": "EUN1_3586097355", "lvl": 3300, "literal level": "MASTER 100 lp", "time": 1352, "solokills_t": 0.008136094674556213, "kills_t": 0.03920118343195266, "kp": 0.45862068965517244, "deaths_t": 0.03920118343195266, "assists_t": 0.051775147928994084, "csscore_t": 0.8705621301775148, "teamgold_t": 65.76109467455622, "vision_score_t": 1.0419655249898985, "wards_placed_t": 0.07322485207100592, "gold_graph_diffs_t": 10.83801775147929}