{"id": "EUN1_3587957920", "lvl": 3300, "literal level": "MASTER 100 lp", "time": 2182, "solokills_t": 0.00458295142071494, "kills_t": 0.02933088909257562, "kp": 0.528235294117647, "deaths_t": 0.02933088909257562, "assists_t": 0.04766269477543538, "csscore_t": 0.84051329055912, "teamgold_t": 65.14848762603117, "vision_score_t": 1.1831557343130974, "wards_placed_t": 0.07286892758936755, "gold_graph_diffs_t": 14.24197983501375}