{"id": "EUN1_3563769675", "lvl": 2900, "literal level": "MASTER 100 lp", "time": 1896, "solokills_t": 0.006329113924050633, "kills_t": 0.043248945147679324, "kp": 0.5609903381642513, "deaths_t": 0.043248945147679324, "assists_t": 0.07805907172995781, "csscore_t": 0.8470464135021097, "teamgold_t": 71.28744725738396, "vision_score_t": 1.1968219041271078, "wards_placed_t": 0.07172995780590717, "gold_graph_diffs_t": 16.57331223628692}