{"id": "EUN1_3589463921", "lvl": 3500, "literal level": "MASTER 300 lp", "time": 1728, "solokills_t": 0.00636574074074074, "kills_t": 0.03009259259259259, "kp": 0.47525925925925927, "deaths_t": 0.03009259259259259, "assists_t": 0.041666666666666664, "csscore_t": 1.0052083333333333, "teamgold_t": 69.79108796296296, "vision_score_t": 1.0483632540916152, "wards_placed_t": 0.061921296296296294, "gold_graph_diffs_t": 15.257523148148149}