{"id": "EUN1_3588640327", "lvl": 3500, "literal level": "MASTER 300 lp", "time": 1392, "solokills_t": 0.009339080459770116, "kills_t": 0.033045977011494254, "kp": 0.44346978557504874, "deaths_t": 0.033045977011494254, "assists_t": 0.042385057471264365, "csscore_t": 0.9209770114942529, "teamgold_t": 67.67744252873563, "vision_score_t": 0.7398555922266564, "wards_placed_t": 0.05028735632183908, "gold_graph_diffs_t": 13.763649425287356}