{"id": "EUN1_3563170664", "lvl": 2800, "literal level": "MASTER 0 lp", "time": 1891, "solokills_t": 0.007403490216816499, "kills_t": 0.0370174510840825, "kp": 0.48, "deaths_t": 0.0370174510840825, "assists_t": 0.05129561078794289, "csscore_t": 0.8889476467477525, "teamgold_t": 70.68006345848757, "vision_score_t": 0.9737693506945965, "wards_placed_t": 0.07191961924907457, "gold_graph_diffs_t": 14.063458487572714}