{"id": "EUN1_3590401852", "lvl": 3600, "literal level": "MASTER 0 lp", "time": 1109, "solokills_t": 0.015329125338142471, "kills_t": 0.028854824165915238, "kp": 0.35024154589371975, "deaths_t": 0.028854824165915238, "assists_t": 0.017132551848512173, "csscore_t": 1.0288548241659152, "teamgold_t": 66.70694319206493, "vision_score_t": 0.9448689264562053, "wards_placed_t": 0.06311992786293959, "gold_graph_diffs_t": 15.190261496844004}