{"id": "EUN1_3581563407", "lvl": 3400, "literal level": "MASTER 200 lp", "time": 1205, "solokills_t": 0.008298755186721992, "kills_t": 0.03153526970954357, "kp": 0.4671428571428571, "deaths_t": 0.03153526970954357, "assists_t": 0.038174273858921165, "csscore_t": 0.966804979253112, "teamgold_t": 66.94356846473029, "vision_score_t": 1.0462096549098225, "wards_placed_t": 0.07053941908713693, "gold_graph_diffs_t": 9.985892116182573}