{"id": "EUN1_3590454956", "lvl": 3400, "literal level": "MASTER 200 lp", "time": 1128, "solokills_t": 0.014184397163120567, "kills_t": 0.03634751773049645, "kp": 0.3746031746031746, "deaths_t": 0.03634751773049645, "assists_t": 0.031914893617021274, "csscore_t": 0.9024822695035462, "teamgold_t": 62.351950354609926, "vision_score_t": 0.8498833754727457, "wards_placed_t": 0.06471631205673758, "gold_graph_diffs_t": 13.302304964539006}