{"id": "EUN1_3560133935", "lvl": 2800, "literal level": "MASTER 0 lp", "time": 1769, "solokills_t": 0.00791407574901074, "kills_t": 0.02882984737139627, "kp": 0.4475155279503106, "deaths_t": 0.02882984737139627, "assists_t": 0.035613340870548335, "csscore_t": 0.9378179762577727, "teamgold_t": 66.39231204070096, "vision_score_t": 1.1134094872130516, "wards_placed_t": 0.07292255511588468, "gold_graph_diffs_t": 12.801582815149802}