{"id": "EUN1_3544347187", "lvl": 2700, "literal level": "DIAMOND I", "time": 2120, "solokills_t": 0.0037735849056603774, "kills_t": 0.03537735849056604, "kp": 0.5707142857142857, "deaths_t": 0.03537735849056604, "assists_t": 0.06556603773584906, "csscore_t": 0.8009433962264151, "teamgold_t": 66.5377358490566, "vision_score_t": 1.057214379033453, "wards_placed_t": 0.07641509433962264, "gold_graph_diffs_t": 14.794339622641509}