{"id": "EUN1_3585157393", "lvl": 3200, "literal level": "MASTER 0 lp", "time": 1638, "solokills_t": 0.01282051282051282, "kills_t": 0.04395604395604396, "kp": 0.4766666666666667, "deaths_t": 0.04395604395604396, "assists_t": 0.06043956043956044, "csscore_t": 0.8589743589743589, "teamgold_t": 69.92735042735043, "vision_score_t": 1.0430664997661956, "wards_placed_t": 0.07264957264957266, "gold_graph_diffs_t": 17.23870573870574}