{"id": "EUN1_3573707103", "lvl": 2600, "literal level": "DIAMOND II", "time": 1823, "solokills_t": 0.006034009873834339, "kills_t": 0.0405924300603401, "kp": 0.5000788022064617, "deaths_t": 0.0405924300603401, "assists_t": 0.05704882062534284, "csscore_t": 0.8414701042238069, "teamgold_t": 68.41963795940757, "vision_score_t": 0.9500406734500754, "wards_placed_t": 0.06911684037301152, "gold_graph_diffs_t": 13.15578716401536}