{"id": "EUN1_3556886688", "lvl": 2700, "literal level": "DIAMOND I", "time": 1589, "solokills_t": 0.015103838892385148, "kills_t": 0.03524229074889868, "kp": 0.37459893048128345, "deaths_t": 0.03524229074889868, "assists_t": 0.030837004405286344, "csscore_t": 0.8407803650094399, "teamgold_t": 66.85840151038389, "vision_score_t": 0.8455717367653806, "wards_placed_t": 0.06419131529263687, "gold_graph_diffs_t": 11.30899937067338}