{"id": "EUN1_3584370887", "lvl": 3200, "literal level": "MASTER 0 lp", "time": 1817, "solokills_t": 0.007154650522839846, "kills_t": 0.03577325261419923, "kp": 0.541098484848485, "deaths_t": 0.03577325261419923, "assists_t": 0.06108970831040176, "csscore_t": 0.837094111172262, "teamgold_t": 68.02421574023116, "vision_score_t": 1.0426567183141953, "wards_placed_t": 0.0748486516235553, "gold_graph_diffs_t": 14.40946615299945}