{"id": "EUN1_3589592850", "lvl": 3300, "literal level": "MASTER 100 lp", "time": 1304, "solokills_t": 0.004601226993865031, "kills_t": 0.04141104294478527, "kp": 0.5099567099567099, "deaths_t": 0.04141104294478527, "assists_t": 0.06441717791411043, "csscore_t": 0.8880368098159509, "teamgold_t": 72.51457055214723, "vision_score_t": 0.8634338066152732, "wards_placed_t": 0.05674846625766871, "gold_graph_diffs_t": 14.278374233128835}