{"id": "EUN1_3549675186", "lvl": 3000, "literal level": "MASTER 200 lp", "time": 1481, "solokills_t": 0.0054017555705604325, "kills_t": 0.024307900067521943, "kp": 0.5390476190476191, "deaths_t": 0.024307900067521943, "assists_t": 0.04051316677920324, "csscore_t": 0.9534098582039163, "teamgold_t": 65.11613774476704, "vision_score_t": 1.0244036398784693, "wards_placed_t": 0.06347062795408508, "gold_graph_diffs_t": 11.268737339635381}