{"id": "EUN1_3577416899", "lvl": 3500, "literal level": "MASTER 300 lp", "time": 1465, "solokills_t": 0.00955631399317406, "kills_t": 0.03754266211604096, "kp": 0.47642642642642646, "deaths_t": 0.03754266211604096, "assists_t": 0.05324232081911263, "csscore_t": 0.9174061433447099, "teamgold_t": 67.75563139931741, "vision_score_t": 0.9918055019900047, "wards_placed_t": 0.07303754266211604, "gold_graph_diffs_t": 14.032764505119454}