{"id": "EUN1_3558514029", "lvl": 3100, "literal level": "MASTER 300 lp", "time": 2033, "solokills_t": 0.005902606984751598, "kills_t": 0.030496802754549926, "kp": 0.5006486486486487, "deaths_t": 0.030496802754549926, "assists_t": 0.04574520413182489, "csscore_t": 0.9640924741760944, "teamgold_t": 67.9872110181997, "vision_score_t": 1.1709446828959302, "wards_placed_t": 0.08903098868666995, "gold_graph_diffs_t": 12.970978848991638}