{"id": "EUN1_3581789402", "lvl": 3500, "literal level": "MASTER 300 lp", "time": 1253, "solokills_t": 0.0111731843575419, "kills_t": 0.04389465283320032, "kp": 0.4675824175824176, "deaths_t": 0.04389465283320032, "assists_t": 0.055865921787709494, "csscore_t": 0.8906624102154829, "teamgold_t": 70.19712689545092, "vision_score_t": 0.963271303880326, "wards_placed_t": 0.06783719074221868, "gold_graph_diffs_t": 18.83559457302474}