{"id": "EUN1_3563289556", "lvl": 2600, "literal level": "DIAMOND II", "time": 1703, "solokills_t": 0.007633587786259542, "kills_t": 0.039342337052260715, "kp": 0.4876595744680851, "deaths_t": 0.039342337052260715, "assists_t": 0.0540223135642983, "csscore_t": 0.8725778038755138, "teamgold_t": 68.62889019377569, "vision_score_t": 0.9578193251844102, "wards_placed_t": 0.06400469759248385, "gold_graph_diffs_t": 12.62889019377569}