{"id": "EUN1_3566812169", "lvl": 3100, "literal level": "MASTER 300 lp", "time": 1129, "solokills_t": 0.0008857395925597874, "kills_t": 0.025686448184233834, "kp": 0.5141666666666667, "deaths_t": 0.025686448184233834, "assists_t": 0.03985828166519043, "csscore_t": 0.9255978742249779, "teamgold_t": 60.93711248892826, "vision_score_t": 0.8589188981526086, "wards_placed_t": 0.05934455270150576, "gold_graph_diffs_t": 12.464127546501329}