{"id": "EUN1_3589003644", "lvl": 3500, "literal level": "MASTER 300 lp", "time": 686, "solokills_t": 0.004373177842565598, "kills_t": 0.016034985422740525, "kp": 0.40555555555555556, "deaths_t": 0.016034985422740525, "assists_t": 0.021865889212827987, "csscore_t": 0.9169096209912536, "teamgold_t": 55.92857142857143, "vision_score_t": 0.6906991577245378, "wards_placed_t": 0.05393586005830904, "gold_graph_diffs_t": 8.51457725947522}