{"id": "EUN1_3548382399", "lvl": 2800, "literal level": "MASTER 0 lp", "time": 1748, "solokills_t": 0.008581235697940504, "kills_t": 0.043478260869565216, "kp": 0.43463768115942025, "deaths_t": 0.044050343249427915, "assists_t": 0.05320366132723112, "csscore_t": 0.8432494279176201, "teamgold_t": 71.12929061784897, "vision_score_t": 1.0152348280555128, "wards_placed_t": 0.07265446224256293, "gold_graph_diffs_t": 17.185354691075514}