{"id": "EUN1_3549762508", "lvl": 3000, "literal level": "MASTER 200 lp", "time": 1993, "solokills_t": 0.005017561465127948, "kills_t": 0.03763171098845961, "kp": 0.5648351648351648, "deaths_t": 0.03763171098845961, "assists_t": 0.06573005519317611, "csscore_t": 0.7069744104365279, "teamgold_t": 63.2272955343703, "vision_score_t": 1.0224673209597277, "wards_placed_t": 0.06924234821876568, "gold_graph_diffs_t": 14.751630707476167}