{"id": "EUN1_3587316204", "lvl": 3500, "literal level": "MASTER 300 lp", "time": 2255, "solokills_t": 0.008869179600886918, "kills_t": 0.03991130820399113, "kp": 0.571926331508213, "deaths_t": 0.03991130820399113, "assists_t": 0.07450110864745012, "csscore_t": 0.8740576496674057, "teamgold_t": 73.0749445676275, "vision_score_t": 1.020659491694926, "wards_placed_t": 0.06962305986696231, "gold_graph_diffs_t": 14.694456762749446}