{"id": "EUN1_3546503998", "lvl": 2800, "literal level": "MASTER 0 lp", "time": 1929, "solokills_t": 0.009849663037843442, "kills_t": 0.036288232244686365, "kp": 0.4623188405797102, "deaths_t": 0.036288232244686365, "assists_t": 0.04924831518921721, "csscore_t": 0.8973561430793157, "teamgold_t": 68.42457231726283, "vision_score_t": 1.0118044020706967, "wards_placed_t": 0.06376360808709176, "gold_graph_diffs_t": 16.50336962156558}