{"id": "EUN1_3564181294", "lvl": 3100, "literal level": "MASTER 300 lp", "time": 2148, "solokills_t": 0.008379888268156424, "kills_t": 0.04795158286778398, "kp": 0.4727166276346604, "deaths_t": 0.04795158286778398, "assists_t": 0.06797020484171322, "csscore_t": 0.7462756052141527, "teamgold_t": 72.55074487895718, "vision_score_t": 0.96049910192265, "wards_placed_t": 0.06890130353817504, "gold_graph_diffs_t": 14.700651769087523}