{"id": "EUN1_3589560587", "lvl": 3500, "literal level": "MASTER 300 lp", "time": 1723, "solokills_t": 0.002901915264074289, "kills_t": 0.0371445153801509, "kp": 0.5329365079365079, "deaths_t": 0.0371445153801509, "assists_t": 0.062100986651189787, "csscore_t": 0.8502611723737666, "teamgold_t": 67.82878699941962, "vision_score_t": 1.048910418604966, "wards_placed_t": 0.07370864770748695, "gold_graph_diffs_t": 13.728961114335462}