{"id": "EUN1_3588499574", "lvl": 2900, "literal level": "MASTER 100 lp", "time": 1362, "solokills_t": 0.013950073421439061, "kills_t": 0.027900146842878122, "kp": 0.378125, "deaths_t": 0.027900146842878122, "assists_t": 0.02276064610866373, "csscore_t": 0.9170337738619677, "teamgold_t": 61.54258443465492, "vision_score_t": 1.037494994773105, "wards_placed_t": 0.06607929515418502, "gold_graph_diffs_t": 15.466226138032306}