{"id": "EUN1_3586598638", "lvl": 3300, "literal level": "MASTER 100 lp", "time": 2265, "solokills_t": 0.010596026490066225, "kills_t": 0.04370860927152318, "kp": 0.4698728813559322, "deaths_t": 0.04370860927152318, "assists_t": 0.059602649006622516, "csscore_t": 0.743046357615894, "teamgold_t": 68.68079470198676, "vision_score_t": 1.1128387136766853, "wards_placed_t": 0.0640176600441501, "gold_graph_diffs_t": 12.203973509933775}