{"id": "EUN1_3575914609", "lvl": 3100, "literal level": "MASTER 300 lp", "time": 1359, "solokills_t": 0.0029433406916850625, "kills_t": 0.03384841795437822, "kp": 0.5260952380952381, "deaths_t": 0.03384841795437822, "assists_t": 0.05592347314201619, "csscore_t": 0.9484915378955114, "teamgold_t": 68.44738778513613, "vision_score_t": 0.9714949764376433, "wards_placed_t": 0.06033848417954378, "gold_graph_diffs_t": 12.172185430463577}