{"id": "EUN1_3589729993", "lvl": 3000, "literal level": "MASTER 200 lp", "time": 1615, "solokills_t": 0.014241486068111455, "kills_t": 0.03653250773993808, "kp": 0.3632267441860465, "deaths_t": 0.03653250773993808, "assists_t": 0.034055727554179564, "csscore_t": 0.9058823529411765, "teamgold_t": 68.2297213622291, "vision_score_t": 0.8456818475821481, "wards_placed_t": 0.06191950464396285, "gold_graph_diffs_t": 12.203715170278638}