{"id": "EUN1_3578916743", "lvl": 3500, "literal level": "MASTER 300 lp", "time": 1625, "solokills_t": 0.006153846153846154, "kills_t": 0.030153846153846153, "kp": 0.4655913978494624, "deaths_t": 0.030153846153846153, "assists_t": 0.04, "csscore_t": 0.9913846153846154, "teamgold_t": 67.90953846153846, "vision_score_t": 0.9891608443658919, "wards_placed_t": 0.06892307692307692, "gold_graph_diffs_t": 14.960615384615384}