{"id": "EUN1_3572541364", "lvl": 3200, "literal level": "MASTER 0 lp", "time": 2176, "solokills_t": 0.008272058823529412, "kills_t": 0.035386029411764705, "kp": 0.46463414634146344, "deaths_t": 0.035386029411764705, "assists_t": 0.04641544117647059, "csscore_t": 0.8717830882352942, "teamgold_t": 67.6953125, "vision_score_t": 1.0259986602440248, "wards_placed_t": 0.0666360294117647, "gold_graph_diffs_t": 12.860753676470589}