{"id": "EUN1_3574165769", "lvl": 2700, "literal level": "DIAMOND I", "time": 1094, "solokills_t": 0.008226691042047532, "kills_t": 0.031992687385740404, "kp": 0.404, "deaths_t": 0.031992687385740404, "assists_t": 0.03290676416819013, "csscore_t": 0.9058500914076782, "teamgold_t": 64.85557586837294, "vision_score_t": 0.7533551676256588, "wards_placed_t": 0.05210237659963437, "gold_graph_diffs_t": 11.643510054844606}