{"id": "EUN1_3575615330", "lvl": 3400, "literal level": "MASTER 200 lp", "time": 1605, "solokills_t": 0.004984423676012461, "kills_t": 0.03177570093457944, "kp": 0.4880434782608695, "deaths_t": 0.032398753894081, "assists_t": 0.04672897196261682, "csscore_t": 0.9183800623052959, "teamgold_t": 69.34080996884735, "vision_score_t": 1.0569379268365322, "wards_placed_t": 0.07040498442367601, "gold_graph_diffs_t": 14.463551401869159}