{"id": "EUN1_3576376577", "lvl": 3300, "literal level": "MASTER 100 lp", "time": 1111, "solokills_t": 0.0063006300630063005, "kills_t": 0.0333033303330333, "kp": 0.46121794871794874, "deaths_t": 0.0333033303330333, "assists_t": 0.045004500450045004, "csscore_t": 0.8685868586858686, "teamgold_t": 64.21692169216922, "vision_score_t": 0.9349795426336716, "wards_placed_t": 0.06840684068406841, "gold_graph_diffs_t": 9.730873087308732}