{"id": "EUN1_3567562768", "lvl": 3000, "literal level": "MASTER 200 lp", "time": 2362, "solokills_t": 0.005080440304826418, "kills_t": 0.03386960203217612, "kp": 0.5620204603580563, "deaths_t": 0.03386960203217612, "assists_t": 0.06138865368331922, "csscore_t": 0.9233700254022015, "teamgold_t": 70.89204064352244, "vision_score_t": 1.0896675390686903, "wards_placed_t": 0.06646909398814564, "gold_graph_diffs_t": 12.637171888230313}