{"id": "EUN1_3586142834", "lvl": 3100, "literal level": "MASTER 300 lp", "time": 1646, "solokills_t": 0.009720534629404616, "kills_t": 0.03462940461725395, "kp": 0.45818414322250645, "deaths_t": 0.03462940461725395, "assists_t": 0.04374240583232078, "csscore_t": 0.9222357229647631, "teamgold_t": 69.46476306196841, "vision_score_t": 1.0169469016205086, "wards_placed_t": 0.0692588092345079, "gold_graph_diffs_t": 11.365127582017012}