{"id": "EUN1_3566251780", "lvl": 3000, "literal level": "MASTER 200 lp", "time": 1404, "solokills_t": 0.00641025641025641, "kills_t": 0.02849002849002849, "kp": 0.4032258064516128, "deaths_t": 0.02849002849002849, "assists_t": 0.0292022792022792, "csscore_t": 0.9793447293447294, "teamgold_t": 65.02279202279202, "vision_score_t": 0.8961655445973017, "wards_placed_t": 0.05626780626780627, "gold_graph_diffs_t": 16.527065527065528}