{"id": "EUN1_3575583786", "lvl": 2700, "literal level": "DIAMOND I", "time": 2073, "solokills_t": 0.006753497346840328, "kills_t": 0.038109020742884706, "kp": 0.5044573643410853, "deaths_t": 0.038109020742884706, "assists_t": 0.05836951278340569, "csscore_t": 0.879401833092137, "teamgold_t": 69.87795465508924, "vision_score_t": 1.0594818452150836, "wards_placed_t": 0.07332368547998071, "gold_graph_diffs_t": 15.964785335262905}