{"id": "EUN1_3573649592", "lvl": 3200, "literal level": "MASTER 0 lp", "time": 1454, "solokills_t": 0.007565337001375516, "kills_t": 0.030261348005502064, "kp": 0.4783908045977011, "deaths_t": 0.030261348005502064, "assists_t": 0.04332874828060523, "csscore_t": 0.9160935350756534, "teamgold_t": 64.55914718019257, "vision_score_t": 0.9887759388062554, "wards_placed_t": 0.0749656121045392, "gold_graph_diffs_t": 11.409215955983495}