{"id": "EUN1_3587263841", "lvl": 3100, "literal level": "MASTER 300 lp", "time": 1618, "solokills_t": 0.009270704573547589, "kills_t": 0.03584672435105068, "kp": 0.3985294117647059, "deaths_t": 0.03584672435105068, "assists_t": 0.037082818294190356, "csscore_t": 0.9561186650185414, "teamgold_t": 70.61310259579729, "vision_score_t": 0.8422772851618046, "wards_placed_t": 0.05624227441285538, "gold_graph_diffs_t": 12.159456118665018}