{"id": "EUN1_3552737176", "lvl": 3100, "literal level": "MASTER 300 lp", "time": 2120, "solokills_t": 0.005188679245283019, "kills_t": 0.029716981132075472, "kp": 0.4478787878787879, "deaths_t": 0.029716981132075472, "assists_t": 0.03679245283018868, "csscore_t": 1.0179245283018867, "teamgold_t": 69.81839622641509, "vision_score_t": 1.1437187693463775, "wards_placed_t": 0.06933962264150943, "gold_graph_diffs_t": 12.87122641509434}