{"id": "EUN1_3563955833", "lvl": 3000, "literal level": "MASTER 200 lp", "time": 1921, "solokills_t": 0.005726184279021343, "kills_t": 0.03591879229567933, "kp": 0.4738793103448276, "deaths_t": 0.03591879229567933, "assists_t": 0.048932847475273294, "csscore_t": 0.894325871941697, "teamgold_t": 68.7048412285268, "vision_score_t": 1.071364284465299, "wards_placed_t": 0.07079646017699115, "gold_graph_diffs_t": 16.456012493492974}