{"id": "EUN1_3566198608", "lvl": 3300, "literal level": "MASTER 100 lp", "time": 1794, "solokills_t": 0.010590858416945374, "kills_t": 0.043478260869565216, "kp": 0.46571428571428575, "deaths_t": 0.043478260869565216, "assists_t": 0.05629877369007804, "csscore_t": 0.8416945373467113, "teamgold_t": 69.917502787068, "vision_score_t": 0.9628682894300221, "wards_placed_t": 0.06800445930880714, "gold_graph_diffs_t": 14.390189520624304}