{"id": "EUN1_3563845222", "lvl": 3000, "literal level": "MASTER 200 lp", "time": 1996, "solokills_t": 0.0035070140280561123, "kills_t": 0.028557114228456915, "kp": 0.5333743842364532, "deaths_t": 0.028557114228456915, "assists_t": 0.04759519038076152, "csscore_t": 0.8351703406813628, "teamgold_t": 63.42084168336673, "vision_score_t": 0.9501742084669929, "wards_placed_t": 0.05711422845691383, "gold_graph_diffs_t": 11.735470941883767}