{"id": "EUN1_3586505168", "lvl": 3200, "literal level": "MASTER 0 lp", "time": 1942, "solokills_t": 0.004119464469618949, "kills_t": 0.037075180226570546, "kp": 0.5476780185758514, "deaths_t": 0.037075180226570546, "assists_t": 0.06385169927909372, "csscore_t": 0.8861997940267765, "teamgold_t": 70.68125643666323, "vision_score_t": 1.1774055204620928, "wards_placed_t": 0.07723995880535531, "gold_graph_diffs_t": 16.2826982492276}