{"id": "EUN1_3567613222", "lvl": 3100, "literal level": "MASTER 300 lp", "time": 920, "solokills_t": 0.010869565217391304, "kills_t": 0.020652173913043477, "kp": 0.3, "deaths_t": 0.020652173913043477, "assists_t": 0.017391304347826087, "csscore_t": 0.9782608695652174, "teamgold_t": 58.41413043478261, "vision_score_t": 0.8315074063040457, "wards_placed_t": 0.0641304347826087, "gold_graph_diffs_t": 11.314130434782609}