{"id": "EUN1_3567638766", "lvl": 2700, "literal level": "DIAMOND I", "time": 1558, "solokills_t": 0.014762516046213094, "kills_t": 0.036585365853658534, "kp": 0.37631578947368427, "deaths_t": 0.036585365853658534, "assists_t": 0.03337612323491656, "csscore_t": 0.9056482670089859, "teamgold_t": 68.3831835686778, "vision_score_t": 0.9951805088993682, "wards_placed_t": 0.0693196405648267, "gold_graph_diffs_t": 14.217586649550706}