{"id": "EUN1_3569470677", "lvl": 3200, "literal level": "MASTER 0 lp", "time": 2582, "solokills_t": 0.004647560030983733, "kills_t": 0.0313710302091402, "kp": 0.5344444444444444, "deaths_t": 0.0313710302091402, "assists_t": 0.052672347017815646, "csscore_t": 0.9252517428350117, "teamgold_t": 67.81216111541441, "vision_score_t": 1.1519550280938042, "wards_placed_t": 0.08055770720371805, "gold_graph_diffs_t": 12.03446940356313}