{"id": "EUN1_3564274382", "lvl": 3400, "literal level": "MASTER 200 lp", "time": 1886, "solokills_t": 0.004772004241781549, "kills_t": 0.03499469777306469, "kp": 0.5360294117647059, "deaths_t": 0.03499469777306469, "assists_t": 0.05885471898197243, "csscore_t": 0.8907741251325557, "teamgold_t": 70.04400848356309, "vision_score_t": 1.0386703454420967, "wards_placed_t": 0.0689289501590668, "gold_graph_diffs_t": 13.542417815482503}