{"id": "EUN1_3588469302", "lvl": 3300, "literal level": "MASTER 100 lp", "time": 2041, "solokills_t": 0.005389514943655071, "kills_t": 0.03184713375796178, "kp": 0.49743589743589745, "deaths_t": 0.03184713375796178, "assists_t": 0.049485546300832926, "csscore_t": 0.9235668789808917, "teamgold_t": 68.20088192062714, "vision_score_t": 1.1826636618958823, "wards_placed_t": 0.0720235178833905, "gold_graph_diffs_t": 16.038216560509554}