{"id": "EUN1_3576803170", "lvl": 3000, "literal level": "MASTER 200 lp", "time": 1810, "solokills_t": 0.0055248618784530384, "kills_t": 0.03314917127071823, "kp": 0.5206349206349207, "deaths_t": 0.03314917127071823, "assists_t": 0.05082872928176796, "csscore_t": 0.8546961325966851, "teamgold_t": 63.213812154696136, "vision_score_t": 1.0594579971771527, "wards_placed_t": 0.06906077348066299, "gold_graph_diffs_t": 11.748618784530386}