{"id": "EUN1_3544475935", "lvl": 2700, "literal level": "DIAMOND I", "time": 1991, "solokills_t": 0.0035158211953792064, "kills_t": 0.03666499246609744, "kp": 0.5534108527131784, "deaths_t": 0.0371672526368659, "assists_t": 0.06479156202913108, "csscore_t": 0.8011049723756906, "teamgold_t": 68.33852335509793, "vision_score_t": 1.1330711193304388, "wards_placed_t": 0.07383224510296334, "gold_graph_diffs_t": 13.340030135610245}