{"id": "EUN1_3579892961", "lvl": 3500, "literal level": "MASTER 300 lp", "time": 1475, "solokills_t": 0.0047457627118644066, "kills_t": 0.02440677966101695, "kp": 0.4092307692307692, "deaths_t": 0.02440677966101695, "assists_t": 0.02711864406779661, "csscore_t": 1.1349152542372882, "teamgold_t": 68.80881355932203, "vision_score_t": 1.0472775576580904, "wards_placed_t": 0.0671186440677966, "gold_graph_diffs_t": 10.774915254237289}