{"id": "EUN1_3586158988", "lvl": 3000, "literal level": "MASTER 200 lp", "time": 1351, "solokills_t": 0.0051813471502590676, "kills_t": 0.027387120651369355, "kp": 0.4695804195804195, "deaths_t": 0.027387120651369355, "assists_t": 0.03774981495188749, "csscore_t": 0.8978534418948927, "teamgold_t": 61.618060695780905, "vision_score_t": 0.725216099719803, "wards_placed_t": 0.04811250925240563, "gold_graph_diffs_t": 12.481125092524056}