{"id": "EUN1_3574989735", "lvl": 2600, "literal level": "DIAMOND II", "time": 1566, "solokills_t": 0.011494252873563218, "kills_t": 0.035759897828863345, "kp": 0.4598930481283422, "deaths_t": 0.035759897828863345, "assists_t": 0.04597701149425287, "csscore_t": 0.8684546615581098, "teamgold_t": 68.20178799489145, "vision_score_t": 1.0383197544078067, "wards_placed_t": 0.06896551724137931, "gold_graph_diffs_t": 15.060025542784164}