{"id": "EUN1_3579294212", "lvl": 3300, "literal level": "MASTER 100 lp", "time": 1562, "solokills_t": 0.009603072983354673, "kills_t": 0.045454545454545456, "kp": 0.43723577235772354, "deaths_t": 0.046094750320102434, "assists_t": 0.05569782330345711, "csscore_t": 0.9174135723431498, "teamgold_t": 73.99423815620999, "vision_score_t": 0.8626951156826443, "wards_placed_t": 0.06274007682458387, "gold_graph_diffs_t": 17.97503201024328}