{"id": "EUN1_3553501612", "lvl": 3000, "literal level": "MASTER 200 lp", "time": 2165, "solokills_t": 0.002771362586605081, "kills_t": 0.025866050808314087, "kp": 0.5395833333333333, "deaths_t": 0.025866050808314087, "assists_t": 0.04434180138568129, "csscore_t": 0.920554272517321, "teamgold_t": 64.12240184757506, "vision_score_t": 1.0254527548454246, "wards_placed_t": 0.058660508083140876, "gold_graph_diffs_t": 9.675288683602771}