{"id": "EUN1_3584461926", "lvl": 3200, "literal level": "MASTER 0 lp", "time": 1370, "solokills_t": 0.0072992700729927005, "kills_t": 0.029927007299270073, "kp": 0.47564102564102556, "deaths_t": 0.029927007299270073, "assists_t": 0.041605839416058395, "csscore_t": 0.8503649635036497, "teamgold_t": 61.435036496350364, "vision_score_t": 0.8000804106546004, "wards_placed_t": 0.06715328467153285, "gold_graph_diffs_t": 9.899270072992701}