{"id": "EUN1_3590485711", "lvl": 3300, "literal level": "MASTER 100 lp", "time": 945, "solokills_t": 0.008465608465608466, "kills_t": 0.0455026455026455, "kp": 0.4373809523809523, "deaths_t": 0.0455026455026455, "assists_t": 0.05291005291005291, "csscore_t": 0.908994708994709, "teamgold_t": 73.25714285714285, "vision_score_t": 0.735890250455248, "wards_placed_t": 0.05714285714285714, "gold_graph_diffs_t": 13.100529100529101}