{"id": "EUN1_3566983481", "lvl": 2400, "literal level": "DIAMOND IV", "time": 1356, "solokills_t": 0.008112094395280236, "kills_t": 0.03687315634218289, "kp": 0.46027164685908317, "deaths_t": 0.03687315634218289, "assists_t": 0.046460176991150445, "csscore_t": 0.834070796460177, "teamgold_t": 68.39601769911505, "vision_score_t": 0.891560665115326, "wards_placed_t": 0.06858407079646017, "gold_graph_diffs_t": 14.539085545722713}