{"id": "EUN1_3563940261", "lvl": 2900, "literal level": "MASTER 100 lp", "time": 1344, "solokills_t": 0.005952380952380952, "kills_t": 0.033482142857142856, "kp": 0.49285714285714277, "deaths_t": 0.033482142857142856, "assists_t": 0.05580357142857143, "csscore_t": 0.8489583333333334, "teamgold_t": 63.39732142857143, "vision_score_t": 0.8032451752843391, "wards_placed_t": 0.060267857142857144, "gold_graph_diffs_t": 9.063988095238095}