{"id": "EUN1_3582266007", "lvl": 3600, "literal level": "MASTER 0 lp", "time": 1155, "solokills_t": 0.006926406926406926, "kills_t": 0.04329004329004329, "kp": 0.5028571428571429, "deaths_t": 0.04329004329004329, "assists_t": 0.06060606060606061, "csscore_t": 0.8424242424242424, "teamgold_t": 71.41038961038961, "vision_score_t": 0.7753942041010913, "wards_placed_t": 0.05627705627705628, "gold_graph_diffs_t": 10.309090909090909}