{"id": "EUN1_3566407644", "lvl": 3000, "literal level": "MASTER 200 lp", "time": 1594, "solokills_t": 0.01066499372647428, "kills_t": 0.033249686323713924, "kp": 0.423419540229885, "deaths_t": 0.033877038895859475, "assists_t": 0.037641154328732745, "csscore_t": 0.9504391468005019, "teamgold_t": 67.23337515683815, "vision_score_t": 0.9126920955245866, "wards_placed_t": 0.0671267252195734, "gold_graph_diffs_t": 13.198243412797993}