{"id": "EUN1_3589447764", "lvl": 3700, "literal level": "MASTER 100 lp", "time": 1863, "solokills_t": 0.00644122383252818, "kills_t": 0.026838432635534086, "kp": 0.562566844919786, "deaths_t": 0.027375201288244767, "assists_t": 0.0440150295222759, "csscore_t": 0.9398819108964036, "teamgold_t": 66.87815351583467, "vision_score_t": 1.287224471196447, "wards_placed_t": 0.07729468599033816, "gold_graph_diffs_t": 14.840579710144928}