{"id": "EUN1_3585684938", "lvl": 3700, "literal level": "MASTER 100 lp", "time": 1356, "solokills_t": 0.004424778761061947, "kills_t": 0.032448377581120944, "kp": 0.47142857142857136, "deaths_t": 0.032448377581120944, "assists_t": 0.045722713864306784, "csscore_t": 0.976401179941003, "teamgold_t": 69.53834808259587, "vision_score_t": 0.946408517438836, "wards_placed_t": 0.06637168141592921, "gold_graph_diffs_t": 13.377581120943953}