{"id": "EUN1_3585714531", "lvl": 3100, "literal level": "MASTER 300 lp", "time": 2260, "solokills_t": 0.006194690265486726, "kills_t": 0.034070796460176994, "kp": 0.510952380952381, "deaths_t": 0.034070796460176994, "assists_t": 0.05176991150442478, "csscore_t": 0.8787610619469026, "teamgold_t": 68.31902654867257, "vision_score_t": 1.1252038929720365, "wards_placed_t": 0.0752212389380531, "gold_graph_diffs_t": 14.86504424778761}