{"id": "EUN1_3559121976", "lvl": 3100, "literal level": "MASTER 300 lp", "time": 1742, "solokills_t": 0.012629161882893225, "kills_t": 0.04190585533869116, "kp": 0.40909090909090906, "deaths_t": 0.04190585533869116, "assists_t": 0.04420206659012629, "csscore_t": 0.9305396096440872, "teamgold_t": 72.1142365097589, "vision_score_t": 1.1535384120461856, "wards_placed_t": 0.07577497129735936, "gold_graph_diffs_t": 12.758323765786452}