{"id": "EUN1_3580055415", "lvl": 3300, "literal level": "MASTER 100 lp", "time": 1434, "solokills_t": 0.006276150627615063, "kills_t": 0.028591352859135284, "kp": 0.44832535885167457, "deaths_t": 0.028591352859135284, "assists_t": 0.03556485355648536, "csscore_t": 0.9476987447698745, "teamgold_t": 65.1673640167364, "vision_score_t": 1.1413679878455214, "wards_placed_t": 0.07880055788005579, "gold_graph_diffs_t": 10.704323570432358}