{"id": "EUN1_3579056257", "lvl": 3400, "literal level": "MASTER 200 lp", "time": 1629, "solokills_t": 0.006138735420503376, "kills_t": 0.03806015960712093, "kp": 0.46491596638655464, "deaths_t": 0.03867403314917127, "assists_t": 0.050951503990178025, "csscore_t": 0.9005524861878453, "teamgold_t": 69.43339472068755, "vision_score_t": 0.9131443899374224, "wards_placed_t": 0.061387354205033766, "gold_graph_diffs_t": 13.05402087170043}