{"id": "EUN1_3562229303", "lvl": 3000, "literal level": "MASTER 200 lp", "time": 1835, "solokills_t": 0.007629427792915531, "kills_t": 0.04305177111716621, "kp": 0.5018445322793149, "deaths_t": 0.04305177111716621, "assists_t": 0.06321525885558583, "csscore_t": 0.8828337874659401, "teamgold_t": 70.26702997275204, "vision_score_t": 1.0278011774343536, "wards_placed_t": 0.0653950953678474, "gold_graph_diffs_t": 12.039237057220708}