{"id": "EUN1_3565108592", "lvl": 3000, "literal level": "MASTER 200 lp", "time": 1594, "solokills_t": 0.013801756587202008, "kills_t": 0.03513174404015056, "kp": 0.41692307692307695, "deaths_t": 0.035759096612296114, "assists_t": 0.03889585947302384, "csscore_t": 0.855081555834379, "teamgold_t": 67.57904642409034, "vision_score_t": 0.9135161609206509, "wards_placed_t": 0.06649937264742785, "gold_graph_diffs_t": 13.784818067754077}