{"id": "EUN1_3564404885", "lvl": 2900, "literal level": "MASTER 100 lp", "time": 1183, "solokills_t": 0.0076077768385460695, "kills_t": 0.030431107354184278, "kp": 0.42842809364548495, "deaths_t": 0.030431107354184278, "assists_t": 0.034657650042265425, "csscore_t": 0.9129332206255283, "teamgold_t": 64.65173288250212, "vision_score_t": 0.6308263204009328, "wards_placed_t": 0.049873203719357564, "gold_graph_diffs_t": 10.925612848689772}