{"id": "EUN1_3581426818", "lvl": 3400, "literal level": "MASTER 200 lp", "time": 914, "solokills_t": 0.006564551422319475, "kills_t": 0.02954048140043764, "kp": 0.45476190476190476, "deaths_t": 0.02954048140043764, "assists_t": 0.03391684901531729, "csscore_t": 0.9529540481400438, "teamgold_t": 63.437636761487965, "vision_score_t": 0.7200156692152884, "wards_placed_t": 0.05908096280087528, "gold_graph_diffs_t": 11.301969365426697}