{"id": "EUN1_3588716094", "lvl": 3300, "literal level": "MASTER 100 lp", "time": 1471, "solokills_t": 0.012236573759347382, "kills_t": 0.04758667573079538, "kp": 0.4241171403962102, "deaths_t": 0.04826648538409246, "assists_t": 0.05302515295717199, "csscore_t": 0.8422841604350781, "teamgold_t": 73.54452753229096, "vision_score_t": 0.8897121905293416, "wards_placed_t": 0.061182868796736914, "gold_graph_diffs_t": 15.994561522773623}