{"id": "EUN1_3557557002", "lvl": 3200, "literal level": "MASTER 0 lp", "time": 2097, "solokills_t": 0.009060562708631379, "kills_t": 0.04005722460658083, "kp": 0.4652777777777778, "deaths_t": 0.04005722460658083, "assists_t": 0.05340963280877444, "csscore_t": 0.8216499761564139, "teamgold_t": 68.68621840724845, "vision_score_t": 1.1228952804290109, "wards_placed_t": 0.06914639961850262, "gold_graph_diffs_t": 11.997615641392466}