{"id": "EUN1_3553918405", "lvl": 2600, "literal level": "DIAMOND II", "time": 919, "solokills_t": 0.013057671381936888, "kills_t": 0.029379760609358, "kp": 0.369047619047619, "deaths_t": 0.029379760609358, "assists_t": 0.01958650707290533, "csscore_t": 1.002176278563656, "teamgold_t": 63.637649619151254, "vision_score_t": 0.8138462920527753, "wards_placed_t": 0.06311207834602829, "gold_graph_diffs_t": 11.139281828073994}