{"id": "EUN1_3565058000", "lvl": 3200, "literal level": "MASTER 0 lp", "time": 1658, "solokills_t": 0.0048250904704463205, "kills_t": 0.040410132689987936, "kp": 0.5792380952380952, "deaths_t": 0.040410132689987936, "assists_t": 0.07720144752714113, "csscore_t": 0.8413751507840772, "teamgold_t": 69.41495778045838, "vision_score_t": 1.091432063955376, "wards_placed_t": 0.07117008443908324, "gold_graph_diffs_t": 13.8854041013269}