{"id": "EUN1_3585047893", "lvl": 3200, "literal level": "MASTER 0 lp", "time": 1395, "solokills_t": 0.007168458781362007, "kills_t": 0.043010752688172046, "kp": 0.4531139835487662, "deaths_t": 0.043010752688172046, "assists_t": 0.05448028673835126, "csscore_t": 0.9025089605734767, "teamgold_t": 70.7605734767025, "vision_score_t": 1.0129748202487878, "wards_placed_t": 0.07741935483870968, "gold_graph_diffs_t": 13.420071684587814}