{"id": "EUN1_3585689781", "lvl": 3100, "literal level": "MASTER 300 lp", "time": 1483, "solokills_t": 0.007417397167902899, "kills_t": 0.026972353337828724, "kp": 0.478021978021978, "deaths_t": 0.026972353337828724, "assists_t": 0.037761294672960216, "csscore_t": 0.9993256911665542, "teamgold_t": 66.47403910991234, "vision_score_t": 0.9120152313205601, "wards_placed_t": 0.06540795684423466, "gold_graph_diffs_t": 15.14025623735671}