{"id": "EUN1_3563461091", "lvl": 3200, "literal level": "MASTER 0 lp", "time": 1872, "solokills_t": 0.005876068376068376, "kills_t": 0.03365384615384615, "kp": 0.44282744282744274, "deaths_t": 0.03365384615384615, "assists_t": 0.041666666666666664, "csscore_t": 0.9316239316239316, "teamgold_t": 67.9017094017094, "vision_score_t": 0.9868651856696573, "wards_placed_t": 0.0625, "gold_graph_diffs_t": 11.337606837606838}