{"id": "EUN1_3574563070", "lvl": 3200, "literal level": "MASTER 0 lp", "time": 994, "solokills_t": 0.005030181086519115, "kills_t": 0.03420523138832998, "kp": 0.45480769230769236, "deaths_t": 0.03420523138832998, "assists_t": 0.04627766599597585, "csscore_t": 0.9517102615694165, "teamgold_t": 64.1830985915493, "vision_score_t": 0.9450700680905326, "wards_placed_t": 0.06438631790744467, "gold_graph_diffs_t": 10.57344064386318}