{"id": "EUN1_3588873819", "lvl": 3300, "literal level": "MASTER 100 lp", "time": 2100, "solokills_t": 0.009047619047619047, "kills_t": 0.037142857142857144, "kp": 0.4364130434782608, "deaths_t": 0.037142857142857144, "assists_t": 0.04428571428571428, "csscore_t": 0.8990476190476191, "teamgold_t": 68.66142857142857, "vision_score_t": 1.0808058782724053, "wards_placed_t": 0.06523809523809523, "gold_graph_diffs_t": 16.65}