{"id": "EUN1_3564310932", "lvl": 3200, "literal level": "MASTER 0 lp", "time": 1851, "solokills_t": 0.002701242571582928, "kills_t": 0.02215018908698001, "kp": 0.5124338624338625, "deaths_t": 0.02215018908698001, "assists_t": 0.03403565640194489, "csscore_t": 1.0151269584008644, "teamgold_t": 63.732036736898976, "vision_score_t": 1.140996921757405, "wards_placed_t": 0.08698001080497028, "gold_graph_diffs_t": 10.990815775256618}