{"id": "EUN1_3563593789", "lvl": 3000, "literal level": "MASTER 200 lp", "time": 1812, "solokills_t": 0.00717439293598234, "kills_t": 0.045805739514348784, "kp": 0.47326302729528535, "deaths_t": 0.045805739514348784, "assists_t": 0.06346578366445917, "csscore_t": 0.8807947019867549, "teamgold_t": 74.5728476821192, "vision_score_t": 0.8248283537965809, "wards_placed_t": 0.06070640176600441, "gold_graph_diffs_t": 13.096026490066226}