{"id": "EUN1_3588479862", "lvl": 3300, "literal level": "MASTER 100 lp", "time": 1548, "solokills_t": 0.003875968992248062, "kills_t": 0.0355297157622739, "kp": 0.5967492260061921, "deaths_t": 0.0355297157622739, "assists_t": 0.0710594315245478, "csscore_t": 0.9056847545219638, "teamgold_t": 67.7015503875969, "vision_score_t": 1.0672880286378974, "wards_placed_t": 0.07364341085271318, "gold_graph_diffs_t": 14.926356589147288}