{"id": "EUN1_3556442382", "lvl": 2500, "literal level": "DIAMOND III", "time": 1885, "solokills_t": 0.003183023872679045, "kills_t": 0.027055702917771884, "kp": 0.5272727272727272, "deaths_t": 0.027055702917771884, "assists_t": 0.04403183023872679, "csscore_t": 0.8710875331564987, "teamgold_t": 61.810079575596816, "vision_score_t": 1.2213669147562272, "wards_placed_t": 0.0779840848806366, "gold_graph_diffs_t": 14.276923076923078}