{"id": "EUN1_3581374421", "lvl": 3400, "literal level": "MASTER 200 lp", "time": 1892, "solokills_t": 0.0047568710359408035, "kills_t": 0.039112050739957716, "kp": 0.4937734433608402, "deaths_t": 0.039112050739957716, "assists_t": 0.05919661733615222, "csscore_t": 0.8361522198731501, "teamgold_t": 66.95084566596195, "vision_score_t": 1.0832394172152684, "wards_placed_t": 0.07716701902748414, "gold_graph_diffs_t": 16.31448202959831}