{"id": "EUN1_3559118194", "lvl": 3000, "literal level": "MASTER 200 lp", "time": 1495, "solokills_t": 0.008026755852842809, "kills_t": 0.03411371237458194, "kp": 0.4836032388663967, "deaths_t": 0.03411371237458194, "assists_t": 0.05150501672240803, "csscore_t": 0.905685618729097, "teamgold_t": 65.3505016722408, "vision_score_t": 0.9885180327312435, "wards_placed_t": 0.06688963210702341, "gold_graph_diffs_t": 10.874247491638796}