{"id": "EUN1_3575626847", "lvl": 3400, "literal level": "MASTER 200 lp", "time": 1725, "solokills_t": 0.009855072463768115, "kills_t": 0.04, "kp": 0.46060606060606063, "deaths_t": 0.04, "assists_t": 0.05217391304347826, "csscore_t": 0.9136231884057971, "teamgold_t": 70.85855072463768, "vision_score_t": 0.9630755054479302, "wards_placed_t": 0.0736231884057971, "gold_graph_diffs_t": 14.306666666666667}