{"id": "EUN1_3575632732", "lvl": 2600, "literal level": "DIAMOND II", "time": 1881, "solokills_t": 0.009037745879851143, "kills_t": 0.04093567251461988, "kp": 0.4617361111111111, "deaths_t": 0.04146730462519936, "assists_t": 0.05635300372142477, "csscore_t": 0.9027113237639554, "teamgold_t": 70.42371079213184, "vision_score_t": 0.9455723672074623, "wards_placed_t": 0.05847953216374269, "gold_graph_diffs_t": 14.65443912812334}