{"id": "EUN1_3566967731", "lvl": 2400, "literal level": "DIAMOND IV", "time": 2058, "solokills_t": 0.009718172983479106, "kills_t": 0.03498542274052478, "kp": 0.45625, "deaths_t": 0.03498542274052478, "assists_t": 0.04033041788143829, "csscore_t": 0.7842565597667639, "teamgold_t": 64.90913508260446, "vision_score_t": 0.8437056429378484, "wards_placed_t": 0.056851311953352766, "gold_graph_diffs_t": 14.380466472303207}