{"id": "EUN1_3564430191", "lvl": 2800, "literal level": "MASTER 0 lp", "time": 1482, "solokills_t": 0.008771929824561403, "kills_t": 0.03441295546558704, "kp": 0.4556818181818182, "deaths_t": 0.03441295546558704, "assists_t": 0.04588394062078273, "csscore_t": 0.8873144399460189, "teamgold_t": 65.91767881241566, "vision_score_t": 0.9498676073183401, "wards_placed_t": 0.06545209176788123, "gold_graph_diffs_t": 15.7165991902834}