{"id": "EUN1_3590527862", "lvl": 3500, "literal level": "MASTER 300 lp", "time": 1929, "solokills_t": 0.008812856402280975, "kills_t": 0.03317781233799896, "kp": 0.4478478478478479, "deaths_t": 0.03317781233799896, "assists_t": 0.04043545878693624, "csscore_t": 0.9414204250907205, "teamgold_t": 68.60082944530845, "vision_score_t": 1.197065318177061, "wards_placed_t": 0.08138932089165371, "gold_graph_diffs_t": 12.12182477967859}