{"id": "EUN1_3581103282", "lvl": 3300, "literal level": "MASTER 100 lp", "time": 1849, "solokills_t": 0.007030827474310438, "kills_t": 0.03299080584099513, "kp": 0.5494623655913978, "deaths_t": 0.03299080584099513, "assists_t": 0.0578691184424013, "csscore_t": 0.9302325581395349, "teamgold_t": 68.92374256354786, "vision_score_t": 1.0424750738575228, "wards_placed_t": 0.0730124391563007, "gold_graph_diffs_t": 13.136830719307733}