{"id": "EUN1_3587015364", "lvl": 3400, "literal level": "MASTER 200 lp", "time": 1975, "solokills_t": 0.007088607594936709, "kills_t": 0.03291139240506329, "kp": 0.5494918699186992, "deaths_t": 0.03291139240506329, "assists_t": 0.05569620253164557, "csscore_t": 0.8956962025316456, "teamgold_t": 67.00050632911392, "vision_score_t": 0.9661826724898759, "wards_placed_t": 0.0729113924050633, "gold_graph_diffs_t": 13.076455696202531}