{"id": "EUN1_3584423787", "lvl": 3200, "literal level": "MASTER 0 lp", "time": 1137, "solokills_t": 0.0079155672823219, "kills_t": 0.03781882145998241, "kp": 0.4248768472906404, "deaths_t": 0.03781882145998241, "assists_t": 0.04133685136323659, "csscore_t": 0.8944591029023746, "teamgold_t": 65.38698328935796, "vision_score_t": 0.787461308214479, "wards_placed_t": 0.05364995602462621, "gold_graph_diffs_t": 10.394898856640282}