{"id": "EUN1_3562038973", "lvl": 3200, "literal level": "MASTER 0 lp", "time": 1575, "solokills_t": 0.0044444444444444444, "kills_t": 0.027301587301587302, "kp": 0.43806818181818186, "deaths_t": 0.027301587301587302, "assists_t": 0.03746031746031746, "csscore_t": 0.8146031746031746, "teamgold_t": 61.154920634920636, "vision_score_t": 0.9704803004123033, "wards_placed_t": 0.06476190476190476, "gold_graph_diffs_t": 14.024761904761904}