{"id": "EUN1_3572380108", "lvl": 3300, "literal level": "MASTER 100 lp", "time": 1371, "solokills_t": 0.002188183807439825, "kills_t": 0.019693654266958426, "kp": 0.5582352941176469, "deaths_t": 0.019693654266958426, "assists_t": 0.03574033552151714, "csscore_t": 0.9664478482859227, "teamgold_t": 62.66301969365427, "vision_score_t": 0.9006251604019673, "wards_placed_t": 0.06272793581327499, "gold_graph_diffs_t": 12.909555069292487}