{"id": "EUN1_3578367853", "lvl": 3400, "literal level": "MASTER 200 lp", "time": 1564, "solokills_t": 0.010230179028132993, "kills_t": 0.043478260869565216, "kp": 0.4639613526570049, "deaths_t": 0.043478260869565216, "assists_t": 0.058823529411764705, "csscore_t": 0.9245524296675192, "teamgold_t": 71.14002557544757, "vision_score_t": 0.8081552149321245, "wards_placed_t": 0.061381074168797956, "gold_graph_diffs_t": 13.218030690537084}