{"id": "EUN1_3585127594", "lvl": 2900, "literal level": "MASTER 100 lp", "time": 2136, "solokills_t": 0.013576779026217229, "kills_t": 0.03698501872659176, "kp": 0.42228682170542636, "deaths_t": 0.03698501872659176, "assists_t": 0.04119850187265917, "csscore_t": 0.8127340823970037, "teamgold_t": 67.88249063670412, "vision_score_t": 0.9565558192227097, "wards_placed_t": 0.05664794007490637, "gold_graph_diffs_t": 12.14747191011236}