{"id": "EUN1_3590095086", "lvl": 3200, "literal level": "MASTER 0 lp", "time": 1432, "solokills_t": 0.004888268156424581, "kills_t": 0.036312849162011177, "kp": 0.45902777777777776, "deaths_t": 0.036312849162011177, "assists_t": 0.05027932960893855, "csscore_t": 0.8659217877094972, "teamgold_t": 68.97765363128492, "vision_score_t": 0.8659002390183697, "wards_placed_t": 0.06564245810055866, "gold_graph_diffs_t": 11.166201117318435}