{"id": "EUN1_3578674661", "lvl": 3300, "literal level": "MASTER 100 lp", "time": 930, "solokills_t": 0.013978494623655914, "kills_t": 0.046236559139784944, "kp": 0.36273148148148143, "deaths_t": 0.046236559139784944, "assists_t": 0.03763440860215054, "csscore_t": 0.8451612903225807, "teamgold_t": 70.94623655913979, "vision_score_t": 0.5738511433817498, "wards_placed_t": 0.04408602150537634, "gold_graph_diffs_t": 18.159139784946237}