{"id": "EUN1_3582045749", "lvl": 3300, "literal level": "MASTER 100 lp", "time": 1600, "solokills_t": 0.00875, "kills_t": 0.031875, "kp": 0.47916666666666663, "deaths_t": 0.031875, "assists_t": 0.045, "csscore_t": 0.8775, "teamgold_t": 63.994375, "vision_score_t": 1.0759015615130607, "wards_placed_t": 0.074375, "gold_graph_diffs_t": 12.913125}