{"id": "EUN1_3559851381", "lvl": 3300, "literal level": "MASTER 100 lp", "time": 911, "solokills_t": 0.008781558726673985, "kills_t": 0.03402854006586169, "kp": 0.44904761904761903, "deaths_t": 0.03402854006586169, "assists_t": 0.04171240395170143, "csscore_t": 0.9187705817782656, "teamgold_t": 63.56970362239297, "vision_score_t": 0.7680152577149538, "wards_placed_t": 0.050493962678375415, "gold_graph_diffs_t": 9.576289791437981}