{"id": "EUN1_3576342896", "lvl": 3200, "literal level": "MASTER 0 lp", "time": 1440, "solokills_t": 0.011111111111111112, "kills_t": 0.03333333333333333, "kp": 0.41263157894736846, "deaths_t": 0.03333333333333333, "assists_t": 0.034722222222222224, "csscore_t": 0.85625, "teamgold_t": 61.77013888888889, "vision_score_t": 0.8826864985375685, "wards_placed_t": 0.058333333333333334, "gold_graph_diffs_t": 13.98125}