{"id": "EUN1_3574271983", "lvl": 2600, "literal level": "DIAMOND II", "time": 1579, "solokills_t": 0.004433185560481318, "kills_t": 0.03609879670677644, "kp": 0.5200757575757577, "deaths_t": 0.03609879670677644, "assists_t": 0.059531348955034834, "csscore_t": 0.792273590880304, "teamgold_t": 66.27549081697276, "vision_score_t": 0.8777423585687814, "wards_placed_t": 0.05889803673210893, "gold_graph_diffs_t": 15.13426219126029}