{"id": "EUN1_3588146393", "lvl": 3300, "literal level": "MASTER 100 lp", "time": 1963, "solokills_t": 0.009169638308711156, "kills_t": 0.043301069791136015, "kp": 0.5376819708846584, "deaths_t": 0.043301069791136015, "assists_t": 0.07131940906775344, "csscore_t": 0.7620988283239939, "teamgold_t": 68.49414161996944, "vision_score_t": 1.1215375205155744, "wards_placed_t": 0.06775343861436577, "gold_graph_diffs_t": 14.037697401935812}