{"id": "EUN1_3564454441", "lvl": 3100, "literal level": "MASTER 300 lp", "time": 1852, "solokills_t": 0.01079913606911447, "kills_t": 0.038876889848812095, "kp": 0.4518518518518519, "deaths_t": 0.038876889848812095, "assists_t": 0.047516198704103674, "csscore_t": 0.9298056155507559, "teamgold_t": 69.0048596112311, "vision_score_t": 1.0228867466607006, "wards_placed_t": 0.0734341252699784, "gold_graph_diffs_t": 12.408747300215984}