{"id": "EUN1_3575822689", "lvl": 2800, "literal level": "MASTER 0 lp", "time": 1942, "solokills_t": 0.005664263645726055, "kills_t": 0.03038105046343975, "kp": 0.4189223057644111, "deaths_t": 0.03038105046343975, "assists_t": 0.0345005149330587, "csscore_t": 0.8558187435633368, "teamgold_t": 66.31771369721936, "vision_score_t": 1.1016471257793856, "wards_placed_t": 0.07929969104016478, "gold_graph_diffs_t": 11.22193614830072}