{"id": "EUN1_3585001506", "lvl": 3100, "literal level": "MASTER 300 lp", "time": 917, "solokills_t": 0.010905125408942203, "kills_t": 0.03380588876772083, "kp": 0.3982142857142857, "deaths_t": 0.03380588876772083, "assists_t": 0.03598691384950927, "csscore_t": 0.9531079607415486, "teamgold_t": 65.35114503816794, "vision_score_t": 0.9289961349979748, "wards_placed_t": 0.06324972737186478, "gold_graph_diffs_t": 13.599781897491821}