{"id": "EUN1_3577164922", "lvl": 3300, "literal level": "MASTER 100 lp", "time": 1922, "solokills_t": 0.0036420395421436005, "kills_t": 0.030697190426638918, "kp": 0.5516666666666666, "deaths_t": 0.030697190426638918, "assists_t": 0.053069719042663895, "csscore_t": 0.880853277835588, "teamgold_t": 66.3309053069719, "vision_score_t": 1.0905676050799495, "wards_placed_t": 0.07440166493236212, "gold_graph_diffs_t": 14.160249739854319}