{"id": "EUN1_3587019210", "lvl": 3500, "literal level": "MASTER 300 lp", "time": 2175, "solokills_t": 0.0036781609195402297, "kills_t": 0.033563218390804596, "kp": 0.5684380032206119, "deaths_t": 0.033563218390804596, "assists_t": 0.06206896551724138, "csscore_t": 0.8873563218390804, "teamgold_t": 66.90620689655172, "vision_score_t": 1.1401178355601542, "wards_placed_t": 0.07402298850574712, "gold_graph_diffs_t": 13.274942528735632}