{"id": "EUN1_3556405461", "lvl": 2700, "literal level": "DIAMOND I", "time": 1522, "solokills_t": 0.00985545335085414, "kills_t": 0.04204993429697766, "kp": 0.46046046046046046, "deaths_t": 0.04204993429697766, "assists_t": 0.056504599211563734, "csscore_t": 0.8731931668856767, "teamgold_t": 72.38896189224704, "vision_score_t": 0.9107118777944103, "wards_placed_t": 0.0683311432325887, "gold_graph_diffs_t": 12.463863337713535}