{"id": "EUN1_3588025679", "lvl": 3400, "literal level": "MASTER 200 lp", "time": 1574, "solokills_t": 0.005717916137229987, "kills_t": 0.041296060991105464, "kp": 0.5226053639846744, "deaths_t": 0.041296060991105464, "assists_t": 0.06734434561626429, "csscore_t": 0.9822109275730623, "teamgold_t": 73.67598475222363, "vision_score_t": 0.9330609637963351, "wards_placed_t": 0.06607369758576874, "gold_graph_diffs_t": 14.524777636594663}