{"id": "EUN1_3585176353", "lvl": 3100, "literal level": "MASTER 300 lp", "time": 1946, "solokills_t": 0.011305241521068859, "kills_t": 0.04367934224049332, "kp": 0.4248866213151928, "deaths_t": 0.04367934224049332, "assists_t": 0.050873586844809866, "csscore_t": 0.8597122302158273, "teamgold_t": 71.13360739979446, "vision_score_t": 1.1378261131063812, "wards_placed_t": 0.06885919835560124, "gold_graph_diffs_t": 14.276464542651594}