{"id": "EUN1_3585577906", "lvl": 3400, "literal level": "MASTER 200 lp", "time": 1008, "solokills_t": 0.005952380952380952, "kills_t": 0.026785714285714284, "kp": 0.4, "deaths_t": 0.026785714285714284, "assists_t": 0.026785714285714284, "csscore_t": 0.9236111111111112, "teamgold_t": 62.98710317460318, "vision_score_t": 0.7132670234964629, "wards_placed_t": 0.054563492063492064, "gold_graph_diffs_t": 9.52281746031746}