{"id": "EUN1_3583842915", "lvl": 3600, "literal level": "MASTER 0 lp", "time": 1947, "solokills_t": 0.005136106831022085, "kills_t": 0.030816640986132512, "kp": 0.49485714285714283, "deaths_t": 0.030816640986132512, "assists_t": 0.046224961479198766, "csscore_t": 0.9661016949152542, "teamgold_t": 68.84488957370313, "vision_score_t": 1.0736271131236421, "wards_placed_t": 0.0724191063174114, "gold_graph_diffs_t": 11.109912686183872}