{"id": "EUN1_3580030580", "lvl": 3200, "literal level": "MASTER 0 lp", "time": 1119, "solokills_t": 0.002680965147453083, "kills_t": 0.03932082216264522, "kp": 0.5347619047619048, "deaths_t": 0.03932082216264522, "assists_t": 0.06523681858802502, "csscore_t": 0.8802502234137622, "teamgold_t": 69.77122430741734, "vision_score_t": 0.6648930344590925, "wards_placed_t": 0.05183199285075961, "gold_graph_diffs_t": 15.279714030384271}