{"id": "EUN1_3564172555", "lvl": 3100, "literal level": "MASTER 300 lp", "time": 1803, "solokills_t": 0.003882418191902385, "kills_t": 0.024403771491957847, "kp": 0.5218947368421053, "deaths_t": 0.024403771491957847, "assists_t": 0.03937881308929562, "csscore_t": 0.9439822518025514, "teamgold_t": 63.445923460898506, "vision_score_t": 0.9861055458200865, "wards_placed_t": 0.06655574043261231, "gold_graph_diffs_t": 12.201331114808653}