{"id": "EUN1_3585997736", "lvl": 3200, "literal level": "MASTER 0 lp", "time": 919, "solokills_t": 0.007616974972796518, "kills_t": 0.028291621327529923, "kp": 0.4447619047619048, "deaths_t": 0.028291621327529923, "assists_t": 0.031556039173014146, "csscore_t": 0.8879216539717084, "teamgold_t": 61.46245919477693, "vision_score_t": 0.719115934794886, "wards_placed_t": 0.046789989118607184, "gold_graph_diffs_t": 13.921653971708379}