{"id": "EUN1_3564382988", "lvl": 3300, "literal level": "MASTER 100 lp", "time": 1932, "solokills_t": 0.009316770186335404, "kills_t": 0.03674948240165631, "kp": 0.44499178981937604, "deaths_t": 0.03674948240165631, "assists_t": 0.04606625258799172, "csscore_t": 0.8566252587991718, "teamgold_t": 69.67339544513457, "vision_score_t": 1.1767929064286762, "wards_placed_t": 0.07505175983436853, "gold_graph_diffs_t": 15.685817805383023}