{"id": "EUN1_3579014515", "lvl": 3300, "literal level": "MASTER 100 lp", "time": 1881, "solokills_t": 0.007442849548112706, "kills_t": 0.03615098351940457, "kp": 0.5263775971093043, "deaths_t": 0.03615098351940457, "assists_t": 0.05901116427432217, "csscore_t": 0.8697501329080276, "teamgold_t": 65.95002658160553, "vision_score_t": 1.0466534083827779, "wards_placed_t": 0.06539074960127592, "gold_graph_diffs_t": 13.935140882509303}