{"id": "EUN1_3566984919", "lvl": 2400, "literal level": "DIAMOND IV", "time": 1789, "solokills_t": 0.005589714924538848, "kills_t": 0.03409726103968697, "kp": 0.46036036036036043, "deaths_t": 0.03409726103968697, "assists_t": 0.044158747903856904, "csscore_t": 1.0027948574622694, "teamgold_t": 72.39016210173281, "vision_score_t": 1.0059271006364148, "wards_placed_t": 0.07098937954164337, "gold_graph_diffs_t": 12.541084404695361}