{"id": "EUN1_3573232137", "lvl": 3100, "literal level": "MASTER 300 lp", "time": 943, "solokills_t": 0.008483563096500531, "kills_t": 0.033934252386002124, "kp": 0.38461538461538464, "deaths_t": 0.033934252386002124, "assists_t": 0.031813361611876985, "csscore_t": 0.9130434782608695, "teamgold_t": 63.30328738069989, "vision_score_t": 0.8243272721389818, "wards_placed_t": 0.060445387062566275, "gold_graph_diffs_t": 12.605514316012725}