{"id": "EUN1_3577391743", "lvl": 3300, "literal level": "MASTER 100 lp", "time": 2508, "solokills_t": 0.006379585326953748, "kills_t": 0.02751196172248804, "kp": 0.470899470899471, "deaths_t": 0.02751196172248804, "assists_t": 0.03827751196172249, "csscore_t": 0.9055023923444976, "teamgold_t": 67.35007974481658, "vision_score_t": 1.2201259716800417, "wards_placed_t": 0.08133971291866028, "gold_graph_diffs_t": 14.066985645933014}