{"id": "EUN1_3579066629", "lvl": 3200, "literal level": "MASTER 0 lp", "time": 1581, "solokills_t": 0.006325110689437065, "kills_t": 0.03289057558507274, "kp": 0.4928571428571429, "deaths_t": 0.03289057558507274, "assists_t": 0.048703352308665404, "csscore_t": 0.900695762175838, "teamgold_t": 66.30740037950665, "vision_score_t": 1.0205106554777483, "wards_placed_t": 0.06641366223908918, "gold_graph_diffs_t": 12.091081593927894}