{"id": "EUN1_3581776424", "lvl": 3500, "literal level": "MASTER 300 lp", "time": 1101, "solokills_t": 0.008174386920980926, "kills_t": 0.025431425976385105, "kp": 0.47192982456140353, "deaths_t": 0.025431425976385105, "assists_t": 0.03178928247048138, "csscore_t": 0.9300635785649409, "teamgold_t": 62.13533151680291, "vision_score_t": 0.8586964670599393, "wards_placed_t": 0.06085376930063579, "gold_graph_diffs_t": 10.812897366030882}