{"id": "EUN1_3559044776", "lvl": 3200, "literal level": "MASTER 0 lp", "time": 1576, "solokills_t": 0.005076142131979695, "kills_t": 0.027918781725888325, "kp": 0.5080357142857143, "deaths_t": 0.027918781725888325, "assists_t": 0.04187817258883249, "csscore_t": 0.9822335025380711, "teamgold_t": 70.26078680203045, "vision_score_t": 0.9393925976958737, "wards_placed_t": 0.07677664974619289, "gold_graph_diffs_t": 18.152918781725887}