{"id": "EUN1_3581234782", "lvl": 3300, "literal level": "MASTER 100 lp", "time": 1382, "solokills_t": 0.007959479015918957, "kills_t": 0.03545586107091172, "kp": 0.4391228070175438, "deaths_t": 0.03545586107091172, "assists_t": 0.0426917510853835, "csscore_t": 0.9442836468885673, "teamgold_t": 69.71490593342982, "vision_score_t": 0.8465719176282432, "wards_placed_t": 0.05788712011577424, "gold_graph_diffs_t": 15.829232995658465}