{"id": "EUN1_3559801435", "lvl": 2600, "literal level": "DIAMOND II", "time": 1536, "solokills_t": 0.009765625, "kills_t": 0.033203125, "kp": 0.4316614420062696, "deaths_t": 0.033854166666666664, "assists_t": 0.037109375, "csscore_t": 0.9479166666666666, "teamgold_t": 68.78841145833333, "vision_score_t": 0.8043837457114101, "wards_placed_t": 0.0546875, "gold_graph_diffs_t": 14.208984375}