{"id": "EUN1_3566308195", "lvl": 3000, "literal level": "MASTER 200 lp", "time": 1750, "solokills_t": 0.008, "kills_t": 0.046857142857142854, "kp": 0.5212820512820513, "deaths_t": 0.046857142857142854, "assists_t": 0.072, "csscore_t": 0.8131428571428572, "teamgold_t": 72.75257142857143, "vision_score_t": 0.8422116422891854, "wards_placed_t": 0.052, "gold_graph_diffs_t": 14.854285714285714}