{"id": "EUN1_3579003458", "lvl": 3200, "literal level": "MASTER 0 lp", "time": 1566, "solokills_t": 0.009578544061302681, "kills_t": 0.031289910600255426, "kp": 0.4632882882882884, "deaths_t": 0.032567049808429116, "assists_t": 0.03959131545338442, "csscore_t": 0.8997445721583652, "teamgold_t": 65.87484035759898, "vision_score_t": 1.0150561056657335, "wards_placed_t": 0.06704980842911877, "gold_graph_diffs_t": 13.551724137931034}