{"id": "EUN1_3583833115", "lvl": 3600, "literal level": "MASTER 0 lp", "time": 1571, "solokills_t": 0.006365372374283896, "kills_t": 0.030553787396562698, "kp": 0.4928571428571429, "deaths_t": 0.030553787396562698, "assists_t": 0.04519414385741566, "csscore_t": 0.9853596435391471, "teamgold_t": 68.71164863144494, "vision_score_t": 0.9896124082084465, "wards_placed_t": 0.06301718650541056, "gold_graph_diffs_t": 14.813494589433482}