{"id": "EUN1_3557601767", "lvl": 3000, "literal level": "MASTER 200 lp", "time": 1664, "solokills_t": 0.004206730769230769, "kills_t": 0.026442307692307692, "kp": 0.5418219461697722, "deaths_t": 0.026442307692307692, "assists_t": 0.045072115384615384, "csscore_t": 0.9465144230769231, "teamgold_t": 64.9248798076923, "vision_score_t": 1.0314226026133977, "wards_placed_t": 0.06911057692307693, "gold_graph_diffs_t": 12.962139423076923}