{"id": "EUN1_3586005884", "lvl": 3200, "literal level": "MASTER 0 lp", "time": 1537, "solokills_t": 0.0071567989590110605, "kills_t": 0.029277813923227064, "kp": 0.4733201581027669, "deaths_t": 0.029277813923227064, "assists_t": 0.039687703318152245, "csscore_t": 0.8978529603122967, "teamgold_t": 63.98828887443071, "vision_score_t": 1.078567657299595, "wards_placed_t": 0.07091737150292778, "gold_graph_diffs_t": 13.050097592713078}