{"id": "EUN1_3587127338", "lvl": 3300, "literal level": "MASTER 100 lp", "time": 2129, "solokills_t": 0.006575857209957727, "kills_t": 0.0371066228276186, "kp": 0.5570487483530963, "deaths_t": 0.0371066228276186, "assists_t": 0.06622827618600281, "csscore_t": 0.8294974166275246, "teamgold_t": 67.98168154062941, "vision_score_t": 1.159213765906123, "wards_placed_t": 0.07468294974166276, "gold_graph_diffs_t": 11.487552841709723}