{"id": "EUN1_3550131600", "lvl": 2500, "literal level": "DIAMOND III", "time": 1639, "solokills_t": 0.006711409395973154, "kills_t": 0.04270896888346553, "kp": 0.4755383290267011, "deaths_t": 0.04270896888346553, "assists_t": 0.056741915802318486, "csscore_t": 0.8676021964612569, "teamgold_t": 72.45576571079927, "vision_score_t": 0.9579337826633967, "wards_placed_t": 0.05979255643685174, "gold_graph_diffs_t": 13.643075045759609}