{"id": "EUN1_3581334004", "lvl": 3400, "literal level": "MASTER 200 lp", "time": 1897, "solokills_t": 0.005798629414865577, "kills_t": 0.03900896151818661, "kp": 0.5145962732919254, "deaths_t": 0.03900896151818661, "assists_t": 0.06273062730627306, "csscore_t": 0.8903531892461781, "teamgold_t": 69.37954665260938, "vision_score_t": 1.0663831217249116, "wards_placed_t": 0.06273062730627306, "gold_graph_diffs_t": 14.873484449130206}