{"id": "EUN1_3549789377", "lvl": 2800, "literal level": "MASTER 0 lp", "time": 1468, "solokills_t": 0.004768392370572207, "kills_t": 0.03201634877384196, "kp": 0.47619047619047616, "deaths_t": 0.0326975476839237, "assists_t": 0.04495912806539509, "csscore_t": 0.9495912806539509, "teamgold_t": 69.17098092643052, "vision_score_t": 0.9099508896799937, "wards_placed_t": 0.0653950953678474, "gold_graph_diffs_t": 16.154632152588555}