{"id": "EUN1_3587683464", "lvl": 3100, "literal level": "MASTER 300 lp", "time": 1688, "solokills_t": 0.012440758293838863, "kills_t": 0.05924170616113744, "kp": 0.47467532467532464, "deaths_t": 0.05924170616113744, "assists_t": 0.08175355450236967, "csscore_t": 0.7784360189573459, "teamgold_t": 77.29087677725119, "vision_score_t": 0.946010511288849, "wards_placed_t": 0.06575829383886256, "gold_graph_diffs_t": 13.906990521327014}