{"id": "EUN1_3572153671", "lvl": 3000, "literal level": "MASTER 200 lp", "time": 1056, "solokills_t": 0.00946969696969697, "kills_t": 0.02556818181818182, "kp": 0.36904761904761907, "deaths_t": 0.02556818181818182, "assists_t": 0.021780303030303032, "csscore_t": 0.9554924242424242, "teamgold_t": 58.21401515151515, "vision_score_t": 0.7698191476039968, "wards_placed_t": 0.056818181818181816, "gold_graph_diffs_t": 10.967803030303031}