{"id": "EUN1_3563025818", "lvl": 2700, "literal level": "DIAMOND I", "time": 2183, "solokills_t": 0.005955107650022904, "kills_t": 0.03389830508474576, "kp": 0.5512087912087913, "deaths_t": 0.03389830508474576, "assists_t": 0.05955107650022904, "csscore_t": 1.0142006413192854, "teamgold_t": 71.30371049015116, "vision_score_t": 0.9247888071878767, "wards_placed_t": 0.060467246907924876, "gold_graph_diffs_t": 17.45945945945946}