{"id": "EUN1_3586966360", "lvl": 3200, "literal level": "MASTER 0 lp", "time": 1960, "solokills_t": 0.013265306122448979, "kills_t": 0.04081632653061224, "kp": 0.4098412698412698, "deaths_t": 0.04081632653061224, "assists_t": 0.04336734693877551, "csscore_t": 0.9270408163265306, "teamgold_t": 72.64948979591837, "vision_score_t": 1.1983511620154048, "wards_placed_t": 0.07653061224489796, "gold_graph_diffs_t": 16.293367346938776}