{"id": "EUN1_3567267447", "lvl": 2500, "literal level": "DIAMOND III", "time": 1379, "solokills_t": 0.014503263234227702, "kills_t": 0.03770848440899202, "kp": 0.4133333333333334, "deaths_t": 0.03770848440899202, "assists_t": 0.03480783176214648, "csscore_t": 0.9144307469180566, "teamgold_t": 68.49021029731689, "vision_score_t": 0.8559819574274556, "wards_placed_t": 0.05728788977519942, "gold_graph_diffs_t": 14.976069615663524}