{"id": "EUN1_3586641592", "lvl": 3300, "literal level": "MASTER 100 lp", "time": 1664, "solokills_t": 0.008413461538461538, "kills_t": 0.025841346153846152, "kp": 0.39523809523809517, "deaths_t": 0.025841346153846152, "assists_t": 0.027644230769230768, "csscore_t": 1.0036057692307692, "teamgold_t": 63.48317307692308, "vision_score_t": 0.8078130837325179, "wards_placed_t": 0.051682692307692304, "gold_graph_diffs_t": 11.820913461538462}