{"id": "EUN1_3549669571", "lvl": 2900, "literal level": "MASTER 100 lp", "time": 1785, "solokills_t": 0.0061624649859943975, "kills_t": 0.02969187675070028, "kp": 0.4348973607038123, "deaths_t": 0.02969187675070028, "assists_t": 0.03529411764705882, "csscore_t": 0.9366946778711485, "teamgold_t": 65.40672268907564, "vision_score_t": 1.2131693260428265, "wards_placed_t": 0.08347338935574229, "gold_graph_diffs_t": 10.378151260504202}