{"id": "EUN1_3575959077", "lvl": 3200, "literal level": "MASTER 0 lp", "time": 1917, "solokills_t": 0.0026082420448617634, "kills_t": 0.028690662493479395, "kp": 0.5644257703081232, "deaths_t": 0.029212310902451747, "assists_t": 0.05268648930620762, "csscore_t": 0.9238393322900366, "teamgold_t": 66.7678664580073, "vision_score_t": 1.1340028713946795, "wards_placed_t": 0.06990088680229525, "gold_graph_diffs_t": 14.147104851330203}