{"id": "EUN1_3587640087", "lvl": 3300, "literal level": "MASTER 100 lp", "time": 1849, "solokills_t": 0.007030827474310438, "kills_t": 0.025959978366684695, "kp": 0.49947089947089945, "deaths_t": 0.025959978366684695, "assists_t": 0.03677663601946998, "csscore_t": 1.0789616008653327, "teamgold_t": 68.61546782044348, "vision_score_t": 1.0112530539358755, "wards_placed_t": 0.06814494321254733, "gold_graph_diffs_t": 12.250946457544618}