{"id": "EUN1_3553482270", "lvl": 3000, "literal level": "MASTER 200 lp", "time": 1433, "solokills_t": 0.00628053035589672, "kills_t": 0.02721563154221912, "kp": 0.5258152173913043, "deaths_t": 0.02721563154221912, "assists_t": 0.044661549197487785, "csscore_t": 0.9832519190509421, "teamgold_t": 67.19050942079554, "vision_score_t": 0.9006615417066687, "wards_placed_t": 0.062107466852756456, "gold_graph_diffs_t": 10.92393579902303}