{"id": "EUN1_3549648939", "lvl": 2800, "literal level": "MASTER 0 lp", "time": 1668, "solokills_t": 0.005995203836930456, "kills_t": 0.02997601918465228, "kp": 0.5580952380952381, "deaths_t": 0.02997601918465228, "assists_t": 0.050359712230215826, "csscore_t": 0.8794964028776978, "teamgold_t": 65.67146282973621, "vision_score_t": 0.9686024171056171, "wards_placed_t": 0.0683453237410072, "gold_graph_diffs_t": 11.613908872901678}