{"id": "EUN1_3566360625", "lvl": 3400, "literal level": "MASTER 200 lp", "time": 1540, "solokills_t": 0.014285714285714285, "kills_t": 0.05454545454545454, "kp": 0.43148148148148147, "deaths_t": 0.05454545454545454, "assists_t": 0.06298701298701298, "csscore_t": 0.8837662337662338, "teamgold_t": 76.80584415584416, "vision_score_t": 1.1625992864276093, "wards_placed_t": 0.07727272727272727, "gold_graph_diffs_t": 15.187662337662339}