{"id": "EUN1_3581085539", "lvl": 3200, "literal level": "MASTER 0 lp", "time": 1546, "solokills_t": 0.009055627425614488, "kills_t": 0.04204398447606727, "kp": 0.4664717348927875, "deaths_t": 0.04204398447606727, "assists_t": 0.05627425614489004, "csscore_t": 0.9269081500646831, "teamgold_t": 69.27490297542045, "vision_score_t": 0.9856870194583586, "wards_placed_t": 0.06597671410090557, "gold_graph_diffs_t": 14.822121604139715}