{"id": "EUN1_3586919526", "lvl": 3400, "literal level": "MASTER 200 lp", "time": 2010, "solokills_t": 0.009950248756218905, "kills_t": 0.039303482587064675, "kp": 0.5002597402597402, "deaths_t": 0.039303482587064675, "assists_t": 0.059203980099502486, "csscore_t": 0.9263681592039801, "teamgold_t": 71.23731343283582, "vision_score_t": 1.1415906886643659, "wards_placed_t": 0.08009950248756219, "gold_graph_diffs_t": 13.551741293532338}