{"id": "EUN1_3573114495", "lvl": 3400, "literal level": "MASTER 200 lp", "time": 1996, "solokills_t": 0.005511022044088177, "kills_t": 0.0435871743486974, "kp": 0.5102693602693603, "deaths_t": 0.0435871743486974, "assists_t": 0.06513026052104208, "csscore_t": 0.8396793587174348, "teamgold_t": 71.0435871743487, "vision_score_t": 0.9436636337717454, "wards_placed_t": 0.0656312625250501, "gold_graph_diffs_t": 15.418336673346694}