{"id": "EUN1_3589579008", "lvl": 3400, "literal level": "MASTER 200 lp", "time": 1592, "solokills_t": 0.008165829145728644, "kills_t": 0.03329145728643216, "kp": 0.4568627450980392, "deaths_t": 0.03329145728643216, "assists_t": 0.04334170854271357, "csscore_t": 0.8618090452261307, "teamgold_t": 63.92399497487437, "vision_score_t": 1.003554108331186, "wards_placed_t": 0.06281407035175879, "gold_graph_diffs_t": 15.01821608040201}