{"id": "EUN1_3564606732", "lvl": 2900, "literal level": "MASTER 100 lp", "time": 1909, "solokills_t": 0.003666841278156103, "kills_t": 0.028810895756940808, "kp": 0.5226890756302521, "deaths_t": 0.028810895756940808, "assists_t": 0.04871660555264536, "csscore_t": 0.9565217391304348, "teamgold_t": 67.54164484023049, "vision_score_t": 1.044802738433359, "wards_placed_t": 0.07019381875327396, "gold_graph_diffs_t": 10.8889470927187}