{"id": "EUN1_3585169260", "lvl": 3000, "literal level": "MASTER 200 lp", "time": 1749, "solokills_t": 0.008004574042309892, "kills_t": 0.030874785591766724, "kp": 0.4757142857142857, "deaths_t": 0.030874785591766724, "assists_t": 0.04288164665523156, "csscore_t": 0.9273870783304745, "teamgold_t": 66.66609491137793, "vision_score_t": 0.9056193994165834, "wards_placed_t": 0.06403659233847914, "gold_graph_diffs_t": 13.915951972555746}