{"id": "EUN1_3567117202", "lvl": 2700, "literal level": "DIAMOND I", "time": 1655, "solokills_t": 0.00906344410876133, "kills_t": 0.03625377643504532, "kp": 0.44761904761904764, "deaths_t": 0.03625377643504532, "assists_t": 0.04108761329305136, "csscore_t": 0.9178247734138972, "teamgold_t": 70.00785498489427, "vision_score_t": 1.0048786222403823, "wards_placed_t": 0.06767371601208459, "gold_graph_diffs_t": 12.775226586102718}