{"id": "EUN1_3567101088", "lvl": 2700, "literal level": "DIAMOND I", "time": 1523, "solokills_t": 0.010505581089954037, "kills_t": 0.028890347997373604, "kp": 0.39379310344827584, "deaths_t": 0.02954694681549573, "assists_t": 0.02954694681549573, "csscore_t": 0.7826657912015759, "teamgold_t": 60.766250820748525, "vision_score_t": 0.9342349334761273, "wards_placed_t": 0.066973079448457, "gold_graph_diffs_t": 11.52790544977019}