{"id": "EUN1_3576457010", "lvl": 3200, "literal level": "MASTER 0 lp", "time": 2025, "solokills_t": 0.013333333333333334, "kills_t": 0.04049382716049383, "kp": 0.4231249999999999, "deaths_t": 0.04098765432098765, "assists_t": 0.045925925925925926, "csscore_t": 0.9634567901234568, "teamgold_t": 74.97432098765432, "vision_score_t": 1.0828316777130846, "wards_placed_t": 0.08148148148148149, "gold_graph_diffs_t": 16.58222222222222}