{"id": "EUN1_3576001506", "lvl": 3100, "literal level": "MASTER 300 lp", "time": 1753, "solokills_t": 0.005704506560182544, "kills_t": 0.03194523673702225, "kp": 0.5155080213903743, "deaths_t": 0.032515687393040504, "assists_t": 0.052481460353679406, "csscore_t": 0.9207073588134627, "teamgold_t": 67.5407872219053, "vision_score_t": 1.3249643781226303, "wards_placed_t": 0.08784940102681119, "gold_graph_diffs_t": 16.161437535653167}