{"id": "EUN1_3585735189", "lvl": 3200, "literal level": "MASTER 0 lp", "time": 1654, "solokills_t": 0.007859733978234583, "kills_t": 0.03990326481257558, "kp": 0.4915207373271889, "deaths_t": 0.03990326481257558, "assists_t": 0.058645707376058044, "csscore_t": 0.871825876662636, "teamgold_t": 69.96493349455865, "vision_score_t": 1.2105294773165582, "wards_placed_t": 0.08706166868198308, "gold_graph_diffs_t": 10.106408706166869}