{"id": "EUN1_3565097607", "lvl": 2500, "literal level": "DIAMOND III", "time": 2019, "solokills_t": 0.010896483407627538, "kills_t": 0.03566121842496285, "kp": 0.45757818765036085, "deaths_t": 0.03615651312530956, "assists_t": 0.04457652303120357, "csscore_t": 0.9177810797424467, "teamgold_t": 67.08370480435859, "vision_score_t": 1.0853240428026396, "wards_placed_t": 0.06042595344229817, "gold_graph_diffs_t": 10.109955423476968}