{"id": "EUN1_3566995788", "lvl": 2700, "literal level": "DIAMOND I", "time": 2393, "solokills_t": 0.0071040534893439195, "kills_t": 0.03343083994985374, "kp": 0.537142857142857, "deaths_t": 0.03384872544922691, "assists_t": 0.056832427914751356, "csscore_t": 0.8921855411617217, "teamgold_t": 69.68700376096949, "vision_score_t": 1.1449824110890154, "wards_placed_t": 0.07772670288340995, "gold_graph_diffs_t": 16.498537400752195}