{"id": "EUN1_3582153694", "lvl": 3200, "literal level": "MASTER 0 lp", "time": 1570, "solokills_t": 0.015286624203821656, "kills_t": 0.04267515923566879, "kp": 0.35503663003663005, "deaths_t": 0.04267515923566879, "assists_t": 0.03375796178343949, "csscore_t": 0.943312101910828, "teamgold_t": 72.64394904458598, "vision_score_t": 0.9596678566765764, "wards_placed_t": 0.07834394904458598, "gold_graph_diffs_t": 18.168789808917197}