{"id": "EUN1_3590452364", "lvl": 3200, "literal level": "MASTER 0 lp", "time": 1543, "solokills_t": 0.007128969539857421, "kills_t": 0.04212572909915749, "kp": 0.5152380952380952, "deaths_t": 0.04212572909915749, "assists_t": 0.06740116655865197, "csscore_t": 0.9351911860012961, "teamgold_t": 73.60855476344783, "vision_score_t": 0.8936816899093187, "wards_placed_t": 0.05832793259883344, "gold_graph_diffs_t": 12.974724562540505}