{"id": "EUN1_3589948565", "lvl": 3300, "literal level": "MASTER 100 lp", "time": 1354, "solokills_t": 0.005908419497784343, "kills_t": 0.03323485967503693, "kp": 0.47333333333333333, "deaths_t": 0.03323485967503693, "assists_t": 0.047267355982274745, "csscore_t": 0.9254062038404727, "teamgold_t": 67.29320531757755, "vision_score_t": 0.964027308506372, "wards_placed_t": 0.07385524372230429, "gold_graph_diffs_t": 14.318316100443132}