{"id": "EUN1_3578881235", "lvl": 3400, "literal level": "MASTER 200 lp", "time": 1122, "solokills_t": 0.0053475935828877, "kills_t": 0.030303030303030304, "kp": 0.4328888888888889, "deaths_t": 0.030303030303030304, "assists_t": 0.0392156862745098, "csscore_t": 0.8547237076648841, "teamgold_t": 63.719251336898395, "vision_score_t": 0.7153314421481788, "wards_placed_t": 0.05258467023172905, "gold_graph_diffs_t": 10.742424242424242}