{"id": "EUN1_3565095309", "lvl": 2600, "literal level": "DIAMOND II", "time": 1557, "solokills_t": 0.005780346820809248, "kills_t": 0.03596660244059088, "kp": 0.4729946524064171, "deaths_t": 0.03596660244059088, "assists_t": 0.04945407835581246, "csscore_t": 0.8837508028259473, "teamgold_t": 66.2068079640334, "vision_score_t": 0.9027782445506407, "wards_placed_t": 0.06037251123956326, "gold_graph_diffs_t": 13.871547848426461}