{"id": "EUN1_3578600749", "lvl": 3200, "literal level": "MASTER 0 lp", "time": 1600, "solokills_t": 0.005625, "kills_t": 0.026875, "kp": 0.5467592592592593, "deaths_t": 0.026875, "assists_t": 0.045625, "csscore_t": 0.94375, "teamgold_t": 65.679375, "vision_score_t": 0.9347610323915363, "wards_placed_t": 0.063125, "gold_graph_diffs_t": 14.449375}