{"id": "EUN1_3549691664", "lvl": 2600, "literal level": "DIAMOND II", "time": 914, "solokills_t": 0.0032822757111597373, "kills_t": 0.0262582056892779, "kp": 0.4833333333333333, "deaths_t": 0.0262582056892779, "assists_t": 0.038293216630196934, "csscore_t": 0.899343544857768, "teamgold_t": 61.608315098468275, "vision_score_t": 0.6703490124965132, "wards_placed_t": 0.05689277899343545, "gold_graph_diffs_t": 6.512035010940919}