{"id": "EUN1_3588661278", "lvl": 3500, "literal level": "MASTER 300 lp", "time": 2406, "solokills_t": 0.006650041562759767, "kills_t": 0.04405652535328346, "kp": 0.5516381766381767, "deaths_t": 0.04405652535328346, "assists_t": 0.07772236076475478, "csscore_t": 0.8516209476309227, "teamgold_t": 72.58395677472984, "vision_score_t": 0.9240411432187976, "wards_placed_t": 0.056940980881130504, "gold_graph_diffs_t": 10.938902743142144}