{"id": "EUN1_3588939975", "lvl": 3400, "literal level": "MASTER 200 lp", "time": 1924, "solokills_t": 0.007276507276507277, "kills_t": 0.035343035343035345, "kp": 0.45727986050566694, "deaths_t": 0.035343035343035345, "assists_t": 0.04625779625779626, "csscore_t": 0.9428274428274428, "teamgold_t": 69.50987525987526, "vision_score_t": 0.898449917623634, "wards_placed_t": 0.04937629937629938, "gold_graph_diffs_t": 12.758316008316008}