{"id": "EUN1_3587803289", "lvl": 3400, "literal level": "MASTER 200 lp", "time": 1782, "solokills_t": 0.007295173961840628, "kills_t": 0.02749719416386083, "kp": 0.41547619047619044, "deaths_t": 0.02749719416386083, "assists_t": 0.029180695847362513, "csscore_t": 1.0409652076318743, "teamgold_t": 68.14646464646465, "vision_score_t": 1.2675756625627566, "wards_placed_t": 0.08024691358024691, "gold_graph_diffs_t": 14.05331088664422}