{"id": "EUN1_3570296814", "lvl": 3000, "literal level": "MASTER 200 lp", "time": 926, "solokills_t": 0.009719222462203024, "kills_t": 0.03131749460043196, "kp": 0.3826086956521739, "deaths_t": 0.03131749460043196, "assists_t": 0.026997840172786176, "csscore_t": 0.9384449244060475, "teamgold_t": 62.35961123110151, "vision_score_t": 0.8819176877992186, "wards_placed_t": 0.061555075593952485, "gold_graph_diffs_t": 12.344492440604752}