{"id": "EUN1_3563031913", "lvl": 3300, "literal level": "MASTER 100 lp", "time": 1479, "solokills_t": 0.0074374577417173765, "kills_t": 0.025016903313049357, "kp": 0.41166666666666674, "deaths_t": 0.025693035835023664, "assists_t": 0.027721433400946585, "csscore_t": 0.9060175794455714, "teamgold_t": 62.843813387423936, "vision_score_t": 1.112680032965525, "wards_placed_t": 0.0784313725490196, "gold_graph_diffs_t": 10.457065584854632}