{"id": "EUN1_3544633176", "lvl": 2800, "literal level": "MASTER 0 lp", "time": 914, "solokills_t": 0.020787746170678335, "kills_t": 0.0350109409190372, "kp": 0.2875, "deaths_t": 0.0350109409190372, "assists_t": 0.016411378555798686, "csscore_t": 0.962800875273523, "teamgold_t": 67.27789934354486, "vision_score_t": 0.8097483653691592, "wards_placed_t": 0.05579868708971553, "gold_graph_diffs_t": 14.153172866520787}