{"id": "EUN1_3589472594", "lvl": 3300, "literal level": "MASTER 100 lp", "time": 1482, "solokills_t": 0.009446693657219974, "kills_t": 0.03576248313090418, "kp": 0.4260606060606061, "deaths_t": 0.03576248313090418, "assists_t": 0.0398110661268556, "csscore_t": 0.9082321187584346, "teamgold_t": 66.8663967611336, "vision_score_t": 0.9656029590818346, "wards_placed_t": 0.06950067476383266, "gold_graph_diffs_t": 11.194331983805668}