{"id": "EUN1_3566024198", "lvl": 3100, "literal level": "MASTER 300 lp", "time": 1636, "solokills_t": 0.012836185819070905, "kills_t": 0.04645476772616137, "kp": 0.4271708683473389, "deaths_t": 0.04706601466992665, "assists_t": 0.05256723716381418, "csscore_t": 0.8667481662591687, "teamgold_t": 71.78911980440098, "vision_score_t": 1.0131359469905028, "wards_placed_t": 0.07396088019559902, "gold_graph_diffs_t": 14.479828850855746}