{"id": "EUN1_3566634786", "lvl": 3600, "literal level": "MASTER 0 lp", "time": 1354, "solokills_t": 0.0051698670605613, "kills_t": 0.0361890694239291, "kp": 0.46691176470588236, "deaths_t": 0.0361890694239291, "assists_t": 0.04874446085672083, "csscore_t": 0.9172821270310192, "teamgold_t": 66.50590841949779, "vision_score_t": 0.8634118851321245, "wards_placed_t": 0.06794682422451995, "gold_graph_diffs_t": 12.895864106351551}