{"id": "EUN1_3585638223", "lvl": 2900, "literal level": "MASTER 100 lp", "time": 1022, "solokills_t": 0.007827788649706457, "kills_t": 0.03913894324853229, "kp": 0.43866666666666665, "deaths_t": 0.03913894324853229, "assists_t": 0.04598825831702544, "csscore_t": 0.8317025440313112, "teamgold_t": 65.93737769080235, "vision_score_t": 0.8752590386731216, "wards_placed_t": 0.060665362035225046, "gold_graph_diffs_t": 7.487279843444227}