{"id": "EUN1_3564346407", "lvl": 3400, "literal level": "MASTER 200 lp", "time": 2204, "solokills_t": 0.003629764065335753, "kills_t": 0.03176043557168784, "kp": 0.5258223684210528, "deaths_t": 0.03176043557168784, "assists_t": 0.052177858439201454, "csscore_t": 0.8398366606170599, "teamgold_t": 67.57441016333938, "vision_score_t": 1.0266708339860595, "wards_placed_t": 0.06397459165154265, "gold_graph_diffs_t": 12.946460980036298}