{"id": "EUN1_3576955928", "lvl": 3400, "literal level": "MASTER 200 lp", "time": 2417, "solokills_t": 0.0028961522548613984, "kills_t": 0.02399669011170873, "kp": 0.5400238948626045, "deaths_t": 0.02399669011170873, "assists_t": 0.04054613156805958, "csscore_t": 0.8920148944973108, "teamgold_t": 62.880430285477864, "vision_score_t": 1.301890450642645, "wards_placed_t": 0.08316094331816301, "gold_graph_diffs_t": 10.348365742656185}