{"id": "EUN1_3544703324", "lvl": 2700, "literal level": "DIAMOND I", "time": 1592, "solokills_t": 0.015703517587939697, "kills_t": 0.052135678391959796, "kp": 0.42177700348432057, "deaths_t": 0.052135678391959796, "assists_t": 0.05778894472361809, "csscore_t": 0.7355527638190955, "teamgold_t": 73.86118090452261, "vision_score_t": 1.0018814189652079, "wards_placed_t": 0.06092964824120603, "gold_graph_diffs_t": 14.175251256281408}