{"id": "EUN1_3584109763", "lvl": 3400, "literal level": "MASTER 200 lp", "time": 2389, "solokills_t": 0.009208874005860193, "kills_t": 0.039347007115948095, "kp": 0.48857142857142855, "deaths_t": 0.039347007115948095, "assists_t": 0.056508999581414816, "csscore_t": 0.8664713269150273, "teamgold_t": 70.1490163248221, "vision_score_t": 1.2209808156677076, "wards_placed_t": 0.0757639179573043, "gold_graph_diffs_t": 16.398493093344495}