{"id": "EUN1_3577477522", "lvl": 3200, "literal level": "MASTER 0 lp", "time": 1776, "solokills_t": 0.009572072072072071, "kills_t": 0.04560810810810811, "kp": 0.48841463414634145, "deaths_t": 0.04617117117117117, "assists_t": 0.06587837837837837, "csscore_t": 0.7680180180180181, "teamgold_t": 72.06531531531532, "vision_score_t": 1.3125782864575435, "wards_placed_t": 0.08896396396396396, "gold_graph_diffs_t": 16.61261261261261}