{"id": "EUN1_3584525760", "lvl": 3400, "literal level": "MASTER 200 lp", "time": 1989, "solokills_t": 0.006033182503770739, "kills_t": 0.04424333836098542, "kp": 0.5052380952380953, "deaths_t": 0.04424333836098542, "assists_t": 0.06737053795877325, "csscore_t": 0.7868275515334339, "teamgold_t": 69.76923076923077, "vision_score_t": 1.1374822744741229, "wards_placed_t": 0.07692307692307693, "gold_graph_diffs_t": 14.706385118149823}