{"id": "EUN1_3582835239", "lvl": 3400, "literal level": "MASTER 200 lp", "time": 1551, "solokills_t": 0.01160541586073501, "kills_t": 0.03868471953578337, "kp": 0.4274285714285714, "deaths_t": 0.03868471953578337, "assists_t": 0.04513217279174726, "csscore_t": 0.9406834300451322, "teamgold_t": 69.66731141199226, "vision_score_t": 1.0920278804197285, "wards_placed_t": 0.07285622179239201, "gold_graph_diffs_t": 12.584139264990329}