{"id": "EUN1_3575783646", "lvl": 3100, "literal level": "MASTER 300 lp", "time": 1461, "solokills_t": 0.006844626967830253, "kills_t": 0.034223134839151265, "kp": 0.4796264855687607, "deaths_t": 0.03490759753593429, "assists_t": 0.04722792607802875, "csscore_t": 0.8548939082819986, "teamgold_t": 67.30458590006845, "vision_score_t": 0.8257905476974485, "wards_placed_t": 0.05270362765229295, "gold_graph_diffs_t": 14.661190965092402}