{"id": "EUN1_3582549135", "lvl": 3200, "literal level": "MASTER 0 lp", "time": 1690, "solokills_t": 0.004142011834319527, "kills_t": 0.034911242603550295, "kp": 0.5567972350230415, "deaths_t": 0.034911242603550295, "assists_t": 0.06272189349112427, "csscore_t": 0.8680473372781065, "teamgold_t": 67.35562130177514, "vision_score_t": 1.3124884486093216, "wards_placed_t": 0.07396449704142012, "gold_graph_diffs_t": 11.83491124260355}