{"id": "EUN1_3576239135", "lvl": 3200, "literal level": "MASTER 0 lp", "time": 1222, "solokills_t": 0.01309328968903437, "kills_t": 0.030278232405891982, "kp": 0.34911764705882353, "deaths_t": 0.030278232405891982, "assists_t": 0.0220949263502455, "csscore_t": 0.9206219312602292, "teamgold_t": 63.02045826513912, "vision_score_t": 0.9497334226534393, "wards_placed_t": 0.06873977086743044, "gold_graph_diffs_t": 9.483633387888707}