{"id": "EUN1_3580061026", "lvl": 3300, "literal level": "MASTER 100 lp", "time": 2129, "solokills_t": 0.007984969469234382, "kills_t": 0.03663691874119305, "kp": 0.4564102564102564, "deaths_t": 0.03663691874119305, "assists_t": 0.04697040864255519, "csscore_t": 0.8858619069985909, "teamgold_t": 69.12259276655706, "vision_score_t": 1.0740834105447423, "wards_placed_t": 0.07139502113668389, "gold_graph_diffs_t": 12.447158290277125}