{"id": "EUN1_3588984425", "lvl": 3600, "literal level": "MASTER 0 lp", "time": 1851, "solokills_t": 0.0037817396002160996, "kills_t": 0.02971366828741221, "kp": 0.5093567251461988, "deaths_t": 0.02971366828741221, "assists_t": 0.04808211777417612, "csscore_t": 0.9546191247974068, "teamgold_t": 66.62020529443544, "vision_score_t": 1.2400110500522166, "wards_placed_t": 0.09562398703403566, "gold_graph_diffs_t": 12.557536466774716}