{"id": "EUN1_3569508354", "lvl": 3900, "literal level": "MASTER 300 lp", "time": 1571, "solokills_t": 0.0038192234245703373, "kills_t": 0.03437301082113304, "kp": 0.5028616852146264, "deaths_t": 0.03437301082113304, "assists_t": 0.05410566518141311, "csscore_t": 0.9401654996817314, "teamgold_t": 70.10120942075112, "vision_score_t": 0.9643154118552815, "wards_placed_t": 0.06938255887969447, "gold_graph_diffs_t": 16.105028644175686}