{"id": "EUN1_3562996832", "lvl": 3300, "literal level": "MASTER 100 lp", "time": 1617, "solokills_t": 0.010513296227581941, "kills_t": 0.049474335188620905, "kp": 0.46897274633123687, "deaths_t": 0.049474335188620905, "assists_t": 0.06493506493506493, "csscore_t": 0.847247990105133, "teamgold_t": 74.0599876314162, "vision_score_t": 0.9013693818873731, "wards_placed_t": 0.05627705627705628, "gold_graph_diffs_t": 15.918985776128633}