{"id": "EUN1_3566185513", "lvl": 3000, "literal level": "MASTER 200 lp", "time": 1301, "solokills_t": 0.009992313604919293, "kills_t": 0.033051498847040735, "kp": 0.36644736842105263, "deaths_t": 0.033051498847040735, "assists_t": 0.027671022290545733, "csscore_t": 1.0, "teamgold_t": 68.03843197540354, "vision_score_t": 0.8198153721707827, "wards_placed_t": 0.05995388162951576, "gold_graph_diffs_t": 13.080707148347425}