{"id": "EUN1_3580006466", "lvl": 3100, "literal level": "MASTER 300 lp", "time": 1287, "solokills_t": 0.012432012432012432, "kills_t": 0.04895104895104895, "kp": 0.45641025641025645, "deaths_t": 0.04895104895104895, "assists_t": 0.06216006216006216, "csscore_t": 0.7715617715617715, "teamgold_t": 70.2012432012432, "vision_score_t": 0.8924868748303814, "wards_placed_t": 0.06216006216006216, "gold_graph_diffs_t": 19.623154623154623}