{"id": "EUN1_3590854476", "lvl": 3400, "literal level": "MASTER 200 lp", "time": 1375, "solokills_t": 0.011636363636363636, "kills_t": 0.04290909090909091, "kp": 0.4311904761904762, "deaths_t": 0.04290909090909091, "assists_t": 0.05018181818181818, "csscore_t": 0.8705454545454545, "teamgold_t": 68.82909090909091, "vision_score_t": 0.948355426510814, "wards_placed_t": 0.07345454545454545, "gold_graph_diffs_t": 13.613090909090909}