{"id": "EUN1_3580038085", "lvl": 3400, "literal level": "MASTER 200 lp", "time": 1510, "solokills_t": 0.009271523178807948, "kills_t": 0.03245033112582781, "kp": 0.4942652329749103, "deaths_t": 0.03245033112582781, "assists_t": 0.04701986754966887, "csscore_t": 0.8801324503311259, "teamgold_t": 64.88609271523178, "vision_score_t": 1.1134245516583061, "wards_placed_t": 0.07417218543046358, "gold_graph_diffs_t": 12.90860927152318}