{"id": "EUN1_3587827882", "lvl": 3300, "literal level": "MASTER 100 lp", "time": 1939, "solokills_t": 0.005673027333677153, "kills_t": 0.038679731820526045, "kp": 0.4996428571428571, "deaths_t": 0.038679731820526045, "assists_t": 0.05827746260959257, "csscore_t": 0.9458483754512635, "teamgold_t": 73.70345538937596, "vision_score_t": 1.1908074768738408, "wards_placed_t": 0.07632800412583807, "gold_graph_diffs_t": 14.26766374419804}