{"id": "EUN1_3561569242", "lvl": 3100, "literal level": "MASTER 300 lp", "time": 2522, "solokills_t": 0.011102299762093577, "kills_t": 0.04203013481363997, "kp": 0.4908764367816092, "deaths_t": 0.04203013481363997, "assists_t": 0.059873116574147504, "csscore_t": 0.7950039651070578, "teamgold_t": 69.85408406026963, "vision_score_t": 1.3084514213826217, "wards_placed_t": 0.07692307692307693, "gold_graph_diffs_t": 14.112609040444092}