{"id": "EUN1_3587893974", "lvl": 3000, "literal level": "MASTER 200 lp", "time": 1914, "solokills_t": 0.006269592476489028, "kills_t": 0.027168234064785787, "kp": 0.48187499999999994, "deaths_t": 0.027168234064785787, "assists_t": 0.040229885057471264, "csscore_t": 0.9164054336468129, "teamgold_t": 63.00835945663532, "vision_score_t": 1.0616096335202874, "wards_placed_t": 0.06635318704284221, "gold_graph_diffs_t": 11.15987460815047}