{"id": "EUN1_3564113023", "lvl": 3200, "literal level": "MASTER 0 lp", "time": 1587, "solokills_t": 0.005671077504725898, "kills_t": 0.036546943919344675, "kp": 0.481981981981982, "deaths_t": 0.036546943919344675, "assists_t": 0.05229993698802773, "csscore_t": 0.8991808443604284, "teamgold_t": 68.80655324511658, "vision_score_t": 0.9822053939042416, "wards_placed_t": 0.0661625708884688, "gold_graph_diffs_t": 14.81159420289855}