{"id": "EUN1_3585754329", "lvl": 3200, "literal level": "MASTER 0 lp", "time": 1799, "solokills_t": 0.007226236798221234, "kills_t": 0.03557531962201223, "kp": 0.515625, "deaths_t": 0.03557531962201223, "assists_t": 0.05614230127848805, "csscore_t": 0.9077265147304058, "teamgold_t": 69.44802668148972, "vision_score_t": 1.0627122449513133, "wards_placed_t": 0.07392996108949416, "gold_graph_diffs_t": 16.381878821567536}