{"id": "EUN1_3588975175", "lvl": 3500, "literal level": "MASTER 300 lp", "time": 1465, "solokills_t": 0.012286689419795221, "kills_t": 0.03549488054607509, "kp": 0.379375, "deaths_t": 0.03549488054607509, "assists_t": 0.033447098976109216, "csscore_t": 0.9337883959044369, "teamgold_t": 65.2122866894198, "vision_score_t": 0.9392118484332256, "wards_placed_t": 0.07440273037542662, "gold_graph_diffs_t": 14.567918088737201}