{"id": "EUN1_3568467264", "lvl": 2900, "literal level": "MASTER 100 lp", "time": 1533, "solokills_t": 0.006523157208088715, "kills_t": 0.04174820613176777, "kp": 0.4821538461538461, "deaths_t": 0.042400521852576645, "assists_t": 0.0593607305936073, "csscore_t": 0.8512720156555773, "teamgold_t": 69.30267449445532, "vision_score_t": 0.8061757564090035, "wards_placed_t": 0.05740378343118069, "gold_graph_diffs_t": 15.093933463796478}