{"id": "EUN1_3550222720", "lvl": 2700, "literal level": "DIAMOND I", "time": 1340, "solokills_t": 0.0029850746268656717, "kills_t": 0.026865671641791045, "kp": 0.49350649350649356, "deaths_t": 0.026865671641791045, "assists_t": 0.041791044776119404, "csscore_t": 0.9014925373134328, "teamgold_t": 63.07388059701493, "vision_score_t": 0.9132018034366327, "wards_placed_t": 0.06343283582089553, "gold_graph_diffs_t": 9.884328358208956}