{"id": "EUN1_3550092848", "lvl": 2900, "literal level": "MASTER 100 lp", "time": 1890, "solokills_t": 0.0021164021164021165, "kills_t": 0.039153439153439155, "kp": 0.5455357142857142, "deaths_t": 0.039153439153439155, "assists_t": 0.0671957671957672, "csscore_t": 0.8243386243386244, "teamgold_t": 67.90793650793651, "vision_score_t": 1.0888302037288184, "wards_placed_t": 0.07354497354497354, "gold_graph_diffs_t": 10.777777777777779}