{"id": "EUN1_3560171262", "lvl": 2900, "literal level": "MASTER 100 lp", "time": 1928, "solokills_t": 0.006742738589211619, "kills_t": 0.03475103734439834, "kp": 0.4811355311355312, "deaths_t": 0.03475103734439834, "assists_t": 0.046680497925311204, "csscore_t": 1.0108921161825726, "teamgold_t": 72.41078838174273, "vision_score_t": 1.0116220247288716, "wards_placed_t": 0.06950207468879668, "gold_graph_diffs_t": 15.537344398340249}