{"id": "EUN1_3582351263", "lvl": 3300, "literal level": "MASTER 100 lp", "time": 1636, "solokills_t": 0.005501222493887531, "kills_t": 0.030562347188264057, "kp": 0.44396135265700487, "deaths_t": 0.030562347188264057, "assists_t": 0.03728606356968215, "csscore_t": 0.9144254278728606, "teamgold_t": 64.38875305623472, "vision_score_t": 0.9837060046417857, "wards_placed_t": 0.0715158924205379, "gold_graph_diffs_t": 10.853300733496333}