{"id": "EUN1_3556929888", "lvl": 2800, "literal level": "MASTER 0 lp", "time": 918, "solokills_t": 0.006535947712418301, "kills_t": 0.027233115468409588, "kp": 0.48030303030303034, "deaths_t": 0.02832244008714597, "assists_t": 0.032679738562091505, "csscore_t": 0.8159041394335512, "teamgold_t": 58.592592592592595, "vision_score_t": 0.9030567469788569, "wards_placed_t": 0.06427015250544663, "gold_graph_diffs_t": 12.429193899782135}