{"id": "EUN1_3583582291", "lvl": 3100, "literal level": "MASTER 300 lp", "time": 1365, "solokills_t": 0.008791208791208791, "kills_t": 0.04395604395604396, "kp": 0.43905723905723903, "deaths_t": 0.04395604395604396, "assists_t": 0.05274725274725275, "csscore_t": 0.8923076923076924, "teamgold_t": 71.82710622710623, "vision_score_t": 0.8540472130831374, "wards_placed_t": 0.054212454212454214, "gold_graph_diffs_t": 13.95897435897436}