{"id": "EUN1_3589702001", "lvl": 3200, "literal level": "MASTER 0 lp", "time": 1860, "solokills_t": 0.003763440860215054, "kills_t": 0.02956989247311828, "kp": 0.5359649122807018, "deaths_t": 0.02956989247311828, "assists_t": 0.051075268817204304, "csscore_t": 0.9978494623655914, "teamgold_t": 67.98279569892473, "vision_score_t": 1.1430807255315991, "wards_placed_t": 0.07204301075268817, "gold_graph_diffs_t": 11.897849462365592}