{"id": "EUN1_3555977037", "lvl": 2900, "literal level": "MASTER 100 lp", "time": 2359, "solokills_t": 0.0072064434082238235, "kills_t": 0.03560830860534125, "kp": 0.4629545454545455, "deaths_t": 0.03560830860534125, "assists_t": 0.04747774480712166, "csscore_t": 0.9436201780415431, "teamgold_t": 72.39169139465875, "vision_score_t": 1.0362376208151034, "wards_placed_t": 0.06570580754557016, "gold_graph_diffs_t": 15.257312420517168}