{"id": "EUN1_3587498515", "lvl": 3400, "literal level": "MASTER 200 lp", "time": 961, "solokills_t": 0.012486992715920915, "kills_t": 0.026014568158168574, "kp": 0.3465277777777778, "deaths_t": 0.026014568158168574, "assists_t": 0.018730489073881373, "csscore_t": 0.9542143600416233, "teamgold_t": 61.25702393340271, "vision_score_t": 0.6667663954648381, "wards_placed_t": 0.046826222684703434, "gold_graph_diffs_t": 13.177939646201873}