{"id": "EUN1_3581386812", "lvl": 3300, "literal level": "MASTER 100 lp", "time": 1888, "solokills_t": 0.007415254237288136, "kills_t": 0.04396186440677966, "kp": 0.5205263157894737, "deaths_t": 0.04396186440677966, "assists_t": 0.0704449152542373, "csscore_t": 0.8548728813559322, "teamgold_t": 73.06197033898304, "vision_score_t": 0.9885077794845663, "wards_placed_t": 0.06885593220338983, "gold_graph_diffs_t": 13.028072033898304}