{"id": "EUN1_3563061106", "lvl": 3200, "literal level": "MASTER 0 lp", "time": 1599, "solokills_t": 0.013133208255159476, "kills_t": 0.05190744215134459, "kp": 0.4434436274509804, "deaths_t": 0.05190744215134459, "assists_t": 0.06316447779862414, "csscore_t": 0.8198874296435272, "teamgold_t": 75.31957473420889, "vision_score_t": 1.076870380279648, "wards_placed_t": 0.07191994996873045, "gold_graph_diffs_t": 17.712320200125077}