{"id": "EUN1_3567243412", "lvl": 2400, "literal level": "DIAMOND IV", "time": 2252, "solokills_t": 0.007104795737122558, "kills_t": 0.04085257548845471, "kp": 0.5432807269249162, "deaths_t": 0.04085257548845471, "assists_t": 0.07015985790408526, "csscore_t": 0.8126110124333925, "teamgold_t": 69.5341918294849, "vision_score_t": 0.7645015800359006, "wards_placed_t": 0.05106571936056838, "gold_graph_diffs_t": 14.61234458259325}