{"id": "EUN1_3587893300", "lvl": 3300, "literal level": "MASTER 100 lp", "time": 1112, "solokills_t": 0.008093525179856115, "kills_t": 0.030575539568345324, "kp": 0.3964285714285714, "deaths_t": 0.030575539568345324, "assists_t": 0.03147482014388489, "csscore_t": 0.8983812949640287, "teamgold_t": 63.05395683453237, "vision_score_t": 0.7842339274607627, "wards_placed_t": 0.05935251798561151, "gold_graph_diffs_t": 6.156474820143885}