{"id": "EUN1_3564298663", "lvl": 3000, "literal level": "MASTER 200 lp", "time": 1976, "solokills_t": 0.004048582995951417, "kills_t": 0.025809716599190284, "kp": 0.5549689440993789, "deaths_t": 0.025809716599190284, "assists_t": 0.0465587044534413, "csscore_t": 0.9245951417004049, "teamgold_t": 66.15384615384616, "vision_score_t": 1.1345249146072138, "wards_placed_t": 0.0840080971659919, "gold_graph_diffs_t": 14.46761133603239}