{"id": "EUN1_3579757427", "lvl": 3100, "literal level": "MASTER 300 lp", "time": 1237, "solokills_t": 0.012126111560226353, "kills_t": 0.041228779304769606, "kp": 0.4151821862348178, "deaths_t": 0.041228779304769606, "assists_t": 0.041228779304769606, "csscore_t": 0.9054163298302345, "teamgold_t": 69.39126919967664, "vision_score_t": 0.879545618128659, "wards_placed_t": 0.056588520614389654, "gold_graph_diffs_t": 16.463217461600646}