{"id": "EUN1_3571383855", "lvl": 3000, "literal level": "MASTER 200 lp", "time": 1886, "solokills_t": 0.005832449628844115, "kills_t": 0.03234358430540827, "kp": 0.48799533799533795, "deaths_t": 0.03340402969247084, "assists_t": 0.049310710498409335, "csscore_t": 0.9597030752916225, "teamgold_t": 67.84093319194062, "vision_score_t": 0.9539186879207376, "wards_placed_t": 0.06415694591728525, "gold_graph_diffs_t": 11.047720042417815}