{"id": "EUN1_3582580787", "lvl": 3600, "literal level": "MASTER 0 lp", "time": 2185, "solokills_t": 0.002745995423340961, "kills_t": 0.029748283752860413, "kp": 0.6150579150579151, "deaths_t": 0.029748283752860413, "assists_t": 0.06086956521739131, "csscore_t": 0.8677345537757437, "teamgold_t": 64.91258581235698, "vision_score_t": 1.1733008636806028, "wards_placed_t": 0.07322654462242563, "gold_graph_diffs_t": 15.153318077803204}