{"id": "EUN1_3581247637", "lvl": 3700, "literal level": "MASTER 100 lp", "time": 1869, "solokills_t": 0.008025682182985553, "kills_t": 0.03531300160513644, "kp": 0.4672364672364672, "deaths_t": 0.03531300160513644, "assists_t": 0.04601391118245051, "csscore_t": 0.8496522204387373, "teamgold_t": 66.58747993579455, "vision_score_t": 0.9688150544471268, "wards_placed_t": 0.06420545746388442, "gold_graph_diffs_t": 10.76725521669342}