{"id": "EUN1_3581057718", "lvl": 3700, "literal level": "MASTER 100 lp", "time": 1594, "solokills_t": 0.00878293601003764, "kills_t": 0.04140526976160602, "kp": 0.4607692307692307, "deaths_t": 0.04140526976160602, "assists_t": 0.053952321204516936, "csscore_t": 0.9416562107904642, "teamgold_t": 71.30175658720201, "vision_score_t": 1.1507883213521666, "wards_placed_t": 0.08155583437892096, "gold_graph_diffs_t": 14.072145545796738}