{"id": "EUN1_3567556117", "lvl": 3300, "literal level": "MASTER 100 lp", "time": 989, "solokills_t": 0.006066734074823054, "kills_t": 0.024266936299292215, "kp": 0.4111111111111111, "deaths_t": 0.024266936299292215, "assists_t": 0.028311425682507583, "csscore_t": 1.0151668351870575, "teamgold_t": 62.0535894843276, "vision_score_t": 0.809965088155877, "wards_placed_t": 0.06471183013144591, "gold_graph_diffs_t": 11.966632962588474}