{"id": "EUN1_3549066078", "lvl": 3100, "literal level": "MASTER 300 lp", "time": 2160, "solokills_t": 0.004629629629629629, "kills_t": 0.031018518518518518, "kp": 0.5828853046594983, "deaths_t": 0.031018518518518518, "assists_t": 0.05925925925925926, "csscore_t": 0.9106481481481481, "teamgold_t": 67.62083333333334, "vision_score_t": 1.1715315194936438, "wards_placed_t": 0.07916666666666666, "gold_graph_diffs_t": 13.977314814814815}