{"id": "EUN1_3581406551", "lvl": 3400, "literal level": "MASTER 200 lp", "time": 1564, "solokills_t": 0.0025575447570332483, "kills_t": 0.0319693094629156, "kp": 0.5374331550802139, "deaths_t": 0.0319693094629156, "assists_t": 0.05434782608695652, "csscore_t": 0.9533248081841432, "teamgold_t": 69.47250639386189, "vision_score_t": 0.939882920500224, "wards_placed_t": 0.06841432225063938, "gold_graph_diffs_t": 13.654092071611252}