{"id": "EUN1_3554097760", "lvl": 3000, "literal level": "MASTER 200 lp", "time": 1383, "solokills_t": 0.006507592190889371, "kills_t": 0.03036876355748373, "kp": 0.5237037037037038, "deaths_t": 0.03036876355748373, "assists_t": 0.046999276934201015, "csscore_t": 0.9609544468546638, "teamgold_t": 67.12509038322487, "vision_score_t": 0.872432526642062, "wards_placed_t": 0.0650759219088937, "gold_graph_diffs_t": 11.534345625451916}