{"id": "EUN1_3552806263", "lvl": 3200, "literal level": "MASTER 0 lp", "time": 1623, "solokills_t": 0.01170671595810228, "kills_t": 0.041281577325939615, "kp": 0.4532945736434108, "deaths_t": 0.041281577325939615, "assists_t": 0.05052372150338879, "csscore_t": 0.9248305606900801, "teamgold_t": 71.17005545286507, "vision_score_t": 1.1124027830337893, "wards_placed_t": 0.06469500924214418, "gold_graph_diffs_t": 15.836722119531732}