{"id": "EUN1_3581180564", "lvl": 3400, "literal level": "MASTER 200 lp", "time": 1505, "solokills_t": 0.014617940199335547, "kills_t": 0.04983388704318937, "kp": 0.43999999999999995, "deaths_t": 0.04983388704318937, "assists_t": 0.05448504983388704, "csscore_t": 0.812624584717608, "teamgold_t": 72.77408637873754, "vision_score_t": 0.9379254096878759, "wards_placed_t": 0.06312292358803986, "gold_graph_diffs_t": 18.46312292358804}