{"id": "EUN1_3583366203", "lvl": 3500, "literal level": "MASTER 300 lp", "time": 1463, "solokills_t": 0.01161995898838004, "kills_t": 0.039644565960355434, "kp": 0.45160875160875164, "deaths_t": 0.039644565960355434, "assists_t": 0.048530416951469584, "csscore_t": 0.9275461380724539, "teamgold_t": 71.09706083390294, "vision_score_t": 0.9775149981804663, "wards_placed_t": 0.06493506493506493, "gold_graph_diffs_t": 14.583048530416951}