{"id": "EUN1_3585958157", "lvl": 3600, "literal level": "MASTER 0 lp", "time": 1862, "solokills_t": 0.01020408163265306, "kills_t": 0.04833512352309345, "kp": 0.4585, "deaths_t": 0.04833512352309345, "assists_t": 0.06283566058002148, "csscore_t": 0.8877551020408163, "teamgold_t": 76.42857142857143, "vision_score_t": 1.0065460501606092, "wards_placed_t": 0.06498388829215897, "gold_graph_diffs_t": 17.41997851772288}