{"id": "EUN1_3552836198", "lvl": 3000, "literal level": "MASTER 200 lp", "time": 1728, "solokills_t": 0.005787037037037037, "kills_t": 0.034722222222222224, "kp": 0.5014354066985647, "deaths_t": 0.034722222222222224, "assists_t": 0.05324074074074074, "csscore_t": 0.8807870370370371, "teamgold_t": 66.19444444444444, "vision_score_t": 1.0301807449510754, "wards_placed_t": 0.06712962962962964, "gold_graph_diffs_t": 14.217592592592593}