{"id": "EUN1_3584789103", "lvl": 3600, "literal level": "MASTER 0 lp", "time": 1597, "solokills_t": 0.005635566687539136, "kills_t": 0.045084533500313086, "kp": 0.5418060200668896, "deaths_t": 0.045084533500313086, "assists_t": 0.08015028177833437, "csscore_t": 0.8816530995616781, "teamgold_t": 71.83093299937383, "vision_score_t": 0.9978723685373815, "wards_placed_t": 0.06762680025046963, "gold_graph_diffs_t": 14.777708202880401}