{"id": "EUN1_3586002506", "lvl": 3500, "literal level": "MASTER 300 lp", "time": 1611, "solokills_t": 0.004345127250155183, "kills_t": 0.03227808814400993, "kp": 0.5125, "deaths_t": 0.03227808814400993, "assists_t": 0.04965859714463067, "csscore_t": 0.888268156424581, "teamgold_t": 66.05027932960894, "vision_score_t": 0.9391836744730544, "wards_placed_t": 0.06021104903786468, "gold_graph_diffs_t": 11.489137181874613}