{"id": "EUN1_3586521044", "lvl": 3500, "literal level": "MASTER 300 lp", "time": 1700, "solokills_t": 0.00411764705882353, "kills_t": 0.02235294117647059, "kp": 0.47371794871794864, "deaths_t": 0.02235294117647059, "assists_t": 0.03294117647058824, "csscore_t": 0.9982352941176471, "teamgold_t": 63.08117647058823, "vision_score_t": 1.2007769862276128, "wards_placed_t": 0.08235294117647059, "gold_graph_diffs_t": 9.784705882352942}