{"id": "EUN1_3584098673", "lvl": 3400, "literal level": "MASTER 200 lp", "time": 1428, "solokills_t": 0.009103641456582634, "kills_t": 0.03851540616246499, "kp": 0.4804804804804805, "deaths_t": 0.03851540616246499, "assists_t": 0.049019607843137254, "csscore_t": 0.7997198879551821, "teamgold_t": 64.7906162464986, "vision_score_t": 0.7292052750954274, "wards_placed_t": 0.04971988795518207, "gold_graph_diffs_t": 15.929271708683473}