{"id": "EUN1_3584220511", "lvl": 3600, "literal level": "MASTER 0 lp", "time": 1493, "solokills_t": 0.009377093101138647, "kills_t": 0.0361687876758205, "kp": 0.4225755166931638, "deaths_t": 0.0361687876758205, "assists_t": 0.04018754186202277, "csscore_t": 0.9792364367046216, "teamgold_t": 71.60415271265907, "vision_score_t": 0.8306934882161043, "wards_placed_t": 0.05425318151373074, "gold_graph_diffs_t": 16.291359678499663}