{"id": "EUN1_3573548398", "lvl": 3400, "literal level": "MASTER 200 lp", "time": 1620, "solokills_t": 0.0049382716049382715, "kills_t": 0.03580246913580247, "kp": 0.46818181818181825, "deaths_t": 0.03580246913580247, "assists_t": 0.04938271604938271, "csscore_t": 0.9808641975308642, "teamgold_t": 70.46049382716049, "vision_score_t": 1.0015388556395663, "wards_placed_t": 0.06234567901234568, "gold_graph_diffs_t": 14.485185185185186}