{"id": "EUN1_3580159454", "lvl": 3600, "literal level": "MASTER 0 lp", "time": 1304, "solokills_t": 0.00843558282208589, "kills_t": 0.039110429447852764, "kp": 0.41790322580645156, "deaths_t": 0.039110429447852764, "assists_t": 0.04294478527607362, "csscore_t": 0.879601226993865, "teamgold_t": 67.31748466257669, "vision_score_t": 0.8305783048738394, "wards_placed_t": 0.05674846625766871, "gold_graph_diffs_t": 12.661042944785276}