{"id": "EUN1_3552339984", "lvl": 3100, "literal level": "MASTER 300 lp", "time": 1025, "solokills_t": 0.006829268292682927, "kills_t": 0.026341463414634145, "kp": 0.4894736842105263, "deaths_t": 0.026341463414634145, "assists_t": 0.03219512195121951, "csscore_t": 0.926829268292683, "teamgold_t": 59.7990243902439, "vision_score_t": 0.9268442518735448, "wards_placed_t": 0.06829268292682927, "gold_graph_diffs_t": 8.005853658536585}