{"id": "EUN1_3573298960", "lvl": 3600, "literal level": "MASTER 0 lp", "time": 1724, "solokills_t": 0.0069605568445475635, "kills_t": 0.03944315545243619, "kp": 0.5694736842105262, "deaths_t": 0.040023201856148494, "assists_t": 0.07308584686774942, "csscore_t": 0.8433874709976799, "teamgold_t": 68.26160092807424, "vision_score_t": 0.9642978026793043, "wards_placed_t": 0.07018561484918794, "gold_graph_diffs_t": 15.417053364269142}