{"id": "EUN1_3576853596", "lvl": 3500, "literal level": "MASTER 300 lp", "time": 1471, "solokills_t": 0.012236573759347382, "kills_t": 0.03467029231815092, "kp": 0.3629545454545454, "deaths_t": 0.03467029231815092, "assists_t": 0.03535010197144799, "csscore_t": 0.9129843643779741, "teamgold_t": 67.54724677090415, "vision_score_t": 0.999171822650994, "wards_placed_t": 0.06254248810333107, "gold_graph_diffs_t": 16.387491502379333}