{"id": "EUN1_3575351482", "lvl": 3500, "literal level": "MASTER 300 lp", "time": 1366, "solokills_t": 0.010980966325036604, "kills_t": 0.03513909224011713, "kp": 0.38739495798319323, "deaths_t": 0.03513909224011713, "assists_t": 0.03513909224011713, "csscore_t": 0.9838945827232797, "teamgold_t": 68.16105417276721, "vision_score_t": 0.9757797076239552, "wards_placed_t": 0.07027818448023426, "gold_graph_diffs_t": 15.837481698389459}