{"id": "EUN1_3579388974", "lvl": 3900, "literal level": "MASTER 300 lp", "time": 1631, "solokills_t": 0.00674432863274065, "kills_t": 0.03249540159411404, "kp": 0.4471264367816092, "deaths_t": 0.03249540159411404, "assists_t": 0.039852851011649294, "csscore_t": 0.9828326180257511, "teamgold_t": 68.37952176578786, "vision_score_t": 0.9476962797501287, "wards_placed_t": 0.07173513182096873, "gold_graph_diffs_t": 11.990803188228082}