{"id": "EUN1_3555671778", "lvl": 3200, "literal level": "MASTER 0 lp", "time": 1613, "solokills_t": 0.009299442033477991, "kills_t": 0.03781773093614383, "kp": 0.477439024390244, "deaths_t": 0.03781773093614383, "assists_t": 0.04773713577185369, "csscore_t": 0.8177309361438314, "teamgold_t": 70.50030998140112, "vision_score_t": 1.0096752277085645, "wards_placed_t": 0.06819590824550527, "gold_graph_diffs_t": 16.207687538747674}