{"id": "EUN1_3581894280", "lvl": 3700, "literal level": "MASTER 100 lp", "time": 1576, "solokills_t": 0.0031725888324873096, "kills_t": 0.024746192893401017, "kp": 0.5527586206896552, "deaths_t": 0.024746192893401017, "assists_t": 0.044416243654822336, "csscore_t": 0.9333756345177665, "teamgold_t": 64.63895939086295, "vision_score_t": 0.8710183696216189, "wards_placed_t": 0.05520304568527919, "gold_graph_diffs_t": 14.088197969543147}