{"id": "EUN1_3580533484", "lvl": 3500, "literal level": "MASTER 300 lp", "time": 1529, "solokills_t": 0.003924133420536298, "kills_t": 0.041857423152387184, "kp": 0.5251082251082251, "deaths_t": 0.041857423152387184, "assists_t": 0.07325049051667756, "csscore_t": 0.8848920863309353, "teamgold_t": 71.49574885546109, "vision_score_t": 1.0310035607307464, "wards_placed_t": 0.06801831262262917, "gold_graph_diffs_t": 13.850228907782865}