{"id": "EUN1_3572058796", "lvl": 3600, "literal level": "MASTER 0 lp", "time": 1070, "solokills_t": 0.013084112149532711, "kills_t": 0.03925233644859813, "kp": 0.4033333333333333, "deaths_t": 0.03925233644859813, "assists_t": 0.04018691588785047, "csscore_t": 0.9794392523364486, "teamgold_t": 71.27196261682244, "vision_score_t": 0.8640929439121248, "wards_placed_t": 0.06355140186915888, "gold_graph_diffs_t": 19.3}