{"id": "EUN1_3583884176", "lvl": 3400, "literal level": "MASTER 200 lp", "time": 1331, "solokills_t": 0.004507888805409466, "kills_t": 0.03305785123966942, "kp": 0.5008333333333334, "deaths_t": 0.03305785123966942, "assists_t": 0.048835462058602556, "csscore_t": 0.9120961682945155, "teamgold_t": 66.16679188580015, "vision_score_t": 0.945849941044058, "wards_placed_t": 0.06536438767843726, "gold_graph_diffs_t": 12.564988730277987}