{"id": "EUN1_3584558280", "lvl": 3500, "literal level": "MASTER 300 lp", "time": 1535, "solokills_t": 0.008469055374592834, "kills_t": 0.033876221498371335, "kp": 0.4490909090909091, "deaths_t": 0.033876221498371335, "assists_t": 0.04299674267100977, "csscore_t": 0.9244299674267101, "teamgold_t": 65.571335504886, "vision_score_t": 0.8790458753993808, "wards_placed_t": 0.05667752442996743, "gold_graph_diffs_t": 13.411074918566776}