{"id": "EUN1_3576209209", "lvl": 3500, "literal level": "MASTER 300 lp", "time": 2162, "solokills_t": 0.005087881591119334, "kills_t": 0.03515263644773358, "kp": 0.5493416493416493, "deaths_t": 0.03515263644773358, "assists_t": 0.061517113783533764, "csscore_t": 0.8556891766882516, "teamgold_t": 69.03746530989824, "vision_score_t": 1.289906781844547, "wards_placed_t": 0.08094357076780759, "gold_graph_diffs_t": 14.780296022201664}