{"id": "EUN1_3575223006", "lvl": 3800, "literal level": "MASTER 200 lp", "time": 1570, "solokills_t": 0.005095541401273885, "kills_t": 0.03821656050955414, "kp": 0.4962772785622593, "deaths_t": 0.038853503184713374, "assists_t": 0.061146496815286625, "csscore_t": 0.935031847133758, "teamgold_t": 69.0375796178344, "vision_score_t": 1.0123020837573375, "wards_placed_t": 0.06305732484076433, "gold_graph_diffs_t": 15.260509554140127}