{"id": "EUN1_3584059638", "lvl": 3300, "literal level": "MASTER 100 lp", "time": 1351, "solokills_t": 0.007401924500370096, "kills_t": 0.03552923760177646, "kp": 0.43125, "deaths_t": 0.03552923760177646, "assists_t": 0.04219096965210955, "csscore_t": 0.9718726868985936, "teamgold_t": 69.55218356772761, "vision_score_t": 0.8196782219399921, "wards_placed_t": 0.05995558845299778, "gold_graph_diffs_t": 15.50481125092524}