{"id": "EUN1_3577909130", "lvl": 3500, "literal level": "MASTER 300 lp", "time": 1096, "solokills_t": 0.010948905109489052, "kills_t": 0.04470802919708029, "kp": 0.4654761904761905, "deaths_t": 0.04470802919708029, "assists_t": 0.05930656934306569, "csscore_t": 0.9197080291970803, "teamgold_t": 70.49543795620438, "vision_score_t": 0.9065000669009844, "wards_placed_t": 0.06843065693430657, "gold_graph_diffs_t": 14.232664233576642}