{"id": "EUN1_3566731168", "lvl": 3300, "literal level": "MASTER 100 lp", "time": 1631, "solokills_t": 0.007357449417535254, "kills_t": 0.035561005518087066, "kp": 0.46691919191919196, "deaths_t": 0.035561005518087066, "assists_t": 0.04721030042918455, "csscore_t": 0.9074187614960147, "teamgold_t": 68.19190680564071, "vision_score_t": 1.09556423169997, "wards_placed_t": 0.07418761496014716, "gold_graph_diffs_t": 15.500306560392398}