{"id": "EUN1_3568976418", "lvl": 3300, "literal level": "MASTER 100 lp", "time": 1478, "solokills_t": 0.005412719891745603, "kills_t": 0.028416779431664412, "kp": 0.50625, "deaths_t": 0.028416779431664412, "assists_t": 0.05142083897158322, "csscore_t": 0.8788903924221921, "teamgold_t": 61.658998646820024, "vision_score_t": 1.117415829997591, "wards_placed_t": 0.07645466847090664, "gold_graph_diffs_t": 12.943166441136672}