{"id": "EUN1_3583892588", "lvl": 3200, "literal level": "MASTER 0 lp", "time": 2408, "solokills_t": 0.007890365448504983, "kills_t": 0.04028239202657807, "kp": 0.5044757033248082, "deaths_t": 0.040697674418604654, "assists_t": 0.061461794019933555, "csscore_t": 0.9219269102990033, "teamgold_t": 73.66071428571429, "vision_score_t": 1.0459400538076828, "wards_placed_t": 0.07724252491694353, "gold_graph_diffs_t": 14.946428571428571}