{"id": "EUN1_3566750279", "lvl": 3300, "literal level": "MASTER 100 lp", "time": 1820, "solokills_t": 0.006043956043956044, "kills_t": 0.024175824175824177, "kp": 0.495578947368421, "deaths_t": 0.024175824175824177, "assists_t": 0.03626373626373627, "csscore_t": 0.9697802197802198, "teamgold_t": 65.22967032967033, "vision_score_t": 1.0943835963836726, "wards_placed_t": 0.07032967032967033, "gold_graph_diffs_t": 11.093406593406593}