{"id": "EUN1_3581108834", "lvl": 3500, "literal level": "MASTER 300 lp", "time": 1701, "solokills_t": 0.0023515579071134627, "kills_t": 0.02175191064079953, "kp": 0.5596153846153846, "deaths_t": 0.02175191064079953, "assists_t": 0.03880070546737213, "csscore_t": 0.9135802469135802, "teamgold_t": 61.95002939447384, "vision_score_t": 1.0551243580238565, "wards_placed_t": 0.06819517930629042, "gold_graph_diffs_t": 14.490887713109935}