{"id": "EUN1_3578933730", "lvl": 3500, "literal level": "MASTER 300 lp", "time": 1896, "solokills_t": 0.005274261603375527, "kills_t": 0.030063291139240507, "kp": 0.4793506493506493, "deaths_t": 0.030063291139240507, "assists_t": 0.04377637130801688, "csscore_t": 0.9562236286919831, "teamgold_t": 67.33386075949367, "vision_score_t": 1.1015521559347932, "wards_placed_t": 0.07120253164556962, "gold_graph_diffs_t": 10.466772151898734}