{"id": "EUN1_3581563290", "lvl": 3500, "literal level": "MASTER 300 lp", "time": 1504, "solokills_t": 0.009308510638297872, "kills_t": 0.032579787234042555, "kp": 0.3971590909090909, "deaths_t": 0.03324468085106383, "assists_t": 0.03125, "csscore_t": 0.9488031914893617, "teamgold_t": 66.77792553191489, "vision_score_t": 0.8388175864237318, "wards_placed_t": 0.061170212765957445, "gold_graph_diffs_t": 10.644946808510639}