{"id": "EUN1_3578975461", "lvl": 3800, "literal level": "MASTER 200 lp", "time": 1317, "solokills_t": 0.00683371298405467, "kills_t": 0.03720577069096431, "kp": 0.5185714285714286, "deaths_t": 0.03720577069096431, "assists_t": 0.06529992406985573, "csscore_t": 0.8716780561883067, "teamgold_t": 68.04328018223235, "vision_score_t": 0.9605590104402693, "wards_placed_t": 0.06454062262718299, "gold_graph_diffs_t": 17.54214123006834}