{"id": "EUN1_3580606126", "lvl": 3500, "literal level": "MASTER 300 lp", "time": 1833, "solokills_t": 0.0070921985815602835, "kills_t": 0.03218767048554282, "kp": 0.4806763285024155, "deaths_t": 0.03218767048554282, "assists_t": 0.0430987452264048, "csscore_t": 0.944899072558647, "teamgold_t": 68.43371522094927, "vision_score_t": 1.1266264128700558, "wards_placed_t": 0.07637752318603383, "gold_graph_diffs_t": 15.78341516639389}