{"id": "EUN1_3571142534", "lvl": 3500, "literal level": "MASTER 300 lp", "time": 913, "solokills_t": 0.007667031763417305, "kills_t": 0.03176341730558598, "kp": 0.387, "deaths_t": 0.03176341730558598, "assists_t": 0.033953997809419496, "csscore_t": 0.8565169769989047, "teamgold_t": 59.950711938663744, "vision_score_t": 0.6861018821946696, "wards_placed_t": 0.05585980284775466, "gold_graph_diffs_t": 12.480832420591456}