{"id": "EUN1_3575856460", "lvl": 3600, "literal level": "MASTER 0 lp", "time": 1771, "solokills_t": 0.012987012987012988, "kills_t": 0.0502540937323546, "kp": 0.4415571284125379, "deaths_t": 0.0502540937323546, "assists_t": 0.06041784302653868, "csscore_t": 0.8746470920383964, "teamgold_t": 74.19367588932806, "vision_score_t": 0.998354129994695, "wards_placed_t": 0.07396950875211744, "gold_graph_diffs_t": 13.955392433653303}