{"id": "EUN1_3572515896", "lvl": 3500, "literal level": "MASTER 300 lp", "time": 2043, "solokills_t": 0.002936857562408223, "kills_t": 0.02936857562408223, "kp": 0.5666666666666667, "deaths_t": 0.02936857562408223, "assists_t": 0.05335291238374939, "csscore_t": 0.9280469897209985, "teamgold_t": 66.85022026431719, "vision_score_t": 1.2085511782133165, "wards_placed_t": 0.07244248653940284, "gold_graph_diffs_t": 13.497307880567792}