{"id": "EUN1_3580789745", "lvl": 3600, "literal level": "MASTER 0 lp", "time": 1690, "solokills_t": 0.010059171597633136, "kills_t": 0.034911242603550295, "kp": 0.45893719806763283, "deaths_t": 0.034911242603550295, "assists_t": 0.04378698224852071, "csscore_t": 0.9100591715976332, "teamgold_t": 67.42366863905326, "vision_score_t": 1.0421937031891075, "wards_placed_t": 0.07337278106508875, "gold_graph_diffs_t": 10.768047337278107}