{"id": "EUN1_3567537744", "lvl": 3300, "literal level": "MASTER 100 lp", "time": 1930, "solokills_t": 0.008290155440414507, "kills_t": 0.047150259067357515, "kp": 0.45357142857142857, "deaths_t": 0.047150259067357515, "assists_t": 0.06269430051813471, "csscore_t": 0.8647668393782384, "teamgold_t": 74.35751295336787, "vision_score_t": 1.0592949986909637, "wards_placed_t": 0.06787564766839378, "gold_graph_diffs_t": 16.067357512953368}