{"id": "EUN1_3581378839", "lvl": 3500, "literal level": "MASTER 300 lp", "time": 1991, "solokills_t": 0.0045203415369161224, "kills_t": 0.03415369161225515, "kp": 0.5677655677655677, "deaths_t": 0.03415369161225515, "assists_t": 0.06428930185836264, "csscore_t": 0.8307383224510296, "teamgold_t": 68.7674535409342, "vision_score_t": 1.0197616861993186, "wards_placed_t": 0.06981416373681568, "gold_graph_diffs_t": 16.065293822199898}