{"id": "EUN1_3586286462", "lvl": 3600, "literal level": "MASTER 0 lp", "time": 1395, "solokills_t": 0.012903225806451613, "kills_t": 0.04516129032258064, "kp": 0.43499999999999994, "deaths_t": 0.04516129032258064, "assists_t": 0.05017921146953405, "csscore_t": 0.8731182795698925, "teamgold_t": 70.94695340501792, "vision_score_t": 0.9158947407185657, "wards_placed_t": 0.06451612903225806, "gold_graph_diffs_t": 17.521863799283153}