{"id": "EUN1_3576364300", "lvl": 3300, "literal level": "MASTER 100 lp", "time": 1888, "solokills_t": 0.007944915254237288, "kills_t": 0.037076271186440676, "kp": 0.5502222222222221, "deaths_t": 0.037076271186440676, "assists_t": 0.06779661016949153, "csscore_t": 0.871822033898305, "teamgold_t": 68.57203389830508, "vision_score_t": 0.8638634989515385, "wards_placed_t": 0.06408898305084745, "gold_graph_diffs_t": 12.510593220338983}