{"id": "EUN1_3578905153", "lvl": 3600, "literal level": "MASTER 0 lp", "time": 984, "solokills_t": 0.008130081300813009, "kills_t": 0.02540650406504065, "kp": 0.346031746031746, "deaths_t": 0.02540650406504065, "assists_t": 0.02032520325203252, "csscore_t": 0.9806910569105691, "teamgold_t": 60.767276422764226, "vision_score_t": 0.827962820543719, "wards_placed_t": 0.05589430894308943, "gold_graph_diffs_t": 9.135162601626016}