{"id": "EUN1_3581914810", "lvl": 3600, "literal level": "MASTER 0 lp", "time": 1564, "solokills_t": 0.0076726342710997444, "kills_t": 0.04283887468030691, "kp": 0.4742248062015505, "deaths_t": 0.04283887468030691, "assists_t": 0.058184143222506396, "csscore_t": 0.8152173913043478, "teamgold_t": 69.36892583120205, "vision_score_t": 1.0491171965501185, "wards_placed_t": 0.0639386189258312, "gold_graph_diffs_t": 14.802429667519181}