{"id": "EUN1_3573912919", "lvl": 3600, "literal level": "MASTER 0 lp", "time": 2044, "solokills_t": 0.009784735812133072, "kills_t": 0.043052837573385516, "kp": 0.4950310559006212, "deaths_t": 0.04354207436399217, "assists_t": 0.06360078277886497, "csscore_t": 0.9055772994129159, "teamgold_t": 74.02348336594912, "vision_score_t": 1.0030956165260398, "wards_placed_t": 0.06506849315068493, "gold_graph_diffs_t": 16.848336594911938}