{"id": "EUN1_3584815644", "lvl": 3700, "literal level": "MASTER 100 lp", "time": 1435, "solokills_t": 0.009059233449477353, "kills_t": 0.03554006968641115, "kp": 0.40197368421052626, "deaths_t": 0.03554006968641115, "assists_t": 0.036933797909407665, "csscore_t": 0.9477351916376306, "teamgold_t": 68.5233449477352, "vision_score_t": 0.9572485473823635, "wards_placed_t": 0.06620209059233449, "gold_graph_diffs_t": 15.57979094076655}