{"id": "EUN1_3574196347", "lvl": 3300, "literal level": "MASTER 100 lp", "time": 312, "solokills_t": 0.009615384615384616, "kills_t": 0.038461538461538464, "kp": 0.3857142857142857, "deaths_t": 0.038461538461538464, "assists_t": 0.035256410256410256, "csscore_t": 0.7051282051282052, "teamgold_t": 62.46474358974359, "vision_score_t": 0.25656660617590155, "wards_placed_t": 0.028846153846153848, "gold_graph_diffs_t": 6.387820512820513}