{"id": "EUN1_3581136606", "lvl": 3400, "literal level": "MASTER 200 lp", "time": 913, "solokills_t": 0.008762322015334063, "kills_t": 0.03723986856516977, "kp": 0.3897777777777778, "deaths_t": 0.03723986856516977, "assists_t": 0.038335158817086525, "csscore_t": 0.8335158817086528, "teamgold_t": 65.40963855421687, "vision_score_t": 0.7957389503909817, "wards_placed_t": 0.06790799561883899, "gold_graph_diffs_t": 12.680175246440307}