{"id": "EUN1_3552904746", "lvl": 3200, "literal level": "MASTER 0 lp", "time": 1520, "solokills_t": 0.0059210526315789476, "kills_t": 0.035526315789473684, "kp": 0.5496428571428571, "deaths_t": 0.03618421052631579, "assists_t": 0.06513157894736842, "csscore_t": 0.9, "teamgold_t": 68.7125, "vision_score_t": 1.114225532648968, "wards_placed_t": 0.08223684210526316, "gold_graph_diffs_t": 15.141447368421053}