{"id": "EUN1_3580745976", "lvl": 3600, "literal level": "MASTER 0 lp", "time": 1217, "solokills_t": 0.008216926869350863, "kills_t": 0.04601479046836483, "kp": 0.5199999999999999, "deaths_t": 0.04601479046836483, "assists_t": 0.07559572719802794, "csscore_t": 0.8422350041084634, "teamgold_t": 72.847986852917, "vision_score_t": 0.76767254109657, "wards_placed_t": 0.051766639276910435, "gold_graph_diffs_t": 14.547247329498768}