{"id": "EUN1_3568508423", "lvl": 3400, "literal level": "MASTER 200 lp", "time": 1546, "solokills_t": 0.0038809831824062097, "kills_t": 0.02328589909443726, "kp": 0.50375, "deaths_t": 0.02328589909443726, "assists_t": 0.03686934023285899, "csscore_t": 0.9534282018111255, "teamgold_t": 62.97606727037516, "vision_score_t": 1.0996483617768464, "wards_placed_t": 0.07567917205692108, "gold_graph_diffs_t": 10.415912031047865}