{"id": "EUN1_3582278203", "lvl": 3600, "literal level": "MASTER 0 lp", "time": 1425, "solokills_t": 0.004912280701754386, "kills_t": 0.037192982456140354, "kp": 0.5101190476190476, "deaths_t": 0.037192982456140354, "assists_t": 0.05824561403508772, "csscore_t": 0.9108771929824562, "teamgold_t": 69.02385964912281, "vision_score_t": 1.0713189831451186, "wards_placed_t": 0.06596491228070175, "gold_graph_diffs_t": 13.030877192982457}