{"id": "EUN1_3567035203", "lvl": 3300, "literal level": "MASTER 100 lp", "time": 1494, "solokills_t": 0.009370816599732263, "kills_t": 0.03279785809906292, "kp": 0.4250980392156863, "deaths_t": 0.03279785809906292, "assists_t": 0.03681392235609103, "csscore_t": 0.8627844712182061, "teamgold_t": 64.93708165997323, "vision_score_t": 1.009918118233264, "wards_placed_t": 0.0642570281124498, "gold_graph_diffs_t": 12.842034805890227}