{"id": "EUN1_3578935464", "lvl": 3600, "literal level": "MASTER 0 lp", "time": 1358, "solokills_t": 0.0066273932253313695, "kills_t": 0.03240058910162003, "kp": 0.5285359801488834, "deaths_t": 0.03240058910162003, "assists_t": 0.05154639175257732, "csscore_t": 0.93519882179676, "teamgold_t": 67.1678939617084, "vision_score_t": 1.0061355328676431, "wards_placed_t": 0.06848306332842416, "gold_graph_diffs_t": 15.499263622974963}