{"id": "EUN1_3589174857", "lvl": 3800, "literal level": "MASTER 200 lp", "time": 1685, "solokills_t": 0.004747774480712166, "kills_t": 0.03679525222551929, "kp": 0.5261375661375661, "deaths_t": 0.03679525222551929, "assists_t": 0.060534124629080116, "csscore_t": 0.9774480712166173, "teamgold_t": 69.2053412462908, "vision_score_t": 1.1587158086167615, "wards_placed_t": 0.08189910979228486, "gold_graph_diffs_t": 11.610089020771513}