{"id": "EUN1_3571923818", "lvl": 3400, "literal level": "MASTER 200 lp", "time": 1287, "solokills_t": 0.009324009324009324, "kills_t": 0.04040404040404041, "kp": 0.4339495798319327, "deaths_t": 0.04040404040404041, "assists_t": 0.05128205128205128, "csscore_t": 0.9440559440559441, "teamgold_t": 70.35975135975136, "vision_score_t": 0.9954031482258804, "wards_placed_t": 0.07148407148407149, "gold_graph_diffs_t": 13.332556332556333}