{"id": "EUN1_3579480079", "lvl": 3500, "literal level": "MASTER 300 lp", "time": 1751, "solokills_t": 0.005139920045688178, "kills_t": 0.02741290691033695, "kp": 0.4988888888888889, "deaths_t": 0.02741290691033695, "assists_t": 0.04054825813820674, "csscore_t": 0.9377498572244432, "teamgold_t": 64.44945745288406, "vision_score_t": 0.9694468302832385, "wards_placed_t": 0.0633923472301542, "gold_graph_diffs_t": 9.290119931467732}