{"id": "EUN1_3550615022", "lvl": 3100, "literal level": "MASTER 300 lp", "time": 2242, "solokills_t": 0.01159678858162355, "kills_t": 0.037020517395182875, "kp": 0.4142857142857143, "deaths_t": 0.037020517395182875, "assists_t": 0.039250669045495096, "csscore_t": 0.8541480820695807, "teamgold_t": 67.6864406779661, "vision_score_t": 1.216264557096578, "wards_placed_t": 0.08876003568242641, "gold_graph_diffs_t": 12.17885816235504}