{"id": "EUN1_3571621338", "lvl": 3500, "literal level": "MASTER 300 lp", "time": 1539, "solokills_t": 0.00649772579597141, "kills_t": 0.04028589993502274, "kp": 0.5095238095238094, "deaths_t": 0.04028589993502274, "assists_t": 0.06302794022092267, "csscore_t": 0.8797920727745289, "teamgold_t": 69.7953216374269, "vision_score_t": 0.9614358542132104, "wards_placed_t": 0.06692657569850552, "gold_graph_diffs_t": 17.114359974009098}