{"id": "EUN1_3560321654", "lvl": 3300, "literal level": "MASTER 100 lp", "time": 1450, "solokills_t": 0.005517241379310344, "kills_t": 0.032413793103448274, "kp": 0.5140692640692641, "deaths_t": 0.032413793103448274, "assists_t": 0.046206896551724136, "csscore_t": 0.8489655172413794, "teamgold_t": 65.16620689655173, "vision_score_t": 1.1772875066492996, "wards_placed_t": 0.07586206896551724, "gold_graph_diffs_t": 12.029655172413793}