{"id": "EUN1_3581263162", "lvl": 3600, "literal level": "MASTER 0 lp", "time": 1370, "solokills_t": 0.010218978102189781, "kills_t": 0.03795620437956204, "kp": 0.42254901960784313, "deaths_t": 0.03795620437956204, "assists_t": 0.041605839416058395, "csscore_t": 0.9175182481751825, "teamgold_t": 68.82408759124088, "vision_score_t": 0.903632628332009, "wards_placed_t": 0.06642335766423357, "gold_graph_diffs_t": 14.253284671532846}