{"id": "EUN1_3584534155", "lvl": 3600, "literal level": "MASTER 0 lp", "time": 1160, "solokills_t": 0.013793103448275862, "kills_t": 0.04051724137931034, "kp": 0.41753246753246753, "deaths_t": 0.041379310344827586, "assists_t": 0.039655172413793106, "csscore_t": 0.9413793103448276, "teamgold_t": 70.81810344827586, "vision_score_t": 0.6869994150034818, "wards_placed_t": 0.05517241379310345, "gold_graph_diffs_t": 21.069827586206898}