{"id": "EUN1_3577180464", "lvl": 3600, "literal level": "MASTER 0 lp", "time": 1827, "solokills_t": 0.010399562123700055, "kills_t": 0.039956212370005476, "kp": 0.42596899224806195, "deaths_t": 0.039956212370005476, "assists_t": 0.04488232074438971, "csscore_t": 0.8702791461412152, "teamgold_t": 73.57416529830323, "vision_score_t": 0.942629479959567, "wards_placed_t": 0.0662287903667214, "gold_graph_diffs_t": 17.188834154351397}