{"id": "EUN1_3580886386", "lvl": 3400, "literal level": "MASTER 200 lp", "time": 1449, "solokills_t": 0.002070393374741201, "kills_t": 0.029675638371290544, "kp": 0.5914351851851851, "deaths_t": 0.029675638371290544, "assists_t": 0.05728088336783989, "csscore_t": 0.9233954451345756, "teamgold_t": 67.52380952380952, "vision_score_t": 0.979833415457333, "wards_placed_t": 0.06763285024154589, "gold_graph_diffs_t": 11.942028985507246}