{"id": "EUN1_3586029348", "lvl": 3500, "literal level": "MASTER 300 lp", "time": 1899, "solokills_t": 0.004739336492890996, "kills_t": 0.03686150605581885, "kp": 0.5315359477124183, "deaths_t": 0.03686150605581885, "assists_t": 0.061084781463928386, "csscore_t": 0.8873091100579252, "teamgold_t": 68.68404423380727, "vision_score_t": 1.0752405146188493, "wards_placed_t": 0.0679304897314376, "gold_graph_diffs_t": 15.760400210637178}