{"id": "EUN1_3585745138", "lvl": 3700, "literal level": "MASTER 100 lp", "time": 1860, "solokills_t": 0.0064516129032258064, "kills_t": 0.03978494623655914, "kp": 0.511265306122449, "deaths_t": 0.03978494623655914, "assists_t": 0.06290322580645161, "csscore_t": 0.8311827956989247, "teamgold_t": 70.36075268817204, "vision_score_t": 1.05421320084824, "wards_placed_t": 0.06989247311827956, "gold_graph_diffs_t": 11.341397849462366}