{"id": "EUN1_3570370777", "lvl": 3500, "literal level": "MASTER 300 lp", "time": 2122, "solokills_t": 0.00706880301602262, "kills_t": 0.03345900094250707, "kp": 0.45596184419713837, "deaths_t": 0.03345900094250707, "assists_t": 0.04288407163053723, "csscore_t": 0.8958529688972667, "teamgold_t": 69.2803958529689, "vision_score_t": 1.2632708945338413, "wards_placed_t": 0.08435438265786993, "gold_graph_diffs_t": 16.414231856738926}