{"id": "EUN1_3574198759", "lvl": 3800, "literal level": "MASTER 200 lp", "time": 1230, "solokills_t": 0.0040650406504065045, "kills_t": 0.03008130081300813, "kp": 0.4396296296296297, "deaths_t": 0.03008130081300813, "assists_t": 0.03739837398373984, "csscore_t": 1.0276422764227642, "teamgold_t": 67.1390243902439, "vision_score_t": 0.6956308768916002, "wards_placed_t": 0.052845528455284556, "gold_graph_diffs_t": 13.955284552845528}