{"id": "EUN1_3587389410", "lvl": 3600, "literal level": "MASTER 0 lp", "time": 1112, "solokills_t": 0.007194244604316547, "kills_t": 0.03327338129496403, "kp": 0.4607407407407408, "deaths_t": 0.03327338129496403, "assists_t": 0.044964028776978415, "csscore_t": 0.947841726618705, "teamgold_t": 63.40467625899281, "vision_score_t": 0.7706191333348846, "wards_placed_t": 0.053057553956834536, "gold_graph_diffs_t": 9.489208633093526}