{"id": "EUN1_3586197954", "lvl": 3400, "literal level": "MASTER 200 lp", "time": 1597, "solokills_t": 0.010018785222291797, "kills_t": 0.034439574201628055, "kp": 0.4491987179487179, "deaths_t": 0.03506574827802129, "assists_t": 0.041953663118346904, "csscore_t": 0.947401377582968, "teamgold_t": 68.85034439574201, "vision_score_t": 0.8291731026888917, "wards_placed_t": 0.05134627426424546, "gold_graph_diffs_t": 13.703193487789605}