{"id": "EUN1_3555691039", "lvl": 3000, "literal level": "MASTER 200 lp", "time": 1826, "solokills_t": 0.0065717415115005475, "kills_t": 0.03176341730558598, "kp": 0.48605769230769236, "deaths_t": 0.03176341730558598, "assists_t": 0.045454545454545456, "csscore_t": 0.8997809419496167, "teamgold_t": 68.03833515881709, "vision_score_t": 1.0360708201505895, "wards_placed_t": 0.07502738225629792, "gold_graph_diffs_t": 13.527929901423878}