{"id": "EUN1_3566526251", "lvl": 3300, "literal level": "MASTER 100 lp", "time": 1362, "solokills_t": 0.010279001468428781, "kills_t": 0.037444933920704845, "kp": 0.4072222222222222, "deaths_t": 0.037444933920704845, "assists_t": 0.03524229074889868, "csscore_t": 1.0066079295154184, "teamgold_t": 72.3906020558003, "vision_score_t": 0.9866343713715995, "wards_placed_t": 0.07048458149779736, "gold_graph_diffs_t": 15.04992657856094}