{"id": "EUN1_3579664442", "lvl": 3400, "literal level": "MASTER 200 lp", "time": 1785, "solokills_t": 0.007282913165266107, "kills_t": 0.043697478991596636, "kp": 0.4813858695652174, "deaths_t": 0.043697478991596636, "assists_t": 0.06050420168067227, "csscore_t": 0.880672268907563, "teamgold_t": 72.1686274509804, "vision_score_t": 0.8039329819656513, "wards_placed_t": 0.05266106442577031, "gold_graph_diffs_t": 14.225770308123248}