{"id": "EUN1_3580854245", "lvl": 3700, "literal level": "MASTER 100 lp", "time": 1798, "solokills_t": 0.01167964404894327, "kills_t": 0.047274749721913235, "kp": 0.4355543113101904, "deaths_t": 0.047274749721913235, "assists_t": 0.05617352614015573, "csscore_t": 0.9404894327030033, "teamgold_t": 74.30533926585095, "vision_score_t": 1.0744852640055054, "wards_placed_t": 0.07508342602892103, "gold_graph_diffs_t": 15.162958843159066}