{"id": "EUN1_3552251507", "lvl": 3200, "literal level": "MASTER 0 lp", "time": 924, "solokills_t": 0.010822510822510822, "kills_t": 0.0367965367965368, "kp": 0.4523809523809523, "deaths_t": 0.0367965367965368, "assists_t": 0.0367965367965368, "csscore_t": 0.9188311688311688, "teamgold_t": 67.59415584415585, "vision_score_t": 0.7873446356478835, "wards_placed_t": 0.05952380952380952, "gold_graph_diffs_t": 14.726190476190476}