{"id": "EUN1_3584474688", "lvl": 3600, "literal level": "MASTER 0 lp", "time": 2029, "solokills_t": 0.0034499753573188764, "kills_t": 0.030064070970921637, "kp": 0.6043123543123543, "deaths_t": 0.030064070970921637, "assists_t": 0.062099556431739776, "csscore_t": 0.8368654509610646, "teamgold_t": 65.80088713652046, "vision_score_t": 1.1081261743024533, "wards_placed_t": 0.07343518974864466, "gold_graph_diffs_t": 11.784130113356333}