{"id": "EUN1_3579370790", "lvl": 3600, "literal level": "MASTER 0 lp", "time": 1376, "solokills_t": 0.003633720930232558, "kills_t": 0.027616279069767442, "kp": 0.4990769230769231, "deaths_t": 0.028343023255813952, "assists_t": 0.0436046511627907, "csscore_t": 0.970203488372093, "teamgold_t": 66.80450581395348, "vision_score_t": 0.9411484787174451, "wards_placed_t": 0.06831395348837209, "gold_graph_diffs_t": 15.805959302325581}