{"id": "EUN1_3588087844", "lvl": 3500, "literal level": "MASTER 300 lp", "time": 1714, "solokills_t": 0.005250875145857643, "kills_t": 0.030921820303383897, "kp": 0.4790849673202614, "deaths_t": 0.030921820303383897, "assists_t": 0.044924154025670945, "csscore_t": 0.8774795799299884, "teamgold_t": 64.96091015169195, "vision_score_t": 1.1039696651562392, "wards_placed_t": 0.07876312718786464, "gold_graph_diffs_t": 12.443990665110851}