{"id": "EUN1_3567398050", "lvl": 3200, "literal level": "MASTER 0 lp", "time": 1685, "solokills_t": 0.006528189910979229, "kills_t": 0.03916913946587537, "kp": 0.5091244239631336, "deaths_t": 0.03916913946587537, "assists_t": 0.060534124629080116, "csscore_t": 0.8267062314540059, "teamgold_t": 68.00118694362018, "vision_score_t": 1.1008827538602133, "wards_placed_t": 0.07596439169139466, "gold_graph_diffs_t": 11.938278931750741}