{"id": "EUN1_3579370211", "lvl": 3600, "literal level": "MASTER 0 lp", "time": 1869, "solokills_t": 0.008025682182985553, "kills_t": 0.029427501337613696, "kp": 0.4906084656084656, "deaths_t": 0.0299625468164794, "assists_t": 0.042803638309256285, "csscore_t": 0.956661316211878, "teamgold_t": 67.60888175494917, "vision_score_t": 1.3383718649106882, "wards_placed_t": 0.09202782236490102, "gold_graph_diffs_t": 14.723916532905298}