{"id": "EUN1_3577350557", "lvl": 3600, "literal level": "MASTER 0 lp", "time": 1167, "solokills_t": 0.004284490145672665, "kills_t": 0.027420736932305057, "kp": 0.42181818181818176, "deaths_t": 0.027420736932305057, "assists_t": 0.032562125107112254, "csscore_t": 0.9374464438731791, "teamgold_t": 64.42330762639246, "vision_score_t": 0.7853525823353816, "wards_placed_t": 0.05998286203941731, "gold_graph_diffs_t": 9.929734361610969}