{"id": "EUN1_3586264264", "lvl": 3700, "literal level": "MASTER 100 lp", "time": 1524, "solokills_t": 0.010498687664041995, "kills_t": 0.03412073490813648, "kp": 0.4687400318979266, "deaths_t": 0.03412073490813648, "assists_t": 0.046587926509186355, "csscore_t": 0.9744094488188977, "teamgold_t": 68.54461942257218, "vision_score_t": 0.9465000462371453, "wards_placed_t": 0.062335958005249346, "gold_graph_diffs_t": 14.087926509186351}