{"id": "EUN1_3581713135", "lvl": 3400, "literal level": "MASTER 200 lp", "time": 1931, "solokills_t": 0.0072501294665976174, "kills_t": 0.03521491455204557, "kp": 0.46470588235294114, "deaths_t": 0.03521491455204557, "assists_t": 0.04660797514241326, "csscore_t": 0.9756602796478508, "teamgold_t": 70.91869497669602, "vision_score_t": 1.0751856977451304, "wards_placed_t": 0.0859658208182289, "gold_graph_diffs_t": 15.560849300880372}