{"id": "EUN1_3588367864", "lvl": 3400, "literal level": "MASTER 200 lp", "time": 1473, "solokills_t": 0.0033944331296673455, "kills_t": 0.03394433129667346, "kp": 0.5534621578099839, "deaths_t": 0.03394433129667346, "assists_t": 0.06042090970807875, "csscore_t": 0.9097080787508486, "teamgold_t": 67.30549898167006, "vision_score_t": 0.9209961696643674, "wards_placed_t": 0.06313645621181263, "gold_graph_diffs_t": 11.490156143923965}