{"id": "EUN1_3552916285", "lvl": 3300, "literal level": "MASTER 100 lp", "time": 1590, "solokills_t": 0.011320754716981131, "kills_t": 0.03647798742138365, "kp": 0.43578431372549015, "deaths_t": 0.03647798742138365, "assists_t": 0.04150943396226415, "csscore_t": 0.9817610062893082, "teamgold_t": 68.87798742138365, "vision_score_t": 1.1001907793094172, "wards_placed_t": 0.0779874213836478, "gold_graph_diffs_t": 14.38993710691824}