{"id": "EUN1_3578895205", "lvl": 3600, "literal level": "MASTER 0 lp", "time": 1656, "solokills_t": 0.005434782608695652, "kills_t": 0.04045893719806763, "kp": 0.496060606060606, "deaths_t": 0.04045893719806763, "assists_t": 0.06340579710144928, "csscore_t": 0.8810386473429952, "teamgold_t": 68.75, "vision_score_t": 1.1447269248873655, "wards_placed_t": 0.06944444444444445, "gold_graph_diffs_t": 11.242753623188406}