{"id": "EUN1_3583904201", "lvl": 3400, "literal level": "MASTER 200 lp", "time": 1568, "solokills_t": 0.008928571428571428, "kills_t": 0.030612244897959183, "kp": 0.45773913043478265, "deaths_t": 0.030612244897959183, "assists_t": 0.039540816326530615, "csscore_t": 1.0140306122448979, "teamgold_t": 69.97321428571429, "vision_score_t": 0.8183406779186868, "wards_placed_t": 0.05229591836734694, "gold_graph_diffs_t": 10.627551020408163}