{"id": "EUN1_3570575166", "lvl": 3300, "literal level": "MASTER 100 lp", "time": 1789, "solokills_t": 0.008384572386808273, "kills_t": 0.03856903297931805, "kp": 0.5107809847198641, "deaths_t": 0.03856903297931805, "assists_t": 0.05869200670765791, "csscore_t": 0.8222470653996646, "teamgold_t": 65.91671324762437, "vision_score_t": 1.026520474567966, "wards_placed_t": 0.06931246506428172, "gold_graph_diffs_t": 12.49804359977641}