{"id": "EUN1_3549118870", "lvl": 3000, "literal level": "MASTER 200 lp", "time": 1373, "solokills_t": 0.007283321194464676, "kills_t": 0.04005826656955572, "kp": 0.4960597826086956, "deaths_t": 0.04005826656955572, "assists_t": 0.06045156591405681, "csscore_t": 0.9315367807720321, "teamgold_t": 70.28550619082301, "vision_score_t": 0.8840267560973926, "wards_placed_t": 0.06336489439184267, "gold_graph_diffs_t": 15.391114348142754}