{"id": "EUN1_3565655639", "lvl": 3300, "literal level": "MASTER 100 lp", "time": 1289, "solokills_t": 0.0023273855702094647, "kills_t": 0.021722265321955005, "kp": 0.4708333333333334, "deaths_t": 0.021722265321955005, "assists_t": 0.03491078355314197, "csscore_t": 0.939487975174554, "teamgold_t": 63.635376260667186, "vision_score_t": 0.8645947447792782, "wards_placed_t": 0.05352986811481769, "gold_graph_diffs_t": 14.012412723041118}