{"id": "EUN1_3583948564", "lvl": 3700, "literal level": "MASTER 100 lp", "time": 1723, "solokills_t": 0.008705745792222866, "kills_t": 0.030760301799187463, "kp": 0.4514367816091954, "deaths_t": 0.030760301799187463, "assists_t": 0.03772489843296576, "csscore_t": 0.9599535693557748, "teamgold_t": 68.30702263493906, "vision_score_t": 0.9077224794578729, "wards_placed_t": 0.06094022054556007, "gold_graph_diffs_t": 10.518282066163668}