{"id": "EUN1_3585772984", "lvl": 3200, "literal level": "MASTER 0 lp", "time": 1375, "solokills_t": 0.009454545454545455, "kills_t": 0.04581818181818182, "kp": 0.4744210526315789, "deaths_t": 0.04581818181818182, "assists_t": 0.06109090909090909, "csscore_t": 0.8356363636363636, "teamgold_t": 72.61309090909091, "vision_score_t": 0.7317388167391046, "wards_placed_t": 0.04727272727272727, "gold_graph_diffs_t": 15.15709090909091}