{"id": "EUN1_3583043713", "lvl": 3700, "literal level": "MASTER 100 lp", "time": 1530, "solokills_t": 0.011111111111111112, "kills_t": 0.03725490196078431, "kp": 0.45594594594594595, "deaths_t": 0.03725490196078431, "assists_t": 0.04967320261437908, "csscore_t": 0.9130718954248366, "teamgold_t": 70.22156862745098, "vision_score_t": 0.6986237880846462, "wards_placed_t": 0.04771241830065359, "gold_graph_diffs_t": 18.022875816993466}