{"id": "EUN1_3585674999", "lvl": 3600, "literal level": "MASTER 0 lp", "time": 1410, "solokills_t": 0.004964539007092199, "kills_t": 0.03404255319148936, "kp": 0.5363636363636364, "deaths_t": 0.03475177304964539, "assists_t": 0.0574468085106383, "csscore_t": 0.9432624113475178, "teamgold_t": 66.28936170212766, "vision_score_t": 0.8949399080338425, "wards_placed_t": 0.058865248226950356, "gold_graph_diffs_t": 13.964539007092199}