{"id": "EUN1_3578609710", "lvl": 3500, "literal level": "MASTER 300 lp", "time": 1950, "solokills_t": 0.005128205128205128, "kills_t": 0.04051282051282051, "kp": 0.4936538461538461, "deaths_t": 0.04051282051282051, "assists_t": 0.059487179487179485, "csscore_t": 0.8769230769230769, "teamgold_t": 70.48717948717949, "vision_score_t": 1.0175004096420288, "wards_placed_t": 0.06615384615384616, "gold_graph_diffs_t": 11.448205128205128}