{"id": "EUN1_3565614386", "lvl": 3100, "literal level": "MASTER 300 lp", "time": 2242, "solokills_t": 0.0053523639607493305, "kills_t": 0.027207850133809098, "kp": 0.5080645161290321, "deaths_t": 0.027653880463871544, "assists_t": 0.04192685102586976, "csscore_t": 0.928635147190009, "teamgold_t": 66.94469223907225, "vision_score_t": 1.2757890815400048, "wards_placed_t": 0.09143621766280106, "gold_graph_diffs_t": 16.819803746654774}