{"id": "EUN1_3569456202", "lvl": 3400, "literal level": "MASTER 200 lp", "time": 1589, "solokills_t": 0.013845185651353053, "kills_t": 0.05286343612334802, "kp": 0.4688401253918496, "deaths_t": 0.05286343612334802, "assists_t": 0.07048458149779736, "csscore_t": 0.8521082441787288, "teamgold_t": 72.89490245437382, "vision_score_t": 0.866668697024161, "wards_placed_t": 0.06356198867212083, "gold_graph_diffs_t": 14.012586532410321}