{"id": "EUN1_3578517798", "lvl": 3600, "literal level": "MASTER 0 lp", "time": 2009, "solokills_t": 0.008461921353907416, "kills_t": 0.035838725734196115, "kp": 0.436875, "deaths_t": 0.03633648581383773, "assists_t": 0.04330512692882031, "csscore_t": 1.0184171229467396, "teamgold_t": 69.98058735689398, "vision_score_t": 1.262852260164717, "wards_placed_t": 0.07964161274265803, "gold_graph_diffs_t": 11.599303135888501}