{"id": "EUN1_3568187240", "lvl": 3300, "literal level": "MASTER 100 lp", "time": 1795, "solokills_t": 0.010027855153203343, "kills_t": 0.04512534818941504, "kp": 0.5001960784313726, "deaths_t": 0.04512534818941504, "assists_t": 0.06852367688022284, "csscore_t": 0.8451253481894151, "teamgold_t": 71.83398328690808, "vision_score_t": 1.047397116550123, "wards_placed_t": 0.0701949860724234, "gold_graph_diffs_t": 15.87075208913649}