{"id": "EUN1_3584489384", "lvl": 3700, "literal level": "MASTER 100 lp", "time": 1359, "solokills_t": 0.007358351729212656, "kills_t": 0.033112582781456956, "kp": 0.4269396551724138, "deaths_t": 0.033112582781456956, "assists_t": 0.03826342899190582, "csscore_t": 0.9676232523914643, "teamgold_t": 67.8440029433407, "vision_score_t": 0.9894120213486847, "wards_placed_t": 0.07873436350257543, "gold_graph_diffs_t": 15.242089771891097}