{"id": "EUN1_3588354327", "lvl": 3400, "literal level": "MASTER 200 lp", "time": 1592, "solokills_t": 0.005025125628140704, "kills_t": 0.032663316582914576, "kp": 0.47555555555555556, "deaths_t": 0.032663316582914576, "assists_t": 0.04522613065326633, "csscore_t": 0.9064070351758794, "teamgold_t": 67.57600502512562, "vision_score_t": 0.8738586035063454, "wards_placed_t": 0.06155778894472362, "gold_graph_diffs_t": 14.798366834170855}