{"id": "EUN1_3583653844", "lvl": 3300, "literal level": "MASTER 100 lp", "time": 921, "solokills_t": 0.011943539630836048, "kills_t": 0.04017372421281216, "kp": 0.4076923076923077, "deaths_t": 0.04017372421281216, "assists_t": 0.04234527687296417, "csscore_t": 0.9229098805646037, "teamgold_t": 66.53203040173725, "vision_score_t": 0.8260345525494674, "wards_placed_t": 0.06406080347448426, "gold_graph_diffs_t": 12.403908794788274}