{"id": "EUN1_3584005966", "lvl": 3600, "literal level": "MASTER 0 lp", "time": 1979, "solokills_t": 0.0055583628094997475, "kills_t": 0.035371399696816574, "kp": 0.4910839160839161, "deaths_t": 0.035371399696816574, "assists_t": 0.05002526528549773, "csscore_t": 0.9055078322385043, "teamgold_t": 68.24507326932795, "vision_score_t": 0.956870873001559, "wards_placed_t": 0.06720565942395149, "gold_graph_diffs_t": 16.287518948964124}