{"id": "EUN1_3553443299", "lvl": 3200, "literal level": "MASTER 0 lp", "time": 1724, "solokills_t": 0.01334106728538283, "kills_t": 0.04524361948955916, "kp": 0.3804166666666667, "deaths_t": 0.04524361948955916, "assists_t": 0.04118329466357309, "csscore_t": 0.8323665893271461, "teamgold_t": 69.80974477958236, "vision_score_t": 0.9241489468618627, "wards_placed_t": 0.060324825986078884, "gold_graph_diffs_t": 13.308584686774942}