{"id": "EUN1_3588110955", "lvl": 3500, "literal level": "MASTER 300 lp", "time": 1829, "solokills_t": 0.009294696555494806, "kills_t": 0.03936577364680153, "kp": 0.46713286713286717, "deaths_t": 0.03991252050300711, "assists_t": 0.05248769819573537, "csscore_t": 0.910880262438491, "teamgold_t": 71.45926735921269, "vision_score_t": 1.1389684790564285, "wards_placed_t": 0.0803717878622198, "gold_graph_diffs_t": 14.709130672498633}