{"id": "EUN1_3580982136", "lvl": 3600, "literal level": "MASTER 0 lp", "time": 1745, "solokills_t": 0.004584527220630372, "kills_t": 0.03782234957020057, "kp": 0.5227777777777778, "deaths_t": 0.03782234957020057, "assists_t": 0.06131805157593123, "csscore_t": 0.8040114613180516, "teamgold_t": 66.3862464183381, "vision_score_t": 0.9168366051559309, "wards_placed_t": 0.06017191977077364, "gold_graph_diffs_t": 13.225214899713468}