{"id": "EUN1_3588908521", "lvl": 3700, "literal level": "MASTER 100 lp", "time": 1633, "solokills_t": 0.003674219228413962, "kills_t": 0.026331904470300063, "kp": 0.5669950738916257, "deaths_t": 0.026331904470300063, "assists_t": 0.0520514390691978, "csscore_t": 0.9332516840171463, "teamgold_t": 64.69565217391305, "vision_score_t": 1.2549870119862945, "wards_placed_t": 0.08511941212492345, "gold_graph_diffs_t": 10.118799755052052}