{"id": "EUN1_3564861704", "lvl": 3300, "literal level": "MASTER 100 lp", "time": 1748, "solokills_t": 0.008009153318077803, "kills_t": 0.04691075514874142, "kp": 0.546341463414634, "deaths_t": 0.04691075514874142, "assists_t": 0.08123569794050343, "csscore_t": 0.7602974828375286, "teamgold_t": 70.09725400457666, "vision_score_t": 1.1033481046038254, "wards_placed_t": 0.07265446224256293, "gold_graph_diffs_t": 14.389016018306636}