{"id": "EUN1_3553693557", "lvl": 2800, "literal level": "MASTER 0 lp", "time": 1907, "solokills_t": 0.005243838489774515, "kills_t": 0.026743576297850027, "kp": 0.5319354838709678, "deaths_t": 0.027267960146827478, "assists_t": 0.04299947561615102, "csscore_t": 0.9323544834819087, "teamgold_t": 67.21866806502359, "vision_score_t": 1.0865667126750664, "wards_placed_t": 0.07341373885684321, "gold_graph_diffs_t": 14.972207656004196}