{"id": "EUN1_3578971996", "lvl": 3700, "literal level": "MASTER 100 lp", "time": 1646, "solokills_t": 0.007290400972053463, "kills_t": 0.03462940461725395, "kp": 0.5020779220779221, "deaths_t": 0.03523693803159174, "assists_t": 0.053462940461725394, "csscore_t": 0.8687727825030377, "teamgold_t": 66.5224787363305, "vision_score_t": 1.1849397594580346, "wards_placed_t": 0.06804374240583232, "gold_graph_diffs_t": 14.707168894289186}