{"id": "EUN1_3585897467", "lvl": 3700, "literal level": "MASTER 100 lp", "time": 1795, "solokills_t": 0.005013927576601671, "kills_t": 0.02116991643454039, "kp": 0.4655555555555555, "deaths_t": 0.02116991643454039, "assists_t": 0.02841225626740947, "csscore_t": 0.9236768802228412, "teamgold_t": 59.78050139275766, "vision_score_t": 1.0471958810673883, "wards_placed_t": 0.06518105849582173, "gold_graph_diffs_t": 13.412813370473538}