{"id": "EUN1_3573174892", "lvl": 3500, "literal level": "MASTER 300 lp", "time": 1454, "solokills_t": 0.011004126547455296, "kills_t": 0.0405777166437414, "kp": 0.45896805896805903, "deaths_t": 0.041953232462173314, "assists_t": 0.05089408528198074, "csscore_t": 0.8830811554332875, "teamgold_t": 68.62379642365887, "vision_score_t": 1.0253655200455476, "wards_placed_t": 0.07083906464924347, "gold_graph_diffs_t": 13.678817056396149}