{"id": "EUN1_3586708858", "lvl": 3800, "literal level": "MASTER 200 lp", "time": 1392, "solokills_t": 0.007183908045977011, "kills_t": 0.034482758620689655, "kp": 0.4837606837606837, "deaths_t": 0.034482758620689655, "assists_t": 0.04597701149425287, "csscore_t": 0.9432471264367817, "teamgold_t": 68.76077586206897, "vision_score_t": 0.9207577249973895, "wards_placed_t": 0.06609195402298851, "gold_graph_diffs_t": 12.83405172413793}