{"id": "EUN1_3576806174", "lvl": 3500, "literal level": "MASTER 300 lp", "time": 1743, "solokills_t": 0.010900745840504877, "kills_t": 0.04876649454962708, "kp": 0.426940133037694, "deaths_t": 0.04876649454962708, "assists_t": 0.055651176133103844, "csscore_t": 0.8232931726907631, "teamgold_t": 73.8938611589214, "vision_score_t": 1.042751556624713, "wards_placed_t": 0.06884681583476764, "gold_graph_diffs_t": 15.229489386115892}