{"id": "EUN1_3554622609", "lvl": 3400, "literal level": "MASTER 200 lp", "time": 1734, "solokills_t": 0.0034602076124567475, "kills_t": 0.02883506343713956, "kp": 0.5774305555555556, "deaths_t": 0.02883506343713956, "assists_t": 0.0530565167243368, "csscore_t": 0.9238754325259516, "teamgold_t": 65.60034602076125, "vision_score_t": 1.0114791872120303, "wards_placed_t": 0.06747404844290658, "gold_graph_diffs_t": 15.438869665513264}