{"id": "EUN1_3578585348", "lvl": 3800, "literal level": "MASTER 200 lp", "time": 1658, "solokills_t": 0.008443908323281062, "kills_t": 0.03437876960193004, "kp": 0.481375, "deaths_t": 0.03437876960193004, "assists_t": 0.047044632086851626, "csscore_t": 0.9806996381182147, "teamgold_t": 69.34559710494572, "vision_score_t": 1.0501965859244244, "wards_placed_t": 0.0735826296743064, "gold_graph_diffs_t": 12.832931242460797}