{"id": "EUN1_3583402671", "lvl": 3500, "literal level": "MASTER 300 lp", "time": 1802, "solokills_t": 0.006104328523862375, "kills_t": 0.03440621531631521, "kp": 0.4809929078014184, "deaths_t": 0.03496115427302997, "assists_t": 0.04605993340732519, "csscore_t": 0.9783573806881243, "teamgold_t": 69.5749167591565, "vision_score_t": 1.2126235136945216, "wards_placed_t": 0.06936736958934517, "gold_graph_diffs_t": 13.863485016648168}