{"id": "EUN1_3575880250", "lvl": 3600, "literal level": "MASTER 0 lp", "time": 1048, "solokills_t": 0.0057251908396946565, "kills_t": 0.02862595419847328, "kp": 0.41600000000000004, "deaths_t": 0.02862595419847328, "assists_t": 0.03244274809160305, "csscore_t": 0.8893129770992366, "teamgold_t": 63.857824427480914, "vision_score_t": 0.5717592785888497, "wards_placed_t": 0.04103053435114504, "gold_graph_diffs_t": 15.365458015267176}