{"id": "EUN1_3566792359", "lvl": 3400, "literal level": "MASTER 200 lp", "time": 1629, "solokills_t": 0.0055248618784530384, "kills_t": 0.03621853898096992, "kp": 0.46410256410256406, "deaths_t": 0.03621853898096992, "assists_t": 0.05156537753222836, "csscore_t": 0.9251074278698588, "teamgold_t": 66.6292203806016, "vision_score_t": 0.9862753490819847, "wards_placed_t": 0.06322897483118478, "gold_graph_diffs_t": 10.388581952117864}