{"id": "EUN1_3579161398", "lvl": 3800, "literal level": "MASTER 200 lp", "time": 1425, "solokills_t": 0.005614035087719298, "kills_t": 0.03508771929824561, "kp": 0.45857385398981315, "deaths_t": 0.03508771929824561, "assists_t": 0.0456140350877193, "csscore_t": 0.9249122807017544, "teamgold_t": 68.1859649122807, "vision_score_t": 1.1724771779869592, "wards_placed_t": 0.08701754385964912, "gold_graph_diffs_t": 13.922105263157894}