{"id": "EUN1_3569398537", "lvl": 3400, "literal level": "MASTER 200 lp", "time": 1193, "solokills_t": 0.005029337803855826, "kills_t": 0.03101424979044426, "kp": 0.5059006211180124, "deaths_t": 0.03101424979044426, "assists_t": 0.04442581726739313, "csscore_t": 0.9622799664710813, "teamgold_t": 68.40318524727577, "vision_score_t": 0.9461922458154455, "wards_placed_t": 0.06035205364626991, "gold_graph_diffs_t": 20.30259849119866}