{"id": "EUN1_3582823164", "lvl": 3600, "literal level": "MASTER 0 lp", "time": 1349, "solokills_t": 0.005930318754633061, "kills_t": 0.03780578206078577, "kp": 0.5363636363636364, "deaths_t": 0.03780578206078577, "assists_t": 0.06375092661230541, "csscore_t": 0.8776871756856931, "teamgold_t": 69.87842846553002, "vision_score_t": 0.8355758016517122, "wards_placed_t": 0.05707931801334322, "gold_graph_diffs_t": 16.78576723498888}