{"id": "EUN1_3588383715", "lvl": 3400, "literal level": "MASTER 200 lp", "time": 1313, "solokills_t": 0.009900990099009901, "kills_t": 0.03351104341203351, "kp": 0.4314285714285714, "deaths_t": 0.03351104341203351, "assists_t": 0.03808073115003808, "csscore_t": 0.9246001523229246, "teamgold_t": 67.18964204112719, "vision_score_t": 0.7978918411160422, "wards_placed_t": 0.05864432597105865, "gold_graph_diffs_t": 15.159177456207159}