{"id": "EUN1_3571319141", "lvl": 3200, "literal level": "MASTER 0 lp", "time": 1230, "solokills_t": 0.013008130081300813, "kills_t": 0.05772357723577236, "kp": 0.42512315270935963, "deaths_t": 0.05772357723577236, "assists_t": 0.06666666666666667, "csscore_t": 0.8495934959349594, "teamgold_t": 79.2390243902439, "vision_score_t": 0.9171582048765965, "wards_placed_t": 0.06910569105691057, "gold_graph_diffs_t": 14.8}