{"id": "EUN1_3566272354", "lvl": 3200, "literal level": "MASTER 0 lp", "time": 1339, "solokills_t": 0.011202389843166542, "kills_t": 0.040328603435399554, "kp": 0.45948717948717943, "deaths_t": 0.040328603435399554, "assists_t": 0.04929051530993279, "csscore_t": 0.8200149365197908, "teamgold_t": 68.0134428678118, "vision_score_t": 0.7831465066915895, "wards_placed_t": 0.04854368932038835, "gold_graph_diffs_t": 16.12845407020164}