{"id": "EUN1_3586193705", "lvl": 3800, "literal level": "MASTER 200 lp", "time": 2078, "solokills_t": 0.004331087584215592, "kills_t": 0.03946102021174206, "kp": 0.5764354066985645, "deaths_t": 0.03946102021174206, "assists_t": 0.07507218479307026, "csscore_t": 0.8469682386910491, "teamgold_t": 70.92781520692974, "vision_score_t": 1.0732352772032958, "wards_placed_t": 0.07218479307025986, "gold_graph_diffs_t": 17.641000962463906}