{"id": "EUN1_3580868511", "lvl": 3500, "literal level": "MASTER 300 lp", "time": 1307, "solokills_t": 0.011476664116296864, "kills_t": 0.03289977046671767, "kp": 0.4111904761904762, "deaths_t": 0.03289977046671767, "assists_t": 0.035960214231063506, "csscore_t": 0.9334353481254782, "teamgold_t": 67.30298393267023, "vision_score_t": 0.9120398937978234, "wards_placed_t": 0.0665646518745218, "gold_graph_diffs_t": 18.20275439938791}