{"id": "EUN1_3586363956", "lvl": 3400, "literal level": "MASTER 200 lp", "time": 1447, "solokills_t": 0.0110573600552868, "kills_t": 0.026952315134761574, "kp": 0.4101851851851851, "deaths_t": 0.026952315134761574, "assists_t": 0.029716655148583276, "csscore_t": 0.9502418797512094, "teamgold_t": 64.09882515549413, "vision_score_t": 0.9474876110421239, "wards_placed_t": 0.06496199032480995, "gold_graph_diffs_t": 13.673116793365583}