{"id": "EUN1_3569445585", "lvl": 3400, "literal level": "MASTER 200 lp", "time": 1584, "solokills_t": 0.003787878787878788, "kills_t": 0.03156565656565657, "kp": 0.5947916666666667, "deaths_t": 0.03156565656565657, "assists_t": 0.06502525252525253, "csscore_t": 0.9160353535353535, "teamgold_t": 67.01704545454545, "vision_score_t": 1.0649509001463353, "wards_placed_t": 0.07702020202020202, "gold_graph_diffs_t": 14.760732323232324}