{"id": "EUN1_3578634732", "lvl": 3500, "literal level": "MASTER 300 lp", "time": 1462, "solokills_t": 0.01094391244870041, "kills_t": 0.04445964432284542, "kp": 0.41951219512195126, "deaths_t": 0.04445964432284542, "assists_t": 0.04993160054719562, "csscore_t": 0.9110807113543091, "teamgold_t": 72.90902872777018, "vision_score_t": 0.9109371648973955, "wards_placed_t": 0.0677154582763338, "gold_graph_diffs_t": 18.970588235294116}