{"id": "EUN1_3582965935", "lvl": 3700, "literal level": "MASTER 100 lp", "time": 1699, "solokills_t": 0.007062978222483814, "kills_t": 0.04061212477928193, "kp": 0.46383701188455007, "deaths_t": 0.04061212477928193, "assists_t": 0.053560918187168925, "csscore_t": 0.9228958210712184, "teamgold_t": 74.74926427310183, "vision_score_t": 0.9904622533641593, "wards_placed_t": 0.06121247792819305, "gold_graph_diffs_t": 15.003531489111243}