{"id": "EUN1_3570568822", "lvl": 3400, "literal level": "MASTER 200 lp", "time": 2071, "solokills_t": 0.008208594881699663, "kills_t": 0.04345726702076291, "kp": 0.519073275862069, "deaths_t": 0.04345726702076291, "assists_t": 0.06856591018831483, "csscore_t": 0.8536938676967648, "teamgold_t": 72.04442298406566, "vision_score_t": 0.9137726240635669, "wards_placed_t": 0.06904876871076775, "gold_graph_diffs_t": 17.762433606953163}