{"id": "EUN1_3586894555", "lvl": 3500, "literal level": "MASTER 300 lp", "time": 1639, "solokills_t": 0.007931665649786455, "kills_t": 0.03477730323367907, "kp": 0.4661585365853659, "deaths_t": 0.03477730323367907, "assists_t": 0.04942037827943868, "csscore_t": 0.959731543624161, "teamgold_t": 68.00122025625382, "vision_score_t": 0.8809037164122632, "wards_placed_t": 0.06406345332519829, "gold_graph_diffs_t": 15.316656497864551}