{"id": "EUN1_3566400843", "lvl": 3300, "literal level": "MASTER 100 lp", "time": 1741, "solokills_t": 0.005169442848937392, "kills_t": 0.035611717403790925, "kp": 0.48962962962962964, "deaths_t": 0.035611717403790925, "assists_t": 0.05226881102814474, "csscore_t": 0.9310740953475014, "teamgold_t": 70.60769672601953, "vision_score_t": 1.0229984843352444, "wards_placed_t": 0.06835152211372775, "gold_graph_diffs_t": 12.87421022400919}