{"id": "EUN1_3556157699", "lvl": 3100, "literal level": "MASTER 300 lp", "time": 1695, "solokills_t": 0.0058997050147492625, "kills_t": 0.0359882005899705, "kp": 0.49256756756756753, "deaths_t": 0.03716814159292035, "assists_t": 0.054277286135693215, "csscore_t": 0.7805309734513274, "teamgold_t": 64.7480825958702, "vision_score_t": 1.0952708591206952, "wards_placed_t": 0.08141592920353982, "gold_graph_diffs_t": 12.142772861356931}