{"id": "EUN1_3579107954", "lvl": 3600, "literal level": "MASTER 0 lp", "time": 1699, "solokills_t": 0.006474396703943496, "kills_t": 0.03766921718658034, "kp": 0.4908730158730158, "deaths_t": 0.03766921718658034, "assists_t": 0.05473808122424956, "csscore_t": 0.964685108887581, "teamgold_t": 69.53972925250147, "vision_score_t": 0.9927633020850457, "wards_placed_t": 0.07533843437316068, "gold_graph_diffs_t": 12.42495585638611}