{"id": "EUN1_3579273608", "lvl": 3600, "literal level": "MASTER 0 lp", "time": 1352, "solokills_t": 0.006656804733727811, "kills_t": 0.029585798816568046, "kp": 0.5060439560439561, "deaths_t": 0.029585798816568046, "assists_t": 0.04807692307692308, "csscore_t": 0.9260355029585798, "teamgold_t": 63.398668639053255, "vision_score_t": 0.9033647219378572, "wards_placed_t": 0.0621301775147929, "gold_graph_diffs_t": 11.357248520710058}