{"id": "EUN1_3588908710", "lvl": 3500, "literal level": "MASTER 300 lp", "time": 1470, "solokills_t": 0.005442176870748299, "kills_t": 0.0380952380952381, "kp": 0.5183333333333333, "deaths_t": 0.0380952380952381, "assists_t": 0.06326530612244897, "csscore_t": 0.8965986394557823, "teamgold_t": 69.33809523809524, "vision_score_t": 1.1567850835999165, "wards_placed_t": 0.08503401360544217, "gold_graph_diffs_t": 17.04421768707483}