{"id": "EUN1_3575479833", "lvl": 3500, "literal level": "MASTER 300 lp", "time": 1223, "solokills_t": 0.008994276369582993, "kills_t": 0.035977105478331974, "kp": 0.40606060606060607, "deaths_t": 0.035977105478331974, "assists_t": 0.04251839738348324, "csscore_t": 0.9321340964840557, "teamgold_t": 66.63041700735896, "vision_score_t": 0.9007212927702153, "wards_placed_t": 0.06132461161079313, "gold_graph_diffs_t": 12.156173344235487}