{"id": "EUN1_3587284277", "lvl": 3300, "literal level": "MASTER 100 lp", "time": 1533, "solokills_t": 0.0091324200913242, "kills_t": 0.0273972602739726, "kp": 0.4296296296296297, "deaths_t": 0.028049575994781473, "assists_t": 0.03261578604044357, "csscore_t": 0.9360730593607306, "teamgold_t": 64.79908675799086, "vision_score_t": 0.9453752889499037, "wards_placed_t": 0.07110241356816699, "gold_graph_diffs_t": 12.71037181996086}