{"id": "EUN1_3576515201", "lvl": 3700, "literal level": "MASTER 100 lp", "time": 1206, "solokills_t": 0.009950248756218905, "kills_t": 0.04145936981757877, "kp": 0.47533875338753384, "deaths_t": 0.04145936981757877, "assists_t": 0.04643449419568822, "csscore_t": 0.8640132669983416, "teamgold_t": 67.81094527363184, "vision_score_t": 0.8530821388666086, "wards_placed_t": 0.05804311774461028, "gold_graph_diffs_t": 18.958540630182423}