{"id": "EUN1_3581399822", "lvl": 3500, "literal level": "MASTER 300 lp", "time": 1327, "solokills_t": 0.007535795026375283, "kills_t": 0.044461190655614165, "kp": 0.4705314009661835, "deaths_t": 0.044461190655614165, "assists_t": 0.06103993971363979, "csscore_t": 0.9012810851544838, "teamgold_t": 71.60437076111529, "vision_score_t": 0.8855328236297918, "wards_placed_t": 0.06330067822155237, "gold_graph_diffs_t": 14.669932177844762}