{"id": "EUN1_3553480856", "lvl": 3000, "literal level": "MASTER 200 lp", "time": 1093, "solokills_t": 0.0054894784995425435, "kills_t": 0.027447392497712716, "kp": 0.42400000000000004, "deaths_t": 0.028362305580969808, "assists_t": 0.0292772186642269, "csscore_t": 0.9240622140896615, "teamgold_t": 62.785910338517844, "vision_score_t": 0.7302463829679595, "wards_placed_t": 0.05763952424519671, "gold_graph_diffs_t": 13.247026532479415}