{"id": "EUN1_3580776552", "lvl": 3500, "literal level": "MASTER 300 lp", "time": 1564, "solokills_t": 0.007033248081841432, "kills_t": 0.029411764705882353, "kp": 0.4916666666666666, "deaths_t": 0.030051150895140665, "assists_t": 0.03644501278772379, "csscore_t": 0.9315856777493606, "teamgold_t": 66.69309462915601, "vision_score_t": 1.0020134001166363, "wards_placed_t": 0.07161125319693094, "gold_graph_diffs_t": 15.323529411764707}