{"id": "EUN1_3585887323", "lvl": 3700, "literal level": "MASTER 100 lp", "time": 1361, "solokills_t": 0.006612784717119765, "kills_t": 0.036737692872887584, "kp": 0.4896825396825396, "deaths_t": 0.03747244673034533, "assists_t": 0.055841293166789124, "csscore_t": 0.9728141072740631, "teamgold_t": 68.94268919911829, "vision_score_t": 0.902823053301818, "wards_placed_t": 0.0639235855988244, "gold_graph_diffs_t": 13.008817046289494}