{"id": "EUN1_3583489804", "lvl": 3500, "literal level": "MASTER 300 lp", "time": 1534, "solokills_t": 0.013689700130378096, "kills_t": 0.0469361147327249, "kp": 0.4818181818181818, "deaths_t": 0.0469361147327249, "assists_t": 0.05867014341590613, "csscore_t": 0.8741851368970013, "teamgold_t": 74.2490221642764, "vision_score_t": 0.8934754616190081, "wards_placed_t": 0.061277705345501955, "gold_graph_diffs_t": 18.709256844850064}