{"id": "EUN1_3583570854", "lvl": 3500, "literal level": "MASTER 300 lp", "time": 1918, "solokills_t": 0.008342022940563087, "kills_t": 0.03128258602711158, "kp": 0.45249999999999996, "deaths_t": 0.03128258602711158, "assists_t": 0.0364963503649635, "csscore_t": 0.9666319082377477, "teamgold_t": 70.74556830031283, "vision_score_t": 1.099158956711007, "wards_placed_t": 0.07142857142857142, "gold_graph_diffs_t": 14.92179353493222}