{"id": "EUN1_3583450426", "lvl": 3500, "literal level": "MASTER 300 lp", "time": 1645, "solokills_t": 0.015805471124620062, "kills_t": 0.049240121580547115, "kp": 0.41607843137254896, "deaths_t": 0.04984802431610942, "assists_t": 0.05592705167173252, "csscore_t": 0.8079027355623101, "teamgold_t": 70.38358662613982, "vision_score_t": 0.8972062512870551, "wards_placed_t": 0.06139817629179331, "gold_graph_diffs_t": 15.114285714285714}