{"id": "EUN1_3588875761", "lvl": 3500, "literal level": "MASTER 300 lp", "time": 1875, "solokills_t": 0.005333333333333333, "kills_t": 0.037333333333333336, "kp": 0.5451612903225806, "deaths_t": 0.037333333333333336, "assists_t": 0.0656, "csscore_t": 0.8064, "teamgold_t": 66.71733333333333, "vision_score_t": 1.1833453875340614, "wards_placed_t": 0.09013333333333333, "gold_graph_diffs_t": 13.7968}