{"id": "EUN1_3553447283", "lvl": 3100, "literal level": "MASTER 300 lp", "time": 2109, "solokills_t": 0.002844950213371266, "kills_t": 0.034613560929350404, "kp": 0.5503048780487804, "deaths_t": 0.034613560929350404, "assists_t": 0.06116642958748222, "csscore_t": 0.8074917022285444, "teamgold_t": 67.61498340445709, "vision_score_t": 1.1118616455951145, "wards_placed_t": 0.08392603129445235, "gold_graph_diffs_t": 11.82076813655761}