{"id": "EUN1_3571369528", "lvl": 3500, "literal level": "MASTER 300 lp", "time": 1553, "solokills_t": 0.0070830650354153256, "kills_t": 0.02704443013522215, "kp": 0.40499999999999997, "deaths_t": 0.02704443013522215, "assists_t": 0.030907920154539602, "csscore_t": 0.9420476497102382, "teamgold_t": 64.13135866065679, "vision_score_t": 1.1338649269517957, "wards_placed_t": 0.0875724404378622, "gold_graph_diffs_t": 12.982614294913072}