{"id": "EUN1_3563749554", "lvl": 3000, "literal level": "MASTER 200 lp", "time": 1340, "solokills_t": 0.002238805970149254, "kills_t": 0.03283582089552239, "kp": 0.5216666666666667, "deaths_t": 0.03283582089552239, "assists_t": 0.05298507462686567, "csscore_t": 0.9664179104477612, "teamgold_t": 69.77686567164179, "vision_score_t": 0.9853315213950055, "wards_placed_t": 0.06567164179104477, "gold_graph_diffs_t": 13.227611940298507}