{"id": "EUN1_3554419297", "lvl": 3100, "literal level": "MASTER 300 lp", "time": 1827, "solokills_t": 0.0071154898741105635, "kills_t": 0.04159824849480022, "kp": 0.507002801120448, "deaths_t": 0.0421455938697318, "assists_t": 0.06349206349206349, "csscore_t": 0.7876299945265463, "teamgold_t": 68.6792556102901, "vision_score_t": 0.9431967571488602, "wards_placed_t": 0.05966064586754242, "gold_graph_diffs_t": 14.602627257799671}