{"id": "EUN1_3580734841", "lvl": 3700, "literal level": "MASTER 100 lp", "time": 1852, "solokills_t": 0.009719222462203024, "kills_t": 0.03833693304535637, "kp": 0.4648648648648649, "deaths_t": 0.03833693304535637, "assists_t": 0.05129589632829374, "csscore_t": 0.8860691144708424, "teamgold_t": 68.72084233261339, "vision_score_t": 1.393247876695262, "wards_placed_t": 0.08531317494600432, "gold_graph_diffs_t": 15.707883369330453}