{"id": "EUN1_3566566264", "lvl": 3300, "literal level": "MASTER 100 lp", "time": 1870, "solokills_t": 0.006951871657754011, "kills_t": 0.040106951871657755, "kp": 0.47783430232558144, "deaths_t": 0.040106951871657755, "assists_t": 0.05561497326203209, "csscore_t": 0.9240641711229947, "teamgold_t": 71.83262032085561, "vision_score_t": 0.9360970079238712, "wards_placed_t": 0.06203208556149733, "gold_graph_diffs_t": 15.167379679144386}