{"id": "EUN1_3587308306", "lvl": 3500, "literal level": "MASTER 300 lp", "time": 1595, "solokills_t": 0.003761755485893417, "kills_t": 0.0225705329153605, "kp": 0.47777777777777775, "deaths_t": 0.0225705329153605, "assists_t": 0.03197492163009404, "csscore_t": 0.9178683385579938, "teamgold_t": 61.69655172413793, "vision_score_t": 0.9580174787122508, "wards_placed_t": 0.06896551724137931, "gold_graph_diffs_t": 12.699686520376176}