{"id": "EUN1_3569694755", "lvl": 3500, "literal level": "MASTER 300 lp", "time": 1553, "solokills_t": 0.00643915003219575, "kills_t": 0.04185447520927238, "kp": 0.5187134502923977, "deaths_t": 0.04185447520927238, "assists_t": 0.0669671603348358, "csscore_t": 0.8744365743721829, "teamgold_t": 70.36638763683194, "vision_score_t": 1.131676148303522, "wards_placed_t": 0.07083065035415326, "gold_graph_diffs_t": 13.785576303927881}