{"id": "EUN1_3586417776", "lvl": 3800, "literal level": "MASTER 200 lp", "time": 1306, "solokills_t": 0.006891271056661562, "kills_t": 0.045941807044410414, "kp": 0.5473560517038778, "deaths_t": 0.045941807044410414, "assists_t": 0.08116385911179173, "csscore_t": 0.8522205206738132, "teamgold_t": 70.68453292496172, "vision_score_t": 1.0674522374209319, "wards_placed_t": 0.08192955589586524, "gold_graph_diffs_t": 12.402756508422664}