{"id": "EUN1_3556139669", "lvl": 3100, "literal level": "MASTER 300 lp", "time": 1554, "solokills_t": 0.01287001287001287, "kills_t": 0.04826254826254826, "kp": 0.4912037037037037, "deaths_t": 0.04826254826254826, "assists_t": 0.06692406692406692, "csscore_t": 0.8326898326898327, "teamgold_t": 73.47297297297297, "vision_score_t": 0.9316110502534659, "wards_placed_t": 0.06241956241956242, "gold_graph_diffs_t": 15.018661518661519}