{"id": "EUN1_3566764840", "lvl": 3200, "literal level": "MASTER 0 lp", "time": 2258, "solokills_t": 0.007971656333038087, "kills_t": 0.03631532329495128, "kp": 0.5148325358851675, "deaths_t": 0.03675819309123118, "assists_t": 0.05757307351638618, "csscore_t": 0.8808680248007086, "teamgold_t": 68.78697962798937, "vision_score_t": 0.9138710752835755, "wards_placed_t": 0.05845881310894597, "gold_graph_diffs_t": 15.639946855624446}