{"id": "EUN1_3575967288", "lvl": 3500, "literal level": "MASTER 300 lp", "time": 1822, "solokills_t": 0.0027442371020856204, "kills_t": 0.03128430296377607, "kp": 0.5580882352941177, "deaths_t": 0.03128430296377607, "assists_t": 0.0570801317233809, "csscore_t": 0.8501646542261251, "teamgold_t": 65.49725576289791, "vision_score_t": 1.162772132411623, "wards_placed_t": 0.07903402854006586, "gold_graph_diffs_t": 9.577387486278814}