{"id": "EUN1_3588981743", "lvl": 3400, "literal level": "MASTER 200 lp", "time": 1783, "solokills_t": 0.00448681996634885, "kills_t": 0.026360067302299495, "kp": 0.4957142857142857, "deaths_t": 0.026360067302299495, "assists_t": 0.038698822209758836, "csscore_t": 0.9125070106561974, "teamgold_t": 63.70106561974201, "vision_score_t": 1.1441682556748687, "wards_placed_t": 0.07403252944475602, "gold_graph_diffs_t": 11.475602916432978}