{"id": "EUN1_3581273479", "lvl": 3500, "literal level": "MASTER 300 lp", "time": 1492, "solokills_t": 0.00804289544235925, "kills_t": 0.0388739946380697, "kp": 0.5529271206690562, "deaths_t": 0.0388739946380697, "assists_t": 0.06836461126005362, "csscore_t": 0.8424932975871313, "teamgold_t": 67.04825737265415, "vision_score_t": 0.8558273902648544, "wards_placed_t": 0.054959785522788206, "gold_graph_diffs_t": 11.20911528150134}