{"id": "EUN1_3583373101", "lvl": 3400, "literal level": "MASTER 200 lp", "time": 1418, "solokills_t": 0.00846262341325811, "kills_t": 0.04160789844851904, "kp": 0.43200757575757576, "deaths_t": 0.04160789844851904, "assists_t": 0.05007052186177715, "csscore_t": 0.9062059238363893, "teamgold_t": 69.31311706629054, "vision_score_t": 0.9504000792799221, "wards_placed_t": 0.07334273624823695, "gold_graph_diffs_t": 15.746121297602256}