{"id": "EUN1_3549021031", "lvl": 3000, "literal level": "MASTER 200 lp", "time": 2020, "solokills_t": 0.009900990099009901, "kills_t": 0.03564356435643564, "kp": 0.44046822742474917, "deaths_t": 0.03564356435643564, "assists_t": 0.04257425742574258, "csscore_t": 1.0123762376237624, "teamgold_t": 71.4950495049505, "vision_score_t": 1.0657989064068771, "wards_placed_t": 0.07871287128712871, "gold_graph_diffs_t": 12.22871287128713}