{"id": "EUN1_3583877798", "lvl": 3500, "literal level": "MASTER 300 lp", "time": 1589, "solokills_t": 0.006922592825676526, "kills_t": 0.03838892385147892, "kp": 0.46307692307692305, "deaths_t": 0.03838892385147892, "assists_t": 0.050975456261799876, "csscore_t": 0.921334172435494, "teamgold_t": 70.14663310258024, "vision_score_t": 0.9796390927838949, "wards_placed_t": 0.06670862177470108, "gold_graph_diffs_t": 15.08432976714915}