{"id": "EUN1_3569491112", "lvl": 3300, "literal level": "MASTER 100 lp", "time": 1863, "solokills_t": 0.00966183574879227, "kills_t": 0.041331186258722494, "kp": 0.45013550135501357, "deaths_t": 0.041331186258722494, "assists_t": 0.05206655931293613, "csscore_t": 0.9296833064949007, "teamgold_t": 72.89640365002684, "vision_score_t": 1.075434887029809, "wards_placed_t": 0.06977992485238863, "gold_graph_diffs_t": 13.00912506709608}