{"id": "EUN1_3584500822", "lvl": 3600, "literal level": "MASTER 0 lp", "time": 1594, "solokills_t": 0.0037641154328732747, "kills_t": 0.03262233375156838, "kp": 0.5607142857142857, "deaths_t": 0.03262233375156838, "assists_t": 0.05897114178168131, "csscore_t": 0.8877038895859473, "teamgold_t": 65.52885821831869, "vision_score_t": 0.8906910930069248, "wards_placed_t": 0.06336260978670012, "gold_graph_diffs_t": 11.267879548306148}