{"id": "EUN1_3576358353", "lvl": 3200, "literal level": "MASTER 0 lp", "time": 1952, "solokills_t": 0.004610655737704918, "kills_t": 0.02920081967213115, "kp": 0.5138107416879796, "deaths_t": 0.02920081967213115, "assists_t": 0.04559426229508197, "csscore_t": 1.0348360655737705, "teamgold_t": 68.46362704918033, "vision_score_t": 1.3363061478424498, "wards_placed_t": 0.09375, "gold_graph_diffs_t": 12.851946721311476}