{"id": "EUN1_3586123963", "lvl": 3400, "literal level": "MASTER 200 lp", "time": 1593, "solokills_t": 0.003766478342749529, "kills_t": 0.032015065913371, "kp": 0.5672580645161291, "deaths_t": 0.032015065913371, "assists_t": 0.062146892655367235, "csscore_t": 0.8832391713747646, "teamgold_t": 65.60514752040176, "vision_score_t": 1.1326448850619553, "wards_placed_t": 0.07846829880728186, "gold_graph_diffs_t": 16.760200878844948}