{"id": "EUN1_3557579087", "lvl": 3000, "literal level": "MASTER 200 lp", "time": 1712, "solokills_t": 0.011098130841121495, "kills_t": 0.0344626168224299, "kp": 0.4307971014492754, "deaths_t": 0.0344626168224299, "assists_t": 0.037967289719626166, "csscore_t": 0.9690420560747663, "teamgold_t": 65.51460280373831, "vision_score_t": 1.1913571523930004, "wards_placed_t": 0.06775700934579439, "gold_graph_diffs_t": 10.150116822429906}