{"id": "EUN1_3570174037", "lvl": 3300, "literal level": "MASTER 100 lp", "time": 1819, "solokills_t": 0.006597031335898846, "kills_t": 0.031335898845519516, "kp": 0.5, "deaths_t": 0.031335898845519516, "assists_t": 0.04837822979659153, "csscore_t": 0.9565695437053326, "teamgold_t": 66.73611874656405, "vision_score_t": 0.9895902382373378, "wards_placed_t": 0.06816932380428807, "gold_graph_diffs_t": 12.567894447498626}