{"id": "EUN1_3589035025", "lvl": 3600, "literal level": "MASTER 0 lp", "time": 1372, "solokills_t": 0.009475218658892129, "kills_t": 0.04956268221574344, "kp": 0.49449275362318834, "deaths_t": 0.04956268221574344, "assists_t": 0.0728862973760933, "csscore_t": 0.8841107871720116, "teamgold_t": 77.03134110787173, "vision_score_t": 0.885856185512603, "wards_placed_t": 0.05539358600583091, "gold_graph_diffs_t": 14.671282798833818}