{"id": "EUN1_3577193235", "lvl": 3500, "literal level": "MASTER 300 lp", "time": 1479, "solokills_t": 0.006085192697768763, "kills_t": 0.043272481406355645, "kp": 0.5314871794871795, "deaths_t": 0.043272481406355645, "assists_t": 0.07302231237322515, "csscore_t": 0.7579445571331981, "teamgold_t": 66.28735632183908, "vision_score_t": 0.9374353558224058, "wards_placed_t": 0.06490872210953347, "gold_graph_diffs_t": 14.499661933739013}