{"id": "EUN1_3573627926", "lvl": 3300, "literal level": "MASTER 100 lp", "time": 1701, "solokills_t": 0.003527336860670194, "kills_t": 0.024691358024691357, "kp": 0.48329411764705876, "deaths_t": 0.024691358024691357, "assists_t": 0.03527336860670194, "csscore_t": 1.0487948265726044, "teamgold_t": 66.38800705467372, "vision_score_t": 1.3522165111795943, "wards_placed_t": 0.08759553203997648, "gold_graph_diffs_t": 11.749559082892416}