{"id": "EUN1_3585895678", "lvl": 3600, "literal level": "MASTER 0 lp", "time": 1924, "solokills_t": 0.0036382536382536385, "kills_t": 0.035862785862785865, "kp": 0.6271914132379248, "deaths_t": 0.035862785862785865, "assists_t": 0.07848232848232849, "csscore_t": 0.8565488565488566, "teamgold_t": 66.99012474012474, "vision_score_t": 1.0970237205016342, "wards_placed_t": 0.07796257796257797, "gold_graph_diffs_t": 12.71985446985447}