{"id": "EUN1_3585266853", "lvl": 3700, "literal level": "MASTER 100 lp", "time": 1405, "solokills_t": 0.010676156583629894, "kills_t": 0.04199288256227758, "kp": 0.4726923076923077, "deaths_t": 0.04199288256227758, "assists_t": 0.05338078291814947, "csscore_t": 0.9444839857651246, "teamgold_t": 74.43701067615659, "vision_score_t": 0.91223258744344, "wards_placed_t": 0.058362989323843414, "gold_graph_diffs_t": 19.023487544483984}