{"id": "EUN1_3579262823", "lvl": 3500, "literal level": "MASTER 300 lp", "time": 1164, "solokills_t": 0.006872852233676976, "kills_t": 0.037800687285223365, "kp": 0.4908045977011494, "deaths_t": 0.037800687285223365, "assists_t": 0.05240549828178694, "csscore_t": 0.9407216494845361, "teamgold_t": 74.23969072164948, "vision_score_t": 0.6647184367319011, "wards_placed_t": 0.044673539518900345, "gold_graph_diffs_t": 17.162371134020617}