{"id": "EUN1_3573074209", "lvl": 3400, "literal level": "MASTER 200 lp", "time": 1781, "solokills_t": 0.0050533408197641775, "kills_t": 0.030320044918585063, "kp": 0.5074074074074073, "deaths_t": 0.030320044918585063, "assists_t": 0.04660303200449186, "csscore_t": 0.9595732734418866, "teamgold_t": 68.38910724312184, "vision_score_t": 1.1322281620138477, "wards_placed_t": 0.07074677147669849, "gold_graph_diffs_t": 12.585626052779338}