{"id": "EUN1_3588924848", "lvl": 3600, "literal level": "MASTER 0 lp", "time": 1118, "solokills_t": 0.008944543828264758, "kills_t": 0.029516994633273702, "kp": 0.38809523809523805, "deaths_t": 0.029516994633273702, "assists_t": 0.028622540250447227, "csscore_t": 0.9669051878354203, "teamgold_t": 63.42397137745975, "vision_score_t": 0.976252642799594, "wards_placed_t": 0.06350626118067978, "gold_graph_diffs_t": 10.298747763864043}