{"id": "EUN1_3579270334", "lvl": 3500, "literal level": "MASTER 300 lp", "time": 1568, "solokills_t": 0.0031887755102040817, "kills_t": 0.02806122448979592, "kp": 0.5260683760683761, "deaths_t": 0.02806122448979592, "assists_t": 0.04528061224489796, "csscore_t": 1.0676020408163265, "teamgold_t": 69.21109693877551, "vision_score_t": 1.2924994619105605, "wards_placed_t": 0.09056122448979592, "gold_graph_diffs_t": 13.74298469387755}