{"id": "EUN1_3582801060", "lvl": 3500, "literal level": "MASTER 300 lp", "time": 1903, "solokills_t": 0.006831318970047294, "kills_t": 0.03678402522333158, "kp": 0.4780361757105943, "deaths_t": 0.03678402522333158, "assists_t": 0.05254860746190226, "csscore_t": 0.8250131371518655, "teamgold_t": 68.42038885969522, "vision_score_t": 1.0569184557661102, "wards_placed_t": 0.07514450867052024, "gold_graph_diffs_t": 11.799264319495533}