{"id": "EUN1_3585582353", "lvl": 3600, "literal level": "MASTER 0 lp", "time": 1803, "solokills_t": 0.011092623405435386, "kills_t": 0.04159733777038269, "kp": 0.42229437229437233, "deaths_t": 0.04159733777038269, "assists_t": 0.04603438713255685, "csscore_t": 0.9295618413754853, "teamgold_t": 72.63560732113145, "vision_score_t": 0.893206853837542, "wards_placed_t": 0.06100942872989462, "gold_graph_diffs_t": 14.218524681087077}