{"id": "EUN1_3566618361", "lvl": 3200, "literal level": "MASTER 0 lp", "time": 1387, "solokills_t": 0.005046863734679163, "kills_t": 0.028118240807498196, "kp": 0.5055555555555555, "deaths_t": 0.028118240807498196, "assists_t": 0.043258832011535686, "csscore_t": 0.9610670511896179, "teamgold_t": 65.34823359769287, "vision_score_t": 0.8141651248124336, "wards_placed_t": 0.0555155010814708, "gold_graph_diffs_t": 14.944484498918529}