{"id": "EUN1_3572725927", "lvl": 3400, "literal level": "MASTER 200 lp", "time": 1599, "solokills_t": 0.0068792995622263915, "kills_t": 0.03189493433395872, "kp": 0.47629032258064513, "deaths_t": 0.03189493433395872, "assists_t": 0.045653533458411506, "csscore_t": 0.9224515322076298, "teamgold_t": 68.88993120700438, "vision_score_t": 1.1183841032619057, "wards_placed_t": 0.07442151344590368, "gold_graph_diffs_t": 13.180112570356473}