{"id": "EUN1_3566796922", "lvl": 3300, "literal level": "MASTER 100 lp", "time": 1448, "solokills_t": 0.006215469613259668, "kills_t": 0.0324585635359116, "kp": 0.4445833333333333, "deaths_t": 0.0324585635359116, "assists_t": 0.04074585635359116, "csscore_t": 0.9412983425414365, "teamgold_t": 66.84668508287292, "vision_score_t": 1.249167186117798, "wards_placed_t": 0.09046961325966851, "gold_graph_diffs_t": 14.487569060773481}