{"id": "EUN1_3558986044", "lvl": 3100, "literal level": "MASTER 300 lp", "time": 1118, "solokills_t": 0.0259391771019678, "kills_t": 0.050983899821109124, "kp": 0.34285714285714286, "deaths_t": 0.050983899821109124, "assists_t": 0.03577817531305903, "csscore_t": 0.9704830053667263, "teamgold_t": 72.47495527728086, "vision_score_t": 0.7864683987901115, "wards_placed_t": 0.05456171735241502, "gold_graph_diffs_t": 14.562611806797854}