{"id": "EUN1_3581070534", "lvl": 3600, "literal level": "MASTER 0 lp", "time": 1517, "solokills_t": 0.005932762030323006, "kills_t": 0.024390243902439025, "kp": 0.4490909090909091, "deaths_t": 0.024390243902439025, "assists_t": 0.02966381015161503, "csscore_t": 0.9281476598549769, "teamgold_t": 62.694792353328936, "vision_score_t": 0.9022462666465894, "wards_placed_t": 0.06460118655240607, "gold_graph_diffs_t": 12.175346077785102}