{"id": "EUN1_3578491411", "lvl": 3200, "literal level": "MASTER 0 lp", "time": 1111, "solokills_t": 0.010801080108010801, "kills_t": 0.0315031503150315, "kp": 0.3835664335664336, "deaths_t": 0.0315031503150315, "assists_t": 0.027002700270027002, "csscore_t": 0.9531953195319532, "teamgold_t": 65.8019801980198, "vision_score_t": 0.9038065956983274, "wards_placed_t": 0.0738073807380738, "gold_graph_diffs_t": 10.037803780378038}