{"id": "EUN1_3577196465", "lvl": 3300, "literal level": "MASTER 100 lp", "time": 1439, "solokills_t": 0.0034746351633078527, "kills_t": 0.03266157053509382, "kp": 0.5565610859728507, "deaths_t": 0.03266157053509382, "assists_t": 0.05281445448227936, "csscore_t": 0.9506601806810285, "teamgold_t": 68.80889506601807, "vision_score_t": 0.9861523744943895, "wards_placed_t": 0.0660180681028492, "gold_graph_diffs_t": 14.511466296038916}