{"id": "EUN1_3587882339", "lvl": 3600, "literal level": "MASTER 0 lp", "time": 1683, "solokills_t": 0.012477718360071301, "kills_t": 0.050505050505050504, "kp": 0.45285714285714285, "deaths_t": 0.050505050505050504, "assists_t": 0.06417112299465241, "csscore_t": 0.8086749851455733, "teamgold_t": 75.19429590017825, "vision_score_t": 0.9024364594055951, "wards_placed_t": 0.062388591800356503, "gold_graph_diffs_t": 17.234699940582292}