{"id": "EUN1_3572701574", "lvl": 3300, "literal level": "MASTER 100 lp", "time": 1869, "solokills_t": 0.00909577314071696, "kills_t": 0.03959336543606207, "kp": 0.5095029239766082, "deaths_t": 0.03959336543606207, "assists_t": 0.060995184590690206, "csscore_t": 0.9320492241840557, "teamgold_t": 71.12680577849117, "vision_score_t": 0.9722228052244161, "wards_placed_t": 0.060460139111824504, "gold_graph_diffs_t": 14.34135901551632}