{"id": "EUN1_3572662224", "lvl": 3600, "literal level": "MASTER 0 lp", "time": 1514, "solokills_t": 0.007926023778071334, "kills_t": 0.029722589167767502, "kp": 0.44666666666666666, "deaths_t": 0.03038309114927345, "assists_t": 0.035667107001321, "csscore_t": 0.9544253632760898, "teamgold_t": 66.50198150594451, "vision_score_t": 0.9496539346559789, "wards_placed_t": 0.06142668428005284, "gold_graph_diffs_t": 12.250990752972259}