{"id": "EUN1_3589208262", "lvl": 3400, "literal level": "MASTER 200 lp", "time": 1793, "solokills_t": 0.008923591745677636, "kills_t": 0.049637479085331844, "kp": 0.46099290780141844, "deaths_t": 0.049637479085331844, "assists_t": 0.06469604015616286, "csscore_t": 0.8432794199665365, "teamgold_t": 75.85387618516452, "vision_score_t": 1.016542985875644, "wards_placed_t": 0.0736196319018405, "gold_graph_diffs_t": 17.36084774121584}