{"id": "EUN1_3566078861", "lvl": 3300, "literal level": "MASTER 100 lp", "time": 1445, "solokills_t": 0.011764705882352941, "kills_t": 0.03460207612456748, "kp": 0.45687645687645684, "deaths_t": 0.03460207612456748, "assists_t": 0.042906574394463666, "csscore_t": 0.8823529411764706, "teamgold_t": 66.60553633217994, "vision_score_t": 0.8524881216028769, "wards_placed_t": 0.060207612456747404, "gold_graph_diffs_t": 12.172318339100347}