{"id": "EUN1_3581871348", "lvl": 3700, "literal level": "MASTER 100 lp", "time": 1482, "solokills_t": 0.006747638326585695, "kills_t": 0.029014844804318488, "kp": 0.5088095238095238, "deaths_t": 0.029689608636977057, "assists_t": 0.04723346828609987, "csscore_t": 0.926450742240216, "teamgold_t": 66.12145748987854, "vision_score_t": 0.8856108571817394, "wards_placed_t": 0.06275303643724696, "gold_graph_diffs_t": 14.713900134952766}