{"id": "EUN1_3579277350", "lvl": 3400, "literal level": "MASTER 200 lp", "time": 2029, "solokills_t": 0.009857072449482503, "kills_t": 0.045342533267619514, "kp": 0.5013062409288824, "deaths_t": 0.045342533267619514, "assists_t": 0.06702809265648102, "csscore_t": 0.8802365697387876, "teamgold_t": 72.41695416461312, "vision_score_t": 1.1044593968151788, "wards_placed_t": 0.07195662888122227, "gold_graph_diffs_t": 14.950221784130113}