{"id": "EUN1_3566256863", "lvl": 3200, "literal level": "MASTER 0 lp", "time": 2397, "solokills_t": 0.0037546933667083854, "kills_t": 0.03212348769294952, "kp": 0.5639676113360322, "deaths_t": 0.03212348769294952, "assists_t": 0.05840634125990822, "csscore_t": 0.8719232373800584, "teamgold_t": 69.80892782644973, "vision_score_t": 1.299053436445648, "wards_placed_t": 0.08385481852315395, "gold_graph_diffs_t": 13.477680433875678}