{"id": "EUN1_3580754869", "lvl": 3600, "literal level": "MASTER 0 lp", "time": 1586, "solokills_t": 0.0037831021437578815, "kills_t": 0.0416141235813367, "kp": 0.5616666666666668, "deaths_t": 0.0416141235813367, "assists_t": 0.07692307692307693, "csscore_t": 0.8631778058007566, "teamgold_t": 72.85119798234552, "vision_score_t": 0.9124375439288853, "wards_placed_t": 0.06746532156368222, "gold_graph_diffs_t": 17.901639344262296}