{"id": "EUN1_3586373973", "lvl": 3700, "literal level": "MASTER 100 lp", "time": 2016, "solokills_t": 0.00248015873015873, "kills_t": 0.04017857142857143, "kp": 0.5494444444444445, "deaths_t": 0.04017857142857143, "assists_t": 0.07093253968253968, "csscore_t": 0.8640873015873016, "teamgold_t": 70.32688492063492, "vision_score_t": 1.040694210901661, "wards_placed_t": 0.06944444444444445, "gold_graph_diffs_t": 16.95486111111111}