{"id": "EUN1_3585991081", "lvl": 3700, "literal level": "MASTER 100 lp", "time": 1494, "solokills_t": 0.004685408299866131, "kills_t": 0.03815261044176707, "kp": 0.4394736842105263, "deaths_t": 0.03815261044176707, "assists_t": 0.04752342704149933, "csscore_t": 0.9779116465863453, "teamgold_t": 71.93172690763052, "vision_score_t": 0.7980126496566576, "wards_placed_t": 0.05689424364123159, "gold_graph_diffs_t": 14.641231593038823}