{"id": "EUN1_3581007824", "lvl": 3600, "literal level": "MASTER 0 lp", "time": 1215, "solokills_t": 0.010699588477366255, "kills_t": 0.037037037037037035, "kp": 0.38333333333333336, "deaths_t": 0.03786008230452675, "assists_t": 0.03539094650205761, "csscore_t": 0.8304526748971194, "teamgold_t": 67.69382716049383, "vision_score_t": 0.9246018032192026, "wards_placed_t": 0.06172839506172839, "gold_graph_diffs_t": 14.345679012345679}