{"id": "EUN1_3552293776", "lvl": 3300, "literal level": "MASTER 100 lp", "time": 1571, "solokills_t": 0.0038192234245703373, "kills_t": 0.03437301082113304, "kp": 0.5008658008658008, "deaths_t": 0.03437301082113304, "assists_t": 0.051559516231699555, "csscore_t": 0.9630808402291534, "teamgold_t": 70.93380012730745, "vision_score_t": 1.1066889418439874, "wards_placed_t": 0.0732017823042648, "gold_graph_diffs_t": 13.246976448122215}