{"id": "EUN1_3589253906", "lvl": 3700, "literal level": "MASTER 100 lp", "time": 1684, "solokills_t": 0.010095011876484561, "kills_t": 0.035629453681710214, "kp": 0.41956224350205196, "deaths_t": 0.035629453681710214, "assists_t": 0.04334916864608076, "csscore_t": 0.8937054631828979, "teamgold_t": 64.28681710213776, "vision_score_t": 1.1074745837608178, "wards_placed_t": 0.06947743467933491, "gold_graph_diffs_t": 13.614608076009501}