{"id": "EUN1_3576492662", "lvl": 3600, "literal level": "MASTER 0 lp", "time": 921, "solokills_t": 0.004343105320304018, "kills_t": 0.038002171552660155, "kp": 0.5280000000000001, "deaths_t": 0.038002171552660155, "assists_t": 0.05646036916395222, "csscore_t": 0.9554831704668838, "teamgold_t": 66.8013029315961, "vision_score_t": 0.9536773170824413, "wards_placed_t": 0.06406080347448426, "gold_graph_diffs_t": 14.212812160694897}