{"id": "EUN1_3582877716", "lvl": 3600, "literal level": "MASTER 0 lp", "time": 1710, "solokills_t": 0.004093567251461989, "kills_t": 0.02865497076023392, "kp": 0.557168458781362, "deaths_t": 0.02865497076023392, "assists_t": 0.04912280701754386, "csscore_t": 0.9935672514619883, "teamgold_t": 66.29181286549708, "vision_score_t": 1.1309297135990704, "wards_placed_t": 0.07485380116959064, "gold_graph_diffs_t": 14.41345029239766}