{"id": "EUN1_3582196394", "lvl": 3600, "literal level": "MASTER 0 lp", "time": 1392, "solokills_t": 0.005028735632183908, "kills_t": 0.027298850574712645, "kp": 0.47797619047619044, "deaths_t": 0.027298850574712645, "assists_t": 0.036637931034482756, "csscore_t": 0.9985632183908046, "teamgold_t": 67.38577586206897, "vision_score_t": 0.9440542321751775, "wards_placed_t": 0.0603448275862069, "gold_graph_diffs_t": 9.769396551724139}