{"id": "EUN1_3568335450", "lvl": 3300, "literal level": "MASTER 100 lp", "time": 1647, "solokills_t": 0.014571948998178506, "kills_t": 0.04735883424408015, "kp": 0.43434343434343425, "deaths_t": 0.04735883424408015, "assists_t": 0.05585913782635094, "csscore_t": 0.7814207650273224, "teamgold_t": 71.64905889496053, "vision_score_t": 0.8011876355861347, "wards_placed_t": 0.05160898603521554, "gold_graph_diffs_t": 14.935033394049787}