{"id": "EUN1_3578996911", "lvl": 3700, "literal level": "MASTER 100 lp", "time": 1461, "solokills_t": 0.0054757015742642025, "kills_t": 0.030116358658453114, "kp": 0.48117647058823537, "deaths_t": 0.030116358658453114, "assists_t": 0.04243668720054757, "csscore_t": 1.0444900752908965, "teamgold_t": 68.58590006844626, "vision_score_t": 1.0848937596110193, "wards_placed_t": 0.06844626967830253, "gold_graph_diffs_t": 15.509924709103354}