{"id": "EUN1_3583546419", "lvl": 3300, "literal level": "MASTER 100 lp", "time": 1807, "solokills_t": 0.008854454897620365, "kills_t": 0.028223574986164915, "kp": 0.4444444444444445, "deaths_t": 0.028223574986164915, "assists_t": 0.03541781959048146, "csscore_t": 0.9418926397343663, "teamgold_t": 66.67736579966795, "vision_score_t": 0.9388798531351578, "wards_placed_t": 0.061427780852241286, "gold_graph_diffs_t": 12.941892639734366}