{"id": "EUN1_3581645328", "lvl": 3500, "literal level": "MASTER 300 lp", "time": 1677, "solokills_t": 0.0035778175313059034, "kills_t": 0.035181872391174714, "kp": 0.4864661654135339, "deaths_t": 0.03577817531305903, "assists_t": 0.0518783542039356, "csscore_t": 0.9212880143112702, "teamgold_t": 67.89683959451402, "vision_score_t": 1.0916372897789883, "wards_placed_t": 0.08169350029815146, "gold_graph_diffs_t": 15.184853905784138}