{"id": "EUN1_3583444567", "lvl": 3700, "literal level": "MASTER 100 lp", "time": 2495, "solokills_t": 0.004408817635270541, "kills_t": 0.043687374749499, "kp": 0.5377441077441076, "deaths_t": 0.04408817635270541, "assists_t": 0.07374749498997996, "csscore_t": 0.7490981963927855, "teamgold_t": 69.39318637274549, "vision_score_t": 1.1398258723611299, "wards_placed_t": 0.08937875751503006, "gold_graph_diffs_t": 13.866132264529059}