{"id": "EUN1_3588677998", "lvl": 3400, "literal level": "MASTER 200 lp", "time": 283, "solokills_t": 0.024734982332155476, "kills_t": 0.03180212014134275, "kp": 0.2785714285714286, "deaths_t": 0.03180212014134275, "assists_t": 0.01060070671378092, "csscore_t": 0.6678445229681979, "teamgold_t": 57.01766784452297, "vision_score_t": 0.14585653906132273, "wards_placed_t": 0.024734982332155476, "gold_graph_diffs_t": 8.02826855123675}