{"id": "EUN1_3575183764", "lvl": 3800, "literal level": "MASTER 200 lp", "time": 1447, "solokills_t": 0.00414651002073255, "kills_t": 0.026952315134761574, "kp": 0.5385714285714285, "deaths_t": 0.026952315134761574, "assists_t": 0.044920525224602624, "csscore_t": 0.9668279198341396, "teamgold_t": 63.338631651693156, "vision_score_t": 1.1473217467500407, "wards_placed_t": 0.0746371803731859, "gold_graph_diffs_t": 10.642017968210089}