{"id": "EUN1_3586566970", "lvl": 3600, "literal level": "MASTER 0 lp", "time": 1847, "solokills_t": 0.004872766648619383, "kills_t": 0.04493773687060097, "kp": 0.49351515151515146, "deaths_t": 0.04493773687060097, "assists_t": 0.06551164049810504, "csscore_t": 0.8765565782349757, "teamgold_t": 73.20303194369248, "vision_score_t": 1.2039955000002887, "wards_placed_t": 0.0844612885760693, "gold_graph_diffs_t": 12.36816459122902}