{"id": "EUN1_3583477849", "lvl": 3600, "literal level": "MASTER 0 lp", "time": 1564, "solokills_t": 0.005754475703324808, "kills_t": 0.028132992327365727, "kp": 0.47142857142857136, "deaths_t": 0.028132992327365727, "assists_t": 0.0370843989769821, "csscore_t": 1.0722506393861893, "teamgold_t": 67.97058823529412, "vision_score_t": 1.1344204978794528, "wards_placed_t": 0.07225063938618925, "gold_graph_diffs_t": 10.819693094629155}