{"id": "EUN1_3576923562", "lvl": 3600, "literal level": "MASTER 0 lp", "time": 1909, "solokills_t": 0.006286013619696176, "kills_t": 0.03195390256678889, "kp": 0.5799568965517241, "deaths_t": 0.03195390256678889, "assists_t": 0.060764798323729705, "csscore_t": 0.9345206914614982, "teamgold_t": 67.56940806705082, "vision_score_t": 1.0487361953352263, "wards_placed_t": 0.06547930853850184, "gold_graph_diffs_t": 15.723415400733368}