{"id": "EUN1_3572536143", "lvl": 3400, "literal level": "MASTER 200 lp", "time": 2648, "solokills_t": 0.010574018126888218, "kills_t": 0.03814199395770393, "kp": 0.4659126984126984, "deaths_t": 0.03814199395770393, "assists_t": 0.05060422960725076, "csscore_t": 0.8092900302114804, "teamgold_t": 69.1344410876133, "vision_score_t": 1.2021271658724277, "wards_placed_t": 0.08421450151057402, "gold_graph_diffs_t": 13.095921450151057}