{"id": "EUN1_3566064126", "lvl": 3100, "literal level": "MASTER 300 lp", "time": 2028, "solokills_t": 0.009368836291913214, "kills_t": 0.04487179487179487, "kp": 0.47227053140096614, "deaths_t": 0.04585798816568047, "assists_t": 0.0611439842209073, "csscore_t": 0.8550295857988166, "teamgold_t": 72.39694280078895, "vision_score_t": 1.0418491486655317, "wards_placed_t": 0.07100591715976332, "gold_graph_diffs_t": 16.099112426035504}