{"id": "EUN1_3557418299", "lvl": 1900, "literal level": "PLATINUM I", "time": 1378, "solokills_t": 0.006531204644412192, "kills_t": 0.029753265602322207, "kp": 0.4947916666666667, "deaths_t": 0.030478955007256895, "assists_t": 0.040638606676342524, "csscore_t": 0.9042089985486212, "teamgold_t": 63.22931785195936, "vision_score_t": 0.8008235605568659, "wards_placed_t": 0.05805515239477504, "gold_graph_diffs_t": 12.875181422351234}