{"id": "EUN1_3571182580", "lvl": 1900, "literal level": "PLATINUM I", "time": 1377, "solokills_t": 0.011619462599854757, "kills_t": 0.04066811909949165, "kp": 0.3720965309200603, "deaths_t": 0.04066811909949165, "assists_t": 0.03558460421205519, "csscore_t": 0.8576615831517792, "teamgold_t": 71.93681917211329, "vision_score_t": 0.8712801459897632, "wards_placed_t": 0.05809731299927379, "gold_graph_diffs_t": 14.295570079883806}