{"id": "EUN1_3574118930", "lvl": 1600, "literal level": "PLATINUM IV", "time": 1007, "solokills_t": 0.005958291956305859, "kills_t": 0.019860973187686197, "kp": 0.3392156862745098, "deaths_t": 0.019860973187686197, "assists_t": 0.018867924528301886, "csscore_t": 0.8540218470705064, "teamgold_t": 57.196623634558094, "vision_score_t": 0.8604208843354796, "wards_placed_t": 0.06554121151936444, "gold_graph_diffs_t": 15.43098311817279}