{"id": "EUN1_3569446734", "lvl": 1300, "literal level": "GOLD III", "time": 1659, "solokills_t": 0.011452682338758288, "kills_t": 0.045207956600361664, "kp": 0.4345588235294118, "deaths_t": 0.045207956600361664, "assists_t": 0.05244122965641953, "csscore_t": 0.7498493068113321, "teamgold_t": 69.53887884267631, "vision_score_t": 0.856857032287752, "wards_placed_t": 0.05364677516576251, "gold_graph_diffs_t": 15.120554550934298}