{"id": "EUN1_3574716945", "lvl": 1600, "literal level": "PLATINUM IV", "time": 1505, "solokills_t": 0.008637873754152824, "kills_t": 0.0345514950166113, "kp": 0.43680555555555556, "deaths_t": 0.03521594684385382, "assists_t": 0.0425249169435216, "csscore_t": 0.7827242524916943, "teamgold_t": 62.74883720930232, "vision_score_t": 0.757406856165361, "wards_placed_t": 0.05514950166112957, "gold_graph_diffs_t": 13.350830564784053}