{"id": "EUN1_3569713051", "lvl": 1300, "literal level": "GOLD III", "time": 2137, "solokills_t": 0.01169864295741694, "kills_t": 0.04071127749181095, "kp": 0.40192307692307694, "deaths_t": 0.04071127749181095, "assists_t": 0.04117922321010763, "csscore_t": 0.8572765559195134, "teamgold_t": 69.24239588207767, "vision_score_t": 0.9656560591913159, "wards_placed_t": 0.07299953205428171, "gold_graph_diffs_t": 12.923256902199345}