{"id": "EUN1_3569520531", "lvl": 1800, "literal level": "PLATINUM II", "time": 1763, "solokills_t": 0.007941009642654566, "kills_t": 0.0368689733408962, "kp": 0.4661585365853658, "deaths_t": 0.0368689733408962, "assists_t": 0.05104934770277935, "csscore_t": 0.8542257515598412, "teamgold_t": 69.63187748156551, "vision_score_t": 0.8339317639491076, "wards_placed_t": 0.05955757231990925, "gold_graph_diffs_t": 15.10323312535451}