{"id": "EUN1_3576427319", "lvl": 1600, "literal level": "PLATINUM IV", "time": 1887, "solokills_t": 0.008479067302596715, "kills_t": 0.030206677265500796, "kp": 0.40800492610837436, "deaths_t": 0.030206677265500796, "assists_t": 0.03126656067832538, "csscore_t": 0.8521462639109698, "teamgold_t": 64.18282988871225, "vision_score_t": 1.0086814695557367, "wards_placed_t": 0.06836248012718601, "gold_graph_diffs_t": 14.844197138314785}