{"id": "EUN1_3573099715", "lvl": 1900, "literal level": "PLATINUM I", "time": 1714, "solokills_t": 0.011668611435239206, "kills_t": 0.03442240373395566, "kp": 0.40921375921375913, "deaths_t": 0.03442240373395566, "assists_t": 0.03442240373395566, "csscore_t": 0.8897316219369895, "teamgold_t": 68.1808634772462, "vision_score_t": 1.1011129997153568, "wards_placed_t": 0.0676779463243874, "gold_graph_diffs_t": 14.129521586931155}