{"id": "EUN1_3570024233", "lvl": 1200, "literal level": "GOLD IV", "time": 2737, "solokills_t": 0.00803799780781878, "kills_t": 0.04420898794300329, "kp": 0.47692939244663385, "deaths_t": 0.04420898794300329, "assists_t": 0.061381074168797956, "csscore_t": 0.7559371574716843, "teamgold_t": 69.58896602119108, "vision_score_t": 1.1806221965207615, "wards_placed_t": 0.07270734380708806, "gold_graph_diffs_t": 10.746437705516989}