{"id": "EUN1_3574098414", "lvl": 1700, "literal level": "PLATINUM III", "time": 2133, "solokills_t": 0.007501172058134084, "kills_t": 0.03375527426160337, "kp": 0.437037037037037, "deaths_t": 0.03375527426160337, "assists_t": 0.03844350679793718, "csscore_t": 0.9057665260196905, "teamgold_t": 68.77402719174871, "vision_score_t": 0.9619051036373645, "wards_placed_t": 0.06563525550867323, "gold_graph_diffs_t": 18.335208626347868}