{"id": "EUN1_3580324235", "lvl": 2000, "literal level": "EMERALD IV", "time": 2061, "solokills_t": 0.005822416302765648, "kills_t": 0.03202328966521106, "kp": 0.5072222222222222, "deaths_t": 0.03202328966521106, "assists_t": 0.048520135856380396, "csscore_t": 0.8282387190684134, "teamgold_t": 67.14798641436197, "vision_score_t": 0.9291434418762957, "wards_placed_t": 0.05967976710334789, "gold_graph_diffs_t": 17.377971858321203}