{"id": "EUN1_3578855742", "lvl": 1400, "literal level": "GOLD II", "time": 1909, "solokills_t": 0.008381351492928235, "kills_t": 0.04138292299633316, "kp": 0.4410364145658264, "deaths_t": 0.04138292299633316, "assists_t": 0.04976427448926139, "csscore_t": 0.788370874803562, "teamgold_t": 69.18072289156626, "vision_score_t": 0.8885078064517538, "wards_placed_t": 0.060240963855421686, "gold_graph_diffs_t": 12.665269774751179}