{"id": "EUN1_3556341310", "lvl": 1900, "literal level": "PLATINUM I", "time": 1749, "solokills_t": 0.013150371640937679, "kills_t": 0.03430531732418525, "kp": 0.3761457109283196, "deaths_t": 0.03430531732418525, "assists_t": 0.030303030303030304, "csscore_t": 0.8959405374499714, "teamgold_t": 66.32418524871355, "vision_score_t": 0.8126980141172581, "wards_placed_t": 0.05889079473985134, "gold_graph_diffs_t": 12.621497998856489}