{"id": "EUN1_3577107137", "lvl": 1800, "literal level": "PLATINUM II", "time": 2063, "solokills_t": 0.009209888511875909, "kills_t": 0.041202132816286964, "kp": 0.48083333333333333, "deaths_t": 0.041202132816286964, "assists_t": 0.05671352399418323, "csscore_t": 0.8225884634028114, "teamgold_t": 68.71885603490063, "vision_score_t": 0.9713373652580731, "wards_placed_t": 0.058167716917111006, "gold_graph_diffs_t": 16.427047988366457}