{"id": "EUN1_3548801703", "lvl": 1300, "literal level": "GOLD III", "time": 1598, "solokills_t": 0.011264080100125156, "kills_t": 0.03316645807259074, "kp": 0.4010135135135135, "deaths_t": 0.0344180225281602, "assists_t": 0.03504380475594493, "csscore_t": 0.7678347934918648, "teamgold_t": 61.38297872340426, "vision_score_t": 0.8949787050574592, "wards_placed_t": 0.06508135168961202, "gold_graph_diffs_t": 12.117647058823529}