{"id": "EUN1_3568218645", "lvl": 1500, "literal level": "GOLD I", "time": 2017, "solokills_t": 0.014873574615765989, "kills_t": 0.0451165096678235, "kp": 0.3758048780487805, "deaths_t": 0.0451165096678235, "assists_t": 0.03966286564204264, "csscore_t": 0.8636588993554785, "teamgold_t": 71.2057511155181, "vision_score_t": 0.925203262922221, "wards_placed_t": 0.061973227565691624, "gold_graph_diffs_t": 12.168567178978682}