{"id": "EUN1_3555891225", "lvl": 1800, "literal level": "PLATINUM II", "time": 2679, "solokills_t": 0.011944755505785741, "kills_t": 0.04329973870847331, "kp": 0.4344086021505376, "deaths_t": 0.04404628592758492, "assists_t": 0.0507652108995894, "csscore_t": 0.7394550205300485, "teamgold_t": 66.66442702500933, "vision_score_t": 1.0246321228736017, "wards_placed_t": 0.06457633445315417, "gold_graph_diffs_t": 12.775662560656961}