{"id": "EUN1_3574009632", "lvl": 1600, "literal level": "PLATINUM IV", "time": 1446, "solokills_t": 0.006915629322268326, "kills_t": 0.029045643153526972, "kp": 0.4651851851851852, "deaths_t": 0.029045643153526972, "assists_t": 0.03734439834024896, "csscore_t": 0.8402489626556017, "teamgold_t": 63.09820193637621, "vision_score_t": 0.8756673725645235, "wards_placed_t": 0.06708160442600276, "gold_graph_diffs_t": 11.408022130013832}