{"id": "EUN1_3576096070", "lvl": 1700, "literal level": "PLATINUM III", "time": 2422, "solokills_t": 0.011147811725846408, "kills_t": 0.03963666391412056, "kp": 0.48556998556998554, "deaths_t": 0.03963666391412056, "assists_t": 0.05326176713459951, "csscore_t": 0.865813377374071, "teamgold_t": 71.39554087530966, "vision_score_t": 1.1075151656984115, "wards_placed_t": 0.0685383980181668, "gold_graph_diffs_t": 14.27085053674649}