{"id": "EUN1_3571570174", "lvl": 2100, "literal level": "EMERALD III", "time": 771, "solokills_t": 0.00648508430609598, "kills_t": 0.0311284046692607, "kp": 0.41680672268907565, "deaths_t": 0.0311284046692607, "assists_t": 0.0311284046692607, "csscore_t": 0.9027237354085603, "teamgold_t": 64.0402075226978, "vision_score_t": 0.6041367403425792, "wards_placed_t": 0.04928664072632944, "gold_graph_diffs_t": 12.93514915693904}