{"id": "EUN1_3581790914", "lvl": 1700, "literal level": "PLATINUM III", "time": 2227, "solokills_t": 0.009878760664571173, "kills_t": 0.03951504265828469, "kp": 0.46739130434782616, "deaths_t": 0.03951504265828469, "assists_t": 0.05343511450381679, "csscore_t": 0.8158958239784463, "teamgold_t": 70.10282891782667, "vision_score_t": 0.9393630304905443, "wards_placed_t": 0.06645711719802425, "gold_graph_diffs_t": 16.92096991468343}