{"id": "EUN1_3578045822", "lvl": 1700, "literal level": "PLATINUM III", "time": 1956, "solokills_t": 0.010224948875255624, "kills_t": 0.04703476482617587, "kp": 0.41105837683910773, "deaths_t": 0.04703476482617587, "assists_t": 0.04959100204498978, "csscore_t": 0.8358895705521472, "teamgold_t": 70.55010224948876, "vision_score_t": 0.8680727388242839, "wards_placed_t": 0.05828220858895705, "gold_graph_diffs_t": 10.54601226993865}