{"id": "EUN1_3582656285", "lvl": 1600, "literal level": "PLATINUM IV", "time": 1968, "solokills_t": 0.005589430894308943, "kills_t": 0.028455284552845527, "kp": 0.4932806324110672, "deaths_t": 0.028455284552845527, "assists_t": 0.041666666666666664, "csscore_t": 0.8282520325203252, "teamgold_t": 60.73729674796748, "vision_score_t": 0.9805004492494817, "wards_placed_t": 0.058434959349593495, "gold_graph_diffs_t": 10.002540650406504}