{"id": "EUN1_3586194173", "lvl": 1200, "literal level": "GOLD IV", "time": 1359, "solokills_t": 0.011037527593818985, "kills_t": 0.03164091243561442, "kp": 0.3971590909090909, "deaths_t": 0.03164091243561442, "assists_t": 0.03237674760853569, "csscore_t": 0.8623988226637234, "teamgold_t": 63.835908756438556, "vision_score_t": 0.7575417359544655, "wards_placed_t": 0.05592347314201619, "gold_graph_diffs_t": 12.848417954378219}