{"id": "EUN1_3572351689", "lvl": 1800, "literal level": "PLATINUM II", "time": 1627, "solokills_t": 0.006146281499692686, "kills_t": 0.03318992009834051, "kp": 0.4537166900420758, "deaths_t": 0.03318992009834051, "assists_t": 0.04363859864781807, "csscore_t": 0.9041180086047941, "teamgold_t": 66.71911493546405, "vision_score_t": 0.8955294271256825, "wards_placed_t": 0.05838967424708052, "gold_graph_diffs_t": 12.993239090350338}