{"id": "EUN1_3557443171", "lvl": 1900, "literal level": "PLATINUM I", "time": 1902, "solokills_t": 0.003680336487907466, "kills_t": 0.029442691903259727, "kp": 0.5040106951871658, "deaths_t": 0.029442691903259727, "assists_t": 0.04574132492113565, "csscore_t": 0.923764458464774, "teamgold_t": 65.51892744479495, "vision_score_t": 0.9232533797983382, "wards_placed_t": 0.056782334384858045, "gold_graph_diffs_t": 12.087802313354365}