{"id": "EUN1_3564642392", "lvl": 1700, "literal level": "PLATINUM III", "time": 1898, "solokills_t": 0.009483667017913594, "kills_t": 0.030558482613277135, "kp": 0.4343589743589743, "deaths_t": 0.030558482613277135, "assists_t": 0.037407797681770286, "csscore_t": 0.940463645943098, "teamgold_t": 66.42096944151739, "vision_score_t": 0.8716747847077133, "wards_placed_t": 0.051633298208640675, "gold_graph_diffs_t": 12.235511064278187}