{"id": "EUN1_3564230534", "lvl": 1800, "literal level": "PLATINUM II", "time": 1522, "solokills_t": 0.007227332457293035, "kills_t": 0.032194480946123524, "kp": 0.48, "deaths_t": 0.032194480946123524, "assists_t": 0.042706964520367936, "csscore_t": 0.866622864651774, "teamgold_t": 63.210906701708275, "vision_score_t": 0.7744937772405056, "wards_placed_t": 0.05387647831800263, "gold_graph_diffs_t": 13.911300919842313}