{"id": "EUN1_3584346975", "lvl": 1800, "literal level": "PLATINUM II", "time": 2064, "solokills_t": 0.006782945736434108, "kills_t": 0.031007751937984496, "kp": 0.49805128205128213, "deaths_t": 0.031007751937984496, "assists_t": 0.04844961240310078, "csscore_t": 0.8183139534883721, "teamgold_t": 61.72141472868217, "vision_score_t": 0.9245100981913353, "wards_placed_t": 0.06540697674418605, "gold_graph_diffs_t": 9.981104651162791}