{"id": "EUN1_3581492309", "lvl": 1900, "literal level": "PLATINUM I", "time": 1749, "solokills_t": 0.009719839908519153, "kills_t": 0.032590051457975985, "kp": 0.41848635235732007, "deaths_t": 0.032590051457975985, "assists_t": 0.03487707261292167, "csscore_t": 0.8947970268724986, "teamgold_t": 66.43453401943968, "vision_score_t": 0.8769588560337069, "wards_placed_t": 0.058319039451114926, "gold_graph_diffs_t": 15.289879931389365}