{"id": "EUN1_3582784533", "lvl": 1200, "literal level": "GOLD IV", "time": 1936, "solokills_t": 0.012913223140495868, "kills_t": 0.04648760330578512, "kp": 0.4130434782608695, "deaths_t": 0.04648760330578512, "assists_t": 0.049586776859504134, "csscore_t": 0.6353305785123967, "teamgold_t": 65.07592975206612, "vision_score_t": 0.7227699409113071, "wards_placed_t": 0.05165289256198347, "gold_graph_diffs_t": 11.871384297520661}