{"id": "EUN1_3565536532", "lvl": 1700, "literal level": "PLATINUM III", "time": 1436, "solokills_t": 0.013927576601671309, "kills_t": 0.04317548746518106, "kp": 0.4090336134453782, "deaths_t": 0.04317548746518106, "assists_t": 0.04665738161559889, "csscore_t": 0.786908077994429, "teamgold_t": 66.48050139275766, "vision_score_t": 0.7570688227441664, "wards_placed_t": 0.054317548746518104, "gold_graph_diffs_t": 13.697771587743732}