{"id": "EUN1_3568844661", "lvl": 1800, "literal level": "PLATINUM II", "time": 1866, "solokills_t": 0.008038585209003215, "kills_t": 0.03804930332261522, "kp": 0.4424786324786325, "deaths_t": 0.03804930332261522, "assists_t": 0.04555198285101822, "csscore_t": 0.8703108252947481, "teamgold_t": 67.60396570203645, "vision_score_t": 0.9317457056936324, "wards_placed_t": 0.06216505894962487, "gold_graph_diffs_t": 12.997320471596998}