{"id": "EUN1_3581269870", "lvl": 1600, "literal level": "PLATINUM IV", "time": 1598, "solokills_t": 0.005632040050062578, "kills_t": 0.04005006257822278, "kp": 0.4584415584415584, "deaths_t": 0.04130162703379224, "assists_t": 0.052565707133917394, "csscore_t": 0.7966207759699625, "teamgold_t": 67.32290362953692, "vision_score_t": 0.7668879136558335, "wards_placed_t": 0.05944931163954944, "gold_graph_diffs_t": 12.86107634543179}