{"id": "EUN1_3558029503", "lvl": 1900, "literal level": "PLATINUM I", "time": 1931, "solokills_t": 0.005178663904712584, "kills_t": 0.041429311237700675, "kp": 0.47550505050505043, "deaths_t": 0.041429311237700675, "assists_t": 0.05748316934230968, "csscore_t": 0.8182288969445883, "teamgold_t": 71.43552563438632, "vision_score_t": 1.0613722229010196, "wards_placed_t": 0.07146556188503367, "gold_graph_diffs_t": 14.235111341273951}