{"id": "EUN1_3573617520", "lvl": 1600, "literal level": "PLATINUM IV", "time": 673, "solokills_t": 0.004457652303120356, "kills_t": 0.022288261515601784, "kp": 0.5318181818181819, "deaths_t": 0.022288261515601784, "assists_t": 0.03863298662704309, "csscore_t": 0.8528974739970282, "teamgold_t": 55.06389301634473, "vision_score_t": 0.5151964731777927, "wards_placed_t": 0.04606240713224369, "gold_graph_diffs_t": 6.395245170876672}