{"id": "EUN1_3575437242", "lvl": 1600, "literal level": "PLATINUM IV", "time": 2141, "solokills_t": 0.007940214852872489, "kills_t": 0.032227930873423634, "kp": 0.4833631484794275, "deaths_t": 0.032227930873423634, "assists_t": 0.045305931807566556, "csscore_t": 0.8281177020084073, "teamgold_t": 62.389537599252684, "vision_score_t": 1.028413174460873, "wards_placed_t": 0.07052779075198505, "gold_graph_diffs_t": 10.553946753853339}