{"id": "EUN1_3573449615", "lvl": 1800, "literal level": "PLATINUM II", "time": 1610, "solokills_t": 0.014285714285714285, "kills_t": 0.05217391304347826, "kp": 0.4059496567505721, "deaths_t": 0.05217391304347826, "assists_t": 0.0546583850931677, "csscore_t": 0.7484472049689441, "teamgold_t": 72.0807453416149, "vision_score_t": 0.8958042314864579, "wards_placed_t": 0.059006211180124224, "gold_graph_diffs_t": 13.361490683229814}