{"id": "EUN1_3579236172", "lvl": 1500, "literal level": "GOLD I", "time": 2283, "solokills_t": 0.006132282084975909, "kills_t": 0.037669732807709154, "kp": 0.5506944444444445, "deaths_t": 0.037669732807709154, "assists_t": 0.06307490144546649, "csscore_t": 0.7446342531756461, "teamgold_t": 64.0521243977223, "vision_score_t": 0.9095259769299249, "wards_placed_t": 0.06351292159439334, "gold_graph_diffs_t": 13.631625054752519}