{"id": "EUN1_3577029357", "lvl": 1300, "literal level": "GOLD III", "time": 938, "solokills_t": 0.011727078891257996, "kills_t": 0.04051172707889126, "kp": 0.3987179487179487, "deaths_t": 0.04157782515991471, "assists_t": 0.042643923240938165, "csscore_t": 0.7942430703624733, "teamgold_t": 63.66417910447761, "vision_score_t": 0.7613126399121551, "wards_placed_t": 0.0628997867803838, "gold_graph_diffs_t": 10.572494669509595}