{"id": "EUN1_3584166418", "lvl": 1100, "literal level": "SILVER I", "time": 1907, "solokills_t": 0.009438909281594127, "kills_t": 0.043523859465128475, "kp": 0.4772619047619047, "deaths_t": 0.043523859465128475, "assists_t": 0.06082852648138437, "csscore_t": 0.6921866806502359, "teamgold_t": 65.76088096486629, "vision_score_t": 0.6270582357308147, "wards_placed_t": 0.04929208180388044, "gold_graph_diffs_t": 12.005243838489774}