{"id": "EUN1_3585803234", "lvl": 1900, "literal level": "PLATINUM I", "time": 2152, "solokills_t": 0.008828996282527882, "kills_t": 0.03531598513011153, "kp": 0.4827240143369176, "deaths_t": 0.03531598513011153, "assists_t": 0.04925650557620818, "csscore_t": 0.7681226765799256, "teamgold_t": 65.51208178438662, "vision_score_t": 0.8768786045944458, "wards_placed_t": 0.05715613382899628, "gold_graph_diffs_t": 13.064126394052044}