{"id": "EUN1_3572371934", "lvl": 1700, "literal level": "PLATINUM III", "time": 1836, "solokills_t": 0.007080610021786492, "kills_t": 0.03104575163398693, "kp": 0.43769841269841264, "deaths_t": 0.03159041394335512, "assists_t": 0.03649237472766884, "csscore_t": 0.8785403050108932, "teamgold_t": 65.34640522875817, "vision_score_t": 0.878030275983059, "wards_placed_t": 0.056100217864923745, "gold_graph_diffs_t": 14.327886710239651}