{"id": "EUN1_3568931716", "lvl": 1800, "literal level": "PLATINUM II", "time": 1952, "solokills_t": 0.009221311475409836, "kills_t": 0.035860655737704916, "kp": 0.41938405797101447, "deaths_t": 0.035860655737704916, "assists_t": 0.039959016393442626, "csscore_t": 0.8217213114754098, "teamgold_t": 67.58555327868852, "vision_score_t": 0.9209491302164488, "wards_placed_t": 0.060450819672131145, "gold_graph_diffs_t": 13.166495901639344}