{"id": "EUN1_3573344035", "lvl": 1800, "literal level": "PLATINUM II", "time": 2142, "solokills_t": 0.012605042016806723, "kills_t": 0.04481792717086835, "kp": 0.42064777327935216, "deaths_t": 0.04481792717086835, "assists_t": 0.049019607843137254, "csscore_t": 0.9589169000933707, "teamgold_t": 73.08496732026144, "vision_score_t": 0.8039434058997272, "wards_placed_t": 0.0611577964519141, "gold_graph_diffs_t": 16.22315592903828}