{"id": "EUN1_3576307040", "lvl": 1600, "literal level": "PLATINUM IV", "time": 1989, "solokills_t": 0.005027652086475616, "kills_t": 0.027652086475615886, "kp": 0.4891246684350133, "deaths_t": 0.02815485168426345, "assists_t": 0.03971845148315736, "csscore_t": 0.9029663147310206, "teamgold_t": 65.91905480140774, "vision_score_t": 0.8756597119866012, "wards_placed_t": 0.057817998994469585, "gold_graph_diffs_t": 12.129210658622423}