{"id": "EUN1_3564702852", "lvl": 1300, "literal level": "GOLD III", "time": 1829, "solokills_t": 0.006014215418261345, "kills_t": 0.02733734281027884, "kp": 0.44743589743589735, "deaths_t": 0.02733734281027884, "assists_t": 0.03389830508474576, "csscore_t": 0.8665937670858392, "teamgold_t": 64.6074357572444, "vision_score_t": 0.9383439350031388, "wards_placed_t": 0.06287588846364134, "gold_graph_diffs_t": 10.329688354291962}