{"id": "EUN1_3578369606", "lvl": 1800, "literal level": "PLATINUM II", "time": 1537, "solokills_t": 0.011711125569290826, "kills_t": 0.04294079375406636, "kp": 0.4101190476190476, "deaths_t": 0.043591411841249185, "assists_t": 0.04619388418998048, "csscore_t": 0.8275862068965517, "teamgold_t": 68.07351984385166, "vision_score_t": 0.7308653892743222, "wards_placed_t": 0.05985686402081978, "gold_graph_diffs_t": 14.562784645413142}