{"id": "EUN1_3568514331", "lvl": 1400, "literal level": "GOLD II", "time": 2136, "solokills_t": 0.011704119850187267, "kills_t": 0.041666666666666664, "kp": 0.41767676767676765, "deaths_t": 0.041666666666666664, "assists_t": 0.04541198501872659, "csscore_t": 0.8614232209737828, "teamgold_t": 69.8061797752809, "vision_score_t": 0.7844798706713021, "wards_placed_t": 0.06460674157303371, "gold_graph_diffs_t": 15.025280898876405}