{"id": "EUN1_3575895538", "lvl": 1600, "literal level": "PLATINUM IV", "time": 2551, "solokills_t": 0.01764014112112897, "kills_t": 0.04586436691493532, "kp": 0.3913157894736842, "deaths_t": 0.04625637005096041, "assists_t": 0.04390435123480988, "csscore_t": 0.8173265386123089, "teamgold_t": 71.62955703645629, "vision_score_t": 0.7530389830005756, "wards_placed_t": 0.04900039200313602, "gold_graph_diffs_t": 16.936495491963935}