{"id": "EUN1_3579259416", "lvl": 1400, "literal level": "GOLD II", "time": 1537, "solokills_t": 0.006506180871828237, "kills_t": 0.035783994795055306, "kp": 0.476608187134503, "deaths_t": 0.035783994795055306, "assists_t": 0.05139882888744307, "csscore_t": 0.8217306441119063, "teamgold_t": 66.31880286271958, "vision_score_t": 0.8038962446903639, "wards_placed_t": 0.05530253741054001, "gold_graph_diffs_t": 14.255042290175666}