{"id": "EUN1_3581370083", "lvl": 1600, "literal level": "PLATINUM IV", "time": 1892, "solokills_t": 0.011099365750528542, "kills_t": 0.03805496828752643, "kp": 0.41291098636728146, "deaths_t": 0.03805496828752643, "assists_t": 0.04175475687103594, "csscore_t": 0.8393234672304439, "teamgold_t": 65.65010570824525, "vision_score_t": 0.9692519041915532, "wards_placed_t": 0.06923890063424948, "gold_graph_diffs_t": 12.583509513742072}