{"id": "EUN1_3579596266", "lvl": 1800, "literal level": "PLATINUM II", "time": 1928, "solokills_t": 0.005705394190871369, "kills_t": 0.03371369294605809, "kp": 0.4652380952380952, "deaths_t": 0.03371369294605809, "assists_t": 0.044605809128630707, "csscore_t": 0.7510373443983402, "teamgold_t": 64.524377593361, "vision_score_t": 0.8844390865276779, "wards_placed_t": 0.06224066390041494, "gold_graph_diffs_t": 15.04201244813278}