{"id": "EUN1_3555138985", "lvl": 1700, "literal level": "PLATINUM III", "time": 1629, "solokills_t": 0.006752608962553714, "kills_t": 0.040515653775322284, "kp": 0.5272727272727273, "deaths_t": 0.040515653775322284, "assists_t": 0.06629834254143646, "csscore_t": 0.8029465930018416, "teamgold_t": 70.55862492326581, "vision_score_t": 0.8588525177273244, "wards_placed_t": 0.06261510128913444, "gold_graph_diffs_t": 16.683855125844076}