{"id": "EUN1_3579488541", "lvl": 1900, "literal level": "PLATINUM I", "time": 925, "solokills_t": 0.005405405405405406, "kills_t": 0.023783783783783784, "kp": 0.445, "deaths_t": 0.023783783783783784, "assists_t": 0.023783783783783784, "csscore_t": 0.88, "teamgold_t": 59.06054054054054, "vision_score_t": 0.6508913924074691, "wards_placed_t": 0.05297297297297297, "gold_graph_diffs_t": 12.58918918918919}