{"id": "EUN1_3579611750", "lvl": 1700, "literal level": "PLATINUM III", "time": 2156, "solokills_t": 0.013450834879406308, "kills_t": 0.03571428571428571, "kp": 0.44063829787234043, "deaths_t": 0.03571428571428571, "assists_t": 0.04220779220779221, "csscore_t": 0.8047309833024119, "teamgold_t": 66.76716141001856, "vision_score_t": 0.8555760651613117, "wards_placed_t": 0.06586270871985157, "gold_graph_diffs_t": 13.534322820037106}