{"id": "EUN1_3582784327", "lvl": 1200, "literal level": "GOLD IV", "time": 1525, "solokills_t": 0.003278688524590164, "kills_t": 0.03409836065573771, "kp": 0.4583333333333333, "deaths_t": 0.03409836065573771, "assists_t": 0.04786885245901639, "csscore_t": 0.7960655737704918, "teamgold_t": 64.16983606557378, "vision_score_t": 0.5298902224964814, "wards_placed_t": 0.04131147540983607, "gold_graph_diffs_t": 15.45639344262295}