{"id": "EUN1_3578167088", "lvl": 1800, "literal level": "PLATINUM II", "time": 1475, "solokills_t": 0.007457627118644068, "kills_t": 0.031864406779661014, "kp": 0.5052631578947369, "deaths_t": 0.031864406779661014, "assists_t": 0.05152542372881356, "csscore_t": 0.7952542372881356, "teamgold_t": 63.30101694915254, "vision_score_t": 0.7575777913357395, "wards_placed_t": 0.05491525423728814, "gold_graph_diffs_t": 13.183050847457627}