{"id": "EUN1_3579061062", "lvl": 1800, "literal level": "PLATINUM II", "time": 1673, "solokills_t": 0.008368200836820083, "kills_t": 0.03825463239689181, "kp": 0.44019933554817275, "deaths_t": 0.03825463239689181, "assists_t": 0.04482964734010759, "csscore_t": 0.8069336521219367, "teamgold_t": 67.71189479976091, "vision_score_t": 0.8407681050863776, "wards_placed_t": 0.05678421996413628, "gold_graph_diffs_t": 16.6670651524208}