{"id": "EUN1_3575465527", "lvl": 1500, "literal level": "GOLD I", "time": 1011, "solokills_t": 0.006923837784371909, "kills_t": 0.026706231454005934, "kp": 0.3957142857142857, "deaths_t": 0.026706231454005934, "assists_t": 0.027695351137487636, "csscore_t": 0.8981206726013847, "teamgold_t": 61.203758654797234, "vision_score_t": 0.7516965154369025, "wards_placed_t": 0.057368941641938676, "gold_graph_diffs_t": 13.623145400593472}