{"id": "EUN1_3572343606", "lvl": 1800, "literal level": "PLATINUM II", "time": 1925, "solokills_t": 0.011948051948051949, "kills_t": 0.044675324675324674, "kp": 0.4325581395348837, "deaths_t": 0.0451948051948052, "assists_t": 0.05194805194805195, "csscore_t": 0.8774025974025974, "teamgold_t": 72.57922077922078, "vision_score_t": 1.011047723145391, "wards_placed_t": 0.0748051948051948, "gold_graph_diffs_t": 15.132987012987012}