{"id": "EUN1_3567197753", "lvl": 1700, "literal level": "PLATINUM III", "time": 1646, "solokills_t": 0.0036452004860267314, "kills_t": 0.03523693803159174, "kp": 0.5328431372549021, "deaths_t": 0.03523693803159174, "assists_t": 0.06014580801944107, "csscore_t": 0.7861482381530984, "teamgold_t": 65.70230862697449, "vision_score_t": 0.8731214655861541, "wards_placed_t": 0.05953827460510328, "gold_graph_diffs_t": 18.289185905224787}