{"id": "EUN1_3557425043", "lvl": 1900, "literal level": "PLATINUM I", "time": 1477, "solokills_t": 0.016249153689911984, "kills_t": 0.044008124576844956, "kp": 0.3885, "deaths_t": 0.04468517264725796, "assists_t": 0.043331076506431955, "csscore_t": 0.8896411645226812, "teamgold_t": 70.89167230873392, "vision_score_t": 0.857324247946862, "wards_placed_t": 0.06296547054840894, "gold_graph_diffs_t": 16.75626269465132}