{"id": "EUN1_3570904050", "lvl": 1800, "literal level": "PLATINUM II", "time": 2061, "solokills_t": 0.005822416302765648, "kills_t": 0.037360504609412905, "kp": 0.46229166666666666, "deaths_t": 0.03784570596797671, "assists_t": 0.04997573993207181, "csscore_t": 0.7384764677341097, "teamgold_t": 64.36826783114992, "vision_score_t": 0.9580728542488155, "wards_placed_t": 0.05967976710334789, "gold_graph_diffs_t": 15.060164968461912}