{"id": "EUN1_3580183082", "lvl": 1900, "literal level": "PLATINUM I", "time": 926, "solokills_t": 0.020518358531317494, "kills_t": 0.04427645788336933, "kp": 0.30944444444444447, "deaths_t": 0.04427645788336933, "assists_t": 0.029157667386609073, "csscore_t": 0.816414686825054, "teamgold_t": 64.70194384449245, "vision_score_t": 0.7192678032854013, "wards_placed_t": 0.0550755939524838, "gold_graph_diffs_t": 19.911447084233263}