{"id": "EUN1_3583215729", "lvl": 1600, "literal level": "PLATINUM IV", "time": 1814, "solokills_t": 0.008820286659316428, "kills_t": 0.03638368246968027, "kp": 0.44156682027649763, "deaths_t": 0.03638368246968027, "assists_t": 0.043550165380374865, "csscore_t": 0.8660418963616318, "teamgold_t": 67.12238147739802, "vision_score_t": 1.0451605316793229, "wards_placed_t": 0.06780595369349504, "gold_graph_diffs_t": 13.201764057331863}