{"id": "EUN1_3569917898", "lvl": 1800, "literal level": "PLATINUM II", "time": 1927, "solokills_t": 0.009859885832900882, "kills_t": 0.0467047223663726, "kp": 0.45565610859728506, "deaths_t": 0.0467047223663726, "assists_t": 0.05967825635703165, "csscore_t": 0.8064348728593669, "teamgold_t": 74.10171250648676, "vision_score_t": 0.8470583900002732, "wards_placed_t": 0.06279190451478983, "gold_graph_diffs_t": 16.01141670991178}