{"id": "EUN1_3547984703", "lvl": 1300, "literal level": "GOLD III", "time": 1987, "solokills_t": 0.009562154001006542, "kills_t": 0.03975842979365878, "kp": 0.468733850129199, "deaths_t": 0.03975842979365878, "assists_t": 0.05385002516356316, "csscore_t": 0.7720181177654756, "teamgold_t": 66.80724710619023, "vision_score_t": 0.6932943851444417, "wards_placed_t": 0.051333668847508805, "gold_graph_diffs_t": 12.788122798188223}