{"id": "EUN1_3567808808", "lvl": 1400, "literal level": "GOLD II", "time": 2261, "solokills_t": 0.009730207872622734, "kills_t": 0.040689960194604156, "kp": 0.450682261208577, "deaths_t": 0.040689960194604156, "assists_t": 0.0513047324192835, "csscore_t": 0.820875718708536, "teamgold_t": 68.73330384785493, "vision_score_t": 0.8121736886994444, "wards_placed_t": 0.06766917293233082, "gold_graph_diffs_t": 13.811587793011942}