{"id": "EUN1_3552120620", "lvl": 1900, "literal level": "PLATINUM I", "time": 1690, "solokills_t": 0.008284023668639054, "kills_t": 0.03727810650887574, "kp": 0.4489234449760765, "deaths_t": 0.0378698224852071, "assists_t": 0.04378698224852071, "csscore_t": 0.9189349112426035, "teamgold_t": 71.4171597633136, "vision_score_t": 0.8726875574911739, "wards_placed_t": 0.05798816568047337, "gold_graph_diffs_t": 16.41715976331361}