{"id": "EUN1_3565557157", "lvl": 1700, "literal level": "PLATINUM III", "time": 1045, "solokills_t": 0.015311004784688996, "kills_t": 0.024880382775119617, "kp": 0.27142857142857146, "deaths_t": 0.024880382775119617, "assists_t": 0.014354066985645933, "csscore_t": 0.8736842105263158, "teamgold_t": 58.70239234449761, "vision_score_t": 0.5027290906154532, "wards_placed_t": 0.03732057416267943, "gold_graph_diffs_t": 12.629665071770335}