{"id": "EUN1_3580458596", "lvl": 1800, "literal level": "PLATINUM II", "time": 1427, "solokills_t": 0.011913104414856343, "kills_t": 0.035739313244569026, "kp": 0.3793522267206478, "deaths_t": 0.035739313244569026, "assists_t": 0.032936229852838124, "csscore_t": 0.8990889978976875, "teamgold_t": 67.00560616678347, "vision_score_t": 0.9250998566271631, "wards_placed_t": 0.06236860546601261, "gold_graph_diffs_t": 10.844428871758934}