{"id": "EUN1_3558511369", "lvl": 1900, "literal level": "PLATINUM I", "time": 1951, "solokills_t": 0.011276268580215274, "kills_t": 0.044079958995386984, "kp": 0.4529347826086957, "deaths_t": 0.04459251665812404, "assists_t": 0.05433111225012814, "csscore_t": 0.8308559712967709, "teamgold_t": 72.85135827780626, "vision_score_t": 0.8254122408279796, "wards_placed_t": 0.06048180420297283, "gold_graph_diffs_t": 17.46847770374167}