{"id": "EUN1_3585206096", "lvl": 1800, "literal level": "PLATINUM II", "time": 1858, "solokills_t": 0.00914962325080732, "kills_t": 0.038751345532831, "kp": 0.4302978723404255, "deaths_t": 0.039289558665231435, "assists_t": 0.04736275565123789, "csscore_t": 0.8428417653390743, "teamgold_t": 66.64477933261571, "vision_score_t": 0.9181961251026902, "wards_placed_t": 0.06673842841765339, "gold_graph_diffs_t": 9.533907427341227}