{"id": "EUN1_3581155618", "lvl": 2000, "literal level": "EMERALD IV", "time": 1869, "solokills_t": 0.011771000535045479, "kills_t": 0.037988228999464954, "kp": 0.4198095238095238, "deaths_t": 0.039058319957196365, "assists_t": 0.03959336543606207, "csscore_t": 0.860888175494917, "teamgold_t": 67.54735152487962, "vision_score_t": 1.0818872685339138, "wards_placed_t": 0.07116104868913857, "gold_graph_diffs_t": 11.424291064740503}