{"id": "EUN1_3568499339", "lvl": 1500, "literal level": "GOLD I", "time": 1869, "solokills_t": 0.011235955056179775, "kills_t": 0.04119850187265917, "kp": 0.4150771388499299, "deaths_t": 0.04119850187265917, "assists_t": 0.043873729266987696, "csscore_t": 0.8132691278758695, "teamgold_t": 67.5928303905832, "vision_score_t": 1.035046942583102, "wards_placed_t": 0.0738362760834671, "gold_graph_diffs_t": 11.38737292669877}