{"id": "EUN1_3571752019", "lvl": 1700, "literal level": "PLATINUM III", "time": 1743, "solokills_t": 0.01549053356282272, "kills_t": 0.042455536431440045, "kp": 0.41286031042128607, "deaths_t": 0.042455536431440045, "assists_t": 0.04589787722317843, "csscore_t": 0.8800917957544464, "teamgold_t": 69.08663224325875, "vision_score_t": 0.9134789236581922, "wards_placed_t": 0.05737234652897304, "gold_graph_diffs_t": 15.02122776821572}