{"id": "EUN1_3576968621", "lvl": 1800, "literal level": "PLATINUM II", "time": 1571, "solokills_t": 0.015276893698281349, "kills_t": 0.03946530872056015, "kp": 0.36680672268907555, "deaths_t": 0.03946530872056015, "assists_t": 0.033099936346276254, "csscore_t": 0.9045194143857416, "teamgold_t": 66.82495225970719, "vision_score_t": 0.8193551690001935, "wards_placed_t": 0.05728835136855506, "gold_graph_diffs_t": 10.721833227243794}