{"id": "EUN1_3582962297", "lvl": 1700, "literal level": "PLATINUM III", "time": 1742, "solokills_t": 0.010332950631458095, "kills_t": 0.0269804822043628, "kp": 0.3979166666666667, "deaths_t": 0.0269804822043628, "assists_t": 0.029850746268656716, "csscore_t": 0.8725602755453502, "teamgold_t": 60.375430539609646, "vision_score_t": 0.8828438473248557, "wards_placed_t": 0.06257175660160735, "gold_graph_diffs_t": 12.799081515499426}