{"id": "EUN1_3565592020", "lvl": 1900, "literal level": "PLATINUM I", "time": 2262, "solokills_t": 0.008841732979664015, "kills_t": 0.042440318302387266, "kp": 0.46465479808944854, "deaths_t": 0.042440318302387266, "assists_t": 0.05614500442086649, "csscore_t": 0.8554376657824934, "teamgold_t": 70.55923961096374, "vision_score_t": 0.8881452219375017, "wards_placed_t": 0.0627763041556145, "gold_graph_diffs_t": 13.684792219274978}