{"id": "EUN1_3578879834", "lvl": 1600, "literal level": "PLATINUM IV", "time": 302, "solokills_t": 0.013245033112582781, "kills_t": 0.033112582781456956, "kp": 0.325, "deaths_t": 0.033112582781456956, "assists_t": 0.023178807947019868, "csscore_t": 0.5066225165562914, "teamgold_t": 55.78145695364238, "vision_score_t": 0.27337190725769783, "wards_placed_t": 0.039735099337748346, "gold_graph_diffs_t": 6.086092715231788}