{"id": "EUN1_3580289430", "lvl": 1500, "literal level": "GOLD I", "time": 1844, "solokills_t": 0.008134490238611713, "kills_t": 0.04392624728850325, "kp": 0.4937267080745341, "deaths_t": 0.04392624728850325, "assists_t": 0.06236442516268981, "csscore_t": 0.7413232104121475, "teamgold_t": 70.07158351409979, "vision_score_t": 0.7956833905985052, "wards_placed_t": 0.05911062906724512, "gold_graph_diffs_t": 13.04880694143167}