{"id": "EUN1_3549267013", "lvl": 2000, "literal level": "EMERALD IV", "time": 1435, "solokills_t": 0.0132404181184669, "kills_t": 0.045993031358885016, "kp": 0.4811931243680485, "deaths_t": 0.045993031358885016, "assists_t": 0.06062717770034843, "csscore_t": 0.8250871080139373, "teamgold_t": 70.51149825783972, "vision_score_t": 0.7460411717114611, "wards_placed_t": 0.05574912891986063, "gold_graph_diffs_t": 12.946341463414635}