{"id": "EUN1_3584155580", "lvl": 1000, "literal level": "SILVER II", "time": 1802, "solokills_t": 0.00776914539400666, "kills_t": 0.033296337402885685, "kp": 0.45464159811985894, "deaths_t": 0.033296337402885685, "assists_t": 0.04384017758046615, "csscore_t": 0.7713651498335183, "teamgold_t": 62.78079911209767, "vision_score_t": 0.7650996970674948, "wards_placed_t": 0.05549389567147614, "gold_graph_diffs_t": 15.982796892341842}