{"id": "EUN1_3578690647", "lvl": 1800, "literal level": "PLATINUM II", "time": 2006, "solokills_t": 0.012462612163509471, "kills_t": 0.03988035892323031, "kp": 0.4326984126984127, "deaths_t": 0.04037886340977069, "assists_t": 0.04735792622133599, "csscore_t": 0.9007976071784646, "teamgold_t": 69.34097706879362, "vision_score_t": 1.0624014676981473, "wards_placed_t": 0.06081754735792622, "gold_graph_diffs_t": 10.200398803589232}