{"id": "EUN1_3571107657", "lvl": 1800, "literal level": "PLATINUM II", "time": 2389, "solokills_t": 0.006697362913352867, "kills_t": 0.037672666387609875, "kp": 0.5225136071251856, "deaths_t": 0.037672666387609875, "assists_t": 0.06111343658434491, "csscore_t": 0.7660108832147342, "teamgold_t": 65.61239012138971, "vision_score_t": 0.9249029730942073, "wards_placed_t": 0.06529928840519046, "gold_graph_diffs_t": 10.147341984093764}