{"id": "EUN1_3581351780", "lvl": 1700, "literal level": "PLATINUM III", "time": 1311, "solokills_t": 0.016018306636155607, "kills_t": 0.03279938977879481, "kp": 0.4080645161290322, "deaths_t": 0.03279938977879481, "assists_t": 0.02745995423340961, "csscore_t": 0.8901601830663616, "teamgold_t": 63.663615560640736, "vision_score_t": 0.676331524010994, "wards_placed_t": 0.05415713196033562, "gold_graph_diffs_t": 12.450800915331808}