{"id": "EUN1_3571457375", "lvl": 1900, "literal level": "PLATINUM I", "time": 1517, "solokills_t": 0.01911667765326302, "kills_t": 0.05273566249176005, "kp": 0.40302197802197803, "deaths_t": 0.05273566249176005, "assists_t": 0.04812129202373105, "csscore_t": 0.7673038892551087, "teamgold_t": 73.31048121292024, "vision_score_t": 0.8338239187033128, "wards_placed_t": 0.05207646671061305, "gold_graph_diffs_t": 18.21753460777851}