{"id": "EUN1_3584942897", "lvl": 1600, "literal level": "PLATINUM IV", "time": 1955, "solokills_t": 0.0076726342710997444, "kills_t": 0.02608695652173913, "kp": 0.4330721003134796, "deaths_t": 0.02608695652173913, "assists_t": 0.03017902813299233, "csscore_t": 0.8542199488491049, "teamgold_t": 61.38567774936061, "vision_score_t": 0.9089599083728637, "wards_placed_t": 0.0649616368286445, "gold_graph_diffs_t": 13.151406649616368}