{"id": "EUN1_3566935147", "lvl": 1800, "literal level": "PLATINUM II", "time": 1068, "solokills_t": 0.011235955056179775, "kills_t": 0.03464419475655431, "kp": 0.4293333333333333, "deaths_t": 0.03464419475655431, "assists_t": 0.03745318352059925, "csscore_t": 0.7724719101123596, "teamgold_t": 61.844569288389515, "vision_score_t": 0.6402894448479926, "wards_placed_t": 0.0449438202247191, "gold_graph_diffs_t": 12.063670411985019}