{"id": "EUN1_3580722385", "lvl": 1400, "literal level": "GOLD II", "time": 2083, "solokills_t": 0.00816130580892943, "kills_t": 0.030724915986557848, "kp": 0.4313313313313313, "deaths_t": 0.030724915986557848, "assists_t": 0.03504560729716755, "csscore_t": 0.8694191070571291, "teamgold_t": 66.52904464714354, "vision_score_t": 1.1179393955222834, "wards_placed_t": 0.07729236677868459, "gold_graph_diffs_t": 12.670187229956793}