{"id": "EUN1_3582196588", "lvl": 1600, "literal level": "PLATINUM IV", "time": 2269, "solokills_t": 0.0123402379903041, "kills_t": 0.03393565447333627, "kp": 0.3763550135501355, "deaths_t": 0.03393565447333627, "assists_t": 0.02996914940502424, "csscore_t": 0.9118554429263993, "teamgold_t": 66.33274570295285, "vision_score_t": 1.0387510334563905, "wards_placed_t": 0.07712648743940062, "gold_graph_diffs_t": 10.654473336271485}