{"id": "EUN1_3582403877", "lvl": 1700, "literal level": "PLATINUM III", "time": 926, "solokills_t": 0.01511879049676026, "kills_t": 0.03347732181425486, "kp": 0.34891304347826085, "deaths_t": 0.03347732181425486, "assists_t": 0.024838012958963283, "csscore_t": 0.8660907127429806, "teamgold_t": 62.83909287257019, "vision_score_t": 0.6210062118754377, "wards_placed_t": 0.052915766738660906, "gold_graph_diffs_t": 15.852051835853132}