{"id": "EUN1_3584713453", "lvl": 1700, "literal level": "PLATINUM III", "time": 2296, "solokills_t": 0.008275261324041812, "kills_t": 0.03702090592334495, "kp": 0.4569444444444445, "deaths_t": 0.03702090592334495, "assists_t": 0.048344947735191636, "csscore_t": 0.8706445993031359, "teamgold_t": 71.12761324041811, "vision_score_t": 0.9912377085552666, "wards_placed_t": 0.06445993031358885, "gold_graph_diffs_t": 16.34973867595819}