{"id": "EUN1_3574053707", "lvl": 2000, "literal level": "EMERALD IV", "time": 2408, "solokills_t": 0.009966777408637873, "kills_t": 0.052740863787375414, "kp": 0.484053651266766, "deaths_t": 0.052740863787375414, "assists_t": 0.07516611295681064, "csscore_t": 0.7321428571428571, "teamgold_t": 73.60797342192691, "vision_score_t": 0.8855459388852738, "wards_placed_t": 0.061046511627906974, "gold_graph_diffs_t": 16.960132890365447}