{"id": "EUN1_3578845223", "lvl": 1400, "literal level": "GOLD II", "time": 1836, "solokills_t": 0.013616557734204794, "kills_t": 0.0457516339869281, "kp": 0.43368983957219254, "deaths_t": 0.0457516339869281, "assists_t": 0.05392156862745098, "csscore_t": 0.8191721132897604, "teamgold_t": 71.2260348583878, "vision_score_t": 1.0856700383432936, "wards_placed_t": 0.08061002178649238, "gold_graph_diffs_t": 12.417755991285404}