{"id": "EUN1_3585751504", "lvl": 1800, "literal level": "PLATINUM II", "time": 1741, "solokills_t": 0.006318207926479035, "kills_t": 0.028144744399770247, "kp": 0.43912280701754386, "deaths_t": 0.028144744399770247, "assists_t": 0.03388856978747846, "csscore_t": 0.8472142446869615, "teamgold_t": 63.41183228029868, "vision_score_t": 0.9832616614959833, "wards_placed_t": 0.05858701895462378, "gold_graph_diffs_t": 11.02125215393452}