{"id": "EUN1_3568786841", "lvl": 1700, "literal level": "PLATINUM III", "time": 2042, "solokills_t": 0.0068560235063663075, "kills_t": 0.03623898139079334, "kp": 0.5054093567251462, "deaths_t": 0.03623898139079334, "assists_t": 0.05533790401567091, "csscore_t": 0.8432908912830558, "teamgold_t": 65.3437806072478, "vision_score_t": 0.988339885615652, "wards_placed_t": 0.07786483839373164, "gold_graph_diffs_t": 11.285014691478942}