{"id": "EUN1_3568529713", "lvl": 1400, "literal level": "GOLD II", "time": 2136, "solokills_t": 0.014044943820224719, "kills_t": 0.039794007490636704, "kp": 0.35857142857142854, "deaths_t": 0.039794007490636704, "assists_t": 0.032303370786516857, "csscore_t": 0.8721910112359551, "teamgold_t": 68.07818352059925, "vision_score_t": 0.7579259872024667, "wards_placed_t": 0.056179775280898875, "gold_graph_diffs_t": 14.374063670411985}