{"id": "EUN1_3584114184", "lvl": 1800, "literal level": "PLATINUM II", "time": 1895, "solokills_t": 0.014775725593667546, "kills_t": 0.041688654353562005, "kp": 0.3771407837445573, "deaths_t": 0.041688654353562005, "assists_t": 0.036939313984168866, "csscore_t": 0.8559366754617415, "teamgold_t": 69.4221635883905, "vision_score_t": 0.91006717529204, "wards_placed_t": 0.05857519788918206, "gold_graph_diffs_t": 14.172559366754617}