{"id": "EUN1_3578767300", "lvl": 1900, "literal level": "PLATINUM I", "time": 1844, "solokills_t": 0.009761388286334056, "kills_t": 0.04338394793926247, "kp": 0.45062656641604015, "deaths_t": 0.04338394793926247, "assists_t": 0.05422993492407809, "csscore_t": 0.8411062906724512, "teamgold_t": 71.53687635574838, "vision_score_t": 0.8110167599051314, "wards_placed_t": 0.05639913232104121, "gold_graph_diffs_t": 17.177874186550977}