{"id": "EUN1_3573273277", "lvl": 1900, "literal level": "PLATINUM I", "time": 1433, "solokills_t": 0.009071877180739707, "kills_t": 0.030006978367062107, "kp": 0.39926108374384234, "deaths_t": 0.030006978367062107, "assists_t": 0.03210048848569435, "csscore_t": 0.8862526168876483, "teamgold_t": 63.12002791346825, "vision_score_t": 0.7955380655014779, "wards_placed_t": 0.05512909979064899, "gold_graph_diffs_t": 14.870202372644801}