{"id": "EUN1_3575663669", "lvl": 1900, "literal level": "PLATINUM I", "time": 1379, "solokills_t": 0.016678752719361856, "kills_t": 0.046410442349528645, "kp": 0.4166166166166166, "deaths_t": 0.046410442349528645, "assists_t": 0.05221174764321972, "csscore_t": 0.8150833937635968, "teamgold_t": 69.04786076867295, "vision_score_t": 0.8282716231907156, "wards_placed_t": 0.05873821609862219, "gold_graph_diffs_t": 12.495286439448876}