{"id": "EUN1_3578307954", "lvl": 1600, "literal level": "PLATINUM IV", "time": 1508, "solokills_t": 0.008620689655172414, "kills_t": 0.029840848806366047, "kp": 0.3914746543778802, "deaths_t": 0.029840848806366047, "assists_t": 0.03050397877984085, "csscore_t": 0.8454907161803713, "teamgold_t": 60.40053050397878, "vision_score_t": 0.9235272207487384, "wards_placed_t": 0.07029177718832891, "gold_graph_diffs_t": 13.52785145888594}