{"id": "EUN1_3570455530", "lvl": 1700, "literal level": "PLATINUM III", "time": 1885, "solokills_t": 0.010610079575596816, "kills_t": 0.04986737400530504, "kp": 0.4428442028985507, "deaths_t": 0.04986737400530504, "assists_t": 0.060477453580901855, "csscore_t": 0.6875331564986737, "teamgold_t": 68.70079575596817, "vision_score_t": 1.039648911033427, "wards_placed_t": 0.07480106100795755, "gold_graph_diffs_t": 12.094960212201592}