{"id": "EUN1_3582588179", "lvl": 1800, "literal level": "PLATINUM II", "time": 1792, "solokills_t": 0.013392857142857142, "kills_t": 0.040736607142857144, "kp": 0.4053174603174603, "deaths_t": 0.040736607142857144, "assists_t": 0.04241071428571429, "csscore_t": 0.8844866071428571, "teamgold_t": 70.65234375, "vision_score_t": 0.9400690005363492, "wards_placed_t": 0.06194196428571429, "gold_graph_diffs_t": 14.369977678571429}