{"id": "EUN1_3572882007", "lvl": 1800, "literal level": "PLATINUM II", "time": 1930, "solokills_t": 0.010880829015544042, "kills_t": 0.035751295336787565, "kp": 0.42904040404040406, "deaths_t": 0.035751295336787565, "assists_t": 0.04093264248704663, "csscore_t": 0.705699481865285, "teamgold_t": 63.90155440414508, "vision_score_t": 0.8457973988583689, "wards_placed_t": 0.05544041450777202, "gold_graph_diffs_t": 13.281865284974094}