{"id": "EUN1_3584667819", "lvl": 1000, "literal level": "SILVER II", "time": 954, "solokills_t": 0.007337526205450734, "kills_t": 0.020964360587002098, "kp": 0.42666666666666664, "deaths_t": 0.020964360587002098, "assists_t": 0.020964360587002098, "csscore_t": 0.9758909853249476, "teamgold_t": 59.926624737945495, "vision_score_t": 0.7557936358592141, "wards_placed_t": 0.05555555555555555, "gold_graph_diffs_t": 11.427672955974844}