{"id": "EUN1_3578822002", "lvl": 1400, "literal level": "GOLD II", "time": 1667, "solokills_t": 0.007798440311937612, "kills_t": 0.03539292141571686, "kp": 0.4095238095238095, "deaths_t": 0.03539292141571686, "assists_t": 0.03779244151169766, "csscore_t": 0.8086382723455309, "teamgold_t": 62.769646070785846, "vision_score_t": 0.6889193185281068, "wards_placed_t": 0.05458908218356329, "gold_graph_diffs_t": 11.842231553689262}