{"id": "EUN1_3567218687", "lvl": 1500, "literal level": "GOLD I", "time": 1482, "solokills_t": 0.004723346828609987, "kills_t": 0.033063427800269905, "kp": 0.4726190476190476, "deaths_t": 0.033738191632928474, "assists_t": 0.044534412955465584, "csscore_t": 0.7604588394062078, "teamgold_t": 64.56950067476383, "vision_score_t": 0.7203879990781296, "wards_placed_t": 0.04588394062078273, "gold_graph_diffs_t": 9.132253711201079}