{"id": "EUN1_3571141022", "lvl": 1700, "literal level": "PLATINUM III", "time": 1727, "solokills_t": 0.007527504342790967, "kills_t": 0.04111175448755067, "kp": 0.49186046511627896, "deaths_t": 0.04111175448755067, "assists_t": 0.059640995946728434, "csscore_t": 0.7840185292414592, "teamgold_t": 69.19281991893457, "vision_score_t": 0.9749630911197287, "wards_placed_t": 0.07469600463231037, "gold_graph_diffs_t": 14.179502026635785}