{"id": "EUN1_3572673430", "lvl": 1800, "literal level": "PLATINUM II", "time": 2121, "solokills_t": 0.008486562942008486, "kills_t": 0.031588873173031586, "kp": 0.40552584670231734, "deaths_t": 0.031588873173031586, "assists_t": 0.03253182461103253, "csscore_t": 0.9288071664309288, "teamgold_t": 68.31258840169731, "vision_score_t": 0.913792743651879, "wards_placed_t": 0.06364922206506365, "gold_graph_diffs_t": 13.706270627062706}