{"id": "EUN1_3584986927", "lvl": 1800, "literal level": "PLATINUM II", "time": 1748, "solokills_t": 0.013157894736842105, "kills_t": 0.04462242562929062, "kp": 0.40971147079521464, "deaths_t": 0.04462242562929062, "assists_t": 0.04576659038901602, "csscore_t": 0.8672768878718535, "teamgold_t": 71.97368421052632, "vision_score_t": 0.9127078952563841, "wards_placed_t": 0.06521739130434782, "gold_graph_diffs_t": 13.232265446224256}