{"id": "EUN1_3584690221", "lvl": 1100, "literal level": "SILVER I", "time": 1368, "solokills_t": 0.011695906432748537, "kills_t": 0.027046783625730993, "kp": 0.36801242236024845, "deaths_t": 0.027046783625730993, "assists_t": 0.021198830409356724, "csscore_t": 0.8252923976608187, "teamgold_t": 61.542397660818715, "vision_score_t": 0.547250830266556, "wards_placed_t": 0.038011695906432746, "gold_graph_diffs_t": 11.134502923976608}