{"id": "EUN1_3573110049", "lvl": 1900, "literal level": "PLATINUM I", "time": 2155, "solokills_t": 0.00788863109048724, "kills_t": 0.027842227378190254, "kp": 0.45407239819004525, "deaths_t": 0.027842227378190254, "assists_t": 0.03480278422273782, "csscore_t": 0.9034802784222737, "teamgold_t": 63.73735498839907, "vision_score_t": 0.9314798676953906, "wards_placed_t": 0.05846867749419954, "gold_graph_diffs_t": 13.652900232018562}