{"id": "EUN1_3578081466", "lvl": 1400, "literal level": "GOLD II", "time": 948, "solokills_t": 0.013713080168776372, "kills_t": 0.026371308016877638, "kp": 0.35000000000000003, "deaths_t": 0.026371308016877638, "assists_t": 0.014767932489451477, "csscore_t": 0.8575949367088608, "teamgold_t": 57.35443037974684, "vision_score_t": 0.6658213460006686, "wards_placed_t": 0.05168776371308017, "gold_graph_diffs_t": 10.168776371308017}