{"id": "EUN1_3552109192", "lvl": 1800, "literal level": "PLATINUM II", "time": 2082, "solokills_t": 0.012968299711815562, "kills_t": 0.04851104707012488, "kp": 0.4174524400330852, "deaths_t": 0.04851104707012488, "assists_t": 0.05427473583093179, "csscore_t": 0.7857829010566763, "teamgold_t": 72.53650336215178, "vision_score_t": 0.7762603046051113, "wards_placed_t": 0.05187319884726225, "gold_graph_diffs_t": 12.769932756964458}