{"id": "EUN1_3575982223", "lvl": 1600, "literal level": "PLATINUM IV", "time": 1829, "solokills_t": 0.009841443411700382, "kills_t": 0.03827227993439038, "kp": 0.44517203107658154, "deaths_t": 0.03827227993439038, "assists_t": 0.04209950792782941, "csscore_t": 0.9278294149808639, "teamgold_t": 70.25861126298524, "vision_score_t": 1.2699279988580823, "wards_placed_t": 0.07162383816293057, "gold_graph_diffs_t": 14.818480043739749}