{"id": "EUN1_3572345989", "lvl": 1600, "literal level": "PLATINUM IV", "time": 1720, "solokills_t": 0.010465116279069767, "kills_t": 0.03255813953488372, "kp": 0.4274537695590327, "deaths_t": 0.03255813953488372, "assists_t": 0.04011627906976744, "csscore_t": 0.8767441860465116, "teamgold_t": 64.23313953488372, "vision_score_t": 0.8940168495265457, "wards_placed_t": 0.06337209302325582, "gold_graph_diffs_t": 11.880813953488373}