{"id": "EUN1_3578072997", "lvl": 1800, "literal level": "PLATINUM II", "time": 2294, "solokills_t": 0.0074106364428945075, "kills_t": 0.03792502179598954, "kp": 0.4780529953917051, "deaths_t": 0.03792502179598954, "assists_t": 0.05100261551874455, "csscore_t": 0.8369659982563208, "teamgold_t": 68.5462074978204, "vision_score_t": 1.0094779073329798, "wards_placed_t": 0.06800348735832606, "gold_graph_diffs_t": 12.914123801220576}