{"id": "EUN1_3585643850", "lvl": 1800, "literal level": "PLATINUM II", "time": 1581, "solokills_t": 0.013282732447817837, "kills_t": 0.04237824161922834, "kp": 0.413425925925926, "deaths_t": 0.04237824161922834, "assists_t": 0.04364326375711575, "csscore_t": 0.8026565464895635, "teamgold_t": 67.64958886780519, "vision_score_t": 0.7025584617702918, "wards_placed_t": 0.055660974067046176, "gold_graph_diffs_t": 11.982289690069576}