{"id": "EUN1_3572924191", "lvl": 1800, "literal level": "PLATINUM II", "time": 2600, "solokills_t": 0.012692307692307692, "kills_t": 0.03576923076923077, "kp": 0.38903508771929823, "deaths_t": 0.03576923076923077, "assists_t": 0.032692307692307694, "csscore_t": 0.8615384615384616, "teamgold_t": 68.30923076923077, "vision_score_t": 0.8735026895051702, "wards_placed_t": 0.06230769230769231, "gold_graph_diffs_t": 16.157692307692308}