{"id": "EUN1_3577944566", "lvl": 1600, "literal level": "PLATINUM IV", "time": 1254, "solokills_t": 0.01036682615629984, "kills_t": 0.03588516746411483, "kp": 0.3935483870967742, "deaths_t": 0.037480063795853266, "assists_t": 0.0342902711323764, "csscore_t": 0.8452950558213717, "teamgold_t": 64.01275917065391, "vision_score_t": 0.749694304635626, "wards_placed_t": 0.06618819776714513, "gold_graph_diffs_t": 9.003189792663477}