{"id": "EUN1_3581227452", "lvl": 1600, "literal level": "PLATINUM IV", "time": 1917, "solokills_t": 0.013562858633281168, "kills_t": 0.0406885758998435, "kp": 0.4259510869565218, "deaths_t": 0.0406885758998435, "assists_t": 0.044861763171622326, "csscore_t": 0.8075117370892019, "teamgold_t": 68.31664058424622, "vision_score_t": 0.7339150190168724, "wards_placed_t": 0.051643192488262914, "gold_graph_diffs_t": 15.930620761606678}