{"id": "EUN1_3585803003", "lvl": 1800, "literal level": "PLATINUM II", "time": 942, "solokills_t": 0.006369426751592357, "kills_t": 0.03078556263269639, "kp": 0.43896103896103894, "deaths_t": 0.03078556263269639, "assists_t": 0.03078556263269639, "csscore_t": 0.856687898089172, "teamgold_t": 60.918259023354565, "vision_score_t": 0.8328838426856162, "wards_placed_t": 0.058386411889596604, "gold_graph_diffs_t": 11.315286624203821}