{"id": "EUN1_3581086236", "lvl": 1400, "literal level": "GOLD II", "time": 1796, "solokills_t": 0.0066815144766146995, "kills_t": 0.035634743875278395, "kp": 0.43876923076923074, "deaths_t": 0.035634743875278395, "assists_t": 0.043429844097995544, "csscore_t": 0.8006681514476615, "teamgold_t": 64.19821826280624, "vision_score_t": 0.7244203233099104, "wards_placed_t": 0.04955456570155902, "gold_graph_diffs_t": 13.11804008908686}