{"id": "EUN1_3582396109", "lvl": 1900, "literal level": "PLATINUM I", "time": 2383, "solokills_t": 0.013008812421317666, "kills_t": 0.04406210658833403, "kp": 0.4453846153846154, "deaths_t": 0.044481745698699116, "assists_t": 0.053294167016365926, "csscore_t": 0.7637431808644566, "teamgold_t": 67.03399076793957, "vision_score_t": 1.1932086889785407, "wards_placed_t": 0.07511540075535039, "gold_graph_diffs_t": 12.881242131766681}