{"id": "EUN1_3580614747", "lvl": 1800, "literal level": "PLATINUM II", "time": 2013, "solokills_t": 0.009935419771485345, "kills_t": 0.031793343268753105, "kp": 0.4045320197044335, "deaths_t": 0.031793343268753105, "assists_t": 0.03278688524590164, "csscore_t": 0.8951813214108296, "teamgold_t": 66.72925981122702, "vision_score_t": 1.0650415476317079, "wards_placed_t": 0.05961251862891207, "gold_graph_diffs_t": 10.632886239443616}