{"id": "EUN1_3577001826", "lvl": 1300, "literal level": "GOLD III", "time": 1363, "solokills_t": 0.01173881144534116, "kills_t": 0.028613352898019074, "kp": 0.3951298701298701, "deaths_t": 0.028613352898019074, "assists_t": 0.02421129860601614, "csscore_t": 0.9251650770359501, "teamgold_t": 60.68745414526779, "vision_score_t": 0.8572122743100122, "wards_placed_t": 0.05942773294203962, "gold_graph_diffs_t": 10.98092443140132}