{"id": "EUN1_3583150240", "lvl": 1600, "literal level": "PLATINUM IV", "time": 2667, "solokills_t": 0.005249343832020997, "kills_t": 0.03262092238470191, "kp": 0.5286788399570355, "deaths_t": 0.03262092238470191, "assists_t": 0.05474315710536183, "csscore_t": 0.7364079490063742, "teamgold_t": 65.09298837645294, "vision_score_t": 1.0874433612906658, "wards_placed_t": 0.05774278215223097, "gold_graph_diffs_t": 18.526059242594677}