{"id": "EUN1_3569591532", "lvl": 1800, "literal level": "PLATINUM II", "time": 2156, "solokills_t": 0.0037105751391465678, "kills_t": 0.03571428571428571, "kp": 0.5530487804878049, "deaths_t": 0.03571428571428571, "assists_t": 0.06307977736549165, "csscore_t": 0.8116883116883117, "teamgold_t": 64.66512059369202, "vision_score_t": 1.0407163805502075, "wards_placed_t": 0.0728200371057514, "gold_graph_diffs_t": 13.628942486085343}