{"id": "EUN1_3575385446", "lvl": 1600, "literal level": "PLATINUM IV", "time": 2061, "solokills_t": 0.013100436681222707, "kills_t": 0.045608927704997575, "kp": 0.4257407407407407, "deaths_t": 0.045608927704997575, "assists_t": 0.04997573993207181, "csscore_t": 0.8927704997573993, "teamgold_t": 72.30131004366812, "vision_score_t": 0.8198402155520019, "wards_placed_t": 0.055312954876273655, "gold_graph_diffs_t": 14.77680737506065}