{"id": "EUN1_3585255161", "lvl": 1200, "literal level": "GOLD IV", "time": 1838, "solokills_t": 0.019042437431991296, "kills_t": 0.057127312295973884, "kp": 0.4033333333333333, "deaths_t": 0.057127312295973884, "assists_t": 0.05821545157780196, "csscore_t": 0.8144722524483133, "teamgold_t": 77.38193688792165, "vision_score_t": 1.0377219193615326, "wards_placed_t": 0.07236126224156691, "gold_graph_diffs_t": 18.138193688792164}