{"id": "EUN1_3581824361", "lvl": 1800, "literal level": "PLATINUM II", "time": 2023, "solokills_t": 0.004448838358872961, "kills_t": 0.0291646070192783, "kp": 0.5466165413533834, "deaths_t": 0.0291646070192783, "assists_t": 0.05190311418685121, "csscore_t": 0.7770637666831438, "teamgold_t": 63.24172021749877, "vision_score_t": 0.9339054428640935, "wards_placed_t": 0.06722689075630252, "gold_graph_diffs_t": 15.051903114186851}