{"id": "EUN1_3580081295", "lvl": 1700, "literal level": "PLATINUM III", "time": 1922, "solokills_t": 0.009365244536940686, "kills_t": 0.03694068678459938, "kp": 0.4397009966777408, "deaths_t": 0.03694068678459938, "assists_t": 0.04526534859521332, "csscore_t": 0.8288241415192508, "teamgold_t": 66.31737773152966, "vision_score_t": 1.170032704074222, "wards_placed_t": 0.07752341311134235, "gold_graph_diffs_t": 11.52445369406868}