{"id": "EUN1_3584694764", "lvl": 1600, "literal level": "PLATINUM IV", "time": 1871, "solokills_t": 0.00694815606627472, "kills_t": 0.034206306787814, "kp": 0.4965128205128204, "deaths_t": 0.034206306787814, "assists_t": 0.04863709246392304, "csscore_t": 0.82896846606093, "teamgold_t": 64.59273115980758, "vision_score_t": 1.1158205772312175, "wards_placed_t": 0.07536076964190272, "gold_graph_diffs_t": 11.160342063067878}