{"id": "EUN1_3581898681", "lvl": 1600, "literal level": "PLATINUM IV", "time": 1795, "solokills_t": 0.006128133704735376, "kills_t": 0.025069637883008356, "kp": 0.415625, "deaths_t": 0.025069637883008356, "assists_t": 0.027855153203342618, "csscore_t": 0.947075208913649, "teamgold_t": 65.40389972144847, "vision_score_t": 1.0297989993739456, "wards_placed_t": 0.07465181058495822, "gold_graph_diffs_t": 13.81058495821727}