{"id": "EUN1_3575222967", "lvl": 1500, "literal level": "GOLD I", "time": 1889, "solokills_t": 0.004764425622022234, "kills_t": 0.029645314981471677, "kp": 0.5751282051282052, "deaths_t": 0.029645314981471677, "assists_t": 0.0555849655902594, "csscore_t": 0.806776071995765, "teamgold_t": 62.93806246691371, "vision_score_t": 0.9570816125852385, "wards_placed_t": 0.06829010058231869, "gold_graph_diffs_t": 13.753308628904183}