{"id": "EUN1_3568750608", "lvl": 1800, "literal level": "PLATINUM II", "time": 1904, "solokills_t": 0.009453781512605041, "kills_t": 0.03413865546218487, "kp": 0.42046332046332047, "deaths_t": 0.03413865546218487, "assists_t": 0.03676470588235294, "csscore_t": 0.8461134453781513, "teamgold_t": 67.9422268907563, "vision_score_t": 0.9123390487897082, "wards_placed_t": 0.04831932773109244, "gold_graph_diffs_t": 11.547268907563025}