{"id": "EUN1_3580387225", "lvl": 1800, "literal level": "PLATINUM II", "time": 1614, "solokills_t": 0.011771995043370507, "kills_t": 0.03903345724907063, "kp": 0.41555555555555557, "deaths_t": 0.03903345724907063, "assists_t": 0.04337050805452292, "csscore_t": 0.8482032218091697, "teamgold_t": 64.14869888475836, "vision_score_t": 1.0008061483200523, "wards_placed_t": 0.06939281288723669, "gold_graph_diffs_t": 14.211895910780669}