{"id": "EUN1_3576029167", "lvl": 1200, "literal level": "GOLD IV", "time": 2614, "solokills_t": 0.009181331293037491, "kills_t": 0.04016832440703902, "kp": 0.45986793837123996, "deaths_t": 0.04055087987758225, "assists_t": 0.05470543228768172, "csscore_t": 0.7811782708492732, "teamgold_t": 67.35807192042846, "vision_score_t": 0.9250280839058185, "wards_placed_t": 0.06618209640397858, "gold_graph_diffs_t": 12.300688599846978}