{"id": "EUN1_3570649947", "lvl": 1700, "literal level": "PLATINUM III", "time": 2351, "solokills_t": 0.006805614632071459, "kills_t": 0.03445342407486176, "kp": 0.519094247246022, "deaths_t": 0.03445342407486176, "assists_t": 0.05444491705657167, "csscore_t": 0.7452148022118248, "teamgold_t": 61.7618034878775, "vision_score_t": 1.0421862914831803, "wards_placed_t": 0.06507868991918332, "gold_graph_diffs_t": 12.55720969800085}