{"id": "EUN1_3565976553", "lvl": 1700, "literal level": "PLATINUM III", "time": 1798, "solokills_t": 0.020578420467185762, "kills_t": 0.05005561735261402, "kp": 0.3921052631578948, "deaths_t": 0.05005561735261402, "assists_t": 0.04449388209121246, "csscore_t": 0.917686318131257, "teamgold_t": 73.69577308120134, "vision_score_t": 0.7006590463056456, "wards_placed_t": 0.05116796440489433, "gold_graph_diffs_t": 13.75139043381535}