{"id": "EUN1_3585144013", "lvl": 1500, "literal level": "GOLD I", "time": 1901, "solokills_t": 0.00631246712256707, "kills_t": 0.03103629668595476, "kp": 0.4600000000000001, "deaths_t": 0.03103629668595476, "assists_t": 0.04050499736980537, "csscore_t": 0.9168858495528669, "teamgold_t": 65.19095213045766, "vision_score_t": 0.9986261636051849, "wards_placed_t": 0.07206733298264072, "gold_graph_diffs_t": 15.697001578116781}