{"id": "EUN1_3572369467", "lvl": 1700, "literal level": "PLATINUM III", "time": 956, "solokills_t": 0.009414225941422594, "kills_t": 0.027196652719665274, "kp": 0.3676691729323308, "deaths_t": 0.027196652719665274, "assists_t": 0.02615062761506276, "csscore_t": 0.8263598326359832, "teamgold_t": 60.95083682008368, "vision_score_t": 0.7413495347276712, "wards_placed_t": 0.056485355648535567, "gold_graph_diffs_t": 9.436192468619247}