{"id": "EUN1_3576243505", "lvl": 1700, "literal level": "PLATINUM III", "time": 1225, "solokills_t": 0.009795918367346938, "kills_t": 0.03428571428571429, "kp": 0.39583333333333337, "deaths_t": 0.03428571428571429, "assists_t": 0.03428571428571429, "csscore_t": 0.8473469387755102, "teamgold_t": 62.479183673469386, "vision_score_t": 0.6687263174925662, "wards_placed_t": 0.04326530612244898, "gold_graph_diffs_t": 9.226938775510204}