{"id": "EUN1_3581114030", "lvl": 1800, "literal level": "PLATINUM II", "time": 2358, "solokills_t": 0.004240882103477523, "kills_t": 0.0364715860899067, "kp": 0.5453619909502263, "deaths_t": 0.0364715860899067, "assists_t": 0.0640373197625106, "csscore_t": 0.7247667514843087, "teamgold_t": 65.22603901611535, "vision_score_t": 0.9817769604867435, "wards_placed_t": 0.07167090754877015, "gold_graph_diffs_t": 12.668787107718405}