{"id": "EUN1_3578788126", "lvl": 1900, "literal level": "PLATINUM I", "time": 1443, "solokills_t": 0.009009009009009009, "kills_t": 0.04712404712404712, "kp": 0.4481159420289855, "deaths_t": 0.04712404712404712, "assists_t": 0.05682605682605683, "csscore_t": 0.8267498267498268, "teamgold_t": 73.90297990297991, "vision_score_t": 0.6957767217118767, "wards_placed_t": 0.05197505197505198, "gold_graph_diffs_t": 12.195426195426196}