{"id": "EUN1_3572909466", "lvl": 1800, "literal level": "PLATINUM II", "time": 1713, "solokills_t": 0.00642148277875073, "kills_t": 0.033858727378867484, "kp": 0.4740196078431372, "deaths_t": 0.033858727378867484, "assists_t": 0.04611792177466433, "csscore_t": 0.8108581436077058, "teamgold_t": 64.38295388207823, "vision_score_t": 1.0117008423264853, "wards_placed_t": 0.07180385288966724, "gold_graph_diffs_t": 11.530647985989493}