{"id": "EUN1_3562225342", "lvl": 1900, "literal level": "PLATINUM I", "time": 1750, "solokills_t": 0.004, "kills_t": 0.02857142857142857, "kp": 0.5195246179966044, "deaths_t": 0.02857142857142857, "assists_t": 0.046857142857142854, "csscore_t": 0.8714285714285714, "teamgold_t": 62.49314285714286, "vision_score_t": 0.8343607216097352, "wards_placed_t": 0.05942857142857143, "gold_graph_diffs_t": 11.200571428571429}