{"id": "EUN1_3581174098", "lvl": 1900, "literal level": "PLATINUM I", "time": 1917, "solokills_t": 0.011997913406364111, "kills_t": 0.04538341158059468, "kp": 0.46307189542483657, "deaths_t": 0.04538341158059468, "assists_t": 0.059989567031820554, "csscore_t": 0.838810641627543, "teamgold_t": 70.87845592070944, "vision_score_t": 0.9107351182523888, "wards_placed_t": 0.06311945748565467, "gold_graph_diffs_t": 14.514345331246739}