{"id": "EUN1_3580724060", "lvl": 1400, "literal level": "GOLD II", "time": 963, "solokills_t": 0.007268951194184839, "kills_t": 0.028037383177570093, "kp": 0.41195652173913044, "deaths_t": 0.028037383177570093, "assists_t": 0.02596053997923157, "csscore_t": 0.8213914849428868, "teamgold_t": 59.347871235721705, "vision_score_t": 0.6864229485472911, "wards_placed_t": 0.05192107995846314, "gold_graph_diffs_t": 11.11111111111111}