{"id": "EUN1_3555645144", "lvl": 1700, "literal level": "PLATINUM III", "time": 1227, "solokills_t": 0.008964955175224124, "kills_t": 0.02444987775061125, "kp": 0.3416666666666667, "deaths_t": 0.02444987775061125, "assists_t": 0.020374898125509373, "csscore_t": 0.8207008964955175, "teamgold_t": 56.90057049714751, "vision_score_t": 0.7535656664309802, "wards_placed_t": 0.05052974735126324, "gold_graph_diffs_t": 11.787286063569683}