{"id": "EUN1_3559192321", "lvl": 1800, "literal level": "PLATINUM II", "time": 1993, "solokills_t": 0.015554440541896638, "kills_t": 0.04867034621174109, "kp": 0.4097341337907376, "deaths_t": 0.04867034621174109, "assists_t": 0.05218263923733066, "csscore_t": 0.7626693426994481, "teamgold_t": 69.92222779729052, "vision_score_t": 0.9820102510982964, "wards_placed_t": 0.07124937280481686, "gold_graph_diffs_t": 12.029603612644255}