{"id": "EUN1_3571131079", "lvl": 1800, "literal level": "PLATINUM II", "time": 1823, "solokills_t": 0.004936917169500823, "kills_t": 0.036752605595172794, "kp": 0.5094982078853048, "deaths_t": 0.036752605595172794, "assists_t": 0.05704882062534284, "csscore_t": 0.7668678003291278, "teamgold_t": 64.47833241908941, "vision_score_t": 0.8680393972418188, "wards_placed_t": 0.055403181568842566, "gold_graph_diffs_t": 12.85792649478881}