{"id": "EUN1_3581509776", "lvl": 1800, "literal level": "PLATINUM II", "time": 1960, "solokills_t": 0.00510204081632653, "kills_t": 0.027040816326530614, "kp": 0.5577272727272727, "deaths_t": 0.027040816326530614, "assists_t": 0.04795918367346939, "csscore_t": 0.9071428571428571, "teamgold_t": 63.736224489795916, "vision_score_t": 0.9276526772277972, "wards_placed_t": 0.06989795918367347, "gold_graph_diffs_t": 12.015816326530611}