{"id": "EUN1_3563258196", "lvl": 1800, "literal level": "PLATINUM II", "time": 2316, "solokills_t": 0.012953367875647668, "kills_t": 0.041018998272884286, "kp": 0.42295454545454547, "deaths_t": 0.04145077720207254, "assists_t": 0.046632124352331605, "csscore_t": 0.8518998272884283, "teamgold_t": 69.60578583765113, "vision_score_t": 0.8948832935489198, "wards_placed_t": 0.06088082901554404, "gold_graph_diffs_t": 15.99525043177893}