{"id": "EUN1_3573419810", "lvl": 1700, "literal level": "PLATINUM III", "time": 1908, "solokills_t": 0.005765199161425576, "kills_t": 0.028825995807127882, "kp": 0.4574074074074074, "deaths_t": 0.028825995807127882, "assists_t": 0.037211740041928724, "csscore_t": 0.8616352201257862, "teamgold_t": 64.65932914046121, "vision_score_t": 0.8691330034509359, "wards_placed_t": 0.0639412997903564, "gold_graph_diffs_t": 12.822851153039831}