{"id": "EUN1_3576164072", "lvl": 1600, "literal level": "PLATINUM IV", "time": 1604, "solokills_t": 0.006234413965087282, "kills_t": 0.029925187032418952, "kp": 0.4465034965034965, "deaths_t": 0.03054862842892768, "assists_t": 0.03678304239401496, "csscore_t": 0.8603491271820449, "teamgold_t": 64.9283042394015, "vision_score_t": 0.9026487487677475, "wards_placed_t": 0.06546134663341646, "gold_graph_diffs_t": 11.782418952618453}