{"id": "EUN1_3584256458", "lvl": 1700, "literal level": "PLATINUM III", "time": 1624, "solokills_t": 0.006157635467980296, "kills_t": 0.033866995073891626, "kp": 0.5257142857142856, "deaths_t": 0.033866995073891626, "assists_t": 0.05541871921182266, "csscore_t": 0.7543103448275862, "teamgold_t": 64.27339901477832, "vision_score_t": 0.9682076558042132, "wards_placed_t": 0.05972906403940887, "gold_graph_diffs_t": 13.572660098522167}