{"id": "EUN1_3575635565", "lvl": 1900, "literal level": "PLATINUM I", "time": 1777, "solokills_t": 0.009566685424873381, "kills_t": 0.04276871131119865, "kp": 0.4132075471698114, "deaths_t": 0.04276871131119865, "assists_t": 0.04670793472144063, "csscore_t": 0.9032076533483399, "teamgold_t": 69.92234102419809, "vision_score_t": 0.9805214847630722, "wards_placed_t": 0.05908835115362971, "gold_graph_diffs_t": 13.27068092290377}