{"id": "EUN1_3564643523", "lvl": 1800, "literal level": "PLATINUM II", "time": 1296, "solokills_t": 0.010030864197530864, "kills_t": 0.04398148148148148, "kp": 0.429264705882353, "deaths_t": 0.04398148148148148, "assists_t": 0.05092592592592592, "csscore_t": 0.7091049382716049, "teamgold_t": 65.61882716049382, "vision_score_t": 0.6574565872444629, "wards_placed_t": 0.047839506172839504, "gold_graph_diffs_t": 15.662037037037036}