{"id": "EUN1_3552289688", "lvl": 1900, "literal level": "PLATINUM I", "time": 2092, "solokills_t": 0.008126195028680689, "kills_t": 0.03441682600382409, "kp": 0.4932400932400932, "deaths_t": 0.03441682600382409, "assists_t": 0.05162523900573614, "csscore_t": 0.9063097514340345, "teamgold_t": 69.33556405353728, "vision_score_t": 0.9665775259716736, "wards_placed_t": 0.058317399617590825, "gold_graph_diffs_t": 15.405353728489484}