{"id": "EUN1_3573221620", "lvl": 1900, "literal level": "PLATINUM I", "time": 1207, "solokills_t": 0.013256006628003313, "kills_t": 0.037282518641259324, "kp": 0.4578341013824884, "deaths_t": 0.037282518641259324, "assists_t": 0.04308202154101077, "csscore_t": 0.8591549295774648, "teamgold_t": 65.7986743993372, "vision_score_t": 0.9417469812386685, "wards_placed_t": 0.06379453189726594, "gold_graph_diffs_t": 16.50787075393538}