{"id": "EUN1_3580074433", "lvl": 1600, "literal level": "PLATINUM IV", "time": 2594, "solokills_t": 0.0050115651503469544, "kills_t": 0.027756360832690823, "kp": 0.5204761904761905, "deaths_t": 0.027756360832690823, "assists_t": 0.04664610639938319, "csscore_t": 0.7405551272166538, "teamgold_t": 59.28643022359291, "vision_score_t": 1.0092038356548536, "wards_placed_t": 0.06090979182729375, "gold_graph_diffs_t": 10.98496530454896}