{"id": "EUN1_3586217283", "lvl": 1500, "literal level": "GOLD I", "time": 1966, "solokills_t": 0.014750762970498474, "kills_t": 0.04425228891149542, "kp": 0.39527389903329757, "deaths_t": 0.04425228891149542, "assists_t": 0.04425228891149542, "csscore_t": 0.8255340793489319, "teamgold_t": 70.3738555442523, "vision_score_t": 0.9127051063753822, "wards_placed_t": 0.0676500508646999, "gold_graph_diffs_t": 15.172431332655137}