{"id": "EUN1_3556282614", "lvl": 1900, "literal level": "PLATINUM I", "time": 1671, "solokills_t": 0.012567324955116697, "kills_t": 0.04488330341113106, "kp": 0.39832848837209306, "deaths_t": 0.04488330341113106, "assists_t": 0.045481747456612806, "csscore_t": 0.8132854578096947, "teamgold_t": 70.24536205864752, "vision_score_t": 0.9242383282036567, "wards_placed_t": 0.056253740275284264, "gold_graph_diffs_t": 11.07839616995811}