{"id": "EUN1_3576560528", "lvl": 1800, "literal level": "PLATINUM II", "time": 1619, "solokills_t": 0.017912291537986413, "kills_t": 0.04323656578134651, "kp": 0.34488888888888886, "deaths_t": 0.04323656578134651, "assists_t": 0.030883261272390366, "csscore_t": 0.9116738727609636, "teamgold_t": 69.00494132180359, "vision_score_t": 1.007983086265281, "wards_placed_t": 0.06917850525015441, "gold_graph_diffs_t": 13.26189005558987}