{"id": "EUN1_3571210231", "lvl": 1900, "literal level": "PLATINUM I", "time": 1341, "solokills_t": 0.010439970171513796, "kills_t": 0.040268456375838924, "kp": 0.3958974358974359, "deaths_t": 0.040268456375838924, "assists_t": 0.040268456375838924, "csscore_t": 0.8158090976882924, "teamgold_t": 67.02908277404921, "vision_score_t": 0.8554614545505836, "wards_placed_t": 0.06785980611483967, "gold_graph_diffs_t": 16.472781506338553}