{"id": "EUN1_3571193471", "lvl": 1700, "literal level": "PLATINUM III", "time": 2892, "solokills_t": 0.012102351313969572, "kills_t": 0.04322268326417704, "kp": 0.4164179104477611, "deaths_t": 0.04322268326417704, "assists_t": 0.04702627939142462, "csscore_t": 0.8195020746887967, "teamgold_t": 70.07952973720609, "vision_score_t": 0.9888371189881273, "wards_placed_t": 0.06915629322268327, "gold_graph_diffs_t": 11.421161825726141}