{"id": "EUN1_3580642671", "lvl": 1900, "literal level": "PLATINUM I", "time": 1666, "solokills_t": 0.0078031212484993995, "kills_t": 0.031212484993997598, "kp": 0.45062499999999994, "deaths_t": 0.031212484993997598, "assists_t": 0.036614645858343335, "csscore_t": 0.9093637454981993, "teamgold_t": 64.9795918367347, "vision_score_t": 0.932115058106266, "wards_placed_t": 0.05942376950780312, "gold_graph_diffs_t": 11.302521008403362}