{"id": "EUN1_3582228577", "lvl": 1900, "literal level": "PLATINUM I", "time": 2097, "solokills_t": 0.010968049594659036, "kills_t": 0.04864091559370529, "kp": 0.45658307210031346, "deaths_t": 0.04864091559370529, "assists_t": 0.06247019551740582, "csscore_t": 0.7572722937529804, "teamgold_t": 71.13352408202194, "vision_score_t": 0.9888651281490602, "wards_placed_t": 0.07534573199809251, "gold_graph_diffs_t": 17.038149737720552}