{"id": "EUN1_3558022076", "lvl": 1700, "literal level": "PLATINUM III", "time": 2167, "solokills_t": 0.0023073373327180432, "kills_t": 0.021227503461006, "kp": 0.556989247311828, "deaths_t": 0.021227503461006, "assists_t": 0.03876326718966313, "csscore_t": 0.8495616059067835, "teamgold_t": 60.02076603599446, "vision_score_t": 0.9152049002929837, "wards_placed_t": 0.06322104291647439, "gold_graph_diffs_t": 12.606829718504846}