{"id": "EUN1_3584180508", "lvl": 1100, "literal level": "SILVER I", "time": 2050, "solokills_t": 0.012682926829268294, "kills_t": 0.03463414634146342, "kp": 0.430448717948718, "deaths_t": 0.0351219512195122, "assists_t": 0.04, "csscore_t": 0.868780487804878, "teamgold_t": 65.92975609756098, "vision_score_t": 0.7952514977265066, "wards_placed_t": 0.0575609756097561, "gold_graph_diffs_t": 13.782439024390245}