{"id": "EUN1_3581749508", "lvl": 1800, "literal level": "PLATINUM II", "time": 2102, "solokills_t": 0.007136060894386299, "kills_t": 0.03615604186489058, "kp": 0.5625086625086625, "deaths_t": 0.03615604186489058, "assists_t": 0.06517602283539486, "csscore_t": 0.834919124643197, "teamgold_t": 67.94909609895338, "vision_score_t": 0.9282429362298042, "wards_placed_t": 0.05946717411988582, "gold_graph_diffs_t": 16.631303520456708}