{"id": "EUN1_3584680199", "lvl": 1100, "literal level": "SILVER I", "time": 1186, "solokills_t": 0.016020236087689713, "kills_t": 0.047217537942664416, "kp": 0.37604166666666666, "deaths_t": 0.047217537942664416, "assists_t": 0.04215851602023609, "csscore_t": 0.7731871838111298, "teamgold_t": 70.24789207419899, "vision_score_t": 0.6084935904652287, "wards_placed_t": 0.047217537942664416, "gold_graph_diffs_t": 14.957841483979763}