{"id": "EUN1_3580879554", "lvl": 1900, "literal level": "PLATINUM I", "time": 2024, "solokills_t": 0.010869565217391304, "kills_t": 0.04199604743083004, "kp": 0.46247086247086255, "deaths_t": 0.04199604743083004, "assists_t": 0.05434782608695652, "csscore_t": 0.8443675889328063, "teamgold_t": 70.27124505928853, "vision_score_t": 0.8845300088413734, "wards_placed_t": 0.06027667984189723, "gold_graph_diffs_t": 12.729743083003953}