{"id": "EUN1_3581578562", "lvl": 1500, "literal level": "GOLD I", "time": 1860, "solokills_t": 0.008602150537634409, "kills_t": 0.03118279569892473, "kp": 0.4205128205128205, "deaths_t": 0.03118279569892473, "assists_t": 0.035483870967741936, "csscore_t": 0.843010752688172, "teamgold_t": 64.2010752688172, "vision_score_t": 0.8036479263077749, "wards_placed_t": 0.05, "gold_graph_diffs_t": 8.358064516129032}