{"id": "EUN1_3588146190", "lvl": 1700, "literal level": "PLATINUM III", "time": 2206, "solokills_t": 0.006799637352674524, "kills_t": 0.038984587488667274, "kp": 0.4931818181818183, "deaths_t": 0.038984587488667274, "assists_t": 0.057116953762466005, "csscore_t": 0.7552130553037172, "teamgold_t": 65.70398912058023, "vision_score_t": 0.9334689591609454, "wards_placed_t": 0.06482320942883046, "gold_graph_diffs_t": 13.234360834088848}