{"id": "EUN1_3562717797", "lvl": 1900, "literal level": "PLATINUM I", "time": 2400, "solokills_t": 0.00625, "kills_t": 0.03375, "kp": 0.4878787878787879, "deaths_t": 0.03375, "assists_t": 0.05, "csscore_t": 0.9008333333333334, "teamgold_t": 70.19666666666667, "vision_score_t": 0.9593055713097158, "wards_placed_t": 0.06958333333333333, "gold_graph_diffs_t": 13.456666666666667}