{"id": "EUN1_3580102456", "lvl": 1700, "literal level": "PLATINUM III", "time": 2310, "solokills_t": 0.016017316017316017, "kills_t": 0.047186147186147186, "kp": 0.40199039121482494, "deaths_t": 0.047186147186147186, "assists_t": 0.046753246753246755, "csscore_t": 0.8675324675324675, "teamgold_t": 72.03116883116883, "vision_score_t": 0.9963499138080749, "wards_placed_t": 0.0683982683982684, "gold_graph_diffs_t": 13.107359307359307}