{"id": "EUN1_3582618034", "lvl": 1500, "literal level": "GOLD I", "time": 1902, "solokills_t": 0.008937960042060988, "kills_t": 0.04311251314405889, "kp": 0.4460790273556231, "deaths_t": 0.04311251314405889, "assists_t": 0.054679284963196635, "csscore_t": 0.7765509989484752, "teamgold_t": 66.60883280757098, "vision_score_t": 1.046423596236997, "wards_placed_t": 0.07728706624605679, "gold_graph_diffs_t": 10.348054679284964}