{"id": "EUN1_3571365479", "lvl": 1700, "literal level": "PLATINUM III", "time": 1966, "solokills_t": 0.005595116988809766, "kills_t": 0.026449643947100712, "kp": 0.5148484848484849, "deaths_t": 0.026449643947100712, "assists_t": 0.041200406917599186, "csscore_t": 0.7894201424211598, "teamgold_t": 60.38657171922686, "vision_score_t": 0.7998017569055059, "wards_placed_t": 0.05747711088504578, "gold_graph_diffs_t": 8.843336724313327}