{"id": "EUN1_3572403206", "lvl": 1700, "literal level": "PLATINUM III", "time": 1692, "solokills_t": 0.00591016548463357, "kills_t": 0.026595744680851064, "kp": 0.4463362068965518, "deaths_t": 0.026595744680851064, "assists_t": 0.03309692671394799, "csscore_t": 0.8073286052009456, "teamgold_t": 59.810874704491724, "vision_score_t": 0.9169312870312538, "wards_placed_t": 0.06796690307328605, "gold_graph_diffs_t": 11.002364066193854}