{"id": "EUN1_3582514449", "lvl": 1500, "literal level": "GOLD I", "time": 2279, "solokills_t": 0.008775778850372971, "kills_t": 0.03554190434401053, "kp": 0.4288265306122449, "deaths_t": 0.03554190434401053, "assists_t": 0.040807371654234315, "csscore_t": 0.8236068451075033, "teamgold_t": 65.1434839842036, "vision_score_t": 0.8711748511394279, "wards_placed_t": 0.050460728389644584, "gold_graph_diffs_t": 14.106186924089513}