{"id": "EUN1_3577470825", "lvl": 1800, "literal level": "PLATINUM II", "time": 1874, "solokills_t": 0.0096051227321238, "kills_t": 0.04108858057630736, "kp": 0.42319444444444443, "deaths_t": 0.04108858057630736, "assists_t": 0.04535752401280683, "csscore_t": 0.8762006403415155, "teamgold_t": 70.01387406616863, "vision_score_t": 0.8120254436052508, "wards_placed_t": 0.05016008537886873, "gold_graph_diffs_t": 12.88794023479189}