{"id": "EUN1_3583702647", "lvl": 1900, "literal level": "PLATINUM I", "time": 1670, "solokills_t": 0.016167664670658683, "kills_t": 0.04790419161676647, "kp": 0.4073015873015873, "deaths_t": 0.04790419161676647, "assists_t": 0.048502994011976046, "csscore_t": 0.8053892215568862, "teamgold_t": 71.70958083832335, "vision_score_t": 0.6402663687079541, "wards_placed_t": 0.04970059880239521, "gold_graph_diffs_t": 15.164670658682635}