{"id": "EUN1_3563185091", "lvl": 1800, "literal level": "PLATINUM II", "time": 2142, "solokills_t": 0.006535947712418301, "kills_t": 0.04061624649859944, "kp": 0.48151351351351357, "deaths_t": 0.04061624649859944, "assists_t": 0.058823529411764705, "csscore_t": 0.7899159663865546, "teamgold_t": 69.20308123249299, "vision_score_t": 0.9075719674524082, "wards_placed_t": 0.06022408963585434, "gold_graph_diffs_t": 12.815592903828199}