{"id": "EUN1_3574854438", "lvl": 1600, "literal level": "PLATINUM IV", "time": 1815, "solokills_t": 0.011570247933884297, "kills_t": 0.0418732782369146, "kp": 0.45446428571428577, "deaths_t": 0.0418732782369146, "assists_t": 0.05234159779614325, "csscore_t": 0.8606060606060606, "teamgold_t": 68.86391184573003, "vision_score_t": 1.0861324734237554, "wards_placed_t": 0.06501377410468319, "gold_graph_diffs_t": 13.399449035812673}