{"id": "EUN1_3556321327", "lvl": 1900, "literal level": "PLATINUM I", "time": 1694, "solokills_t": 0.004132231404958678, "kills_t": 0.03423848878394333, "kp": 0.5092857142857142, "deaths_t": 0.03482880755608028, "assists_t": 0.053128689492325853, "csscore_t": 0.845926800472255, "teamgold_t": 65.17650531286895, "vision_score_t": 1.0552440106188248, "wards_placed_t": 0.06729634002361275, "gold_graph_diffs_t": 9.908500590318772}