{"id": "EUN1_3584304123", "lvl": 1800, "literal level": "PLATINUM II", "time": 1818, "solokills_t": 0.01485148514851485, "kills_t": 0.05335533553355336, "kp": 0.46236842105263154, "deaths_t": 0.05335533553355336, "assists_t": 0.07150715071507151, "csscore_t": 0.7167216721672167, "teamgold_t": 71.32508250825083, "vision_score_t": 0.8535564444992458, "wards_placed_t": 0.05500550055005501, "gold_graph_diffs_t": 13.031353135313532}