{"id": "EUN1_3558014088", "lvl": 2000, "literal level": "EMERALD IV", "time": 1767, "solokills_t": 0.010752688172043012, "kills_t": 0.044142614601018676, "kp": 0.5234210526315789, "deaths_t": 0.044142614601018676, "assists_t": 0.07187323146576118, "csscore_t": 0.8268251273344652, "teamgold_t": 71.60724391624221, "vision_score_t": 0.9071857110838545, "wards_placed_t": 0.06112054329371817, "gold_graph_diffs_t": 13.698924731182796}