{"id": "EUN1_3566912729", "lvl": 1800, "literal level": "PLATINUM II", "time": 1550, "solokills_t": 0.016129032258064516, "kills_t": 0.04903225806451613, "kp": 0.41988636363636367, "deaths_t": 0.04903225806451613, "assists_t": 0.052258064516129035, "csscore_t": 0.7703225806451612, "teamgold_t": 72.18387096774194, "vision_score_t": 0.7431884425902744, "wards_placed_t": 0.052258064516129035, "gold_graph_diffs_t": 13.656129032258065}