{"id": "EUN1_3583397004", "lvl": 1600, "literal level": "PLATINUM IV", "time": 1677, "solokills_t": 0.007155635062611807, "kills_t": 0.02146690518783542, "kp": 0.41490909090909095, "deaths_t": 0.02146690518783542, "assists_t": 0.024448419797257006, "csscore_t": 0.8884913536076327, "teamgold_t": 60.58616577221228, "vision_score_t": 0.8210210065781943, "wards_placed_t": 0.05426356589147287, "gold_graph_diffs_t": 10.217650566487777}