{"id": "EUN1_3581585793", "lvl": 1700, "literal level": "PLATINUM III", "time": 2150, "solokills_t": 0.009767441860465116, "kills_t": 0.046511627906976744, "kp": 0.49163665466186474, "deaths_t": 0.046511627906976744, "assists_t": 0.06790697674418604, "csscore_t": 0.7753488372093024, "teamgold_t": 72.23209302325581, "vision_score_t": 0.8333308379317641, "wards_placed_t": 0.04976744186046512, "gold_graph_diffs_t": 16.406046511627906}