{"id": "EUN1_3581944824", "lvl": 1500, "literal level": "GOLD I", "time": 1672, "solokills_t": 0.01375598086124402, "kills_t": 0.04844497607655503, "kp": 0.4261111111111111, "deaths_t": 0.04844497607655503, "assists_t": 0.05502392344497608, "csscore_t": 0.7039473684210527, "teamgold_t": 69.77631578947368, "vision_score_t": 0.7513751330716978, "wards_placed_t": 0.05442583732057416, "gold_graph_diffs_t": 16.72488038277512}