{"id": "EUN1_3575800087", "lvl": 1700, "literal level": "PLATINUM III", "time": 1957, "solokills_t": 0.009197751660705161, "kills_t": 0.03525804803270312, "kp": 0.4012626262626262, "deaths_t": 0.03525804803270312, "assists_t": 0.03576903423607562, "csscore_t": 0.9335717935615738, "teamgold_t": 68.84159427695452, "vision_score_t": 1.1534104865590178, "wards_placed_t": 0.07920286152273888, "gold_graph_diffs_t": 13.097087378640778}