{"id": "EUN1_3584007475", "lvl": 1600, "literal level": "PLATINUM IV", "time": 1168, "solokills_t": 0.0059931506849315065, "kills_t": 0.018835616438356163, "kp": 0.38392857142857145, "deaths_t": 0.018835616438356163, "assists_t": 0.018835616438356163, "csscore_t": 0.9118150684931506, "teamgold_t": 58.457191780821915, "vision_score_t": 0.8264683194851308, "wards_placed_t": 0.05821917808219178, "gold_graph_diffs_t": 8.919520547945206}