{"id": "EUN1_3584120735", "lvl": 1200, "literal level": "GOLD IV", "time": 2217, "solokills_t": 0.007216959855660803, "kills_t": 0.037437979251240414, "kp": 0.44498834498834505, "deaths_t": 0.037437979251240414, "assists_t": 0.04555705908885882, "csscore_t": 0.7726657645466847, "teamgold_t": 67.50518718989626, "vision_score_t": 1.0099509184885433, "wards_placed_t": 0.06856111862877763, "gold_graph_diffs_t": 15.36084799278304}