{"id": "EUN1_3571456924", "lvl": 1700, "literal level": "PLATINUM III", "time": 914, "solokills_t": 0.015317286652078774, "kills_t": 0.02735229759299781, "kp": 0.30208333333333337, "deaths_t": 0.02735229759299781, "assists_t": 0.015317286652078774, "csscore_t": 0.9070021881838074, "teamgold_t": 58.7308533916849, "vision_score_t": 0.7326955481787744, "wards_placed_t": 0.05798687089715536, "gold_graph_diffs_t": 8.277899343544858}