{"id": "EUN1_3584901347", "lvl": 1600, "literal level": "PLATINUM IV", "time": 1907, "solokills_t": 0.009963293130571578, "kills_t": 0.04404824331410592, "kp": 0.42442067736185385, "deaths_t": 0.04404824331410592, "assists_t": 0.04771893025694809, "csscore_t": 0.8982695332983744, "teamgold_t": 69.57891976927111, "vision_score_t": 1.0141297082178156, "wards_placed_t": 0.07341373885684321, "gold_graph_diffs_t": 10.334032511798636}