{"id": "EUN1_3580505074", "lvl": 1700, "literal level": "PLATINUM III", "time": 1765, "solokills_t": 0.010198300283286119, "kills_t": 0.03172804532577904, "kp": 0.4187766714082503, "deaths_t": 0.03172804532577904, "assists_t": 0.03512747875354107, "csscore_t": 0.8390934844192635, "teamgold_t": 63.21699716713881, "vision_score_t": 0.9048253361652154, "wards_placed_t": 0.059490084985835696, "gold_graph_diffs_t": 12.802266288951841}