{"id": "EUN1_3570027356", "lvl": 1800, "literal level": "PLATINUM II", "time": 2221, "solokills_t": 0.012606933813597478, "kills_t": 0.044574515983791085, "kp": 0.41234618539786716, "deaths_t": 0.044574515983791085, "assists_t": 0.047726249437190456, "csscore_t": 0.7784781629896443, "teamgold_t": 69.5047276001801, "vision_score_t": 0.9913798518610772, "wards_placed_t": 0.07068887888338586, "gold_graph_diffs_t": 15.819000450247636}