{"id": "EUN1_3580418056", "lvl": 1900, "literal level": "PLATINUM I", "time": 1963, "solokills_t": 0.00967906265919511, "kills_t": 0.03922567498726439, "kp": 0.4184281842818428, "deaths_t": 0.040244523688232295, "assists_t": 0.04279164544065207, "csscore_t": 0.9225674987264392, "teamgold_t": 69.85226693835965, "vision_score_t": 0.9485500094722118, "wards_placed_t": 0.06571574121242996, "gold_graph_diffs_t": 14.437086092715232}