{"id": "EUN1_3557458257", "lvl": 1900, "literal level": "PLATINUM I", "time": 1917, "solokills_t": 0.005216484089723527, "kills_t": 0.028690662493479395, "kp": 0.4404761904761904, "deaths_t": 0.028690662493479395, "assists_t": 0.036515388628064686, "csscore_t": 0.8967136150234741, "teamgold_t": 65.81481481481481, "vision_score_t": 0.9332404444869555, "wards_placed_t": 0.06416275430359937, "gold_graph_diffs_t": 12.788210745957224}