{"id": "EUN1_3560922862", "lvl": 1700, "literal level": "PLATINUM III", "time": 1950, "solokills_t": 0.011282051282051283, "kills_t": 0.04051282051282051, "kp": 0.44747899159663856, "deaths_t": 0.04051282051282051, "assists_t": 0.04871794871794872, "csscore_t": 0.7671794871794871, "teamgold_t": 64.70358974358975, "vision_score_t": 1.0154353710941408, "wards_placed_t": 0.06461538461538462, "gold_graph_diffs_t": 12.101538461538462}