{"id": "EUN1_3573704542", "lvl": 1100, "literal level": "SILVER I", "time": 1625, "solokills_t": 0.00676923076923077, "kills_t": 0.03446153846153846, "kp": 0.49486166007905136, "deaths_t": 0.03446153846153846, "assists_t": 0.05292307692307692, "csscore_t": 0.7556923076923077, "teamgold_t": 62.952615384615385, "vision_score_t": 0.760046099942658, "wards_placed_t": 0.05846153846153846, "gold_graph_diffs_t": 13.558153846153846}