{"id": "EUN1_3578941250", "lvl": 1600, "literal level": "PLATINUM IV", "time": 1995, "solokills_t": 0.009022556390977444, "kills_t": 0.0406015037593985, "kp": 0.4421290322580645, "deaths_t": 0.0406015037593985, "assists_t": 0.04962406015037594, "csscore_t": 0.7694235588972431, "teamgold_t": 69.09273182957394, "vision_score_t": 1.06068658419728, "wards_placed_t": 0.06716791979949875, "gold_graph_diffs_t": 12.109273182957393}