{"id": "EUN1_3582123271", "lvl": 1200, "literal level": "GOLD IV", "time": 2985, "solokills_t": 0.005695142378559464, "kills_t": 0.035510887772194306, "kp": 0.5439458689458689, "deaths_t": 0.035510887772194306, "assists_t": 0.061306532663316586, "csscore_t": 0.7209380234505862, "teamgold_t": 63.232830820770516, "vision_score_t": 0.8782197899971991, "wards_placed_t": 0.05695142378559464, "gold_graph_diffs_t": 13.857956448911223}