{"id": "EUN1_3561576666", "lvl": 1300, "literal level": "GOLD III", "time": 1201, "solokills_t": 0.010824313072439634, "kills_t": 0.034970857618651124, "kp": 0.3994134897360703, "deaths_t": 0.034970857618651124, "assists_t": 0.03330557868442964, "csscore_t": 0.8151540383014155, "teamgold_t": 65.27227310574521, "vision_score_t": 0.47851287782733964, "wards_placed_t": 0.04079933388842631, "gold_graph_diffs_t": 17.398834304746046}