{"id": "EUN1_3580658876", "lvl": 2000, "literal level": "EMERALD IV", "time": 1782, "solokills_t": 0.01122334455667789, "kills_t": 0.030864197530864196, "kp": 0.4257575757575758, "deaths_t": 0.030864197530864196, "assists_t": 0.03479236812570146, "csscore_t": 0.8714927048260381, "teamgold_t": 66.98709315375982, "vision_score_t": 1.1215744215571337, "wards_placed_t": 0.07912457912457913, "gold_graph_diffs_t": 15.557239057239057}