{"id": "EUN1_3562779099", "lvl": 2000, "literal level": "EMERALD IV", "time": 1219, "solokills_t": 0.005742411812961444, "kills_t": 0.019688269073010665, "kp": 0.3944444444444445, "deaths_t": 0.019688269073010665, "assists_t": 0.020508613617719443, "csscore_t": 0.9729286300246104, "teamgold_t": 59.10500410172272, "vision_score_t": 0.8607257013739927, "wards_placed_t": 0.06152584085315833, "gold_graph_diffs_t": 6.960623461853979}