{"id": "EUN1_3578198269", "lvl": 1900, "literal level": "PLATINUM I", "time": 1926, "solokills_t": 0.007268951194184839, "kills_t": 0.02596053997923157, "kp": 0.44305555555555565, "deaths_t": 0.02596053997923157, "assists_t": 0.03271028037383177, "csscore_t": 0.883177570093458, "teamgold_t": 63.137071651090345, "vision_score_t": 1.0529131499654951, "wards_placed_t": 0.07528556593977155, "gold_graph_diffs_t": 12.670820353063343}