{"id": "EUN1_3574471443", "lvl": 1700, "literal level": "PLATINUM III", "time": 1267, "solokills_t": 0.010260457774269928, "kills_t": 0.036306235201262825, "kp": 0.4165178571428571, "deaths_t": 0.036306235201262825, "assists_t": 0.03946329913180742, "csscore_t": 0.8200473559589582, "teamgold_t": 65.79873717442779, "vision_score_t": 0.8417225372604739, "wards_placed_t": 0.05919494869771113, "gold_graph_diffs_t": 13.72138910812944}