{"id": "EUN1_3586352678", "lvl": 1800, "literal level": "PLATINUM II", "time": 2413, "solokills_t": 0.009117281392457521, "kills_t": 0.04144218814753419, "kp": 0.4625, "deaths_t": 0.04144218814753419, "assists_t": 0.0534604227103191, "csscore_t": 0.8143389970990468, "teamgold_t": 69.30004144218815, "vision_score_t": 1.0016076254681523, "wards_placed_t": 0.07086614173228346, "gold_graph_diffs_t": 13.893493576460838}