{"id": "EUN1_3581438552", "lvl": 1600, "literal level": "PLATINUM IV", "time": 1270, "solokills_t": 0.010236220472440945, "kills_t": 0.03622047244094488, "kp": 0.4549695740365112, "deaths_t": 0.03622047244094488, "assists_t": 0.04488188976377953, "csscore_t": 0.705511811023622, "teamgold_t": 60.81653543307087, "vision_score_t": 0.7781200000223462, "wards_placed_t": 0.05511811023622047, "gold_graph_diffs_t": 14.566141732283464}