{"id": "EUN1_3572701747", "lvl": 1800, "literal level": "PLATINUM II", "time": 1677, "solokills_t": 0.011329755515802028, "kills_t": 0.04889683959451401, "kp": 0.41057750759878414, "deaths_t": 0.04949314251639833, "assists_t": 0.05247465712581992, "csscore_t": 0.731067382230173, "teamgold_t": 70.36255217650566, "vision_score_t": 0.924795116552555, "wards_placed_t": 0.06499701848539058, "gold_graph_diffs_t": 14.090638044126417}