{"id": "EUN1_3581868821", "lvl": 1500, "literal level": "GOLD I", "time": 1598, "solokills_t": 0.013141426783479349, "kills_t": 0.040675844806007506, "kp": 0.425, "deaths_t": 0.04130162703379224, "assists_t": 0.04693366708385482, "csscore_t": 0.7684605757196495, "teamgold_t": 70.74468085106383, "vision_score_t": 0.8193268427259921, "wards_placed_t": 0.058823529411764705, "gold_graph_diffs_t": 14.754693366708386}