{"id": "EUN1_3581539765", "lvl": 1700, "literal level": "PLATINUM III", "time": 2251, "solokills_t": 0.007107952021323856, "kills_t": 0.03909373611728121, "kp": 0.5016606123508044, "deaths_t": 0.03909373611728121, "assists_t": 0.05908485117725455, "csscore_t": 0.6921368280764105, "teamgold_t": 65.51221679253665, "vision_score_t": 0.8955406382486834, "wards_placed_t": 0.060417592181252776, "gold_graph_diffs_t": 12.094180364282542}