{"id": "EUN1_3555117126", "lvl": 1900, "literal level": "PLATINUM I", "time": 2340, "solokills_t": 0.005982905982905983, "kills_t": 0.029914529914529916, "kp": 0.49428090832632465, "deaths_t": 0.03034188034188034, "assists_t": 0.045726495726495724, "csscore_t": 0.8910256410256411, "teamgold_t": 66.8119658119658, "vision_score_t": 1.0543069261715092, "wards_placed_t": 0.06581196581196581, "gold_graph_diffs_t": 15.956410256410257}