{"id": "EUN1_3566686945", "lvl": 1900, "literal level": "PLATINUM I", "time": 1892, "solokills_t": 0.012684989429175475, "kills_t": 0.042283298097251586, "kp": 0.4526003949967084, "deaths_t": 0.04281183932346723, "assists_t": 0.05866807610993657, "csscore_t": 0.7658562367864693, "teamgold_t": 68.27325581395348, "vision_score_t": 0.7806658914190019, "wards_placed_t": 0.05972515856236787, "gold_graph_diffs_t": 13.699260042283298}