{"id": "EUN1_3562619663", "lvl": 2000, "literal level": "EMERALD IV", "time": 2046, "solokills_t": 0.01270772238514174, "kills_t": 0.0386119257086999, "kp": 0.4259615384615385, "deaths_t": 0.0386119257086999, "assists_t": 0.04349951124144673, "csscore_t": 0.8387096774193549, "teamgold_t": 68.69501466275659, "vision_score_t": 1.0799406046729718, "wards_placed_t": 0.0826001955034213, "gold_graph_diffs_t": 13.807429130009774}