{"id": "EUN1_3564401077", "lvl": 2100, "literal level": "EMERALD III", "time": 1652, "solokills_t": 0.010290556900726392, "kills_t": 0.02784503631961259, "kp": 0.3787878787878788, "deaths_t": 0.02784503631961259, "assists_t": 0.02360774818401937, "csscore_t": 0.9872881355932204, "teamgold_t": 67.70581113801452, "vision_score_t": 0.8705639192255668, "wards_placed_t": 0.05690072639225181, "gold_graph_diffs_t": 13.670702179176756}