{"id": "EUN1_3575110188", "lvl": 1900, "literal level": "PLATINUM I", "time": 1927, "solokills_t": 0.00934094447327452, "kills_t": 0.0425531914893617, "kp": 0.4440227703984819, "deaths_t": 0.0425531914893617, "assists_t": 0.0508562532433835, "csscore_t": 0.8412039439543332, "teamgold_t": 71.76336274001038, "vision_score_t": 0.8574663986822346, "wards_placed_t": 0.06434872859366891, "gold_graph_diffs_t": 15.983393876491956}