{"id": "EUN1_3583109496", "lvl": 1200, "literal level": "GOLD IV", "time": 2253, "solokills_t": 0.007545494895694629, "kills_t": 0.03861517976031957, "kp": 0.5101587301587301, "deaths_t": 0.03861517976031957, "assists_t": 0.05992010652463382, "csscore_t": 0.8060363959165557, "teamgold_t": 68.74123391034176, "vision_score_t": 0.9430486155543927, "wards_placed_t": 0.06302707501109632, "gold_graph_diffs_t": 14.695960940967598}