{"id": "EUN1_3577665708", "lvl": 1300, "literal level": "GOLD III", "time": 1824, "solokills_t": 0.006030701754385965, "kills_t": 0.03508771929824561, "kp": 0.4750769230769231, "deaths_t": 0.03508771929824561, "assists_t": 0.047149122807017545, "csscore_t": 0.8486842105263158, "teamgold_t": 64.83333333333333, "vision_score_t": 0.9312070857792388, "wards_placed_t": 0.0712719298245614, "gold_graph_diffs_t": 13.74890350877193}