{"id": "EUN1_3570196983", "lvl": 1800, "literal level": "PLATINUM II", "time": 2063, "solokills_t": 0.00290838584585555, "kills_t": 0.03587009209888512, "kp": 0.5997749437359339, "deaths_t": 0.036354823073194376, "assists_t": 0.07319437712069801, "csscore_t": 0.7445467765390208, "teamgold_t": 65.21182743577315, "vision_score_t": 1.1642906254600962, "wards_placed_t": 0.08288899660688318, "gold_graph_diffs_t": 13.81774115365972}