{"id": "EUN1_3571003348", "lvl": 1800, "literal level": "PLATINUM II", "time": 1086, "solokills_t": 0.01289134438305709, "kills_t": 0.03959484346224678, "kp": 0.3856410256410257, "deaths_t": 0.03959484346224678, "assists_t": 0.03683241252302026, "csscore_t": 0.8996316758747698, "teamgold_t": 65.0184162062615, "vision_score_t": 0.7460754940297669, "wards_placed_t": 0.053406998158379376, "gold_graph_diffs_t": 11.410681399631676}