{"id": "EUN1_3584688103", "lvl": 1100, "literal level": "SILVER I", "time": 1865, "solokills_t": 0.006970509383378016, "kills_t": 0.03753351206434316, "kp": 0.45, "deaths_t": 0.03753351206434316, "assists_t": 0.04718498659517426, "csscore_t": 0.8032171581769437, "teamgold_t": 65.04664879356568, "vision_score_t": 0.7832569422836264, "wards_placed_t": 0.056836461126005364, "gold_graph_diffs_t": 13.508847184986594}