{"id": "EUN1_3582580684", "lvl": 1500, "literal level": "GOLD I", "time": 1059, "solokills_t": 0.009442870632672332, "kills_t": 0.024551463644948063, "kp": 0.38625, "deaths_t": 0.024551463644948063, "assists_t": 0.02077431539187913, "csscore_t": 0.8819641170915958, "teamgold_t": 59.4985835694051, "vision_score_t": 0.699309852216227, "wards_placed_t": 0.05760151085930123, "gold_graph_diffs_t": 10.123701605288007}