{"id": "EUN1_3586497679", "lvl": 1800, "literal level": "PLATINUM II", "time": 295, "solokills_t": 0.006779661016949152, "kills_t": 0.020338983050847456, "kp": 0.3333333333333333, "deaths_t": 0.020338983050847456, "assists_t": 0.013559322033898305, "csscore_t": 0.5864406779661017, "teamgold_t": 52.53220338983051, "vision_score_t": 0.08076037971855474, "wards_placed_t": 0.013559322033898305, "gold_graph_diffs_t": 7.63728813559322}