{"id": "EUN1_3562539115", "lvl": 1900, "literal level": "PLATINUM I", "time": 1784, "solokills_t": 0.008968609865470852, "kills_t": 0.033071748878923765, "kp": 0.4052631578947368, "deaths_t": 0.033071748878923765, "assists_t": 0.033632286995515695, "csscore_t": 0.9641255605381166, "teamgold_t": 67.49215246636771, "vision_score_t": 0.9219620356337634, "wards_placed_t": 0.061659192825112105, "gold_graph_diffs_t": 12.785874439461884}