{"id": "EUN1_3578145017", "lvl": 1900, "literal level": "PLATINUM I", "time": 2002, "solokills_t": 0.014485514485514486, "kills_t": 0.05444555444555445, "kp": 0.4291497975708502, "deaths_t": 0.05444555444555445, "assists_t": 0.06293706293706294, "csscore_t": 0.7207792207792207, "teamgold_t": 73.81518481518482, "vision_score_t": 1.0954620517963631, "wards_placed_t": 0.08291708291708291, "gold_graph_diffs_t": 16.086913086913086}