{"id": "EUN1_3567089641", "lvl": 1400, "literal level": "GOLD II", "time": 1867, "solokills_t": 0.009105516871987145, "kills_t": 0.03802892340653455, "kp": 0.470959595959596, "deaths_t": 0.03802892340653455, "assists_t": 0.047670058918050345, "csscore_t": 0.8789501874665239, "teamgold_t": 68.63792179967862, "vision_score_t": 0.8203610518198564, "wards_placed_t": 0.05731119442956615, "gold_graph_diffs_t": 13.829137653990358}