{"id": "EUN1_3570811895", "lvl": 1700, "literal level": "PLATINUM III", "time": 1982, "solokills_t": 0.0075681130171543895, "kills_t": 0.035317860746720484, "kp": 0.4870748299319728, "deaths_t": 0.035317860746720484, "assists_t": 0.05146316851664985, "csscore_t": 0.8218970736629667, "teamgold_t": 66.20686175580222, "vision_score_t": 0.9299621084009507, "wards_placed_t": 0.05600403632694248, "gold_graph_diffs_t": 11.75882946518668}