{"id": "EUN1_3562833422", "lvl": 1900, "literal level": "PLATINUM I", "time": 1764, "solokills_t": 0.010770975056689343, "kills_t": 0.036281179138321996, "kp": 0.4153679653679653, "deaths_t": 0.036848072562358274, "assists_t": 0.04251700680272109, "csscore_t": 0.9195011337868481, "teamgold_t": 69.25396825396825, "vision_score_t": 0.9070759709456899, "wards_placed_t": 0.06689342403628118, "gold_graph_diffs_t": 12.821995464852607}