{"id": "EUN1_3569691440", "lvl": 1500, "literal level": "GOLD I", "time": 1546, "solokills_t": 0.010996119016817595, "kills_t": 0.03945666235446313, "kp": 0.43076923076923074, "deaths_t": 0.03945666235446313, "assists_t": 0.04204398447606727, "csscore_t": 0.8467011642949547, "teamgold_t": 65.63454075032341, "vision_score_t": 0.915598459858631, "wards_placed_t": 0.062095730918499355, "gold_graph_diffs_t": 14.29430789133247}