{"id": "EUN1_3562849145", "lvl": 2100, "literal level": "EMERALD III", "time": 2109, "solokills_t": 0.008060692271218587, "kills_t": 0.041251778093883355, "kp": 0.5241138560687433, "deaths_t": 0.041251778093883355, "assists_t": 0.06638217164532954, "csscore_t": 0.8160265528686581, "teamgold_t": 69.88335704125178, "vision_score_t": 0.7421716531219762, "wards_placed_t": 0.05357989568515884, "gold_graph_diffs_t": 16.104314841156945}