{"id": "EUN1_3579107955", "lvl": 1800, "literal level": "PLATINUM II", "time": 2052, "solokills_t": 0.01023391812865497, "kills_t": 0.05019493177387914, "kp": 0.4355471698113208, "deaths_t": 0.05019493177387914, "assists_t": 0.05896686159844054, "csscore_t": 0.8260233918128655, "teamgold_t": 75.1140350877193, "vision_score_t": 0.8846012682698483, "wards_placed_t": 0.05604288499025341, "gold_graph_diffs_t": 14.607212475633528}