{"id": "EUN1_3570425425", "lvl": 1600, "literal level": "PLATINUM IV", "time": 1847, "solokills_t": 0.01028695181375203, "kills_t": 0.04493773687060097, "kp": 0.4498237367802586, "deaths_t": 0.04493773687060097, "assists_t": 0.05576610720086627, "csscore_t": 0.8332430969139144, "teamgold_t": 68.57823497563616, "vision_score_t": 0.8395169645795196, "wards_placed_t": 0.062263129399025445, "gold_graph_diffs_t": 11.857065511640497}