{"id": "EUN1_3581651571", "lvl": 1500, "literal level": "GOLD I", "time": 3083, "solokills_t": 0.011352578657152125, "kills_t": 0.05157314304249108, "kp": 0.4687084520417854, "deaths_t": 0.05157314304249108, "assists_t": 0.06941290950373014, "csscore_t": 0.6912098605254622, "teamgold_t": 71.19104768083037, "vision_score_t": 0.8781324882862129, "wards_placed_t": 0.05903340901719105, "gold_graph_diffs_t": 16.011676938047355}