{"id": "EUN1_3586235680", "lvl": 1800, "literal level": "PLATINUM II", "time": 2074, "solokills_t": 0.003857280617164899, "kills_t": 0.029893924783027964, "kp": 0.5057017543859649, "deaths_t": 0.029893924783027964, "assists_t": 0.04532304725168756, "csscore_t": 0.7989392478302797, "teamgold_t": 61.50867888138862, "vision_score_t": 0.9976450667643968, "wards_placed_t": 0.06943105110896818, "gold_graph_diffs_t": 10.618611378977821}