{"id": "EUN1_3563579086", "lvl": 3000, "literal level": "MASTER 200 lp", "time": 1287, "solokills_t": 0.014763014763014764, "kills_t": 0.03341103341103341, "kp": 0.3477272727272728, "deaths_t": 0.03341103341103341, "assists_t": 0.024864024864024864, "csscore_t": 0.9324009324009324, "teamgold_t": 65.83682983682984, "vision_score_t": 0.6834506302283552, "wards_placed_t": 0.04895104895104895, "gold_graph_diffs_t": 12.295260295260295}