{"id": "EUN1_3556475149", "lvl": 2500, "literal level": "DIAMOND III", "time": 2249, "solokills_t": 0.01067140951534015, "kills_t": 0.03468208092485549, "kp": 0.47152274225444957, "deaths_t": 0.03468208092485549, "assists_t": 0.04757670075589151, "csscore_t": 0.94086260560249, "teamgold_t": 69.27879057358827, "vision_score_t": 0.8822504900388063, "wards_placed_t": 0.0609159626500667, "gold_graph_diffs_t": 14.839484215206758}