{"id": "EUN1_3569073274", "lvl": 2900, "literal level": "MASTER 100 lp", "time": 2441, "solokills_t": 0.00819336337566571, "kills_t": 0.029905776321179845, "kp": 0.5025563909774435, "deaths_t": 0.029905776321179845, "assists_t": 0.04506349856616141, "csscore_t": 0.8049979516591561, "teamgold_t": 61.99672265464974, "vision_score_t": 1.1448107505817582, "wards_placed_t": 0.0651372388365424, "gold_graph_diffs_t": 13.705038918476035}