{"id": "EUN1_3572762575", "lvl": 2700, "literal level": "DIAMOND I", "time": 2639, "solokills_t": 0.008715422508525956, "kills_t": 0.03599848427434634, "kp": 0.4631818181818182, "deaths_t": 0.03599848427434634, "assists_t": 0.04774535809018567, "csscore_t": 0.9234558544903373, "teamgold_t": 69.8556271314892, "vision_score_t": 1.0266236495703998, "wards_placed_t": 0.062144751799924215, "gold_graph_diffs_t": 14.719590754073513}