{"id": "EUN1_3567622174", "lvl": 2900, "literal level": "MASTER 100 lp", "time": 2407, "solokills_t": 0.01038637307852098, "kills_t": 0.03365184877440797, "kp": 0.46523867809057523, "deaths_t": 0.03365184877440797, "assists_t": 0.04486913169921063, "csscore_t": 0.834648940589946, "teamgold_t": 68.11009555463232, "vision_score_t": 1.2490112158923763, "wards_placed_t": 0.07436643124221022, "gold_graph_diffs_t": 15.241794765267969}