{"id": "EUN1_3573712287", "lvl": 2400, "literal level": "DIAMOND IV", "time": 1399, "solokills_t": 0.006433166547533953, "kills_t": 0.03788420300214439, "kp": 0.5300653594771242, "deaths_t": 0.03788420300214439, "assists_t": 0.06576125804145819, "csscore_t": 0.7912794853466762, "teamgold_t": 68.58756254467477, "vision_score_t": 0.7171097436440944, "wards_placed_t": 0.05003573981415296, "gold_graph_diffs_t": 14.876340243030736}