{"id": "EUN1_3580808795", "lvl": 2300, "literal level": "EMERALD I", "time": 1432, "solokills_t": 0.004888268156424581, "kills_t": 0.030027932960893854, "kp": 0.4638009049773756, "deaths_t": 0.030027932960893854, "assists_t": 0.040502793296089384, "csscore_t": 0.8310055865921788, "teamgold_t": 63.292597765363126, "vision_score_t": 0.9446376855270975, "wards_placed_t": 0.06773743016759777, "gold_graph_diffs_t": 10.964385474860336}