{"id": "EUN1_3570052687", "lvl": 2500, "literal level": "DIAMOND III", "time": 1181, "solokills_t": 0.010160880609652836, "kills_t": 0.03979678238780694, "kp": 0.4417748917748917, "deaths_t": 0.03979678238780694, "assists_t": 0.04572396274343776, "csscore_t": 0.8408128704487722, "teamgold_t": 69.1160033869602, "vision_score_t": 0.701635092340337, "wards_placed_t": 0.05419136325148179, "gold_graph_diffs_t": 16.176121930567316}