{"id": "EUN1_3573671570", "lvl": 2400, "literal level": "DIAMOND IV", "time": 1386, "solokills_t": 0.005772005772005772, "kills_t": 0.031746031746031744, "kp": 0.4822916666666666, "deaths_t": 0.031746031746031744, "assists_t": 0.044733044733044736, "csscore_t": 0.9624819624819625, "teamgold_t": 69.16810966810966, "vision_score_t": 0.6828638865808145, "wards_placed_t": 0.048340548340548344, "gold_graph_diffs_t": 13.453823953823953}