{"id": "EUN1_3558461375", "lvl": 2600, "literal level": "DIAMOND II", "time": 1957, "solokills_t": 0.009708737864077669, "kills_t": 0.045477772100153295, "kp": 0.4738888888888889, "deaths_t": 0.045477772100153295, "assists_t": 0.06234031681144609, "csscore_t": 0.8850281042411855, "teamgold_t": 75.66530403679101, "vision_score_t": 0.9661833393233541, "wards_placed_t": 0.06182933060807358, "gold_graph_diffs_t": 14.833418497700562}