{"id": "EUN1_3568489153", "lvl": 2700, "literal level": "DIAMOND I", "time": 1813, "solokills_t": 0.011031439602868174, "kills_t": 0.03695532266960838, "kp": 0.42474747474747476, "deaths_t": 0.03695532266960838, "assists_t": 0.04136789851075565, "csscore_t": 0.8632101489244346, "teamgold_t": 65.5234418091561, "vision_score_t": 0.9781799215218523, "wards_placed_t": 0.06287920573634859, "gold_graph_diffs_t": 13.530060672917816}