{"id": "EUN1_3577862842", "lvl": 2400, "literal level": "DIAMOND IV", "time": 1632, "solokills_t": 0.009191176470588236, "kills_t": 0.041666666666666664, "kp": 0.43939393939393945, "deaths_t": 0.041666666666666664, "assists_t": 0.04963235294117647, "csscore_t": 0.9319852941176471, "teamgold_t": 73.34375, "vision_score_t": 1.1458467191475612, "wards_placed_t": 0.07291666666666667, "gold_graph_diffs_t": 13.07781862745098}