{"id": "EUN1_3568075619", "lvl": 2800, "literal level": "MASTER 0 lp", "time": 1356, "solokills_t": 0.011061946902654867, "kills_t": 0.03392330383480826, "kp": 0.42657200811359025, "deaths_t": 0.03466076696165192, "assists_t": 0.03908554572271387, "csscore_t": 0.8753687315634219, "teamgold_t": 65.58407079646018, "vision_score_t": 0.8523155684003905, "wards_placed_t": 0.05383480825958702, "gold_graph_diffs_t": 10.179941002949853}