{"id": "EUN1_3556412862", "lvl": 2500, "literal level": "DIAMOND III", "time": 1896, "solokills_t": 0.006329113924050633, "kills_t": 0.03533755274261603, "kp": 0.49111721611721615, "deaths_t": 0.03533755274261603, "assists_t": 0.05221518987341772, "csscore_t": 0.8850210970464135, "teamgold_t": 66.08016877637131, "vision_score_t": 0.904491437129192, "wards_placed_t": 0.051160337552742616, "gold_graph_diffs_t": 11.901898734177216}