{"id": "EUN1_3559668026", "lvl": 2400, "literal level": "DIAMOND IV", "time": 1923, "solokills_t": 0.0026001040041601664, "kills_t": 0.0234009360374415, "kp": 0.6350230414746544, "deaths_t": 0.0234009360374415, "assists_t": 0.0499219968798752, "csscore_t": 0.8767550702028081, "teamgold_t": 62.60634425377015, "vision_score_t": 1.1619302172348998, "wards_placed_t": 0.0686427457098284, "gold_graph_diffs_t": 13.320852834113365}