{"id": "EUN1_3563103331", "lvl": 2600, "literal level": "DIAMOND II", "time": 1594, "solokills_t": 0.00439146800501882, "kills_t": 0.030112923462986198, "kp": 0.4583333333333333, "deaths_t": 0.030112923462986198, "assists_t": 0.038268506900878296, "csscore_t": 0.918444165621079, "teamgold_t": 65.98431618569636, "vision_score_t": 0.8410239487195001, "wards_placed_t": 0.062107904642409034, "gold_graph_diffs_t": 10.537641154328734}