{"id": "EUN1_3572915666", "lvl": 2500, "literal level": "DIAMOND III", "time": 2000, "solokills_t": 0.0095, "kills_t": 0.044, "kp": 0.44927223719676546, "deaths_t": 0.044, "assists_t": 0.055, "csscore_t": 0.8485, "teamgold_t": 74.3195, "vision_score_t": 0.7651885443270663, "wards_placed_t": 0.0535, "gold_graph_diffs_t": 16.3555}