{"id": "EUN1_3583065316", "lvl": 2300, "literal level": "EMERALD I", "time": 1561, "solokills_t": 0.009609224855861628, "kills_t": 0.03587443946188341, "kp": 0.4888386123680242, "deaths_t": 0.03587443946188341, "assists_t": 0.05060858424087124, "csscore_t": 0.8475336322869955, "teamgold_t": 65.9372197309417, "vision_score_t": 0.8836486432896427, "wards_placed_t": 0.06021780909673286, "gold_graph_diffs_t": 11.944907110826394}