{"id": "EUN1_3572108497", "lvl": 2500, "literal level": "DIAMOND III", "time": 1269, "solokills_t": 0.01024428684003152, "kills_t": 0.036249014972419225, "kp": 0.4179166666666666, "deaths_t": 0.036249014972419225, "assists_t": 0.0425531914893617, "csscore_t": 0.9070133963750985, "teamgold_t": 67.20015760441292, "vision_score_t": 0.8314447086689082, "wards_placed_t": 0.06461780929866036, "gold_graph_diffs_t": 17.21591804570528}