{"id": "EUN1_3582079682", "lvl": 3200, "literal level": "MASTER 0 lp", "time": 2155, "solokills_t": 0.008352668213457077, "kills_t": 0.047331786542923436, "kp": 0.4810526315789473, "deaths_t": 0.04779582366589327, "assists_t": 0.06728538283062645, "csscore_t": 0.8881670533642692, "teamgold_t": 76.18839907192576, "vision_score_t": 0.9883378316918965, "wards_placed_t": 0.06728538283062645, "gold_graph_diffs_t": 12.716473317865429}