{"id": "EUN1_3577749629", "lvl": 2400, "literal level": "DIAMOND IV", "time": 1298, "solokills_t": 0.0061633281972265025, "kills_t": 0.028505392912172575, "kp": 0.47867132867132856, "deaths_t": 0.029275808936825885, "assists_t": 0.040061633281972264, "csscore_t": 0.9044684129429892, "teamgold_t": 64.7773497688752, "vision_score_t": 0.8055205377019545, "wards_placed_t": 0.06394453004622497, "gold_graph_diffs_t": 15.085516178736517}