{"id": "EUN1_3558641503", "lvl": 2600, "literal level": "DIAMOND II", "time": 1711, "solokills_t": 0.009351256575102279, "kills_t": 0.04441846873173583, "kp": 0.4761363636363637, "deaths_t": 0.04441846873173583, "assists_t": 0.05961426066627703, "csscore_t": 0.8708357685563998, "teamgold_t": 70.3687901811806, "vision_score_t": 1.2334420133127955, "wards_placed_t": 0.07130333138515488, "gold_graph_diffs_t": 13.141437755698423}