{"id": "EUN1_3566657794", "lvl": 2800, "literal level": "MASTER 0 lp", "time": 2057, "solokills_t": 0.009236752552260573, "kills_t": 0.04423918327661643, "kp": 0.45612244897959187, "deaths_t": 0.04423918327661643, "assists_t": 0.05639280505590666, "csscore_t": 0.8667963052989791, "teamgold_t": 72.10063198833252, "vision_score_t": 1.0085592500671379, "wards_placed_t": 0.06222654350996597, "gold_graph_diffs_t": 11.88770053475936}