{"id": "EUN1_3538492497", "lvl": 2300, "literal level": "EMERALD I", "time": 1557, "solokills_t": 0.011560693641618497, "kills_t": 0.04046242774566474, "kp": 0.42934782608695643, "deaths_t": 0.04046242774566474, "assists_t": 0.047527296082209375, "csscore_t": 0.8002569043031471, "teamgold_t": 66.24598587026333, "vision_score_t": 0.8261369776182459, "wards_placed_t": 0.055876685934489405, "gold_graph_diffs_t": 12.677585099550418}