{"id": "EUN1_3560702989", "lvl": 2500, "literal level": "DIAMOND III", "time": 1887, "solokills_t": 0.009538950715421303, "kills_t": 0.029146793852676205, "kp": 0.42608695652173906, "deaths_t": 0.029146793852676205, "assists_t": 0.03232644409114997, "csscore_t": 0.8701642819289878, "teamgold_t": 63.57869634340223, "vision_score_t": 0.9591498333297978, "wards_placed_t": 0.06465288818229994, "gold_graph_diffs_t": 11.697403285638579}