{"id": "EUN1_3569100444", "lvl": 3100, "literal level": "MASTER 300 lp", "time": 1896, "solokills_t": 0.00949367088607595, "kills_t": 0.041666666666666664, "kp": 0.4851020408163266, "deaths_t": 0.041666666666666664, "assists_t": 0.06065400843881857, "csscore_t": 0.8417721518987342, "teamgold_t": 69.15295358649789, "vision_score_t": 0.8959071132946839, "wards_placed_t": 0.05959915611814346, "gold_graph_diffs_t": 14.220464135021096}