{"id": "EUN1_3580838034", "lvl": 2400, "literal level": "DIAMOND IV", "time": 1538, "solokills_t": 0.011053315994798439, "kills_t": 0.04681404421326398, "kp": 0.4504468718967229, "deaths_t": 0.04681404421326398, "assists_t": 0.05721716514954486, "csscore_t": 0.8608582574772432, "teamgold_t": 71.51885565669701, "vision_score_t": 0.8716656721696137, "wards_placed_t": 0.06501950585175553, "gold_graph_diffs_t": 16.374512353706113}