{"id": "EUN1_3565925622", "lvl": 2500, "literal level": "DIAMOND III", "time": 1776, "solokills_t": 0.01463963963963964, "kills_t": 0.04954954954954955, "kp": 0.45478806907378333, "deaths_t": 0.04954954954954955, "assists_t": 0.0625, "csscore_t": 0.8057432432432432, "teamgold_t": 72.70551801801801, "vision_score_t": 1.0004091905238386, "wards_placed_t": 0.0686936936936937, "gold_graph_diffs_t": 14.098536036036036}