{"id": "EUN1_3573495691", "lvl": 2400, "literal level": "DIAMOND IV", "time": 1533, "solokills_t": 0.003913894324853229, "kills_t": 0.0273972602739726, "kp": 0.45714285714285713, "deaths_t": 0.0273972602739726, "assists_t": 0.037834311806914545, "csscore_t": 0.9171559034572733, "teamgold_t": 64.26353555120679, "vision_score_t": 0.9181879115101605, "wards_placed_t": 0.06131767775603392, "gold_graph_diffs_t": 15.444227005870841}