{"id": "EUN1_3584291886", "lvl": 2600, "literal level": "DIAMOND II", "time": 912, "solokills_t": 0.010964912280701754, "kills_t": 0.027412280701754384, "kp": 0.3571428571428571, "deaths_t": 0.02850877192982456, "assists_t": 0.017543859649122806, "csscore_t": 0.9342105263157895, "teamgold_t": 58.95723684210526, "vision_score_t": 0.7987131990345631, "wards_placed_t": 0.05701754385964912, "gold_graph_diffs_t": 10.112938596491228}