{"id": "EUN1_3570427133", "lvl": 2500, "literal level": "DIAMOND III", "time": 1629, "solokills_t": 0.01841620626151013, "kills_t": 0.04419889502762431, "kp": 0.36750590086546026, "deaths_t": 0.044812768569674644, "assists_t": 0.03621853898096992, "csscore_t": 0.8403928790669122, "teamgold_t": 70.74892572130142, "vision_score_t": 1.0360707578371486, "wards_placed_t": 0.0669122160834868, "gold_graph_diffs_t": 16.368324125230203}