{"id": "EUN1_3571554044", "lvl": 2500, "literal level": "DIAMOND III", "time": 2043, "solokills_t": 0.006852667645619187, "kills_t": 0.032305433186490456, "kp": 0.5181818181818183, "deaths_t": 0.032305433186490456, "assists_t": 0.0513950073421439, "csscore_t": 0.9123837493881547, "teamgold_t": 68.31179637787567, "vision_score_t": 1.0661122375108099, "wards_placed_t": 0.0680372001957905, "gold_graph_diffs_t": 13.94958394517866}