{"id": "EUN1_3557659595", "lvl": 2600, "literal level": "DIAMOND II", "time": 2135, "solokills_t": 0.008899297423887589, "kills_t": 0.04590163934426229, "kp": 0.4948245614035088, "deaths_t": 0.046370023419203744, "assists_t": 0.07119437939110071, "csscore_t": 0.8871194379391101, "teamgold_t": 74.89648711943794, "vision_score_t": 1.1562552922186926, "wards_placed_t": 0.06463700234192038, "gold_graph_diffs_t": 13.274004683840749}