{"id": "EUN1_3541971924", "lvl": 2600, "literal level": "DIAMOND II", "time": 1598, "solokills_t": 0.009386733416770964, "kills_t": 0.03128911138923655, "kp": 0.45809523809523806, "deaths_t": 0.03128911138923655, "assists_t": 0.040675844806007506, "csscore_t": 0.8779724655819775, "teamgold_t": 64.85168961201502, "vision_score_t": 1.0269712431458593, "wards_placed_t": 0.07259073842302878, "gold_graph_diffs_t": 15.508760951188986}