{"id": "EUN1_3560937470", "lvl": 2600, "literal level": "DIAMOND II", "time": 1183, "solokills_t": 0.01098901098901099, "kills_t": 0.04649196956889264, "kp": 0.5219780219780219, "deaths_t": 0.04649196956889264, "assists_t": 0.06339814032121724, "csscore_t": 0.8782755705832629, "teamgold_t": 71.78698224852072, "vision_score_t": 0.5807395367643172, "wards_placed_t": 0.04057480980557904, "gold_graph_diffs_t": 17.38968723584108}