{"id": "EUN1_3575926019", "lvl": 2400, "literal level": "DIAMOND IV", "time": 2276, "solokills_t": 0.008787346221441126, "kills_t": 0.03602811950790861, "kp": 0.5149521531100478, "deaths_t": 0.03602811950790861, "assists_t": 0.056239015817223195, "csscore_t": 0.8637961335676626, "teamgold_t": 68.93453427065026, "vision_score_t": 1.0422908237388437, "wards_placed_t": 0.06854130052724078, "gold_graph_diffs_t": 13.34402460456942}