{"id": "EUN1_3580383867", "lvl": 2400, "literal level": "DIAMOND IV", "time": 1801, "solokills_t": 0.009439200444197668, "kills_t": 0.05052748473070516, "kp": 0.46053921568627454, "deaths_t": 0.05108273181565797, "assists_t": 0.06385341476957246, "csscore_t": 0.7851193781232648, "teamgold_t": 71.29927817878956, "vision_score_t": 0.9933290422051785, "wards_placed_t": 0.07329261521377013, "gold_graph_diffs_t": 9.80011104941699}