{"id": "EUN1_3549793490", "lvl": 2000, "literal level": "EMERALD IV", "time": 1689, "solokills_t": 0.009473060982830076, "kills_t": 0.02901124925991711, "kp": 0.3871666666666667, "deaths_t": 0.02901124925991711, "assists_t": 0.027235050325636473, "csscore_t": 0.8650088809946714, "teamgold_t": 66.06098283007697, "vision_score_t": 0.9152255245757818, "wards_placed_t": 0.0763765541740675, "gold_graph_diffs_t": 8.644760213143872}