{"id": "EUN1_3576936371", "lvl": 2400, "literal level": "DIAMOND IV", "time": 2005, "solokills_t": 0.007481296758104738, "kills_t": 0.03690773067331671, "kp": 0.4456060606060606, "deaths_t": 0.03790523690773067, "assists_t": 0.04738154613466334, "csscore_t": 0.8513715710723192, "teamgold_t": 67.18952618453865, "vision_score_t": 1.0834832864286796, "wards_placed_t": 0.06733167082294264, "gold_graph_diffs_t": 17.209476309226932}