{"id": "EUN1_3577162196", "lvl": 2400, "literal level": "DIAMOND IV", "time": 1716, "solokills_t": 0.004079254079254079, "kills_t": 0.03496503496503497, "kp": 0.5481481481481482, "deaths_t": 0.035547785547785545, "assists_t": 0.06177156177156177, "csscore_t": 0.918997668997669, "teamgold_t": 71.56585081585082, "vision_score_t": 1.0436028449335824, "wards_placed_t": 0.06585081585081586, "gold_graph_diffs_t": 18.905011655011656}