{"id": "EUN1_3565367197", "lvl": 2300, "literal level": "EMERALD I", "time": 1506, "solokills_t": 0.008632138114209827, "kills_t": 0.028552456839309428, "kp": 0.3963054187192118, "deaths_t": 0.028552456839309428, "assists_t": 0.028552456839309428, "csscore_t": 0.9760956175298805, "teamgold_t": 65.59428950863214, "vision_score_t": 1.0063133822974633, "wards_placed_t": 0.06042496679946879, "gold_graph_diffs_t": 12.881142098273573}