{"id": "EUN1_3542769193", "lvl": 2000, "literal level": "EMERALD IV", "time": 1129, "solokills_t": 0.013286093888396812, "kills_t": 0.03454384410983171, "kp": 0.37583333333333335, "deaths_t": 0.03454384410983171, "assists_t": 0.03100088573959256, "csscore_t": 0.8919397697077059, "teamgold_t": 65.75730735163862, "vision_score_t": 0.7983596907344743, "wards_placed_t": 0.053144375553587246, "gold_graph_diffs_t": 10.310008857395925}