{"id": "EUN1_3582616637", "lvl": 2400, "literal level": "DIAMOND IV", "time": 2016, "solokills_t": 0.007936507936507936, "kills_t": 0.032242063492063495, "kp": 0.42816091954022983, "deaths_t": 0.032242063492063495, "assists_t": 0.03571428571428571, "csscore_t": 0.941468253968254, "teamgold_t": 68.81051587301587, "vision_score_t": 1.079390172524299, "wards_placed_t": 0.0625, "gold_graph_diffs_t": 13.871031746031745}