{"id": "EUN1_3576873249", "lvl": 2600, "literal level": "DIAMOND II", "time": 1891, "solokills_t": 0.010047593865679535, "kills_t": 0.035959809624537285, "kp": 0.43237209302325574, "deaths_t": 0.035959809624537285, "assists_t": 0.03913273400317292, "csscore_t": 0.9402432575356954, "teamgold_t": 69.78053939714437, "vision_score_t": 0.9019479599152728, "wards_placed_t": 0.06398730830248546, "gold_graph_diffs_t": 15.977260708619777}