{"id": "EUN1_3579237687", "lvl": 2300, "literal level": "EMERALD I", "time": 1350, "solokills_t": 0.006666666666666667, "kills_t": 0.028148148148148148, "kp": 0.4980769230769231, "deaths_t": 0.028148148148148148, "assists_t": 0.03925925925925926, "csscore_t": 0.9177777777777778, "teamgold_t": 65.91851851851852, "vision_score_t": 0.7465244677636441, "wards_placed_t": 0.06074074074074074, "gold_graph_diffs_t": 14.512592592592593}