{"id": "EUN1_3558210455", "lvl": 2900, "literal level": "MASTER 100 lp", "time": 1359, "solokills_t": 0.003679175864606328, "kills_t": 0.02869757174392936, "kp": 0.4767857142857143, "deaths_t": 0.029433406916850625, "assists_t": 0.04415011037527594, "csscore_t": 0.9234731420161884, "teamgold_t": 65.14495952906549, "vision_score_t": 0.956919267621245, "wards_placed_t": 0.06548933038999265, "gold_graph_diffs_t": 14.351729212656364}