{"id": "EUN1_3570513769", "lvl": 2600, "literal level": "DIAMOND II", "time": 1841, "solokills_t": 0.0076045627376425855, "kills_t": 0.037479630635524175, "kp": 0.4595706618962433, "deaths_t": 0.037479630635524175, "assists_t": 0.049972840847365564, "csscore_t": 0.8821292775665399, "teamgold_t": 71.541010320478, "vision_score_t": 0.9558843624870477, "wards_placed_t": 0.06355241716458447, "gold_graph_diffs_t": 17.41173275393808}