{"id": "EUN1_3580741977", "lvl": 2400, "literal level": "DIAMOND IV", "time": 1526, "solokills_t": 0.00851900393184797, "kills_t": 0.037352555701179554, "kp": 0.49280303030303046, "deaths_t": 0.037352555701179554, "assists_t": 0.053735255570117955, "csscore_t": 0.8486238532110092, "teamgold_t": 66.65858453473132, "vision_score_t": 1.0250130821845997, "wards_placed_t": 0.06290956749672345, "gold_graph_diffs_t": 14.079292267365663}