{"id": "EUN1_3560827881", "lvl": 2000, "literal level": "EMERALD IV", "time": 1981, "solokills_t": 0.009086320040383645, "kills_t": 0.044926804644119134, "kp": 0.4878224974200206, "deaths_t": 0.044926804644119134, "assists_t": 0.06511862695608278, "csscore_t": 0.7874810701665825, "teamgold_t": 68.87935386168601, "vision_score_t": 1.0583656760308937, "wards_placed_t": 0.07117617364967188, "gold_graph_diffs_t": 13.585058051489147}