{"id": "EUN1_3573645013", "lvl": 2300, "literal level": "EMERALD I", "time": 1112, "solokills_t": 0.009892086330935251, "kills_t": 0.02158273381294964, "kp": 0.34375, "deaths_t": 0.022482014388489208, "assists_t": 0.01618705035971223, "csscore_t": 0.960431654676259, "teamgold_t": 57.986510791366904, "vision_score_t": 0.7874236778085355, "wards_placed_t": 0.06384892086330936, "gold_graph_diffs_t": 9.16456834532374}