{"id": "EUN1_3565356148", "lvl": 2700, "literal level": "DIAMOND I", "time": 1632, "solokills_t": 0.006127450980392157, "kills_t": 0.031862745098039214, "kp": 0.522016806722689, "deaths_t": 0.032475490196078434, "assists_t": 0.05024509803921569, "csscore_t": 0.8560049019607843, "teamgold_t": 63.90196078431372, "vision_score_t": 1.2004418424848313, "wards_placed_t": 0.08088235294117647, "gold_graph_diffs_t": 11.846813725490197}