{"id": "EUN1_3558694738", "lvl": 2900, "literal level": "MASTER 100 lp", "time": 1681, "solokills_t": 0.012492563950029744, "kills_t": 0.046995835812016655, "kp": 0.45418275418275417, "deaths_t": 0.046995835812016655, "assists_t": 0.0594883997620464, "csscore_t": 0.8625817965496728, "teamgold_t": 72.5175490779298, "vision_score_t": 0.9686677157086745, "wards_placed_t": 0.06424747174301011, "gold_graph_diffs_t": 15.340868530636525}