{"id": "EUN1_3580009709", "lvl": 2300, "literal level": "EMERALD I", "time": 1581, "solokills_t": 0.0056925996204933585, "kills_t": 0.024667931688804556, "kp": 0.45052631578947366, "deaths_t": 0.024667931688804556, "assists_t": 0.03099304237824162, "csscore_t": 0.9544592030360531, "teamgold_t": 63.957621758380775, "vision_score_t": 0.8324868267867018, "wards_placed_t": 0.053763440860215055, "gold_graph_diffs_t": 14.547122074636306}