{"id": "EUN1_3579787585", "lvl": 2600, "literal level": "DIAMOND II", "time": 1651, "solokills_t": 0.005451241671714113, "kills_t": 0.04603270745003028, "kp": 0.4821739130434783, "deaths_t": 0.04603270745003028, "assists_t": 0.06602059357964869, "csscore_t": 0.7983040581465778, "teamgold_t": 70.76741368867353, "vision_score_t": 0.9906642584984088, "wards_placed_t": 0.07086614173228346, "gold_graph_diffs_t": 16.457298606904907}