{"id": "EUN1_3559209917", "lvl": 2500, "literal level": "DIAMOND III", "time": 1588, "solokills_t": 0.005037783375314861, "kills_t": 0.030856423173803528, "kp": 0.4732954545454546, "deaths_t": 0.030856423173803528, "assists_t": 0.04408060453400504, "csscore_t": 0.9804785894206549, "teamgold_t": 66.43136020151134, "vision_score_t": 1.161191288680096, "wards_placed_t": 0.08375314861460957, "gold_graph_diffs_t": 12.2588161209068}