{"id": "EUN1_3563727680", "lvl": 2800, "literal level": "MASTER 0 lp", "time": 2046, "solokills_t": 0.009286412512218964, "kills_t": 0.03470185728250244, "kp": 0.42034188034188036, "deaths_t": 0.03470185728250244, "assists_t": 0.042033235581622676, "csscore_t": 0.9271749755620723, "teamgold_t": 68.84506353861192, "vision_score_t": 0.9696631239338025, "wards_placed_t": 0.07771260997067449, "gold_graph_diffs_t": 12.976050830889541}