{"id": "EUN1_3574128391", "lvl": 2500, "literal level": "DIAMOND III", "time": 1898, "solokills_t": 0.006322444678609062, "kills_t": 0.03635405690200211, "kp": 0.4987179487179487, "deaths_t": 0.03635405690200211, "assists_t": 0.05268703898840885, "csscore_t": 0.8719704952581665, "teamgold_t": 68.24604847207587, "vision_score_t": 1.1026080534468599, "wards_placed_t": 0.07007376185458378, "gold_graph_diffs_t": 12.036354056902002}