{"id": "EUN1_3571971732", "lvl": 2400, "literal level": "DIAMOND IV", "time": 2009, "solokills_t": 0.005973120955699353, "kills_t": 0.039323046291687404, "kp": 0.5551948051948052, "deaths_t": 0.039323046291687404, "assists_t": 0.06819313091090094, "csscore_t": 0.8486809357889498, "teamgold_t": 72.38974614235939, "vision_score_t": 1.1501432032347012, "wards_placed_t": 0.08312593330014932, "gold_graph_diffs_t": 17.9198606271777}