{"id": "EUN1_3583712967", "lvl": 2300, "literal level": "EMERALD I", "time": 2411, "solokills_t": 0.005391953546246371, "kills_t": 0.031107424305267525, "kp": 0.5190406976744186, "deaths_t": 0.031107424305267525, "assists_t": 0.04977187888842804, "csscore_t": 0.8726669431771049, "teamgold_t": 68.49440066362506, "vision_score_t": 1.00687211486543, "wards_placed_t": 0.059311489008710076, "gold_graph_diffs_t": 13.098299460804645}