{"id": "EUN1_3570748738", "lvl": 2300, "literal level": "EMERALD I", "time": 1544, "solokills_t": 0.007772020725388601, "kills_t": 0.027202072538860103, "kp": 0.47639257294429704, "deaths_t": 0.027849740932642485, "assists_t": 0.03756476683937824, "csscore_t": 0.9727979274611399, "teamgold_t": 63.66968911917098, "vision_score_t": 1.056768690215764, "wards_placed_t": 0.0705958549222798, "gold_graph_diffs_t": 10.762953367875648}