{"id": "EUN1_3586315735", "lvl": 2200, "literal level": "EMERALD II", "time": 1185, "solokills_t": 0.009282700421940928, "kills_t": 0.03459915611814346, "kp": 0.41321839080459777, "deaths_t": 0.03459915611814346, "assists_t": 0.035443037974683546, "csscore_t": 0.9510548523206751, "teamgold_t": 67.78059071729957, "vision_score_t": 0.7863882177816761, "wards_placed_t": 0.05485232067510549, "gold_graph_diffs_t": 10.872573839662447}