{"id": "EUN1_3556900053", "lvl": 2700, "literal level": "DIAMOND I", "time": 1868, "solokills_t": 0.010171306209850108, "kills_t": 0.033190578158458245, "kp": 0.43460317460317466, "deaths_t": 0.033190578158458245, "assists_t": 0.04014989293361884, "csscore_t": 0.8886509635974305, "teamgold_t": 65.82815845824412, "vision_score_t": 0.9808936792730106, "wards_placed_t": 0.06477516059957174, "gold_graph_diffs_t": 14.239293361884368}