{"id": "EUN1_3555718924", "lvl": 2200, "literal level": "EMERALD II", "time": 1659, "solokills_t": 0.0108499095840868, "kills_t": 0.039783001808318265, "kp": 0.4565853658536585, "deaths_t": 0.039783001808318265, "assists_t": 0.05183845690174804, "csscore_t": 0.8426763110307414, "teamgold_t": 67.41109101868595, "vision_score_t": 0.907486028314515, "wards_placed_t": 0.05605786618444846, "gold_graph_diffs_t": 16.86136226642556}