{"id": "EUN1_3575818724", "lvl": 2700, "literal level": "DIAMOND I", "time": 1494, "solokills_t": 0.009370816599732263, "kills_t": 0.03279785809906292, "kp": 0.4410526315789475, "deaths_t": 0.03279785809906292, "assists_t": 0.039491298527443104, "csscore_t": 0.8975903614457831, "teamgold_t": 66.76439089692101, "vision_score_t": 0.9338667629418957, "wards_placed_t": 0.06827309236947791, "gold_graph_diffs_t": 11.299866131191433}