{"id": "EUN1_3560293025", "lvl": 2500, "literal level": "DIAMOND III", "time": 1665, "solokills_t": 0.007807807807807808, "kills_t": 0.04504504504504504, "kp": 0.5308823529411765, "deaths_t": 0.04504504504504504, "assists_t": 0.07027027027027027, "csscore_t": 0.8234234234234235, "teamgold_t": 70.21201201201201, "vision_score_t": 0.8763460859741679, "wards_placed_t": 0.057057057057057055, "gold_graph_diffs_t": 12.427027027027027}