{"id": "EUN1_3580438884", "lvl": 2400, "literal level": "DIAMOND IV", "time": 1807, "solokills_t": 0.005534034311012728, "kills_t": 0.029883785279468732, "kp": 0.5008241758241758, "deaths_t": 0.029883785279468732, "assists_t": 0.0448256779192031, "csscore_t": 0.8605423353624793, "teamgold_t": 63.75262866629773, "vision_score_t": 0.846783417388042, "wards_placed_t": 0.06198118428334256, "gold_graph_diffs_t": 11.468179302711677}