{"id": "EUN1_3587306269", "lvl": 3100, "literal level": "MASTER 300 lp", "time": 1491, "solokills_t": 0.007377598926894702, "kills_t": 0.042924211938296444, "kp": 0.4816542948038176, "deaths_t": 0.042924211938296444, "assists_t": 0.06170355466130114, "csscore_t": 0.8095238095238095, "teamgold_t": 70.76727028839704, "vision_score_t": 0.8209567738514559, "wards_placed_t": 0.06103286384976526, "gold_graph_diffs_t": 11.32260228034876}