{"id": "EUN1_3574695376", "lvl": 2500, "literal level": "DIAMOND III", "time": 2473, "solokills_t": 0.007278608976951072, "kills_t": 0.02668823291548726, "kp": 0.4800569800569801, "deaths_t": 0.02668823291548726, "assists_t": 0.03841488071168621, "csscore_t": 0.9260008087343308, "teamgold_t": 64.50222401940962, "vision_score_t": 0.9810020493253638, "wards_placed_t": 0.06389001213101496, "gold_graph_diffs_t": 15.075616659927213}