{"id": "EUN1_3558108621", "lvl": 2600, "literal level": "DIAMOND II", "time": 1779, "solokills_t": 0.0016863406408094434, "kills_t": 0.028105677346824058, "kp": 0.5320197044334976, "deaths_t": 0.028105677346824058, "assists_t": 0.04834176503653738, "csscore_t": 0.7537942664418212, "teamgold_t": 61.54019111860596, "vision_score_t": 1.064656566128422, "wards_placed_t": 0.07532321528948847, "gold_graph_diffs_t": 12.436200112422709}