{"id": "EUN1_3581107532", "lvl": 2500, "literal level": "DIAMOND III", "time": 1559, "solokills_t": 0.007697241821680564, "kills_t": 0.03143040410519564, "kp": 0.46725490196078423, "deaths_t": 0.03207184092366902, "assists_t": 0.040410519563822966, "csscore_t": 0.9486850545221296, "teamgold_t": 66.59461193072482, "vision_score_t": 1.0069017840963164, "wards_placed_t": 0.0686337395766517, "gold_graph_diffs_t": 12.190506735086593}