{"id": "EUN1_3564116508", "lvl": 2800, "literal level": "MASTER 0 lp", "time": 1612, "solokills_t": 0.007444168734491315, "kills_t": 0.03598014888337469, "kp": 0.4444805194805195, "deaths_t": 0.03598014888337469, "assists_t": 0.042803970223325064, "csscore_t": 0.9075682382133995, "teamgold_t": 68.23387096774194, "vision_score_t": 0.9208107194162313, "wards_placed_t": 0.062034739454094295, "gold_graph_diffs_t": 10.78970223325062}