{"id": "EUN1_3529997903", "lvl": 2900, "literal level": "MASTER 100 lp", "time": 1549, "solokills_t": 0.006455777921239509, "kills_t": 0.030987734021949646, "kp": 0.478888888888889, "deaths_t": 0.030987734021949646, "assists_t": 0.045836023240800515, "csscore_t": 1.0012911555842479, "teamgold_t": 69.66429954809554, "vision_score_t": 1.0723368137070897, "wards_placed_t": 0.07295029051000645, "gold_graph_diffs_t": 13.05229180116204}