{"id": "EUN1_3575727734", "lvl": 2400, "literal level": "DIAMOND IV", "time": 931, "solokills_t": 0.007518796992481203, "kills_t": 0.024704618689581095, "kp": 0.3941176470588235, "deaths_t": 0.024704618689581095, "assists_t": 0.023630504833512353, "csscore_t": 0.916219119226638, "teamgold_t": 60.26852846401719, "vision_score_t": 0.6186532784284406, "wards_placed_t": 0.047261009667024706, "gold_graph_diffs_t": 11.51235230934479}