{"id": "EUN1_3565248672", "lvl": 2700, "literal level": "DIAMOND I", "time": 1654, "solokills_t": 0.004232164449818622, "kills_t": 0.03506650544135429, "kp": 0.532947232947233, "deaths_t": 0.03506650544135429, "assists_t": 0.05743651753325272, "csscore_t": 0.8948004836759371, "teamgold_t": 67.40024183796857, "vision_score_t": 0.9644371304094946, "wards_placed_t": 0.07073760580411124, "gold_graph_diffs_t": 13.798065296251512}