{"id": "EUN1_3578777712", "lvl": 2700, "literal level": "DIAMOND I", "time": 1833, "solokills_t": 0.007637752318603383, "kills_t": 0.045280960174577195, "kp": 0.5336829836829837, "deaths_t": 0.045280960174577195, "assists_t": 0.07583196944899072, "csscore_t": 0.7643207855973814, "teamgold_t": 72.92798690671032, "vision_score_t": 1.4009458758808315, "wards_placed_t": 0.10747408619749045, "gold_graph_diffs_t": 15.944899072558647}