{"id": "EUN1_3575750139", "lvl": 2400, "literal level": "DIAMOND IV", "time": 1992, "solokills_t": 0.007530120481927711, "kills_t": 0.04568273092369478, "kp": 0.4719354838709677, "deaths_t": 0.04618473895582329, "assists_t": 0.06124497991967871, "csscore_t": 0.7474899598393574, "teamgold_t": 69.25853413654619, "vision_score_t": 1.0160252027672017, "wards_placed_t": 0.07630522088353414, "gold_graph_diffs_t": 15.568775100401606}