{"id": "EUN1_3580986743", "lvl": 2500, "literal level": "DIAMOND III", "time": 1642, "solokills_t": 0.007917174177831911, "kills_t": 0.03836784409257003, "kp": 0.477016129032258, "deaths_t": 0.03836784409257003, "assists_t": 0.052984165651644335, "csscore_t": 0.8721071863580999, "teamgold_t": 70.00669914738124, "vision_score_t": 0.7183908215134871, "wards_placed_t": 0.04689403166869671, "gold_graph_diffs_t": 15.445188794153472}