{"id": "EUN1_3576903178", "lvl": 2500, "literal level": "DIAMOND III", "time": 1837, "solokills_t": 0.011976047904191617, "kills_t": 0.03592814371257485, "kp": 0.40839024390243905, "deaths_t": 0.03647250952640174, "assists_t": 0.0391943385955362, "csscore_t": 0.9270549809471965, "teamgold_t": 68.43603701687535, "vision_score_t": 1.1148936172975819, "wards_placed_t": 0.07675557974959173, "gold_graph_diffs_t": 13.13826891671203}