{"id": "EUN1_3556910853", "lvl": 2500, "literal level": "DIAMOND III", "time": 1421, "solokills_t": 0.012667135819845179, "kills_t": 0.04926108374384237, "kp": 0.4072239422084623, "deaths_t": 0.050668543279380716, "assists_t": 0.050668543279380716, "csscore_t": 0.9183673469387755, "teamgold_t": 75.86136523574947, "vision_score_t": 0.7881295462584734, "wards_placed_t": 0.05840957072484166, "gold_graph_diffs_t": 18.628430682617875}