{"id": "EUN1_3581157365", "lvl": 2400, "literal level": "DIAMOND IV", "time": 2148, "solokills_t": 0.008845437616387336, "kills_t": 0.03770949720670391, "kp": 0.4703931203931203, "deaths_t": 0.03770949720670391, "assists_t": 0.05027932960893855, "csscore_t": 0.9115456238361266, "teamgold_t": 69.46601489757914, "vision_score_t": 0.9004848687057645, "wards_placed_t": 0.05772811918063315, "gold_graph_diffs_t": 12.497672253258845}