{"id": "EUN1_3583341178", "lvl": 2400, "literal level": "DIAMOND IV", "time": 1462, "solokills_t": 0.010259917920656635, "kills_t": 0.03419972640218878, "kp": 0.4830659536541889, "deaths_t": 0.03419972640218878, "assists_t": 0.046511627906976744, "csscore_t": 0.8679890560875513, "teamgold_t": 62.9890560875513, "vision_score_t": 0.878844292499118, "wards_placed_t": 0.05813953488372093, "gold_graph_diffs_t": 12.604651162790697}