{"id": "EUN1_3581115389", "lvl": 2400, "literal level": "DIAMOND IV", "time": 2004, "solokills_t": 0.0029940119760479044, "kills_t": 0.027944111776447105, "kp": 0.5335897435897435, "deaths_t": 0.027944111776447105, "assists_t": 0.04640718562874251, "csscore_t": 0.8922155688622755, "teamgold_t": 65.40918163672654, "vision_score_t": 1.2158687528564027, "wards_placed_t": 0.07984031936127745, "gold_graph_diffs_t": 11.296407185628743}