{"id": "EUN1_3529636471", "lvl": 2700, "literal level": "DIAMOND I", "time": 1903, "solokills_t": 0.01208617971623752, "kills_t": 0.04571728849185497, "kp": 0.4633333333333334, "deaths_t": 0.04571728849185497, "assists_t": 0.05990541250656858, "csscore_t": 0.906988964792433, "teamgold_t": 75.03415659485023, "vision_score_t": 1.0692474122573064, "wards_placed_t": 0.07304256437204414, "gold_graph_diffs_t": 15.313715186547556}