{"id": "EUN1_3540061813", "lvl": 2400, "literal level": "DIAMOND IV", "time": 1962, "solokills_t": 0.00764525993883792, "kills_t": 0.03618756371049949, "kp": 0.4879528985507246, "deaths_t": 0.03618756371049949, "assists_t": 0.04994903160040775, "csscore_t": 0.8929663608562691, "teamgold_t": 67.79612640163099, "vision_score_t": 1.0352956375407198, "wards_placed_t": 0.0744138634046891, "gold_graph_diffs_t": 13.475025484199795}