{"id": "EUN1_3576879826", "lvl": 2400, "literal level": "DIAMOND IV", "time": 1340, "solokills_t": 0.009701492537313432, "kills_t": 0.03507462686567164, "kp": 0.4619047619047619, "deaths_t": 0.03582089552238806, "assists_t": 0.04552238805970149, "csscore_t": 0.8835820895522388, "teamgold_t": 69.09328358208955, "vision_score_t": 0.8980492295179354, "wards_placed_t": 0.0626865671641791, "gold_graph_diffs_t": 12.047014925373134}