{"id": "EUN1_3572259562", "lvl": 2600, "literal level": "DIAMOND II", "time": 1988, "solokills_t": 0.011569416498993963, "kills_t": 0.029678068410462777, "kp": 0.37597701149425283, "deaths_t": 0.030181086519114688, "assists_t": 0.026156941649899398, "csscore_t": 0.9164989939637826, "teamgold_t": 66.3264587525151, "vision_score_t": 1.1836687102755388, "wards_placed_t": 0.07645875251509054, "gold_graph_diffs_t": 10.96327967806841}