{"id": "EUN1_3576021273", "lvl": 3100, "literal level": "MASTER 300 lp", "time": 1611, "solokills_t": 0.009931719428926133, "kills_t": 0.0335195530726257, "kp": 0.4574175824175824, "deaths_t": 0.0335195530726257, "assists_t": 0.04283054003724395, "csscore_t": 0.8677839851024208, "teamgold_t": 67.62383612662943, "vision_score_t": 0.9148577760237522, "wards_placed_t": 0.06207324643078833, "gold_graph_diffs_t": 16.196151458721292}