{"id": "EUN1_3584705342", "lvl": 2200, "literal level": "EMERALD II", "time": 781, "solokills_t": 0.006402048655569782, "kills_t": 0.020486555697823303, "kp": 0.35000000000000003, "deaths_t": 0.020486555697823303, "assists_t": 0.014084507042253521, "csscore_t": 0.8284250960307298, "teamgold_t": 54.389244558258646, "vision_score_t": 0.7790421426271987, "wards_placed_t": 0.06145966709346991, "gold_graph_diffs_t": 7.833546734955186}