{"id": "EUN1_3540889019", "lvl": 2500, "literal level": "DIAMOND III", "time": 963, "solokills_t": 0.005192107995846314, "kills_t": 0.020768431983385256, "kp": 0.39999999999999997, "deaths_t": 0.020768431983385256, "assists_t": 0.020768431983385256, "csscore_t": 0.9075804776739356, "teamgold_t": 57.10799584631361, "vision_score_t": 0.729130901928036, "wards_placed_t": 0.055036344755970926, "gold_graph_diffs_t": 9.793354101765317}