{"id": "EUN1_3587005037", "lvl": 2300, "literal level": "EMERALD I", "time": 1399, "solokills_t": 0.009292351679771264, "kills_t": 0.034310221586847746, "kp": 0.46638655462184875, "deaths_t": 0.035025017869907075, "assists_t": 0.04431736954967834, "csscore_t": 0.8355968548963545, "teamgold_t": 64.5746962115797, "vision_score_t": 0.8863501874065156, "wards_placed_t": 0.13009292351679771, "gold_graph_diffs_t": 11.895639742673339}