{"id": "EUN1_3528722003", "lvl": 2700, "literal level": "DIAMOND I", "time": 1429, "solokills_t": 0.008397480755773267, "kills_t": 0.04618614415675298, "kp": 0.4986341463414634, "deaths_t": 0.04688593421973408, "assists_t": 0.06508047585724283, "csscore_t": 0.8586424072778167, "teamgold_t": 75.38698390482855, "vision_score_t": 0.8844257570445434, "wards_placed_t": 0.05738278516445067, "gold_graph_diffs_t": 13.368789363191043}