{"id": "EUN1_3562690882", "lvl": 2000, "literal level": "EMERALD IV", "time": 723, "solokills_t": 0.006915629322268326, "kills_t": 0.017980636237897647, "kp": 0.36, "deaths_t": 0.017980636237897647, "assists_t": 0.015214384508990318, "csscore_t": 0.9197786998616874, "teamgold_t": 56.18257261410788, "vision_score_t": 0.5958986026371529, "wards_placed_t": 0.04426002766251729, "gold_graph_diffs_t": 11.280774550484095}