{"id": "EUN1_3560904015", "lvl": 2500, "literal level": "DIAMOND III", "time": 1424, "solokills_t": 0.007724719101123595, "kills_t": 0.028089887640449437, "kp": 0.4179487179487179, "deaths_t": 0.028089887640449437, "assists_t": 0.03300561797752809, "csscore_t": 0.9276685393258427, "teamgold_t": 65.79213483146067, "vision_score_t": 0.8808381558181084, "wards_placed_t": 0.061095505617977525, "gold_graph_diffs_t": 13.752808988764045}