{"id": "EUN1_3559158555", "lvl": 2500, "literal level": "DIAMOND III", "time": 2322, "solokills_t": 0.006029285099052541, "kills_t": 0.034022394487510765, "kp": 0.5027576197387518, "deaths_t": 0.034022394487510765, "assists_t": 0.05211024978466839, "csscore_t": 0.8944875107665805, "teamgold_t": 68.09345391903531, "vision_score_t": 1.0383292582554486, "wards_placed_t": 0.06589147286821706, "gold_graph_diffs_t": 12.746339362618432}