{"id": "EUN1_3557041387", "lvl": 2600, "literal level": "DIAMOND II", "time": 2285, "solokills_t": 0.003938730853391685, "kills_t": 0.03238512035010941, "kp": 0.6203333333333333, "deaths_t": 0.03238512035010941, "assists_t": 0.06258205689277899, "csscore_t": 0.8673960612691466, "teamgold_t": 67.19431072210065, "vision_score_t": 1.2004341143676425, "wards_placed_t": 0.07396061269146609, "gold_graph_diffs_t": 13.89277899343545}