{"id": "EUN1_3560305104", "lvl": 2700, "literal level": "DIAMOND I", "time": 1393, "solokills_t": 0.007896625987078248, "kills_t": 0.030868628858578606, "kp": 0.43495370370370373, "deaths_t": 0.030868628858578606, "assists_t": 0.035175879396984924, "csscore_t": 0.955491744436468, "teamgold_t": 66.70854271356784, "vision_score_t": 0.8885442022218136, "wards_placed_t": 0.05886575735821967, "gold_graph_diffs_t": 13.615936826992103}