{"id": "EUN1_3542257283", "lvl": 2500, "literal level": "DIAMOND III", "time": 1227, "solokills_t": 0.009779951100244499, "kills_t": 0.032599837000814993, "kp": 0.4104395604395604, "deaths_t": 0.032599837000814993, "assists_t": 0.03341483292583537, "csscore_t": 0.9568052159739201, "teamgold_t": 68.9478402607987, "vision_score_t": 0.7998298017868144, "wards_placed_t": 0.059494702526487364, "gold_graph_diffs_t": 11.436837815810922}