{"id": "EUN1_3579602558", "lvl": 2400, "literal level": "DIAMOND IV", "time": 2151, "solokills_t": 0.011157601115760111, "kills_t": 0.04741980474198047, "kp": 0.4495861253448955, "deaths_t": 0.04741980474198047, "assists_t": 0.061366806136680614, "csscore_t": 0.7749883774988378, "teamgold_t": 70.74569967456996, "vision_score_t": 0.9771250031671463, "wards_placed_t": 0.06648070664807067, "gold_graph_diffs_t": 15.467224546722454}