{"id": "EUN1_3569670610", "lvl": 2200, "literal level": "EMERALD II", "time": 1775, "solokills_t": 0.014084507042253521, "kills_t": 0.0523943661971831, "kp": 0.42244019138755984, "deaths_t": 0.0523943661971831, "assists_t": 0.05859154929577465, "csscore_t": 0.8185915492957746, "teamgold_t": 75.85859154929578, "vision_score_t": 0.9799150769696372, "wards_placed_t": 0.07549295774647888, "gold_graph_diffs_t": 20.657464788732394}