{"id": "EUN1_3575946301", "lvl": 2600, "literal level": "DIAMOND II", "time": 2121, "solokills_t": 0.010372465818010372, "kills_t": 0.039603960396039604, "kp": 0.44508009153318084, "deaths_t": 0.039603960396039604, "assists_t": 0.04809052333804809, "csscore_t": 0.9047619047619048, "teamgold_t": 69.01697312588402, "vision_score_t": 0.8808737505078252, "wards_placed_t": 0.06317774634606317, "gold_graph_diffs_t": 15.614804337576615}