{"id": "EUN1_3569982245", "lvl": 2400, "literal level": "DIAMOND IV", "time": 1744, "solokills_t": 0.013188073394495414, "kills_t": 0.03268348623853211, "kp": 0.3936507936507937, "deaths_t": 0.03268348623853211, "assists_t": 0.02809633027522936, "csscore_t": 0.9432339449541285, "teamgold_t": 65.24426605504587, "vision_score_t": 0.8738907862082044, "wards_placed_t": 0.0676605504587156, "gold_graph_diffs_t": 12.409403669724771}