{"id": "EUN1_3542793544", "lvl": 2000, "literal level": "EMERALD IV", "time": 1568, "solokills_t": 0.01020408163265306, "kills_t": 0.0389030612244898, "kp": 0.4574370709382151, "deaths_t": 0.039540816326530615, "assists_t": 0.04783163265306122, "csscore_t": 0.8858418367346939, "teamgold_t": 66.19260204081633, "vision_score_t": 0.7977847463491465, "wards_placed_t": 0.05038265306122449, "gold_graph_diffs_t": 14.048469387755102}