{"id": "EUN1_3565370487", "lvl": 3200, "literal level": "MASTER 0 lp", "time": 1630, "solokills_t": 0.007975460122699387, "kills_t": 0.03680981595092025, "kp": 0.47314285714285714, "deaths_t": 0.03680981595092025, "assists_t": 0.051533742331288344, "csscore_t": 0.8386503067484663, "teamgold_t": 66.12883435582822, "vision_score_t": 1.115015753376285, "wards_placed_t": 0.08711656441717791, "gold_graph_diffs_t": 10.45644171779141}