{"id": "EUN1_3556391381", "lvl": 2500, "literal level": "DIAMOND III", "time": 1998, "solokills_t": 0.011011011011011011, "kills_t": 0.04004004004004004, "kp": 0.4572916666666667, "deaths_t": 0.04004004004004004, "assists_t": 0.052552552552552555, "csscore_t": 0.8453453453453453, "teamgold_t": 69.63213213213213, "vision_score_t": 1.0730928406534654, "wards_placed_t": 0.05805805805805806, "gold_graph_diffs_t": 13.652152152152151}