{"id": "EUN1_3584900895", "lvl": 2200, "literal level": "EMERALD II", "time": 1715, "solokills_t": 0.007580174927113703, "kills_t": 0.03323615160349854, "kp": 0.471969696969697, "deaths_t": 0.03323615160349854, "assists_t": 0.04664723032069971, "csscore_t": 0.8139941690962099, "teamgold_t": 63.9533527696793, "vision_score_t": 0.8852116463912585, "wards_placed_t": 0.06588921282798833, "gold_graph_diffs_t": 13.6}