{"id": "EUN1_3571794231", "lvl": 2500, "literal level": "DIAMOND III", "time": 1398, "solokills_t": 0.006437768240343348, "kills_t": 0.024320457796852647, "kp": 0.45573122529644267, "deaths_t": 0.024320457796852647, "assists_t": 0.026466380543633764, "csscore_t": 0.9241773962804005, "teamgold_t": 64.19456366237482, "vision_score_t": 1.0550817996003867, "wards_placed_t": 0.07224606580829757, "gold_graph_diffs_t": 16.0}