{"id": "EUN1_3556793163", "lvl": 2500, "literal level": "DIAMOND III", "time": 1573, "solokills_t": 0.008900190718372537, "kills_t": 0.03305785123966942, "kp": 0.4850998463901689, "deaths_t": 0.03305785123966942, "assists_t": 0.04831532104259377, "csscore_t": 0.8588684043229498, "teamgold_t": 68.2027972027972, "vision_score_t": 0.8993629551984934, "wards_placed_t": 0.06102987921169739, "gold_graph_diffs_t": 14.673235855054036}