{"id": "EUN1_3564785893", "lvl": 3100, "literal level": "MASTER 300 lp", "time": 1834, "solokills_t": 0.004362050163576881, "kills_t": 0.03598691384950927, "kp": 0.493796992481203, "deaths_t": 0.03598691384950927, "assists_t": 0.05288985823336968, "csscore_t": 0.8429661941112323, "teamgold_t": 67.04852780806979, "vision_score_t": 0.964175381441331, "wards_placed_t": 0.06870229007633588, "gold_graph_diffs_t": 12.604689203925846}