{"id": "EUN1_3548644817", "lvl": 2400, "literal level": "DIAMOND IV", "time": 1329, "solokills_t": 0.006019563581640331, "kills_t": 0.040632054176072234, "kp": 0.4654135338345865, "deaths_t": 0.040632054176072234, "assists_t": 0.05342362678705794, "csscore_t": 0.9209932279909706, "teamgold_t": 68.68096313017307, "vision_score_t": 0.7255852272595102, "wards_placed_t": 0.05492851768246802, "gold_graph_diffs_t": 14.479307750188111}