{"id": "EUN1_3583782012", "lvl": 2400, "literal level": "DIAMOND IV", "time": 1639, "solokills_t": 0.006711409395973154, "kills_t": 0.025625381330079317, "kp": 0.4321428571428571, "deaths_t": 0.025625381330079317, "assists_t": 0.03233679072605247, "csscore_t": 0.9133618059792556, "teamgold_t": 63.76876143990238, "vision_score_t": 1.0056334539559737, "wards_placed_t": 0.07077486272117145, "gold_graph_diffs_t": 9.456375838926174}