{"id": "EUN1_3569654100", "lvl": 2300, "literal level": "EMERALD I", "time": 1676, "solokills_t": 0.0059665871121718375, "kills_t": 0.03579952267303103, "kp": 0.48824911868390125, "deaths_t": 0.03579952267303103, "assists_t": 0.053102625298329355, "csscore_t": 0.8496420047732697, "teamgold_t": 68.02565632458234, "vision_score_t": 0.9621310629106405, "wards_placed_t": 0.07159904534606205, "gold_graph_diffs_t": 12.699880668257757}