{"id": "EUN1_3580295100", "lvl": 3000, "literal level": "MASTER 200 lp", "time": 1987, "solokills_t": 0.010065425264217413, "kills_t": 0.04428787116255662, "kp": 0.45179034769071097, "deaths_t": 0.04428787116255662, "assists_t": 0.055359838953195774, "csscore_t": 0.9063915450427781, "teamgold_t": 71.71967790639154, "vision_score_t": 1.0338928430986454, "wards_placed_t": 0.06643180674383492, "gold_graph_diffs_t": 14.265223955712129}