{"id": "EUN1_3565787337", "lvl": 2900, "literal level": "MASTER 100 lp", "time": 1610, "solokills_t": 0.016149068322981366, "kills_t": 0.046583850931677016, "kp": 0.43720930232558136, "deaths_t": 0.046583850931677016, "assists_t": 0.05652173913043478, "csscore_t": 0.8217391304347826, "teamgold_t": 72.9, "vision_score_t": 0.9177500766447707, "wards_placed_t": 0.06521739130434782, "gold_graph_diffs_t": 11.644099378881988}