{"id": "EUN1_3576694364", "lvl": 2400, "literal level": "DIAMOND IV", "time": 1686, "solokills_t": 0.0071174377224199285, "kills_t": 0.03914590747330961, "kp": 0.43538461538461537, "deaths_t": 0.03914590747330961, "assists_t": 0.046263345195729534, "csscore_t": 0.9074733096085409, "teamgold_t": 69.3938315539739, "vision_score_t": 0.9557318008646705, "wards_placed_t": 0.05871886120996441, "gold_graph_diffs_t": 15.921708185053381}