{"id": "EUN1_3580015367", "lvl": 2700, "literal level": "DIAMOND I", "time": 1773, "solokills_t": 0.006204173716864072, "kills_t": 0.038917089678511, "kp": 0.4784873949579832, "deaths_t": 0.038917089678511, "assists_t": 0.05414551607445008, "csscore_t": 0.8426395939086294, "teamgold_t": 69.25549915397632, "vision_score_t": 0.9938848108686825, "wards_placed_t": 0.07501410039481106, "gold_graph_diffs_t": 14.344049633389735}