{"id": "EUN1_3572432790", "lvl": 3000, "literal level": "MASTER 200 lp", "time": 2326, "solokills_t": 0.0060189165950128975, "kills_t": 0.03955288048151333, "kp": 0.5159090909090909, "deaths_t": 0.03955288048151333, "assists_t": 0.06276870163370593, "csscore_t": 0.8078245915735167, "teamgold_t": 67.95313843508168, "vision_score_t": 1.2304733834213968, "wards_placed_t": 0.08641444539982802, "gold_graph_diffs_t": 15.529234737747206}