{"id": "EUN1_3558140889", "lvl": 2000, "literal level": "EMERALD IV", "time": 2693, "solokills_t": 0.007055328629780914, "kills_t": 0.041217972521351655, "kp": 0.5767287234042554, "deaths_t": 0.041217972521351655, "assists_t": 0.077979948013368, "csscore_t": 0.6917935388043075, "teamgold_t": 65.60750092833271, "vision_score_t": 0.8518645388722217, "wards_placed_t": 0.05867062755291497, "gold_graph_diffs_t": 12.35907909394727}