{"id": "EUN1_3564013343", "lvl": 3000, "literal level": "MASTER 200 lp", "time": 2385, "solokills_t": 0.009643605870020965, "kills_t": 0.041928721174004195, "kp": 0.466, "deaths_t": 0.041928721174004195, "assists_t": 0.055765199161425576, "csscore_t": 0.8163522012578617, "teamgold_t": 70.18029350104821, "vision_score_t": 1.2409038353024795, "wards_placed_t": 0.08092243186582809, "gold_graph_diffs_t": 14.716142557651992}