{"id": "EUN1_3561671813", "lvl": 2500, "literal level": "DIAMOND III", "time": 1681, "solokills_t": 0.007733491969066032, "kills_t": 0.0362879238548483, "kp": 0.4289024390243902, "deaths_t": 0.0362879238548483, "assists_t": 0.045211183819155266, "csscore_t": 0.9137418203450327, "teamgold_t": 67.6252230814991, "vision_score_t": 0.7264132833909988, "wards_placed_t": 0.04818560380725759, "gold_graph_diffs_t": 10.309339678762642}