{"id": "EUN1_3579298314", "lvl": 2400, "literal level": "DIAMOND IV", "time": 1672, "solokills_t": 0.0035885167464114833, "kills_t": 0.03827751196172249, "kp": 0.5075862068965517, "deaths_t": 0.03827751196172249, "assists_t": 0.05980861244019139, "csscore_t": 0.867822966507177, "teamgold_t": 68.4090909090909, "vision_score_t": 1.0334117470338502, "wards_placed_t": 0.0729665071770335, "gold_graph_diffs_t": 13.181818181818182}