{"id": "EUN1_3574727292", "lvl": 2500, "literal level": "DIAMOND III", "time": 1687, "solokills_t": 0.005334914048606995, "kills_t": 0.036751630112625965, "kp": 0.5413793103448276, "deaths_t": 0.036751630112625965, "assists_t": 0.06342620035566093, "csscore_t": 0.8529934795494961, "teamgold_t": 67.2294013040901, "vision_score_t": 1.0102365373719107, "wards_placed_t": 0.06816834617664493, "gold_graph_diffs_t": 13.627741553052756}