{"id": "EUN1_3565714241", "lvl": 2900, "literal level": "MASTER 100 lp", "time": 1526, "solokills_t": 0.00655307994757536, "kills_t": 0.04128440366972477, "kp": 0.4976190476190476, "deaths_t": 0.04128440366972477, "assists_t": 0.062254259501965926, "csscore_t": 0.8060288335517694, "teamgold_t": 70.41743119266054, "vision_score_t": 0.9354212539624234, "wards_placed_t": 0.06815203145478375, "gold_graph_diffs_t": 10.434469200524246}