{"id": "EUN1_3576225581", "lvl": 2400, "literal level": "DIAMOND IV", "time": 1521, "solokills_t": 0.0046022353714661405, "kills_t": 0.03353057199211045, "kp": 0.4730407523510972, "deaths_t": 0.03353057199211045, "assists_t": 0.045364891518737675, "csscore_t": 0.9217619986850756, "teamgold_t": 67.67192636423405, "vision_score_t": 1.037341262419861, "wards_placed_t": 0.07100591715976332, "gold_graph_diffs_t": 14.112426035502958}