{"id": "EUN1_3582481821", "lvl": 2500, "literal level": "DIAMOND III", "time": 2142, "solokills_t": 0.009337068160597572, "kills_t": 0.049019607843137254, "kp": 0.48611111111111116, "deaths_t": 0.049019607843137254, "assists_t": 0.0676937441643324, "csscore_t": 0.7913165266106442, "teamgold_t": 72.17927170868347, "vision_score_t": 0.8098859354495429, "wards_placed_t": 0.05368814192343604, "gold_graph_diffs_t": 13.456582633053221}