{"id": "EUN1_3579233524", "lvl": 2200, "literal level": "EMERALD II", "time": 1592, "solokills_t": 0.0043969849246231155, "kills_t": 0.02763819095477387, "kp": 0.45011494252873563, "deaths_t": 0.02763819095477387, "assists_t": 0.032663316582914576, "csscore_t": 0.9704773869346733, "teamgold_t": 65.34610552763819, "vision_score_t": 1.0563474624324751, "wards_placed_t": 0.0722361809045226, "gold_graph_diffs_t": 12.410175879396984}