{"id": "EUN1_3581560629", "lvl": 3400, "literal level": "MASTER 200 lp", "time": 1276, "solokills_t": 0.003134796238244514, "kills_t": 0.03605015673981191, "kp": 0.5744086021505377, "deaths_t": 0.03605015673981191, "assists_t": 0.06504702194357367, "csscore_t": 0.8456112852664577, "teamgold_t": 65.7884012539185, "vision_score_t": 0.9005278085496282, "wards_placed_t": 0.06269592476489028, "gold_graph_diffs_t": 14.929467084639498}