{"id": "EUN1_3571231051", "lvl": 2400, "literal level": "DIAMOND IV", "time": 1632, "solokills_t": 0.013480392156862746, "kills_t": 0.04044117647058824, "kp": 0.40869565217391307, "deaths_t": 0.04105392156862745, "assists_t": 0.041666666666666664, "csscore_t": 0.9840686274509803, "teamgold_t": 74.14338235294117, "vision_score_t": 0.8254825061145201, "wards_placed_t": 0.05698529411764706, "gold_graph_diffs_t": 14.056372549019608}