{"id": "EUN1_3586940595", "lvl": 2500, "literal level": "DIAMOND III", "time": 1322, "solokills_t": 0.00832072617246596, "kills_t": 0.037821482602118005, "kp": 0.48, "deaths_t": 0.037821482602118005, "assists_t": 0.049924357034795766, "csscore_t": 0.8169440242057489, "teamgold_t": 66.3373676248109, "vision_score_t": 0.8472666837092839, "wards_placed_t": 0.05370650529500756, "gold_graph_diffs_t": 18.19969742813918}