{"id": "EUN1_3574746050", "lvl": 2400, "literal level": "DIAMOND IV", "time": 1586, "solokills_t": 0.004413619167717529, "kills_t": 0.033417402269861285, "kp": 0.520952380952381, "deaths_t": 0.033417402269861285, "assists_t": 0.05296343001261034, "csscore_t": 0.9079445145018915, "teamgold_t": 65.74022698612862, "vision_score_t": 0.9454460930669804, "wards_placed_t": 0.06494325346784363, "gold_graph_diffs_t": 19.08575031525851}