{"id": "EUN1_3557595869", "lvl": 2500, "literal level": "DIAMOND III", "time": 1694, "solokills_t": 0.004722550177095631, "kills_t": 0.03600944510035419, "kp": 0.4813186813186813, "deaths_t": 0.03600944510035419, "assists_t": 0.05076741440377804, "csscore_t": 0.8902007083825265, "teamgold_t": 68.41263282172373, "vision_score_t": 1.0665785796476908, "wards_placed_t": 0.07792207792207792, "gold_graph_diffs_t": 10.06788665879575}