{"id": "EUN1_3561293504", "lvl": 2000, "literal level": "EMERALD IV", "time": 1381, "solokills_t": 0.00941346850108617, "kills_t": 0.036929761042722664, "kp": 0.43360323886639673, "deaths_t": 0.036929761042722664, "assists_t": 0.041998551774076756, "csscore_t": 0.8921071687183201, "teamgold_t": 71.42288196958725, "vision_score_t": 0.7183496059720949, "wards_placed_t": 0.05430847212165098, "gold_graph_diffs_t": 14.719044170890658}