{"id": "EUN1_3578848156", "lvl": 2500, "literal level": "DIAMOND III", "time": 1233, "solokills_t": 0.012165450121654502, "kills_t": 0.0364963503649635, "kp": 0.3973557692307692, "deaths_t": 0.0364963503649635, "assists_t": 0.040551500405515, "csscore_t": 0.8710462287104623, "teamgold_t": 65.59610705596107, "vision_score_t": 0.7989340404878901, "wards_placed_t": 0.05596107055961071, "gold_graph_diffs_t": 14.666666666666666}