{"id": "EUN1_3569620888", "lvl": 2300, "literal level": "EMERALD I", "time": 2024, "solokills_t": 0.005434782608695652, "kills_t": 0.030138339920948616, "kp": 0.4550646551724138, "deaths_t": 0.030138339920948616, "assists_t": 0.038537549407114624, "csscore_t": 0.8977272727272727, "teamgold_t": 65.98221343873517, "vision_score_t": 1.0757513062645236, "wards_placed_t": 0.06867588932806325, "gold_graph_diffs_t": 9.534584980237154}