{"id": "EUN1_3538580346", "lvl": 2400, "literal level": "DIAMOND IV", "time": 1234, "solokills_t": 0.009724473257698542, "kills_t": 0.03808752025931929, "kp": 0.4509578544061303, "deaths_t": 0.03808752025931929, "assists_t": 0.051053484602917344, "csscore_t": 0.7811993517017828, "teamgold_t": 64.30713128038897, "vision_score_t": 0.8528083066366164, "wards_placed_t": 0.05672609400324149, "gold_graph_diffs_t": 11.485413290113453}