{"id": "EUN1_3560793197", "lvl": 2000, "literal level": "EMERALD IV", "time": 1954, "solokills_t": 0.0040941658137154556, "kills_t": 0.03480040941658137, "kp": 0.6078787878787878, "deaths_t": 0.035312180143295804, "assists_t": 0.07113613101330604, "csscore_t": 0.77021494370522, "teamgold_t": 66.00153531218014, "vision_score_t": 0.9973199571866438, "wards_placed_t": 0.06960081883316274, "gold_graph_diffs_t": 13.300409416581372}