{"id": "EUN1_3572393614", "lvl": 2600, "literal level": "DIAMOND II", "time": 2259, "solokills_t": 0.009738822487826471, "kills_t": 0.04028331119964586, "kp": 0.4382011605415861, "deaths_t": 0.04028331119964586, "assists_t": 0.04780876494023904, "csscore_t": 0.8308986277113767, "teamgold_t": 70.0978308986277, "vision_score_t": 1.1286852939193743, "wards_placed_t": 0.07171314741035857, "gold_graph_diffs_t": 14.79194333776007}