{"id": "EUN1_3569734988", "lvl": 2400, "literal level": "DIAMOND IV", "time": 1753, "solokills_t": 0.0068454078722190535, "kills_t": 0.03194523673702225, "kp": 0.46550802139037434, "deaths_t": 0.03194523673702225, "assists_t": 0.04278379920136908, "csscore_t": 0.9053051911009697, "teamgold_t": 64.92070735881346, "vision_score_t": 1.0252150948586136, "wards_placed_t": 0.06160867084997148, "gold_graph_diffs_t": 10.782658300057046}