{"id": "EUN1_3564780169", "lvl": 3300, "literal level": "MASTER 100 lp", "time": 1200, "solokills_t": 0.0025, "kills_t": 0.0275, "kp": 0.4666666666666667, "deaths_t": 0.0275, "assists_t": 0.03666666666666667, "csscore_t": 1.0133333333333334, "teamgold_t": 64.98083333333334, "vision_score_t": 0.9730373188285618, "wards_placed_t": 0.06583333333333333, "gold_graph_diffs_t": 10.319166666666666}