{"id": "EUN1_3582771029", "lvl": 3000, "literal level": "MASTER 200 lp", "time": 1989, "solokills_t": 0.008547008547008548, "kills_t": 0.04172951231774761, "kp": 0.44843937575030013, "deaths_t": 0.042232277526395176, "assists_t": 0.05077928607340372, "csscore_t": 0.8873805932629462, "teamgold_t": 71.85822021116138, "vision_score_t": 1.1279242149053819, "wards_placed_t": 0.0693815987933635, "gold_graph_diffs_t": 15.741578682755152}