{"id": "EUN1_3556987560", "lvl": 2700, "literal level": "DIAMOND I", "time": 1496, "solokills_t": 0.0053475935828877, "kills_t": 0.04077540106951872, "kp": 0.5003205128205128, "deaths_t": 0.04077540106951872, "assists_t": 0.06216577540106952, "csscore_t": 0.8529411764705882, "teamgold_t": 68.23863636363636, "vision_score_t": 0.8014369717975928, "wards_placed_t": 0.05949197860962567, "gold_graph_diffs_t": 14.45120320855615}