{"id": "EUN1_3577836591", "lvl": 2500, "literal level": "DIAMOND III", "time": 1689, "solokills_t": 0.006512729425695678, "kills_t": 0.037300177619893425, "kp": 0.48066528066528064, "deaths_t": 0.037300177619893425, "assists_t": 0.054470100651272946, "csscore_t": 0.8709295441089402, "teamgold_t": 68.05802249851983, "vision_score_t": 1.0408391529215641, "wards_placed_t": 0.07282415630550622, "gold_graph_diffs_t": 17.343990526939017}