{"id": "EUN1_3576645823", "lvl": 2700, "literal level": "DIAMOND I", "time": 1672, "solokills_t": 0.008373205741626795, "kills_t": 0.035287081339712915, "kp": 0.4673669467787115, "deaths_t": 0.035287081339712915, "assists_t": 0.046052631578947366, "csscore_t": 0.8947368421052632, "teamgold_t": 70.26196172248804, "vision_score_t": 1.0560777101398204, "wards_placed_t": 0.0735645933014354, "gold_graph_diffs_t": 12.75}