{"id": "EUN1_3579031343", "lvl": 2400, "literal level": "DIAMOND IV", "time": 2135, "solokills_t": 0.00468384074941452, "kills_t": 0.03278688524590164, "kp": 0.5263157894736843, "deaths_t": 0.03278688524590164, "assists_t": 0.053864168618266976, "csscore_t": 0.8224824355971897, "teamgold_t": 65.27306791569087, "vision_score_t": 1.044065640345733, "wards_placed_t": 0.05667447306791569, "gold_graph_diffs_t": 14.040281030444964}