{"id": "EUN1_3587284176", "lvl": 2200, "literal level": "EMERALD II", "time": 1429, "solokills_t": 0.009097270818754374, "kills_t": 0.03358992302309307, "kp": 0.40928571428571425, "deaths_t": 0.03358992302309307, "assists_t": 0.034289713086074175, "csscore_t": 0.8768369489153254, "teamgold_t": 67.39678096571029, "vision_score_t": 0.8646641173759818, "wards_placed_t": 0.06717984604618614, "gold_graph_diffs_t": 16.996501049685094}