{"id": "EUN1_3576817584", "lvl": 2500, "literal level": "DIAMOND III", "time": 1146, "solokills_t": 0.008726003490401396, "kills_t": 0.028795811518324606, "kp": 0.45, "deaths_t": 0.028795811518324606, "assists_t": 0.034904013961605584, "csscore_t": 0.9284467713787086, "teamgold_t": 61.82024432809773, "vision_score_t": 0.8557534823197945, "wards_placed_t": 0.06108202443280977, "gold_graph_diffs_t": 9.226876090750435}