{"id": "EUN1_3587234893", "lvl": 2600, "literal level": "DIAMOND II", "time": 1720, "solokills_t": 0.009883720930232558, "kills_t": 0.03372093023255814, "kp": 0.40746460746460744, "deaths_t": 0.03430232558139535, "assists_t": 0.03488372093023256, "csscore_t": 0.8976744186046511, "teamgold_t": 65.99186046511628, "vision_score_t": 1.0942486801713955, "wards_placed_t": 0.07267441860465117, "gold_graph_diffs_t": 14.37093023255814}