{"id": "EUN1_3583860794", "lvl": 2500, "literal level": "DIAMOND III", "time": 1955, "solokills_t": 0.004603580562659846, "kills_t": 0.04040920716112532, "kp": 0.5337820512820514, "deaths_t": 0.04040920716112532, "assists_t": 0.06751918158567775, "csscore_t": 0.8388746803069054, "teamgold_t": 70.20562659846547, "vision_score_t": 1.0731411643423712, "wards_placed_t": 0.070076726342711, "gold_graph_diffs_t": 17.083375959079284}