{"id": "EUN1_3553050730", "lvl": 2400, "literal level": "DIAMOND IV", "time": 2426, "solokills_t": 0.0032976092333058533, "kills_t": 0.02720527617477329, "kp": 0.5477777777777778, "deaths_t": 0.02720527617477329, "assists_t": 0.04781533388293487, "csscore_t": 0.8915910964550701, "teamgold_t": 63.465787304204454, "vision_score_t": 0.9923181333664616, "wards_placed_t": 0.06389117889530091, "gold_graph_diffs_t": 13.14921681780709}