{"id": "EUN1_3556305970", "lvl": 2500, "literal level": "DIAMOND III", "time": 1897, "solokills_t": 0.010542962572482868, "kills_t": 0.030047443331576173, "kp": 0.48836317135549867, "deaths_t": 0.030047443331576173, "assists_t": 0.04059040590405904, "csscore_t": 0.900896151818661, "teamgold_t": 63.695308381655245, "vision_score_t": 0.9664860127542301, "wards_placed_t": 0.06483921982076964, "gold_graph_diffs_t": 9.48234053769109}