{"id": "EUN1_3572657691", "lvl": 2300, "literal level": "EMERALD I", "time": 1757, "solokills_t": 0.011383039271485486, "kills_t": 0.042686397268070574, "kp": 0.4414351851851852, "deaths_t": 0.043255549231644846, "assists_t": 0.05179282868525897, "csscore_t": 0.7996585088218554, "teamgold_t": 68.85031303357997, "vision_score_t": 0.7749850711630925, "wards_placed_t": 0.058622652248150255, "gold_graph_diffs_t": 13.67785998861696}