{"id": "EUN1_3582777917", "lvl": 2700, "literal level": "DIAMOND I", "time": 1741, "solokills_t": 0.009190120620333142, "kills_t": 0.035611717403790925, "kp": 0.4228108108108108, "deaths_t": 0.035611717403790925, "assists_t": 0.03963239517518667, "csscore_t": 0.9850660539919587, "teamgold_t": 69.44859276278001, "vision_score_t": 1.2452135264859687, "wards_placed_t": 0.07754164273406089, "gold_graph_diffs_t": 14.977599080987938}