{"id": "EUN1_3576680878", "lvl": 2300, "literal level": "EMERALD I", "time": 2145, "solokills_t": 0.008857808857808859, "kills_t": 0.035431235431235435, "kp": 0.45434173669467787, "deaths_t": 0.035431235431235435, "assists_t": 0.044755244755244755, "csscore_t": 0.8839160839160839, "teamgold_t": 68.47226107226108, "vision_score_t": 1.0910788343665712, "wards_placed_t": 0.06247086247086247, "gold_graph_diffs_t": 12.726806526806527}