{"id": "EUN1_3563583654", "lvl": 2500, "literal level": "DIAMOND III", "time": 1221, "solokills_t": 0.009009009009009009, "kills_t": 0.03767403767403767, "kp": 0.41277777777777774, "deaths_t": 0.03767403767403767, "assists_t": 0.03931203931203931, "csscore_t": 0.8525798525798526, "teamgold_t": 67.17608517608518, "vision_score_t": 0.7039046036336809, "wards_placed_t": 0.044226044226044224, "gold_graph_diffs_t": 17.742833742833742}