{"id": "EUN1_3580863122", "lvl": 2400, "literal level": "DIAMOND IV", "time": 1625, "solokills_t": 0.010461538461538461, "kills_t": 0.03753846153846154, "kp": 0.4751126126126127, "deaths_t": 0.03753846153846154, "assists_t": 0.052307692307692305, "csscore_t": 0.84, "teamgold_t": 67.81846153846153, "vision_score_t": 1.0372336063391399, "wards_placed_t": 0.060307692307692305, "gold_graph_diffs_t": 11.889846153846154}