{"id": "EUN1_3564039991", "lvl": 2800, "literal level": "MASTER 0 lp", "time": 1802, "solokills_t": 0.009988901220865706, "kills_t": 0.05438401775804662, "kp": 0.45540258656654153, "deaths_t": 0.05438401775804662, "assists_t": 0.06992230854605994, "csscore_t": 0.8401775804661488, "teamgold_t": 79.44228634850167, "vision_score_t": 0.9999830973558599, "wards_placed_t": 0.06714761376248612, "gold_graph_diffs_t": 15.898446170921199}