{"id": "EUN1_3568472578", "lvl": 2700, "literal level": "DIAMOND I", "time": 1354, "solokills_t": 0.0066469719350073855, "kills_t": 0.0258493353028065, "kp": 0.4916666666666667, "deaths_t": 0.0258493353028065, "assists_t": 0.03840472673559823, "csscore_t": 0.9290989660265879, "teamgold_t": 63.17799113737075, "vision_score_t": 0.8749043142863002, "wards_placed_t": 0.05760709010339734, "gold_graph_diffs_t": 11.901772525849335}