{"id": "EUN1_3565319635", "lvl": 3100, "literal level": "MASTER 300 lp", "time": 1759, "solokills_t": 0.006822057987492893, "kills_t": 0.03581580443433769, "kp": 0.5093939393939394, "deaths_t": 0.03581580443433769, "assists_t": 0.0557134735645253, "csscore_t": 0.7743035815804434, "teamgold_t": 68.01989766913019, "vision_score_t": 1.0398840924220203, "wards_placed_t": 0.07731665719158613, "gold_graph_diffs_t": 16.732802728823195}