{"id": "EUN1_3559262443", "lvl": 3000, "literal level": "MASTER 200 lp", "time": 1812, "solokills_t": 0.006622516556291391, "kills_t": 0.0347682119205298, "kp": 0.4650776053215077, "deaths_t": 0.0347682119205298, "assists_t": 0.05187637969094923, "csscore_t": 0.7952538631346578, "teamgold_t": 67.24889624724062, "vision_score_t": 1.204755530230637, "wards_placed_t": 0.08002207505518764, "gold_graph_diffs_t": 13.129690949227372}