{"id": "EUN1_3580819834", "lvl": 2300, "literal level": "EMERALD I", "time": 2030, "solokills_t": 0.003940886699507389, "kills_t": 0.029556650246305417, "kp": 0.4833333333333333, "deaths_t": 0.029556650246305417, "assists_t": 0.041379310344827586, "csscore_t": 0.9172413793103448, "teamgold_t": 64.07881773399015, "vision_score_t": 1.0938909346524972, "wards_placed_t": 0.07536945812807881, "gold_graph_diffs_t": 10.597044334975369}