{"id": "EUN1_3569770542", "lvl": 2300, "literal level": "EMERALD I", "time": 1362, "solokills_t": 0.007342143906020558, "kills_t": 0.04405286343612335, "kp": 0.5049107142857143, "deaths_t": 0.044787077826725405, "assists_t": 0.06681350954478708, "csscore_t": 0.7878120411160059, "teamgold_t": 69.76505139500735, "vision_score_t": 0.9948955522436218, "wards_placed_t": 0.06681350954478708, "gold_graph_diffs_t": 10.7503671071953}