{"id": "EUN1_3580308584", "lvl": 2400, "literal level": "DIAMOND IV", "time": 1562, "solokills_t": 0.010243277848911651, "kills_t": 0.03969270166453265, "kp": 0.4260964912280702, "deaths_t": 0.03969270166453265, "assists_t": 0.0441741357234315, "csscore_t": 0.9372599231754162, "teamgold_t": 70.31370038412292, "vision_score_t": 1.1002191740983647, "wards_placed_t": 0.07234314980793854, "gold_graph_diffs_t": 12.469910371318822}