{"id": "EUN1_3544315053", "lvl": 2100, "literal level": "EMERALD III", "time": 2042, "solokills_t": 0.011753183153770812, "kills_t": 0.0416258570029383, "kp": 0.40848115299334803, "deaths_t": 0.0416258570029383, "assists_t": 0.043095004897159644, "csscore_t": 0.8800195886385896, "teamgold_t": 70.57198824681684, "vision_score_t": 0.8969838063754165, "wards_placed_t": 0.06758080313418217, "gold_graph_diffs_t": 12.894221351616062}