{"id": "EUN1_3576539128", "lvl": 2400, "literal level": "DIAMOND IV", "time": 1078, "solokills_t": 0.013914656771799629, "kills_t": 0.05380333951762523, "kp": 0.41052631578947374, "deaths_t": 0.05380333951762523, "assists_t": 0.0575139146567718, "csscore_t": 0.8562152133580705, "teamgold_t": 77.1734693877551, "vision_score_t": 0.9195285431546418, "wards_placed_t": 0.06957328385899815, "gold_graph_diffs_t": 10.65769944341373}