{"id": "EUN1_3576200274", "lvl": 2400, "literal level": "DIAMOND IV", "time": 1947, "solokills_t": 0.004108885464817668, "kills_t": 0.034411915767847974, "kp": 0.5635185185185186, "deaths_t": 0.034411915767847974, "assists_t": 0.060092449922958396, "csscore_t": 0.8002054442732409, "teamgold_t": 65.82126348228043, "vision_score_t": 1.0739636757987445, "wards_placed_t": 0.06933744221879815, "gold_graph_diffs_t": 15.202876219825372}