{"id": "EUN1_3557554159", "lvl": 2700, "literal level": "DIAMOND I", "time": 1508, "solokills_t": 0.008620689655172414, "kills_t": 0.03050397877984085, "kp": 0.40750000000000003, "deaths_t": 0.03050397877984085, "assists_t": 0.033156498673740056, "csscore_t": 0.9648541114058355, "teamgold_t": 65.33753315649868, "vision_score_t": 1.0384372291091737, "wards_placed_t": 0.07228116710875332, "gold_graph_diffs_t": 12.444960212201591}