{"id": "EUN1_3549832639", "lvl": 2000, "literal level": "EMERALD IV", "time": 1102, "solokills_t": 0.012704174228675136, "kills_t": 0.04446460980036298, "kp": 0.39784313725490195, "deaths_t": 0.045372050816696916, "assists_t": 0.0426497277676951, "csscore_t": 0.8294010889292196, "teamgold_t": 69.73321234119783, "vision_score_t": 0.8167784517963511, "wards_placed_t": 0.06261343012704174, "gold_graph_diffs_t": 16.156079854809438}