{"id": "EUN1_3587313894", "lvl": 3300, "literal level": "MASTER 100 lp", "time": 1500, "solokills_t": 0.013333333333333334, "kills_t": 0.043333333333333335, "kp": 0.4267276422764227, "deaths_t": 0.043333333333333335, "assists_t": 0.04733333333333333, "csscore_t": 0.8866666666666667, "teamgold_t": 72.86533333333334, "vision_score_t": 1.162258517207229, "wards_placed_t": 0.08666666666666667, "gold_graph_diffs_t": 14.464}