{"id": "EUN1_3573124829", "lvl": 2500, "literal level": "DIAMOND III", "time": 1842, "solokills_t": 0.008143322475570033, "kills_t": 0.03691639522258415, "kp": 0.48585322723253765, "deaths_t": 0.03691639522258415, "assists_t": 0.05266015200868621, "csscore_t": 0.8729641693811075, "teamgold_t": 67.59229098805646, "vision_score_t": 1.1730847288900332, "wards_placed_t": 0.08143322475570032, "gold_graph_diffs_t": 11.947339847991314}