{"id": "EUN1_3527765252", "lvl": 2800, "literal level": "MASTER 0 lp", "time": 1553, "solokills_t": 0.009658725048293626, "kills_t": 0.04185447520927238, "kp": 0.45921985815602834, "deaths_t": 0.04185447520927238, "assists_t": 0.056664520283322604, "csscore_t": 0.8853831294269157, "teamgold_t": 70.04056664520283, "vision_score_t": 1.1100733663320201, "wards_placed_t": 0.07147456535737283, "gold_graph_diffs_t": 13.640051513200257}