{"id": "EUN1_3578509892", "lvl": 2400, "literal level": "DIAMOND IV", "time": 1828, "solokills_t": 0.005470459518599562, "kills_t": 0.04048140043763676, "kp": 0.5188505747126436, "deaths_t": 0.041028446389496716, "assists_t": 0.06400437636761488, "csscore_t": 0.8801969365426696, "teamgold_t": 70.41903719912473, "vision_score_t": 1.041256487894104, "wards_placed_t": 0.06783369803063458, "gold_graph_diffs_t": 14.818380743982495}