{"id": "EUN1_3564373151", "lvl": 2100, "literal level": "EMERALD III", "time": 1863, "solokills_t": 0.011272141706924315, "kills_t": 0.04508856682769726, "kp": 0.44659090909090915, "deaths_t": 0.04508856682769726, "assists_t": 0.05475040257648953, "csscore_t": 0.9114331723027376, "teamgold_t": 73.72463768115942, "vision_score_t": 0.9189238916050135, "wards_placed_t": 0.06172839506172839, "gold_graph_diffs_t": 12.466451959205582}