{"id": "EUN1_3558047493", "lvl": 2000, "literal level": "EMERALD IV", "time": 1942, "solokills_t": 0.004119464469618949, "kills_t": 0.0345005149330587, "kp": 0.5552197802197802, "deaths_t": 0.0345005149330587, "assists_t": 0.06385169927909372, "csscore_t": 0.8161688980432544, "teamgold_t": 66.81153450051494, "vision_score_t": 0.7553501191210874, "wards_placed_t": 0.057157569515962924, "gold_graph_diffs_t": 14.347064881565396}