{"id": "EUN1_3573668190", "lvl": 2400, "literal level": "DIAMOND IV", "time": 607, "solokills_t": 0.0032948929159802307, "kills_t": 0.014827018121911038, "kp": 0.4, "deaths_t": 0.014827018121911038, "assists_t": 0.014827018121911038, "csscore_t": 0.7446457990115322, "teamgold_t": 55.24876441515651, "vision_score_t": 0.2511097959679063, "wards_placed_t": 0.0214168039538715, "gold_graph_diffs_t": 16.42833607907743}