{"id": "EUN1_3583652038", "lvl": 2400, "literal level": "DIAMOND IV", "time": 1292, "solokills_t": 0.00696594427244582, "kills_t": 0.03560371517027864, "kp": 0.4428904428904429, "deaths_t": 0.03560371517027864, "assists_t": 0.04179566563467492, "csscore_t": 0.8676470588235294, "teamgold_t": 69.07043343653251, "vision_score_t": 0.6823713581438933, "wards_placed_t": 0.047987616099071206, "gold_graph_diffs_t": 16.008513931888544}