{"id": "EUN1_3575237365", "lvl": 2400, "literal level": "DIAMOND IV", "time": 2166, "solokills_t": 0.006925207756232687, "kills_t": 0.02723915050784857, "kp": 0.48133640552995394, "deaths_t": 0.02723915050784857, "assists_t": 0.038781163434903045, "csscore_t": 0.9021237303785781, "teamgold_t": 64.20637119113573, "vision_score_t": 1.1085365670149963, "wards_placed_t": 0.06740535549399815, "gold_graph_diffs_t": 10.39196675900277}