{"id": "EUN1_3560887401", "lvl": 2100, "literal level": "EMERALD III", "time": 1947, "solokills_t": 0.01386748844375963, "kills_t": 0.04776579352850539, "kp": 0.4108695652173913, "deaths_t": 0.04776579352850539, "assists_t": 0.050333846944016436, "csscore_t": 0.7801746276322548, "teamgold_t": 73.49049820236262, "vision_score_t": 0.8576274303397374, "wards_placed_t": 0.054442732408834106, "gold_graph_diffs_t": 12.456086286594761}