{"id": "EUN1_3565449449", "lvl": 2900, "literal level": "MASTER 100 lp", "time": 1621, "solokills_t": 0.011104256631708822, "kills_t": 0.038864898210980874, "kp": 0.4607538802660754, "deaths_t": 0.038864898210980874, "assists_t": 0.0499691548426897, "csscore_t": 0.8766193707587908, "teamgold_t": 69.32078963602714, "vision_score_t": 1.0606785063919284, "wards_placed_t": 0.06909315237507711, "gold_graph_diffs_t": 11.516964836520666}