{"id": "EUN1_3587516069", "lvl": 2300, "literal level": "EMERALD I", "time": 918, "solokills_t": 0.0054466230936819175, "kills_t": 0.029411764705882353, "kp": 0.425, "deaths_t": 0.029411764705882353, "assists_t": 0.034858387799564274, "csscore_t": 0.8769063180827886, "teamgold_t": 59.111111111111114, "vision_score_t": 0.7964753233865395, "wards_placed_t": 0.05664488017429194, "gold_graph_diffs_t": 10.006535947712418}