{"id": "EUN1_3575884425", "lvl": 3100, "literal level": "MASTER 300 lp", "time": 1710, "solokills_t": 0.00760233918128655, "kills_t": 0.03333333333333333, "kp": 0.5015873015873016, "deaths_t": 0.03333333333333333, "assists_t": 0.049707602339181284, "csscore_t": 0.9625730994152046, "teamgold_t": 66.13157894736842, "vision_score_t": 1.072898428007224, "wards_placed_t": 0.07543859649122807, "gold_graph_diffs_t": 12.312865497076023}