{"id": "EUN1_3542738703", "lvl": 2100, "literal level": "EMERALD III", "time": 2164, "solokills_t": 0.00878003696857671, "kills_t": 0.02911275415896488, "kp": 0.46759259259259256, "deaths_t": 0.02911275415896488, "assists_t": 0.03927911275415896, "csscore_t": 0.9547134935304991, "teamgold_t": 67.97828096118299, "vision_score_t": 1.0922175011743405, "wards_placed_t": 0.07208872458410351, "gold_graph_diffs_t": 13.174214417744917}