{"id": "EUN1_3564353889", "lvl": 2900, "literal level": "MASTER 100 lp", "time": 1937, "solokills_t": 0.010841507485802787, "kills_t": 0.047496128033040784, "kp": 0.44330628803245437, "deaths_t": 0.047496128033040784, "assists_t": 0.05937016004130098, "csscore_t": 0.8843572534847702, "teamgold_t": 75.28084667010842, "vision_score_t": 1.038767294347247, "wards_placed_t": 0.073309241094476, "gold_graph_diffs_t": 16.728446050593703}