{"id": "EUN1_3562251831", "lvl": 1900, "literal level": "PLATINUM I", "time": 1752, "solokills_t": 0.0091324200913242, "kills_t": 0.032534246575342464, "kp": 0.4145780051150895, "deaths_t": 0.033105022831050226, "assists_t": 0.034817351598173514, "csscore_t": 0.9297945205479452, "teamgold_t": 68.11643835616438, "vision_score_t": 0.9357430013039056, "wards_placed_t": 0.06335616438356165, "gold_graph_diffs_t": 14.819634703196346}