{"id": "EUN1_3564772031", "lvl": 2000, "literal level": "EMERALD IV", "time": 1659, "solokills_t": 0.0108499095840868, "kills_t": 0.0379746835443038, "kp": 0.4134736842105264, "deaths_t": 0.0379746835443038, "assists_t": 0.03918022905364678, "csscore_t": 0.812537673297167, "teamgold_t": 67.32067510548524, "vision_score_t": 0.8936984301576307, "wards_placed_t": 0.062085593731163354, "gold_graph_diffs_t": 12.9915611814346}