{"id": "EUN1_3556903660", "lvl": 2600, "literal level": "DIAMOND II", "time": 2001, "solokills_t": 0.0069965017491254375, "kills_t": 0.046476761619190406, "kp": 0.5346969696969697, "deaths_t": 0.04697651174412794, "assists_t": 0.07296351824087956, "csscore_t": 0.8315842078960519, "teamgold_t": 75.55972013993004, "vision_score_t": 1.0101525768799162, "wards_placed_t": 0.07196401799100449, "gold_graph_diffs_t": 19.964517741129434}