{"id": "EUN1_3571808506", "lvl": 2500, "literal level": "DIAMOND III", "time": 1891, "solokills_t": 0.008989952406134321, "kills_t": 0.04019037546271814, "kp": 0.4206514206514207, "deaths_t": 0.04019037546271814, "assists_t": 0.044420941300899, "csscore_t": 0.8514013749338974, "teamgold_t": 68.76308831306187, "vision_score_t": 1.0307015881873411, "wards_placed_t": 0.06874669487043893, "gold_graph_diffs_t": 13.339502908514014}