{"id": "EUN1_3541946529", "lvl": 2500, "literal level": "DIAMOND III", "time": 1392, "solokills_t": 0.008620689655172414, "kills_t": 0.036637931034482756, "kp": 0.4794117647058823, "deaths_t": 0.036637931034482756, "assists_t": 0.05172413793103448, "csscore_t": 0.9109195402298851, "teamgold_t": 70.9683908045977, "vision_score_t": 0.8041469073950752, "wards_placed_t": 0.04885057471264368, "gold_graph_diffs_t": 12.501436781609195}