{"id": "EUN1_3584022907", "lvl": 2500, "literal level": "DIAMOND III", "time": 1207, "solokills_t": 0.004142502071251036, "kills_t": 0.03811101905550953, "kp": 0.47974025974025974, "deaths_t": 0.03811101905550953, "assists_t": 0.05219552609776305, "csscore_t": 0.8674399337199669, "teamgold_t": 69.05053852526926, "vision_score_t": 0.8101600387418296, "wards_placed_t": 0.061309030654515324, "gold_graph_diffs_t": 16.954432477216237}