{"id": "EUN1_3542719224", "lvl": 2100, "literal level": "EMERALD III", "time": 1989, "solokills_t": 0.006535947712418301, "kills_t": 0.03720462543991956, "kp": 0.534945054945055, "deaths_t": 0.03720462543991956, "assists_t": 0.06234288587229764, "csscore_t": 0.8642533936651584, "teamgold_t": 69.10910005027652, "vision_score_t": 0.9406159948871364, "wards_placed_t": 0.06184012066365008, "gold_graph_diffs_t": 13.703368526897938}