{"id": "EUN1_3561686429", "lvl": 2600, "literal level": "DIAMOND II", "time": 2163, "solokills_t": 0.00785945446139621, "kills_t": 0.03467406380027739, "kp": 0.47140825035561873, "deaths_t": 0.03467406380027739, "assists_t": 0.047156726768377254, "csscore_t": 0.9505316689782709, "teamgold_t": 71.26907073509015, "vision_score_t": 1.2157789342045922, "wards_placed_t": 0.08183079056865465, "gold_graph_diffs_t": 14.147480351363846}