{"id": "EUN1_3557577785", "lvl": 2600, "literal level": "DIAMOND II", "time": 1482, "solokills_t": 0.01417004048582996, "kills_t": 0.05128205128205128, "kp": 0.4091304347826087, "deaths_t": 0.05195681511470985, "assists_t": 0.05195681511470985, "csscore_t": 0.8191632928475033, "teamgold_t": 73.54858299595142, "vision_score_t": 0.9813862452660471, "wards_placed_t": 0.0708502024291498, "gold_graph_diffs_t": 12.192307692307692}