{"id": "EUN1_3529444400", "lvl": 2600, "literal level": "DIAMOND II", "time": 1618, "solokills_t": 0.009270704573547589, "kills_t": 0.04264524103831891, "kp": 0.4779069767441861, "deaths_t": 0.04264524103831891, "assists_t": 0.0580964153275649, "csscore_t": 0.899876390605686, "teamgold_t": 77.34487021013597, "vision_score_t": 1.0857292586485365, "wards_placed_t": 0.07354758961681088, "gold_graph_diffs_t": 13.948084054388133}