{"id": "EUN1_3582999357", "lvl": 3100, "literal level": "MASTER 300 lp", "time": 1105, "solokills_t": 0.014479638009049774, "kills_t": 0.0334841628959276, "kp": 0.3987068965517241, "deaths_t": 0.0334841628959276, "assists_t": 0.03076923076923077, "csscore_t": 0.8515837104072398, "teamgold_t": 64.29864253393666, "vision_score_t": 0.6493205851362324, "wards_placed_t": 0.056108597285067875, "gold_graph_diffs_t": 17.654298642533938}