{"id": "EUN1_3559605219", "lvl": 2300, "literal level": "EMERALD I", "time": 2007, "solokills_t": 0.005480817140009965, "kills_t": 0.03139013452914798, "kp": 0.5690909090909091, "deaths_t": 0.03139013452914798, "assists_t": 0.05779770802192327, "csscore_t": 0.8390632785251619, "teamgold_t": 66.1763826606876, "vision_score_t": 1.0263996165269356, "wards_placed_t": 0.07224713502740408, "gold_graph_diffs_t": 11.799701046337818}