{"id": "EUN1_3555560270", "lvl": 2500, "literal level": "DIAMOND III", "time": 1905, "solokills_t": 0.0068241469816272965, "kills_t": 0.03622047244094488, "kp": 0.4962962962962963, "deaths_t": 0.03622047244094488, "assists_t": 0.05511811023622047, "csscore_t": 0.847769028871391, "teamgold_t": 67.12860892388451, "vision_score_t": 0.8705283601599009, "wards_placed_t": 0.05511811023622047, "gold_graph_diffs_t": 12.808398950131233}