{"id": "EUN1_3564419133", "lvl": 2000, "literal level": "EMERALD IV", "time": 1770, "solokills_t": 0.010169491525423728, "kills_t": 0.03672316384180791, "kp": 0.432051282051282, "deaths_t": 0.03672316384180791, "assists_t": 0.04350282485875706, "csscore_t": 0.9203389830508475, "teamgold_t": 67.38418079096046, "vision_score_t": 0.872691545206116, "wards_placed_t": 0.05875706214689266, "gold_graph_diffs_t": 11.151412429378531}