{"id": "EUN1_3556921330", "lvl": 2300, "literal level": "EMERALD I", "time": 1927, "solokills_t": 0.011935651271406332, "kills_t": 0.04618578100674624, "kp": 0.454002079002079, "deaths_t": 0.04618578100674624, "assists_t": 0.057602490918526206, "csscore_t": 0.8053969901401141, "teamgold_t": 70.58277114686041, "vision_score_t": 0.7967762189715477, "wards_placed_t": 0.05396990140114167, "gold_graph_diffs_t": 14.691748832381942}