{"id": "EUN1_3559010262", "lvl": 2600, "literal level": "DIAMOND II", "time": 2137, "solokills_t": 0.0070191857744501636, "kills_t": 0.04539073467477773, "kp": 0.5260481712756467, "deaths_t": 0.04539073467477773, "assists_t": 0.07346747777257838, "csscore_t": 0.811417875526439, "teamgold_t": 71.50444548432382, "vision_score_t": 1.089179563423917, "wards_placed_t": 0.06972391202620495, "gold_graph_diffs_t": 12.907346747777257}