{"id": "EUN1_3579009316", "lvl": 2400, "literal level": "DIAMOND IV", "time": 1354, "solokills_t": 0.009601181683899557, "kills_t": 0.04283604135893648, "kp": 0.43154761904761907, "deaths_t": 0.04283604135893648, "assists_t": 0.050221565731166914, "csscore_t": 0.9350073855243722, "teamgold_t": 73.30059084194978, "vision_score_t": 0.7935977061873398, "wards_placed_t": 0.05982274741506647, "gold_graph_diffs_t": 16.494091580502214}