{"id": "EUN1_3565429177", "lvl": 2700, "literal level": "DIAMOND I", "time": 1778, "solokills_t": 0.010686164229471317, "kills_t": 0.03937007874015748, "kp": 0.4295454545454545, "deaths_t": 0.03937007874015748, "assists_t": 0.046681664791901015, "csscore_t": 0.90607424071991, "teamgold_t": 70.677727784027, "vision_score_t": 1.0984350854014238, "wards_placed_t": 0.06974128233970754, "gold_graph_diffs_t": 15.611361079865016}