{"id": "EUN1_3576108276", "lvl": 2600, "literal level": "DIAMOND II", "time": 2303, "solokills_t": 0.005210594876248371, "kills_t": 0.026487190620929222, "kp": 0.47977777777777775, "deaths_t": 0.026487190620929222, "assists_t": 0.0364741641337386, "csscore_t": 0.9969604863221885, "teamgold_t": 68.11159357359965, "vision_score_t": 1.199915390970289, "wards_placed_t": 0.07121146330872774, "gold_graph_diffs_t": 11.155449413808077}