{"id": "EUN1_3580923760", "lvl": 2400, "literal level": "DIAMOND IV", "time": 1501, "solokills_t": 0.009327115256495669, "kills_t": 0.046635576282478344, "kp": 0.46963835155592937, "deaths_t": 0.046635576282478344, "assists_t": 0.0626249167221852, "csscore_t": 0.844103930712858, "teamgold_t": 72.81212524983344, "vision_score_t": 1.204178590690012, "wards_placed_t": 0.08461025982678215, "gold_graph_diffs_t": 15.318454363757494}