{"id": "EUN1_3576464836", "lvl": 2500, "literal level": "DIAMOND III", "time": 1881, "solokills_t": 0.003721424774056353, "kills_t": 0.03349282296650718, "kp": 0.5728381374722838, "deaths_t": 0.03349282296650718, "assists_t": 0.06060606060606061, "csscore_t": 0.8575225943646996, "teamgold_t": 66.48059542796385, "vision_score_t": 1.123041639367758, "wards_placed_t": 0.07389686337054759, "gold_graph_diffs_t": 14.926103136629452}