{"id": "EUN1_3561318822", "lvl": 2600, "literal level": "DIAMOND II", "time": 1617, "solokills_t": 0.0074211502782931356, "kills_t": 0.03339517625231911, "kp": 0.4618181818181818, "deaths_t": 0.03339517625231911, "assists_t": 0.04390847247990105, "csscore_t": 0.9059987631416203, "teamgold_t": 66.37538651824366, "vision_score_t": 0.9272962917519567, "wards_placed_t": 0.0686456400742115, "gold_graph_diffs_t": 14.77365491651206}