{"id": "EUN1_3555864053", "lvl": 2600, "literal level": "DIAMOND II", "time": 541, "solokills_t": 0.0166358595194085, "kills_t": 0.024029574861367836, "kp": 0.2363636363636364, "deaths_t": 0.024029574861367836, "assists_t": 0.0073937153419593345, "csscore_t": 0.7855822550831792, "teamgold_t": 54.13123844731978, "vision_score_t": 0.4341756104928022, "wards_placed_t": 0.036968576709796676, "gold_graph_diffs_t": 10.796672828096119}