{"id": "EUN1_3565324722", "lvl": 2700, "literal level": "DIAMOND I", "time": 1378, "solokills_t": 0.008708272859216255, "kills_t": 0.030478955007256895, "kp": 0.5466666666666666, "deaths_t": 0.031204644412191583, "assists_t": 0.04934687953555878, "csscore_t": 0.8592162554426706, "teamgold_t": 65.70682148040639, "vision_score_t": 0.921536790476817, "wards_placed_t": 0.06531204644412192, "gold_graph_diffs_t": 11.126269956458636}