{"id": "EUN1_3586571722", "lvl": 2300, "literal level": "EMERALD I", "time": 1606, "solokills_t": 0.010585305105853052, "kills_t": 0.030510585305105854, "kp": 0.4071428571428572, "deaths_t": 0.031133250311332503, "assists_t": 0.031133250311332503, "csscore_t": 0.9582814445828145, "teamgold_t": 65.43897882938978, "vision_score_t": 1.010698152373742, "wards_placed_t": 0.0684931506849315, "gold_graph_diffs_t": 11.405354919053549}