{"id": "EUN1_3565629502", "lvl": 2400, "literal level": "DIAMOND IV", "time": 1530, "solokills_t": 0.009150326797385621, "kills_t": 0.03594771241830065, "kp": 0.43053221288515403, "deaths_t": 0.03594771241830065, "assists_t": 0.043137254901960784, "csscore_t": 0.9274509803921569, "teamgold_t": 69.33660130718954, "vision_score_t": 0.9832969633395525, "wards_placed_t": 0.06470588235294118, "gold_graph_diffs_t": 12.868627450980393}