{"id": "EUN1_3575433206", "lvl": 2900, "literal level": "MASTER 100 lp", "time": 1617, "solokills_t": 0.0055658627087198514, "kills_t": 0.02906617192331478, "kp": 0.48925925925925934, "deaths_t": 0.029684601113172542, "assists_t": 0.04267161410018553, "csscore_t": 0.9103277674706246, "teamgold_t": 66.3104514533086, "vision_score_t": 1.1085084827163816, "wards_placed_t": 0.07544836116264687, "gold_graph_diffs_t": 14.849721706864564}