{"id": "EUN1_3563659034", "lvl": 2900, "literal level": "MASTER 100 lp", "time": 1579, "solokills_t": 0.006333122229259025, "kills_t": 0.03926535782140595, "kp": 0.47619047619047616, "deaths_t": 0.03926535782140595, "assists_t": 0.059531348955034834, "csscore_t": 0.8758708043065231, "teamgold_t": 68.17226092463585, "vision_score_t": 0.9086060166952923, "wards_placed_t": 0.06206459784673844, "gold_graph_diffs_t": 13.350221659278024}