{"id": "EUN1_3573144257", "lvl": 2500, "literal level": "DIAMOND III", "time": 2353, "solokills_t": 0.008499787505312367, "kills_t": 0.03654908627284318, "kp": 0.46450216450216447, "deaths_t": 0.03654908627284318, "assists_t": 0.048023799405014875, "csscore_t": 0.8589035274118147, "teamgold_t": 68.29961750956227, "vision_score_t": 0.8386368514495203, "wards_placed_t": 0.05737356566085848, "gold_graph_diffs_t": 15.067998300042499}