{"id": "EUN1_3558059657", "lvl": 2000, "literal level": "EMERALD IV", "time": 1600, "solokills_t": 0.00625, "kills_t": 0.02875, "kp": 0.4116959064327485, "deaths_t": 0.02875, "assists_t": 0.03125, "csscore_t": 0.838125, "teamgold_t": 62.346875, "vision_score_t": 0.8006885901732861, "wards_placed_t": 0.055625, "gold_graph_diffs_t": 14.178125}