{"id": "EUN1_3570833097", "lvl": 2500, "literal level": "DIAMOND III", "time": 1571, "solokills_t": 0.01464035646085296, "kills_t": 0.03500954805856143, "kp": 0.3864285714285714, "deaths_t": 0.03500954805856143, "assists_t": 0.03437301082113304, "csscore_t": 0.8497772119669, "teamgold_t": 64.17186505410567, "vision_score_t": 0.9233278738065598, "wards_placed_t": 0.05983450031826862, "gold_graph_diffs_t": 12.52959898154042}