{"id": "EUN1_3587747890", "lvl": 2600, "literal level": "DIAMOND II", "time": 1693, "solokills_t": 0.0070880094506792675, "kills_t": 0.03484937979917307, "kp": 0.49058823529411766, "deaths_t": 0.03484937979917307, "assists_t": 0.05197873597164796, "csscore_t": 0.8405197873597164, "teamgold_t": 66.43532191376255, "vision_score_t": 1.1775526025394696, "wards_placed_t": 0.07914943886591849, "gold_graph_diffs_t": 12.725930301240401}