{"id": "EUN1_3568017047", "lvl": 3000, "literal level": "MASTER 200 lp", "time": 920, "solokills_t": 0.009782608695652175, "kills_t": 0.04456521739130435, "kp": 0.3857142857142857, "deaths_t": 0.04456521739130435, "assists_t": 0.04021739130434782, "csscore_t": 0.8369565217391305, "teamgold_t": 66.93586956521739, "vision_score_t": 0.8049530762883339, "wards_placed_t": 0.058695652173913045, "gold_graph_diffs_t": 12.481521739130434}