{"id": "EUN1_3581064100", "lvl": 3200, "literal level": "MASTER 0 lp", "time": 1326, "solokills_t": 0.004524886877828055, "kills_t": 0.026395173453996983, "kp": 0.48571428571428565, "deaths_t": 0.026395173453996983, "assists_t": 0.03544494720965309, "csscore_t": 0.9019607843137255, "teamgold_t": 63.02337858220211, "vision_score_t": 0.7981387491919671, "wards_placed_t": 0.058069381598793365, "gold_graph_diffs_t": 14.750377073906487}