{"id": "EUN1_3529686892", "lvl": 2700, "literal level": "DIAMOND I", "time": 1348, "solokills_t": 0.009643916913946587, "kills_t": 0.04154302670623145, "kp": 0.40160427807486626, "deaths_t": 0.04154302670623145, "assists_t": 0.04154302670623145, "csscore_t": 0.9651335311572701, "teamgold_t": 72.87833827893175, "vision_score_t": 0.9262197729078689, "wards_placed_t": 0.06750741839762611, "gold_graph_diffs_t": 12.90207715133531}