{"id": "EUN1_3567623435", "lvl": 2300, "literal level": "EMERALD I", "time": 1664, "solokills_t": 0.010817307692307692, "kills_t": 0.04326923076923077, "kp": 0.44063886424134874, "deaths_t": 0.04326923076923077, "assists_t": 0.05048076923076923, "csscore_t": 0.8227163461538461, "teamgold_t": 69.92548076923077, "vision_score_t": 0.9611577458248852, "wards_placed_t": 0.0751201923076923, "gold_graph_diffs_t": 13.139423076923077}