{"id": "EUN1_3576718942", "lvl": 2400, "literal level": "DIAMOND IV", "time": 2355, "solokills_t": 0.006794055201698514, "kills_t": 0.03354564755838641, "kp": 0.4873385012919897, "deaths_t": 0.03354564755838641, "assists_t": 0.04883227176220807, "csscore_t": 0.8747346072186837, "teamgold_t": 67.56178343949044, "vision_score_t": 1.086221090411292, "wards_placed_t": 0.0683651804670913, "gold_graph_diffs_t": 10.845010615711253}