{"id": "EUN1_3580907090", "lvl": 2400, "literal level": "DIAMOND IV", "time": 2338, "solokills_t": 0.003421727972626176, "kills_t": 0.035500427715996576, "kp": 0.6108391608391608, "deaths_t": 0.035500427715996576, "assists_t": 0.07271171941830624, "csscore_t": 0.825491873396065, "teamgold_t": 69.37767322497861, "vision_score_t": 1.1581192008636134, "wards_placed_t": 0.07784431137724551, "gold_graph_diffs_t": 14.856715141146278}