{"id": "EUN1_3558145558", "lvl": 2500, "literal level": "DIAMOND III", "time": 2425, "solokills_t": 0.00577319587628866, "kills_t": 0.03917525773195876, "kp": 0.5415329768270943, "deaths_t": 0.03917525773195876, "assists_t": 0.06762886597938145, "csscore_t": 0.7645360824742268, "teamgold_t": 68.84288659793815, "vision_score_t": 1.0142676254210747, "wards_placed_t": 0.06804123711340206, "gold_graph_diffs_t": 13.799587628865979}