{"id": "EUN1_3565295006", "lvl": 2700, "literal level": "DIAMOND I", "time": 1548, "solokills_t": 0.008397932816537468, "kills_t": 0.04392764857881137, "kp": 0.46931918656056587, "deaths_t": 0.04392764857881137, "assists_t": 0.060723514211886306, "csscore_t": 0.9018087855297158, "teamgold_t": 70.46317829457364, "vision_score_t": 1.0285697523441821, "wards_placed_t": 0.08074935400516796, "gold_graph_diffs_t": 13.53811369509044}