{"id": "EUN1_3566045870", "lvl": 3000, "literal level": "MASTER 200 lp", "time": 1872, "solokills_t": 0.004807692307692308, "kills_t": 0.035256410256410256, "kp": 0.495, "deaths_t": 0.035256410256410256, "assists_t": 0.05235042735042735, "csscore_t": 0.8707264957264957, "teamgold_t": 69.0005341880342, "vision_score_t": 1.1582515770926962, "wards_placed_t": 0.07478632478632478, "gold_graph_diffs_t": 15.316773504273504}