{"id": "EUN1_3582436418", "lvl": 3100, "literal level": "MASTER 300 lp", "time": 2599, "solokills_t": 0.003847633705271258, "kills_t": 0.02116198537899192, "kp": 0.5543766578249336, "deaths_t": 0.02116198537899192, "assists_t": 0.037322046941131205, "csscore_t": 0.9107348980377068, "teamgold_t": 62.62370142362447, "vision_score_t": 1.2739816522853546, "wards_placed_t": 0.08233936129280492, "gold_graph_diffs_t": 11.86340900346287}