{"id": "EUN1_3586845354", "lvl": 2300, "literal level": "EMERALD I", "time": 1578, "solokills_t": 0.008238276299112801, "kills_t": 0.031685678073510776, "kp": 0.4238859180035651, "deaths_t": 0.031685678073510776, "assists_t": 0.035487959442332066, "csscore_t": 0.7731305449936628, "teamgold_t": 61.134347275031686, "vision_score_t": 1.0029445011551543, "wards_placed_t": 0.07034220532319392, "gold_graph_diffs_t": 9.673003802281368}