{"id": "EUN1_3583641116", "lvl": 2300, "literal level": "EMERALD I", "time": 2012, "solokills_t": 0.0044731610337972166, "kills_t": 0.032803180914512925, "kp": 0.49870967741935485, "deaths_t": 0.032803180914512925, "assists_t": 0.04920477137176938, "csscore_t": 0.911530815109344, "teamgold_t": 67.46918489065607, "vision_score_t": 1.36094705740772, "wards_placed_t": 0.09244532803180915, "gold_graph_diffs_t": 12.673956262425447}