{"id": "EUN1_3579916253", "lvl": 2700, "literal level": "DIAMOND I", "time": 1996, "solokills_t": 0.004008016032064128, "kills_t": 0.034569138276553106, "kp": 0.5302521008403361, "deaths_t": 0.034569138276553106, "assists_t": 0.05711422845691383, "csscore_t": 0.8722444889779559, "teamgold_t": 68.44238476953907, "vision_score_t": 1.0561557389667233, "wards_placed_t": 0.06813627254509018, "gold_graph_diffs_t": 14.205911823647295}