{"id": "EUN1_3554181895", "lvl": 2500, "literal level": "DIAMOND III", "time": 2068, "solokills_t": 0.008220502901353965, "kills_t": 0.035783365570599614, "kp": 0.4722727272727273, "deaths_t": 0.035783365570599614, "assists_t": 0.049806576402321084, "csscore_t": 0.847678916827853, "teamgold_t": 67.29738878143134, "vision_score_t": 0.9476501203924684, "wards_placed_t": 0.0551257253384913, "gold_graph_diffs_t": 12.147485493230175}