{"id": "EUN1_3584583579", "lvl": 2400, "literal level": "DIAMOND IV", "time": 1477, "solokills_t": 0.009478672985781991, "kills_t": 0.034529451591062965, "kp": 0.4095238095238095, "deaths_t": 0.034529451591062965, "assists_t": 0.03588354773188896, "csscore_t": 0.994583615436696, "teamgold_t": 68.98849018280298, "vision_score_t": 0.8901223958075789, "wards_placed_t": 0.06364251861882193, "gold_graph_diffs_t": 12.616113744075829}