{"id": "EUN1_3549888163", "lvl": 2100, "literal level": "EMERALD III", "time": 2170, "solokills_t": 0.014746543778801843, "kills_t": 0.04377880184331797, "kp": 0.40573622402890697, "deaths_t": 0.04423963133640553, "assists_t": 0.04608294930875576, "csscore_t": 0.8474654377880184, "teamgold_t": 68.81152073732719, "vision_score_t": 1.0165378067342472, "wards_placed_t": 0.07050691244239632, "gold_graph_diffs_t": 13.817050691244239}