{"id": "EUN1_3571629664", "lvl": 2400, "literal level": "DIAMOND IV", "time": 1765, "solokills_t": 0.009065155807365438, "kills_t": 0.04305949008498584, "kp": 0.47173913043478255, "deaths_t": 0.04305949008498584, "assists_t": 0.057223796033994336, "csscore_t": 0.8498583569405099, "teamgold_t": 67.79320113314448, "vision_score_t": 1.0138735819970932, "wards_placed_t": 0.07252124645892351, "gold_graph_diffs_t": 14.929745042492918}