{"id": "EUN1_3531902330", "lvl": 3000, "literal level": "MASTER 200 lp", "time": 1769, "solokills_t": 0.011871113623516111, "kills_t": 0.0423968343697004, "kp": 0.4600449775112444, "deaths_t": 0.0423968343697004, "assists_t": 0.053702656868287166, "csscore_t": 0.9807801017524025, "teamgold_t": 73.59694742792539, "vision_score_t": 0.8879160583880676, "wards_placed_t": 0.054833239118145846, "gold_graph_diffs_t": 15.759751271905031}