{"id": "EUN1_3538043237", "lvl": 2200, "literal level": "EMERALD II", "time": 2202, "solokills_t": 0.005449591280653951, "kills_t": 0.04178019981834696, "kp": 0.512960306073649, "deaths_t": 0.04223433242506812, "assists_t": 0.0653950953678474, "csscore_t": 0.8033605812897366, "teamgold_t": 69.59627611262489, "vision_score_t": 0.9429715819589239, "wards_placed_t": 0.05631244323342416, "gold_graph_diffs_t": 11.252043596730244}