{"id": "EUN1_3576273970", "lvl": 2600, "literal level": "DIAMOND II", "time": 1930, "solokills_t": 0.00466321243523316, "kills_t": 0.035751295336787565, "kp": 0.4788006756756757, "deaths_t": 0.035751295336787565, "assists_t": 0.05077720207253886, "csscore_t": 0.8398963730569948, "teamgold_t": 68.30310880829016, "vision_score_t": 1.0126588701631611, "wards_placed_t": 0.06269430051813471, "gold_graph_diffs_t": 11.703108808290155}