{"id": "EUN1_3564822504", "lvl": 2300, "literal level": "EMERALD I", "time": 2070, "solokills_t": 0.007729468599033816, "kills_t": 0.0391304347826087, "kp": 0.47407862407862406, "deaths_t": 0.0391304347826087, "assists_t": 0.05314009661835749, "csscore_t": 0.9241545893719807, "teamgold_t": 73.59613526570048, "vision_score_t": 1.1106531024565443, "wards_placed_t": 0.07971014492753623, "gold_graph_diffs_t": 10.82415458937198}