{"id": "EUN1_3558132243", "lvl": 2600, "literal level": "DIAMOND II", "time": 1631, "solokills_t": 0.010423053341508276, "kills_t": 0.03494788473329246, "kp": 0.4289473684210526, "deaths_t": 0.03494788473329246, "assists_t": 0.03740036787247088, "csscore_t": 0.8761496014714899, "teamgold_t": 66.0, "vision_score_t": 0.8246647341259041, "wards_placed_t": 0.05518087063151441, "gold_graph_diffs_t": 14.022072348252605}