{"id": "EUN1_3570944141", "lvl": 2600, "literal level": "DIAMOND II", "time": 1752, "solokills_t": 0.01141552511415525, "kills_t": 0.04052511415525114, "kp": 0.4658870967741936, "deaths_t": 0.04052511415525114, "assists_t": 0.053082191780821915, "csscore_t": 0.833904109589041, "teamgold_t": 67.49486301369863, "vision_score_t": 0.8521669647541776, "wards_placed_t": 0.05878995433789954, "gold_graph_diffs_t": 13.878424657534246}