{"id": "EUN1_3583955937", "lvl": 2500, "literal level": "DIAMOND III", "time": 1571, "solokills_t": 0.006365372374283896, "kills_t": 0.028007638446849142, "kp": 0.44571428571428573, "deaths_t": 0.028007638446849142, "assists_t": 0.033099936346276254, "csscore_t": 0.9045194143857416, "teamgold_t": 63.842775302355186, "vision_score_t": 0.9673899148768245, "wards_placed_t": 0.06429026098026734, "gold_graph_diffs_t": 12.567154678548695}