{"id": "EUN1_3565965342", "lvl": 2600, "literal level": "DIAMOND II", "time": 1680, "solokills_t": 0.006547619047619048, "kills_t": 0.042261904761904764, "kp": 0.5031028368794327, "deaths_t": 0.042261904761904764, "assists_t": 0.06369047619047619, "csscore_t": 0.950595238095238, "teamgold_t": 74.4, "vision_score_t": 0.9464028686353236, "wards_placed_t": 0.06666666666666667, "gold_graph_diffs_t": 15.792857142857143}