{"id": "EUN1_3573638278", "lvl": 2400, "literal level": "DIAMOND IV", "time": 1843, "solokills_t": 0.0065111231687466084, "kills_t": 0.03581117742810635, "kp": 0.5232692307692307, "deaths_t": 0.03581117742810635, "assists_t": 0.05642973412913728, "csscore_t": 0.8795442213781878, "teamgold_t": 68.87140531741726, "vision_score_t": 0.9413388925791079, "wards_placed_t": 0.06565382528486163, "gold_graph_diffs_t": 11.899077590884428}