{"id": "EUN1_3575915258", "lvl": 2400, "literal level": "DIAMOND IV", "time": 1699, "solokills_t": 0.003531489111241907, "kills_t": 0.03825779870512066, "kp": 0.5142992424242424, "deaths_t": 0.03825779870512066, "assists_t": 0.06003531489111242, "csscore_t": 0.8287227781047675, "teamgold_t": 70.87110064743968, "vision_score_t": 0.9910337595406549, "wards_placed_t": 0.06356680400235433, "gold_graph_diffs_t": 17.616244849911713}