{"id": "EUN1_3565692574", "lvl": 3100, "literal level": "MASTER 300 lp", "time": 1306, "solokills_t": 0.004594180704441042, "kills_t": 0.03139356814701378, "kp": 0.4552197802197802, "deaths_t": 0.032924961715160794, "assists_t": 0.04058192955589587, "csscore_t": 0.8744257274119449, "teamgold_t": 66.27411944869831, "vision_score_t": 0.7562637887357371, "wards_placed_t": 0.043644716692189896, "gold_graph_diffs_t": 11.952526799387442}