{"id": "EUN1_3586441704", "lvl": 2300, "literal level": "EMERALD I", "time": 979, "solokills_t": 0.007150153217568948, "kills_t": 0.026557711950970377, "kp": 0.4015037593984962, "deaths_t": 0.026557711950970377, "assists_t": 0.028600612870275793, "csscore_t": 0.9223697650663942, "teamgold_t": 59.28089887640449, "vision_score_t": 0.6399707291088983, "wards_placed_t": 0.04800817160367722, "gold_graph_diffs_t": 10.81511746680286}