{"id": "EUN1_3582565164", "lvl": 3000, "literal level": "MASTER 200 lp", "time": 1751, "solokills_t": 0.006282124500285551, "kills_t": 0.023986293546544833, "kp": 0.5222727272727272, "deaths_t": 0.023986293546544833, "assists_t": 0.038834951456310676, "csscore_t": 0.9354654483152485, "teamgold_t": 62.23415191319246, "vision_score_t": 1.1317410772200416, "wards_placed_t": 0.07424328954882924, "gold_graph_diffs_t": 9.690462592804112}