{"id": "EUN1_3527705099", "lvl": 2800, "literal level": "MASTER 0 lp", "time": 1343, "solokills_t": 0.004467609828741623, "kills_t": 0.04095309009679821, "kp": 0.5378571428571428, "deaths_t": 0.04095309009679821, "assists_t": 0.07297096053611318, "csscore_t": 0.9664929262844378, "teamgold_t": 74.28965003723007, "vision_score_t": 0.9758675225224737, "wards_placed_t": 0.06850335070737155, "gold_graph_diffs_t": 14.913626209977663}