{"id": "EUN1_3564346907", "lvl": 2100, "literal level": "EMERALD III", "time": 1651, "solokills_t": 0.0072683222289521504, "kills_t": 0.044215626892792244, "kp": 0.508933933933934, "deaths_t": 0.044215626892792244, "assists_t": 0.06844336765596608, "csscore_t": 0.7789218655360388, "teamgold_t": 69.00726832222895, "vision_score_t": 0.9343101125333122, "wards_placed_t": 0.06602059357964869, "gold_graph_diffs_t": 15.118715929739551}