{"id": "EUN1_3585998005", "lvl": 2200, "literal level": "EMERALD II", "time": 2006, "solokills_t": 0.005982053838484547, "kills_t": 0.031904287138584245, "kp": 0.5805668016194332, "deaths_t": 0.031904287138584245, "assists_t": 0.05782652043868395, "csscore_t": 0.8818544366899302, "teamgold_t": 65.42671984047857, "vision_score_t": 0.9377071641935464, "wards_placed_t": 0.06380857427716849, "gold_graph_diffs_t": 12.54037886340977}