{"id": "EUN1_3566224857", "lvl": 2700, "literal level": "DIAMOND I", "time": 2354, "solokills_t": 0.006372132540356839, "kills_t": 0.03016142735768904, "kp": 0.48084935897435893, "deaths_t": 0.03058623619371283, "assists_t": 0.04290569243840272, "csscore_t": 0.935429056924384, "teamgold_t": 68.45964316057774, "vision_score_t": 1.054740967476815, "wards_placed_t": 0.06881903143585387, "gold_graph_diffs_t": 14.039932030586236}