{"id": "EUN1_3575727258", "lvl": 2400, "literal level": "DIAMOND IV", "time": 912, "solokills_t": 0.015350877192982455, "kills_t": 0.027412280701754384, "kp": 0.2869047619047619, "deaths_t": 0.027412280701754384, "assists_t": 0.015350877192982455, "csscore_t": 0.9747807017543859, "teamgold_t": 60.391447368421055, "vision_score_t": 0.8755218798429208, "wards_placed_t": 0.05701754385964912, "gold_graph_diffs_t": 11.854166666666666}