{"id": "EUN1_3563500998", "lvl": 2800, "literal level": "MASTER 0 lp", "time": 2018, "solokills_t": 0.003964321110009911, "kills_t": 0.028245787908820614, "kp": 0.5553030303030303, "deaths_t": 0.028245787908820614, "assists_t": 0.049554013875123884, "csscore_t": 0.902378592666006, "teamgold_t": 65.94053518334985, "vision_score_t": 0.9787715250380836, "wards_placed_t": 0.05847373637264618, "gold_graph_diffs_t": 13.331020812685827}