{"id": "EUN1_3553351937", "lvl": 2400, "literal level": "DIAMOND IV", "time": 1374, "solokills_t": 0.019650655021834062, "kills_t": 0.04148471615720524, "kp": 0.3475324675324675, "deaths_t": 0.042212518195050945, "assists_t": 0.029839883551673944, "csscore_t": 0.9199417758369723, "teamgold_t": 69.15502183406113, "vision_score_t": 1.0550884522257884, "wards_placed_t": 0.06695778748180495, "gold_graph_diffs_t": 11.032751091703057}