{"id": "EUN1_3529524178", "lvl": 3000, "literal level": "MASTER 200 lp", "time": 2066, "solokills_t": 0.009196515004840271, "kills_t": 0.047918683446272994, "kp": 0.4385714285714286, "deaths_t": 0.047918683446272994, "assists_t": 0.057115198451113264, "csscore_t": 0.9114230396902226, "teamgold_t": 75.76379477250725, "vision_score_t": 1.127088739575797, "wards_placed_t": 0.07696030977734754, "gold_graph_diffs_t": 13.718296224588578}