{"id": "EUN1_3565430973", "lvl": 2500, "literal level": "DIAMOND III", "time": 1821, "solokills_t": 0.001098297638660077, "kills_t": 0.029104887424492038, "kp": 0.5237878787878789, "deaths_t": 0.029104887424492038, "assists_t": 0.04832509610104338, "csscore_t": 0.9313563975837452, "teamgold_t": 65.73970345963757, "vision_score_t": 1.0692743410473597, "wards_placed_t": 0.07084019769357495, "gold_graph_diffs_t": 12.646897309170786}