{"id": "EUN1_3582791196", "lvl": 2600, "literal level": "DIAMOND II", "time": 1141, "solokills_t": 0.011393514460999123, "kills_t": 0.03067484662576687, "kp": 0.3821428571428571, "deaths_t": 0.03067484662576687, "assists_t": 0.028921998247151623, "csscore_t": 0.8702892199824716, "teamgold_t": 63.455740578439965, "vision_score_t": 0.771586527457255, "wards_placed_t": 0.05696757230499562, "gold_graph_diffs_t": 18.484662576687118}