{"id": "EUN1_3567896045", "lvl": 2600, "literal level": "DIAMOND II", "time": 2022, "solokills_t": 0.009396636993076163, "kills_t": 0.043521266073194856, "kp": 0.5073498964803312, "deaths_t": 0.043521266073194856, "assists_t": 0.06676557863501484, "csscore_t": 0.9416419386745796, "teamgold_t": 72.84421364985164, "vision_score_t": 1.105367965187506, "wards_placed_t": 0.07270029673590504, "gold_graph_diffs_t": 11.8837784371909}