{"id": "EUN1_3590355122", "lvl": 3100, "literal level": "MASTER 300 lp", "time": 2476, "solokills_t": 0.005250403877221325, "kills_t": 0.033117932148626815, "kp": 0.470125, "deaths_t": 0.033117932148626815, "assists_t": 0.045234248788368334, "csscore_t": 0.8760096930533118, "teamgold_t": 69.06946688206786, "vision_score_t": 1.3458404642042132, "wards_placed_t": 0.07835218093699516, "gold_graph_diffs_t": 14.514539579967689}