{"id": "EUN1_3575485239", "lvl": 3700, "literal level": "MASTER 100 lp", "time": 1190, "solokills_t": 0.0058823529411764705, "kills_t": 0.03697478991596639, "kp": 0.49172413793103453, "deaths_t": 0.03697478991596639, "assists_t": 0.0546218487394958, "csscore_t": 0.8823529411764706, "teamgold_t": 64.84453781512605, "vision_score_t": 0.9841470410073974, "wards_placed_t": 0.0680672268907563, "gold_graph_diffs_t": 11.042857142857143}