{"id": "EUN1_3576346685", "lvl": 3500, "literal level": "MASTER 300 lp", "time": 1631, "solokills_t": 0.009809932556713672, "kills_t": 0.030656039239730228, "kp": 0.4514285714285714, "deaths_t": 0.030656039239730228, "assists_t": 0.03678724708767627, "csscore_t": 0.9632127529123238, "teamgold_t": 66.54935622317596, "vision_score_t": 0.8444961275664971, "wards_placed_t": 0.05334150827713059, "gold_graph_diffs_t": 13.600245248313918}