{"id": "EUN1_3575337578", "lvl": 3600, "literal level": "MASTER 0 lp", "time": 2097, "solokills_t": 0.010014306151645207, "kills_t": 0.030042918454935622, "kp": 0.42071428571428565, "deaths_t": 0.030042918454935622, "assists_t": 0.032904148783977114, "csscore_t": 0.95517405817835, "teamgold_t": 69.70243204577969, "vision_score_t": 1.0445876496198747, "wards_placed_t": 0.07010014306151645, "gold_graph_diffs_t": 14.571292322365284}