{"id": "EUN1_3560438755", "lvl": 3500, "literal level": "MASTER 300 lp", "time": 1989, "solokills_t": 0.005530417295123178, "kills_t": 0.03720462543991956, "kp": 0.5117216117216117, "deaths_t": 0.03720462543991956, "assists_t": 0.058823529411764705, "csscore_t": 0.8496732026143791, "teamgold_t": 66.5274007038713, "vision_score_t": 1.075894290760534, "wards_placed_t": 0.0628456510809452, "gold_graph_diffs_t": 12.368526897938663}