{"id": "EUN1_3576229019", "lvl": 3500, "literal level": "MASTER 300 lp", "time": 1972, "solokills_t": 0.009127789046653144, "kills_t": 0.03600405679513185, "kp": 0.5279809220985692, "deaths_t": 0.03600405679513185, "assists_t": 0.05831643002028398, "csscore_t": 0.8367139959432048, "teamgold_t": 69.99188640973631, "vision_score_t": 1.0887024656869742, "wards_placed_t": 0.07099391480730223, "gold_graph_diffs_t": 17.04868154158215}