{"id": "EUN1_3586423978", "lvl": 3600, "literal level": "MASTER 0 lp", "time": 1034, "solokills_t": 0.005802707930367505, "kills_t": 0.02321083172147002, "kp": 0.42210526315789476, "deaths_t": 0.02321083172147002, "assists_t": 0.029980657640232108, "csscore_t": 0.9497098646034816, "teamgold_t": 63.725338491295936, "vision_score_t": 0.6280759864707247, "wards_placed_t": 0.04932301740812379, "gold_graph_diffs_t": 11.545454545454545}