{"id": "EUN1_3586468743", "lvl": 3900, "literal level": "MASTER 300 lp", "time": 1548, "solokills_t": 0.004521963824289405, "kills_t": 0.03940568475452196, "kp": 0.4888513513513513, "deaths_t": 0.03940568475452196, "assists_t": 0.05749354005167959, "csscore_t": 0.9089147286821705, "teamgold_t": 72.76356589147287, "vision_score_t": 0.8375747113154984, "wards_placed_t": 0.05813953488372093, "gold_graph_diffs_t": 10.808785529715763}