{"id": "EUN1_3574157427", "lvl": 3700, "literal level": "MASTER 100 lp", "time": 1468, "solokills_t": 0.0034059945504087193, "kills_t": 0.03474114441416894, "kp": 0.5364864864864864, "deaths_t": 0.03474114441416894, "assists_t": 0.06130790190735695, "csscore_t": 0.9325613079019074, "teamgold_t": 70.25408719346049, "vision_score_t": 1.0073288419905495, "wards_placed_t": 0.0667574931880109, "gold_graph_diffs_t": 14.766348773841962}