{"id": "EUN1_3575900529", "lvl": 3800, "literal level": "MASTER 200 lp", "time": 1413, "solokills_t": 0.00778485491861288, "kills_t": 0.03255484784147204, "kp": 0.4218253968253968, "deaths_t": 0.03255484784147204, "assists_t": 0.036093418259023353, "csscore_t": 0.9384288747346072, "teamgold_t": 67.07855626326963, "vision_score_t": 1.0153218342478685, "wards_placed_t": 0.07714083510261854, "gold_graph_diffs_t": 14.413305024769993}