{"id": "EUN1_3577411827", "lvl": 3900, "literal level": "MASTER 300 lp", "time": 1694, "solokills_t": 0.007674144037780401, "kills_t": 0.04073199527744982, "kp": 0.5235241502683363, "deaths_t": 0.04073199527744982, "assists_t": 0.06552538370720189, "csscore_t": 0.8801652892561983, "teamgold_t": 71.11629279811098, "vision_score_t": 0.9439888076609819, "wards_placed_t": 0.06198347107438017, "gold_graph_diffs_t": 16.843565525383706}