{"id": "EUN1_3575696698", "lvl": 3400, "literal level": "MASTER 200 lp", "time": 1573, "solokills_t": 0.012714558169103624, "kills_t": 0.03877940241576605, "kp": 0.42222222222222233, "deaths_t": 0.03877940241576605, "assists_t": 0.043865225683407505, "csscore_t": 0.9485060394151303, "teamgold_t": 71.38906547997458, "vision_score_t": 0.8710761661889688, "wards_placed_t": 0.06357279084551812, "gold_graph_diffs_t": 15.064844246662428}