{"id": "EUN1_3575860979", "lvl": 3500, "literal level": "MASTER 300 lp", "time": 1494, "solokills_t": 0.008701472556894244, "kills_t": 0.04752342704149933, "kp": 0.4625806451612903, "deaths_t": 0.04752342704149933, "assists_t": 0.06291834002677377, "csscore_t": 0.8681392235609103, "teamgold_t": 73.04149933065595, "vision_score_t": 1.0528298425242903, "wards_placed_t": 0.06291834002677377, "gold_graph_diffs_t": 11.898259705488622}