{"id": "EUN1_3588051464", "lvl": 3700, "literal level": "MASTER 100 lp", "time": 1767, "solokills_t": 0.009054895302773062, "kills_t": 0.04357668364459536, "kp": 0.4537878787878788, "deaths_t": 0.04357668364459536, "assists_t": 0.05602716468590832, "csscore_t": 0.9309564233163554, "teamgold_t": 75.02490096208263, "vision_score_t": 1.026153293892468, "wards_placed_t": 0.0690435766836446, "gold_graph_diffs_t": 11.934917940011319}