{"id": "EUN1_3577084119", "lvl": 3500, "literal level": "MASTER 300 lp", "time": 916, "solokills_t": 0.004366812227074236, "kills_t": 0.02947598253275109, "kp": 0.44605263157894737, "deaths_t": 0.03056768558951965, "assists_t": 0.036026200873362446, "csscore_t": 0.9465065502183406, "teamgold_t": 62.463973799126634, "vision_score_t": 0.9205315394616319, "wards_placed_t": 0.0665938864628821, "gold_graph_diffs_t": 11.195414847161572}