{"id": "EUN1_3576259215", "lvl": 3600, "literal level": "MASTER 0 lp", "time": 1196, "solokills_t": 0.005852842809364548, "kills_t": 0.029264214046822744, "kp": 0.47132867132867134, "deaths_t": 0.029264214046822744, "assists_t": 0.04180602006688963, "csscore_t": 0.9857859531772575, "teamgold_t": 65.99080267558529, "vision_score_t": 0.8341873653558721, "wards_placed_t": 0.05434782608695652, "gold_graph_diffs_t": 9.982441471571907}