{"id": "EUN1_3558807308", "lvl": 3500, "literal level": "MASTER 300 lp", "time": 1764, "solokills_t": 0.009070294784580499, "kills_t": 0.027777777777777776, "kp": 0.44882352941176473, "deaths_t": 0.027777777777777776, "assists_t": 0.032879818594104306, "csscore_t": 1.0187074829931972, "teamgold_t": 66.58616780045351, "vision_score_t": 0.9221269523823109, "wards_placed_t": 0.06575963718820861, "gold_graph_diffs_t": 13.408163265306122}