{"id": "EUN1_3577789076", "lvl": 3400, "literal level": "MASTER 200 lp", "time": 1230, "solokills_t": 0.0065040650406504065, "kills_t": 0.03414634146341464, "kp": 0.45357142857142857, "deaths_t": 0.03414634146341464, "assists_t": 0.041463414634146344, "csscore_t": 0.9926829268292683, "teamgold_t": 70.10569105691057, "vision_score_t": 0.9143278546224763, "wards_placed_t": 0.06504065040650407, "gold_graph_diffs_t": 16.88130081300813}