{"id": "EUN1_3583298974", "lvl": 3500, "literal level": "MASTER 300 lp", "time": 1452, "solokills_t": 0.006198347107438017, "kills_t": 0.0371900826446281, "kp": 0.5570356472795497, "deaths_t": 0.0371900826446281, "assists_t": 0.06818181818181818, "csscore_t": 0.8629476584022039, "teamgold_t": 68.05853994490359, "vision_score_t": 0.8789763822066762, "wards_placed_t": 0.05647382920110193, "gold_graph_diffs_t": 14.862947658402204}