{"id": "EUN1_3563783317", "lvl": 3400, "literal level": "MASTER 200 lp", "time": 2263, "solokills_t": 0.007070260715863898, "kills_t": 0.037560760053026956, "kp": 0.49390919158361024, "deaths_t": 0.037560760053026956, "assists_t": 0.0552364118426867, "csscore_t": 0.9200176756517897, "teamgold_t": 71.14759169244365, "vision_score_t": 1.0013975191607827, "wards_placed_t": 0.06539991162174105, "gold_graph_diffs_t": 13.84577993813522}