{"id": "EUN1_3575947301", "lvl": 3900, "literal level": "MASTER 300 lp", "time": 911, "solokills_t": 0.012074643249176729, "kills_t": 0.03293084522502744, "kp": 0.3571428571428571, "deaths_t": 0.03293084522502744, "assists_t": 0.029637760702524697, "csscore_t": 0.8529088913282108, "teamgold_t": 64.42041712403952, "vision_score_t": 0.6878941169784818, "wards_placed_t": 0.05159165751920966, "gold_graph_diffs_t": 15.443468715697037}