{"id": "EUN1_3573689564", "lvl": 3700, "literal level": "MASTER 100 lp", "time": 1159, "solokills_t": 0.0060396893874029335, "kills_t": 0.028472821397756688, "kp": 0.4318181818181818, "deaths_t": 0.028472821397756688, "assists_t": 0.031061259706643658, "csscore_t": 0.9879206212251941, "teamgold_t": 64.41328731665229, "vision_score_t": 0.8313642531209423, "wards_placed_t": 0.059534081104400345, "gold_graph_diffs_t": 11.160483175150992}