{"id": "EUN1_3577861584", "lvl": 3600, "literal level": "MASTER 0 lp", "time": 1414, "solokills_t": 0.012022630834512023, "kills_t": 0.04526166902404526, "kp": 0.4258333333333333, "deaths_t": 0.04526166902404526, "assists_t": 0.048797736916548796, "csscore_t": 0.8946251768033946, "teamgold_t": 73.80480905233381, "vision_score_t": 0.9425363618409994, "wards_placed_t": 0.06082036775106082, "gold_graph_diffs_t": 18.026874115983027}