{"id": "EUN1_3573079305", "lvl": 3400, "literal level": "MASTER 200 lp", "time": 1869, "solokills_t": 0.00749063670411985, "kills_t": 0.03745318352059925, "kp": 0.4878289473684211, "deaths_t": 0.03745318352059925, "assists_t": 0.05350454788657036, "csscore_t": 0.9502407704654896, "teamgold_t": 69.48582129481007, "vision_score_t": 1.0474149789215719, "wards_placed_t": 0.06795077581594436, "gold_graph_diffs_t": 12.288389513108614}