{"id": "EUN1_3575973455", "lvl": 3500, "literal level": "MASTER 300 lp", "time": 1276, "solokills_t": 0.0054858934169279, "kills_t": 0.034482758620689655, "kp": 0.4401785714285714, "deaths_t": 0.034482758620689655, "assists_t": 0.04623824451410658, "csscore_t": 0.9122257053291536, "teamgold_t": 65.35266457680251, "vision_score_t": 0.9271030789845252, "wards_placed_t": 0.06739811912225706, "gold_graph_diffs_t": 13.929467084639498}