{"id": "EUN1_3554281836", "lvl": 3000, "literal level": "MASTER 200 lp", "time": 1283, "solokills_t": 0.009353078721745909, "kills_t": 0.03117692907248636, "kp": 0.45466666666666666, "deaths_t": 0.03117692907248636, "assists_t": 0.03975058456742011, "csscore_t": 0.9017926734216679, "teamgold_t": 67.551831644583, "vision_score_t": 0.9361243858978018, "wards_placed_t": 0.06313328137178488, "gold_graph_diffs_t": 13.318004676539362}