{"id": "EUN1_3578064521", "lvl": 3600, "literal level": "MASTER 0 lp", "time": 1334, "solokills_t": 0.008245877061469266, "kills_t": 0.03673163418290855, "kp": 0.4335227272727272, "deaths_t": 0.03673163418290855, "assists_t": 0.04422788605697151, "csscore_t": 0.9355322338830585, "teamgold_t": 69.02998500749625, "vision_score_t": 0.8493765695643545, "wards_placed_t": 0.06446776611694154, "gold_graph_diffs_t": 15.430284857571214}