{"id": "EUN1_3573445615", "lvl": 3400, "literal level": "MASTER 200 lp", "time": 2042, "solokills_t": 0.006366307541625857, "kills_t": 0.030852105778648383, "kp": 0.48857142857142855, "deaths_t": 0.030852105778648383, "assists_t": 0.044564152791381, "csscore_t": 1.0063663075416258, "teamgold_t": 70.46620959843291, "vision_score_t": 1.0830309172290522, "wards_placed_t": 0.07247796278158668, "gold_graph_diffs_t": 12.122428991185112}