{"id": "EUN1_3589231945", "lvl": 3600, "literal level": "MASTER 0 lp", "time": 1357, "solokills_t": 0.007369196757553427, "kills_t": 0.03316138540899042, "kp": 0.44159482758620694, "deaths_t": 0.03316138540899042, "assists_t": 0.039056742815033164, "csscore_t": 0.9233603537214443, "teamgold_t": 67.63227708179808, "vision_score_t": 0.916355881408462, "wards_placed_t": 0.05969049373618276, "gold_graph_diffs_t": 13.27855563743552}