{"id": "EUN1_3588113452", "lvl": 3600, "literal level": "MASTER 0 lp", "time": 1475, "solokills_t": 0.008813559322033898, "kills_t": 0.033220338983050844, "kp": 0.475, "deaths_t": 0.033220338983050844, "assists_t": 0.04949152542372881, "csscore_t": 0.8854237288135594, "teamgold_t": 65.52745762711865, "vision_score_t": 0.9571492009527537, "wards_placed_t": 0.07457627118644068, "gold_graph_diffs_t": 14.057627118644067}