{"id": "EUN1_3577323669", "lvl": 3600, "literal level": "MASTER 0 lp", "time": 2249, "solokills_t": 0.004446420631391729, "kills_t": 0.03912850155624722, "kp": 0.5848861283643892, "deaths_t": 0.03912850155624722, "assists_t": 0.0755891507336594, "csscore_t": 0.7776789684304135, "teamgold_t": 69.74388617163184, "vision_score_t": 1.078876291450006, "wards_placed_t": 0.07203201422854602, "gold_graph_diffs_t": 12.965762561138284}