{"id": "EUN1_3578306626", "lvl": 3900, "literal level": "MASTER 300 lp", "time": 2181, "solokills_t": 0.0036680421824850985, "kills_t": 0.02888583218707015, "kp": 0.5046370967741935, "deaths_t": 0.02888583218707015, "assists_t": 0.04401650618982118, "csscore_t": 0.9495644199908299, "teamgold_t": 67.68179734066942, "vision_score_t": 1.1835995760249625, "wards_placed_t": 0.07290233837689133, "gold_graph_diffs_t": 13.375515818431913}