{"id": "EUN1_3590837348", "lvl": 3500, "literal level": "MASTER 300 lp", "time": 1817, "solokills_t": 0.009906439185470555, "kills_t": 0.036873968079251515, "kp": 0.46228893058161347, "deaths_t": 0.036873968079251515, "assists_t": 0.05283434232250963, "csscore_t": 0.906989543203082, "teamgold_t": 69.30049532195927, "vision_score_t": 1.044163800995418, "wards_placed_t": 0.07649972482113374, "gold_graph_diffs_t": 15.080352228948817}