{"id": "EUN1_3573792672", "lvl": 3600, "literal level": "MASTER 0 lp", "time": 1980, "solokills_t": 0.0030303030303030303, "kills_t": 0.028282828282828285, "kp": 0.5145092460881935, "deaths_t": 0.028282828282828285, "assists_t": 0.04393939393939394, "csscore_t": 0.9333333333333333, "teamgold_t": 65.3949494949495, "vision_score_t": 1.1135589645681594, "wards_placed_t": 0.0803030303030303, "gold_graph_diffs_t": 12.434343434343434}