{"id": "EUN1_3579426973", "lvl": 3800, "literal level": "MASTER 200 lp", "time": 980, "solokills_t": 0.004081632653061225, "kills_t": 0.02959183673469388, "kp": 0.48690476190476184, "deaths_t": 0.02959183673469388, "assists_t": 0.044897959183673466, "csscore_t": 0.8887755102040816, "teamgold_t": 63.26122448979592, "vision_score_t": 0.9746668685272379, "wards_placed_t": 0.06938775510204082, "gold_graph_diffs_t": 14.26530612244898}