{"id": "EUN1_3575887429", "lvl": 3500, "literal level": "MASTER 300 lp", "time": 913, "solokills_t": 0.009857612267250822, "kills_t": 0.028477546549835708, "kp": 0.35187969924812024, "deaths_t": 0.028477546549835708, "assists_t": 0.024096385542168676, "csscore_t": 0.9737130339539978, "teamgold_t": 63.07557502738226, "vision_score_t": 0.7492653510544188, "wards_placed_t": 0.05805038335158817, "gold_graph_diffs_t": 11.491785323110625}