{"id": "EUN1_3575693647", "lvl": 3100, "literal level": "MASTER 300 lp", "time": 1754, "solokills_t": 0.0068415051311288486, "kills_t": 0.04047890535917902, "kp": 0.49382608695652175, "deaths_t": 0.04047890535917902, "assists_t": 0.06556442417331813, "csscore_t": 0.8483466362599772, "teamgold_t": 66.67103762827823, "vision_score_t": 0.9045658242240704, "wards_placed_t": 0.05701254275940707, "gold_graph_diffs_t": 12.520524515393387}