{"id": "EUN1_3584613100", "lvl": 3500, "literal level": "MASTER 300 lp", "time": 1630, "solokills_t": 0.009202453987730062, "kills_t": 0.0392638036809816, "kp": 0.45724137931034486, "deaths_t": 0.0392638036809816, "assists_t": 0.050920245398773004, "csscore_t": 0.8263803680981595, "teamgold_t": 67.29263803680982, "vision_score_t": 0.8248116936238891, "wards_placed_t": 0.05950920245398773, "gold_graph_diffs_t": 16.26073619631902}