{"id": "EUN1_3582864043", "lvl": 3800, "literal level": "MASTER 200 lp", "time": 1423, "solokills_t": 0.012649332396345749, "kills_t": 0.044975404075895994, "kp": 0.4813636363636363, "deaths_t": 0.044975404075895994, "assists_t": 0.054111033028812365, "csscore_t": 0.8882642304989459, "teamgold_t": 72.46240337315531, "vision_score_t": 0.6442574750868337, "wards_placed_t": 0.04778636683063949, "gold_graph_diffs_t": 14.030920590302179}