{"id": "EUN1_3581010990", "lvl": 3700, "literal level": "MASTER 100 lp", "time": 1383, "solokills_t": 0.008676789587852495, "kills_t": 0.044107013738250184, "kp": 0.5162471395881008, "deaths_t": 0.044107013738250184, "assists_t": 0.07086044830079537, "csscore_t": 0.8503253796095445, "teamgold_t": 70.47794649313087, "vision_score_t": 0.9378754390775279, "wards_placed_t": 0.06869125090383225, "gold_graph_diffs_t": 17.342733188720175}