{"id": "EUN1_3577808678", "lvl": 3700, "literal level": "MASTER 100 lp", "time": 1520, "solokills_t": 0.0125, "kills_t": 0.049342105263157895, "kp": 0.45, "deaths_t": 0.049342105263157895, "assists_t": 0.06118421052631579, "csscore_t": 0.8763157894736842, "teamgold_t": 74.66315789473684, "vision_score_t": 0.9455933317397396, "wards_placed_t": 0.07171052631578947, "gold_graph_diffs_t": 14.638157894736842}