{"id": "EUN1_3575524933", "lvl": 3500, "literal level": "MASTER 300 lp", "time": 1301, "solokills_t": 0.007686395080707148, "kills_t": 0.030745580322828592, "kp": 0.39375000000000004, "deaths_t": 0.030745580322828592, "assists_t": 0.03151421983089931, "csscore_t": 0.930053804765565, "teamgold_t": 66.24442736356649, "vision_score_t": 1.0241697451347798, "wards_placed_t": 0.06610299769408147, "gold_graph_diffs_t": 12.63335895465027}