{"id": "EUN1_3582720964", "lvl": 3800, "literal level": "MASTER 200 lp", "time": 1716, "solokills_t": 0.007575757575757576, "kills_t": 0.04836829836829837, "kp": 0.46033681765389084, "deaths_t": 0.04836829836829837, "assists_t": 0.06293706293706294, "csscore_t": 0.9289044289044289, "teamgold_t": 76.3962703962704, "vision_score_t": 1.090371873818031, "wards_placed_t": 0.07459207459207459, "gold_graph_diffs_t": 14.137529137529137}