{"id": "EUN1_3584818297", "lvl": 3700, "literal level": "MASTER 100 lp", "time": 1659, "solokills_t": 0.006027727546714889, "kills_t": 0.03556359252561784, "kp": 0.4946859903381643, "deaths_t": 0.03556359252561784, "assists_t": 0.05304400241109102, "csscore_t": 0.9180229053646776, "teamgold_t": 70.44484629294756, "vision_score_t": 0.9469403707853324, "wards_placed_t": 0.0644966847498493, "gold_graph_diffs_t": 14.332730560578662}