{"id": "EUN1_3589784626", "lvl": 3600, "literal level": "MASTER 0 lp", "time": 1614, "solokills_t": 0.009913258983890954, "kills_t": 0.04399008674101611, "kp": 0.48703703703703705, "deaths_t": 0.04399008674101611, "assists_t": 0.06381660470879802, "csscore_t": 0.9349442379182156, "teamgold_t": 74.81598513011153, "vision_score_t": 1.069200775946736, "wards_placed_t": 0.07806691449814127, "gold_graph_diffs_t": 13.224907063197026}