{"id": "EUN1_3587380863", "lvl": 3500, "literal level": "MASTER 300 lp", "time": 1834, "solokills_t": 0.008178844056706653, "kills_t": 0.0376226826608506, "kp": 0.4901515151515152, "deaths_t": 0.0376226826608506, "assists_t": 0.05452562704471101, "csscore_t": 0.9601962922573609, "teamgold_t": 71.34242093784079, "vision_score_t": 0.9722979156376107, "wards_placed_t": 0.06324972737186478, "gold_graph_diffs_t": 16.07197382769902}