{"id": "EUN1_3572222908", "lvl": 3500, "literal level": "MASTER 300 lp", "time": 1623, "solokills_t": 0.008009858287122612, "kills_t": 0.038817005545286505, "kp": 0.4477564102564102, "deaths_t": 0.038817005545286505, "assists_t": 0.04990757855822551, "csscore_t": 0.9371534195933456, "teamgold_t": 71.08441158348737, "vision_score_t": 0.9719616876895983, "wards_placed_t": 0.07640172520024646, "gold_graph_diffs_t": 15.643869377695625}