{"id": "EUN1_3582568605", "lvl": 3700, "literal level": "MASTER 100 lp", "time": 2481, "solokills_t": 0.010882708585247884, "kills_t": 0.04191858121725111, "kp": 0.4541666666666666, "deaths_t": 0.04232164449818621, "assists_t": 0.05280128980249899, "csscore_t": 0.8690044336960903, "teamgold_t": 72.48569125352681, "vision_score_t": 1.0712880526756088, "wards_placed_t": 0.07779121322047561, "gold_graph_diffs_t": 13.156388553002822}