{"id": "EUN1_3577863318", "lvl": 3800, "literal level": "MASTER 200 lp", "time": 1883, "solokills_t": 0.008497079129049389, "kills_t": 0.04567180031864047, "kp": 0.4884868421052631, "deaths_t": 0.04567180031864047, "assists_t": 0.06585236325013277, "csscore_t": 0.8348380244291025, "teamgold_t": 69.92299522039299, "vision_score_t": 1.0425621848259272, "wards_placed_t": 0.07700477960701009, "gold_graph_diffs_t": 13.76898566117897}