{"id": "EUN1_3574232364", "lvl": 3700, "literal level": "MASTER 100 lp", "time": 926, "solokills_t": 0.01079913606911447, "kills_t": 0.029157667386609073, "kp": 0.4333333333333333, "deaths_t": 0.029157667386609073, "assists_t": 0.02591792656587473, "csscore_t": 0.9362850971922246, "teamgold_t": 61.0, "vision_score_t": 0.796142813635854, "wards_placed_t": 0.056155507559395246, "gold_graph_diffs_t": 12.369330453563714}