{"id": "EUN1_3583057573", "lvl": 3700, "literal level": "MASTER 100 lp", "time": 1675, "solokills_t": 0.006567164179104477, "kills_t": 0.037014925373134326, "kp": 0.4928571428571429, "deaths_t": 0.037014925373134326, "assists_t": 0.05432835820895522, "csscore_t": 0.8835820895522388, "teamgold_t": 68.49313432835821, "vision_score_t": 1.2617896925889185, "wards_placed_t": 0.09731343283582089, "gold_graph_diffs_t": 14.062089552238806}