{"id": "EUN1_3575103281", "lvl": 3600, "literal level": "MASTER 0 lp", "time": 2132, "solokills_t": 0.0075046904315197, "kills_t": 0.05112570356472795, "kp": 0.5072752230610844, "deaths_t": 0.05112570356472795, "assists_t": 0.08067542213883677, "csscore_t": 0.8611632270168855, "teamgold_t": 76.40525328330206, "vision_score_t": 0.9840932686353305, "wards_placed_t": 0.06848030018761726, "gold_graph_diffs_t": 15.76547842401501}