{"id": "EUN1_3570093632", "lvl": 3500, "literal level": "MASTER 300 lp", "time": 2091, "solokills_t": 0.0028694404591104736, "kills_t": 0.024390243902439025, "kp": 0.5531347962382446, "deaths_t": 0.024868483978957436, "assists_t": 0.043041606886657105, "csscore_t": 0.9823051171688187, "teamgold_t": 65.51936872309899, "vision_score_t": 1.392387120927879, "wards_placed_t": 0.08512673362027738, "gold_graph_diffs_t": 11.395026303204208}