{"id": "EUN1_3575121500", "lvl": 3100, "literal level": "MASTER 300 lp", "time": 1921, "solokills_t": 0.0031233732431025507, "kills_t": 0.028630921395106715, "kp": 0.6237400530503979, "deaths_t": 0.028630921395106715, "assists_t": 0.06090577824049974, "csscore_t": 0.84487246225924, "teamgold_t": 64.80062467464862, "vision_score_t": 0.9379932793095553, "wards_placed_t": 0.06402915148360229, "gold_graph_diffs_t": 12.317542946382092}