{"id": "EUN1_3575791371", "lvl": 3800, "literal level": "MASTER 200 lp", "time": 1763, "solokills_t": 0.007941009642654566, "kills_t": 0.036301758366420876, "kp": 0.4875, "deaths_t": 0.036301758366420876, "assists_t": 0.052183777651730004, "csscore_t": 0.9251276233692569, "teamgold_t": 68.80998298355077, "vision_score_t": 1.038758898911208, "wards_placed_t": 0.06466250709018719, "gold_graph_diffs_t": 10.272263187748157}