{"id": "EUN1_3573814151", "lvl": 3300, "literal level": "MASTER 100 lp", "time": 1681, "solokills_t": 0.004164187983343248, "kills_t": 0.02379535990481856, "kp": 0.5414141414141413, "deaths_t": 0.02379535990481856, "assists_t": 0.04164187983343248, "csscore_t": 0.8982748364069006, "teamgold_t": 62.5901249256395, "vision_score_t": 1.0267169593750691, "wards_placed_t": 0.06484235574063058, "gold_graph_diffs_t": 12.701963117192147}