{"id": "EUN1_3571399638", "lvl": 3700, "literal level": "MASTER 100 lp", "time": 1458, "solokills_t": 0.006172839506172839, "kills_t": 0.029492455418381344, "kp": 0.518974358974359, "deaths_t": 0.03017832647462277, "assists_t": 0.043209876543209874, "csscore_t": 0.9499314128943759, "teamgold_t": 63.83127572016461, "vision_score_t": 0.8477943723542776, "wards_placed_t": 0.056241426611796985, "gold_graph_diffs_t": 12.871056241426611}