{"id": "EUN1_3565039001", "lvl": 3300, "literal level": "MASTER 100 lp", "time": 1628, "solokills_t": 0.009828009828009828, "kills_t": 0.041154791154791155, "kp": 0.46225045372050816, "deaths_t": 0.041154791154791155, "assists_t": 0.052825552825552825, "csscore_t": 0.8617936117936118, "teamgold_t": 69.28685503685503, "vision_score_t": 1.012924553801613, "wards_placed_t": 0.06941031941031942, "gold_graph_diffs_t": 16.564496314496314}