{"id": "EUN1_3578020293", "lvl": 3500, "literal level": "MASTER 300 lp", "time": 1683, "solokills_t": 0.0035650623885918, "kills_t": 0.0314913844325609, "kp": 0.6650000000000001, "deaths_t": 0.0314913844325609, "assists_t": 0.0707070707070707, "csscore_t": 0.9269162210338681, "teamgold_t": 65.89245395127747, "vision_score_t": 0.8505911001823717, "wards_placed_t": 0.061794414735591205, "gold_graph_diffs_t": 12.84194890077243}