{"id": "EUN1_3578510419", "lvl": 3600, "literal level": "MASTER 0 lp", "time": 1342, "solokills_t": 0.007451564828614009, "kills_t": 0.03576751117734724, "kp": 0.46417582417582415, "deaths_t": 0.03576751117734724, "assists_t": 0.046199701937406856, "csscore_t": 0.9478390461997019, "teamgold_t": 68.81743666169896, "vision_score_t": 0.782037164982479, "wards_placed_t": 0.06259314456035768, "gold_graph_diffs_t": 13.62220566318927}