{"id": "EUN1_3574210495", "lvl": 3400, "literal level": "MASTER 200 lp", "time": 2365, "solokills_t": 0.009725158562367865, "kills_t": 0.04059196617336152, "kp": 0.4437499999999999, "deaths_t": 0.04059196617336152, "assists_t": 0.04947145877378435, "csscore_t": 0.8600422832980973, "teamgold_t": 71.02536997885835, "vision_score_t": 0.9738056999238769, "wards_placed_t": 0.0587737843551797, "gold_graph_diffs_t": 15.538689217758986}