{"id": "EUN1_3574913904", "lvl": 3500, "literal level": "MASTER 300 lp", "time": 942, "solokills_t": 0.0031847133757961785, "kills_t": 0.013800424628450107, "kp": 0.459090909090909, "deaths_t": 0.013800424628450107, "assists_t": 0.01592356687898089, "csscore_t": 1.0329087048832273, "teamgold_t": 55.09978768577495, "vision_score_t": 0.9004954069939453, "wards_placed_t": 0.06581740976645435, "gold_graph_diffs_t": 7.261146496815287}