{"id": "EUN1_3589536043", "lvl": 3700, "literal level": "MASTER 100 lp", "time": 1747, "solokills_t": 0.007441327990841442, "kills_t": 0.03434459072696051, "kp": 0.44993160054719566, "deaths_t": 0.034917000572409845, "assists_t": 0.04751001717229536, "csscore_t": 0.9748139668002289, "teamgold_t": 68.10131654264454, "vision_score_t": 0.9731801415087766, "wards_placed_t": 0.07212364052661706, "gold_graph_diffs_t": 14.46078992558672}