{"id": "EUN1_3574893805", "lvl": 3700, "literal level": "MASTER 100 lp", "time": 1474, "solokills_t": 0.008141112618724558, "kills_t": 0.03867028493894165, "kp": 0.4535714285714286, "deaths_t": 0.03934871099050204, "assists_t": 0.05223880597014925, "csscore_t": 0.8867028493894166, "teamgold_t": 70.46811397557666, "vision_score_t": 1.2120637741290752, "wards_placed_t": 0.07869742198100407, "gold_graph_diffs_t": 10.550881953867028}