{"id": "EUN1_3569208053", "lvl": 3500, "literal level": "MASTER 300 lp", "time": 2157, "solokills_t": 0.007417709782104775, "kills_t": 0.03013444598980065, "kp": 0.4641025641025641, "deaths_t": 0.03013444598980065, "assists_t": 0.039870190078813164, "csscore_t": 0.9197960129809921, "teamgold_t": 66.56838201205377, "vision_score_t": 1.2925336714771567, "wards_placed_t": 0.08113120074177098, "gold_graph_diffs_t": 12.888270746407047}