{"id": "EUN1_3574401916", "lvl": 3600, "literal level": "MASTER 0 lp", "time": 1569, "solokills_t": 0.0038240917782026767, "kills_t": 0.029318036966220522, "kp": 0.5346855983772819, "deaths_t": 0.02995538559592097, "assists_t": 0.0497131931166348, "csscore_t": 0.9343530911408541, "teamgold_t": 65.25557680050989, "vision_score_t": 0.8040604941889903, "wards_placed_t": 0.05162523900573614, "gold_graph_diffs_t": 11.645634161886552}