{"id": "EUN1_3575132520", "lvl": 3300, "literal level": "MASTER 100 lp", "time": 1861, "solokills_t": 0.010209564750134336, "kills_t": 0.04836109618484686, "kp": 0.4775114737378888, "deaths_t": 0.04836109618484686, "assists_t": 0.06555615260612574, "csscore_t": 0.8936055883933369, "teamgold_t": 74.35464803868888, "vision_score_t": 0.9590348250652813, "wards_placed_t": 0.06448146157979581, "gold_graph_diffs_t": 16.513702310585707}