{"id": "EUN1_3590802180", "lvl": 3600, "literal level": "MASTER 0 lp", "time": 1857, "solokills_t": 0.014001077005923533, "kills_t": 0.04900376952073236, "kp": 0.4229166666666667, "deaths_t": 0.04900376952073236, "assists_t": 0.05492730210016155, "csscore_t": 0.9558427571351642, "teamgold_t": 78.69951534733441, "vision_score_t": 0.79259233263589, "wards_placed_t": 0.053850296176628974, "gold_graph_diffs_t": 18.49919224555735}