{"id": "EUN1_3576376404", "lvl": 3700, "literal level": "MASTER 100 lp", "time": 2224, "solokills_t": 0.0044964028776978415, "kills_t": 0.03732014388489208, "kp": 0.5738181818181818, "deaths_t": 0.03732014388489208, "assists_t": 0.07014388489208633, "csscore_t": 0.8610611510791367, "teamgold_t": 71.79046762589928, "vision_score_t": 1.2208986555626204, "wards_placed_t": 0.08633093525179857, "gold_graph_diffs_t": 14.43615107913669}