{"id": "EUN1_3575765004", "lvl": 4000, "literal level": "MASTER 0 lp", "time": 1512, "solokills_t": 0.006613756613756613, "kills_t": 0.022486772486772486, "kp": 0.4411067193675889, "deaths_t": 0.022486772486772486, "assists_t": 0.02513227513227513, "csscore_t": 0.9543650793650794, "teamgold_t": 59.80952380952381, "vision_score_t": 0.8946873549949071, "wards_placed_t": 0.062169312169312166, "gold_graph_diffs_t": 11.55952380952381}