{"id": "EUN1_3586391938", "lvl": 3800, "literal level": "MASTER 200 lp", "time": 1524, "solokills_t": 0.00984251968503937, "kills_t": 0.04068241469816273, "kp": 0.48929765886287624, "deaths_t": 0.04068241469816273, "assists_t": 0.0557742782152231, "csscore_t": 0.8431758530183727, "teamgold_t": 68.10039370078741, "vision_score_t": 1.0961077397617676, "wards_placed_t": 0.07545931758530183, "gold_graph_diffs_t": 14.097769028871392}