{"id": "EUN1_3563209641", "lvl": 3400, "literal level": "MASTER 200 lp", "time": 1910, "solokills_t": 0.007329842931937173, "kills_t": 0.03717277486910995, "kp": 0.47241653418123997, "deaths_t": 0.03769633507853403, "assists_t": 0.050785340314136125, "csscore_t": 0.9910994764397906, "teamgold_t": 71.60471204188482, "vision_score_t": 0.9246686921442422, "wards_placed_t": 0.06230366492146597, "gold_graph_diffs_t": 14.216230366492146}