{"id": "EUN1_3576929323", "lvl": 3600, "literal level": "MASTER 0 lp", "time": 1400, "solokills_t": 0.005714285714285714, "kills_t": 0.03214285714285714, "kp": 0.5237068965517241, "deaths_t": 0.03214285714285714, "assists_t": 0.054285714285714284, "csscore_t": 1.0042857142857142, "teamgold_t": 68.02, "vision_score_t": 1.0205804317040066, "wards_placed_t": 0.06928571428571428, "gold_graph_diffs_t": 13.335714285714285}