{"id": "EUN1_3566860616", "lvl": 3500, "literal level": "MASTER 300 lp", "time": 2645, "solokills_t": 0.005671077504725898, "kills_t": 0.034782608695652174, "kp": 0.5347826086956522, "deaths_t": 0.034782608695652174, "assists_t": 0.05822306238185255, "csscore_t": 0.8948960302457467, "teamgold_t": 71.24952741020795, "vision_score_t": 1.3354812301837677, "wards_placed_t": 0.08695652173913043, "gold_graph_diffs_t": 16.67712665406427}