{"id": "EUN1_3565292370", "lvl": 3200, "literal level": "MASTER 0 lp", "time": 1550, "solokills_t": 0.008387096774193548, "kills_t": 0.03032258064516129, "kp": 0.522983870967742, "deaths_t": 0.03032258064516129, "assists_t": 0.04645161290322581, "csscore_t": 0.8387096774193549, "teamgold_t": 63.45161290322581, "vision_score_t": 1.0620804187756399, "wards_placed_t": 0.0703225806451613, "gold_graph_diffs_t": 12.863225806451613}