{"id": "EUN1_3588955090", "lvl": 3800, "literal level": "MASTER 200 lp", "time": 1739, "solokills_t": 0.010350776308223116, "kills_t": 0.041978148361127086, "kp": 0.43198412698412697, "deaths_t": 0.041978148361127086, "assists_t": 0.05060379528464635, "csscore_t": 0.894767107533065, "teamgold_t": 71.73202990224267, "vision_score_t": 1.1205868389753157, "wards_placed_t": 0.07073030477285797, "gold_graph_diffs_t": 12.219666474985624}