{"id": "EUN1_3578255072", "lvl": 3400, "literal level": "MASTER 200 lp", "time": 1150, "solokills_t": 0.008695652173913044, "kills_t": 0.025217391304347827, "kp": 0.35777777777777775, "deaths_t": 0.025217391304347827, "assists_t": 0.02, "csscore_t": 1.0008695652173913, "teamgold_t": 62.243478260869566, "vision_score_t": 0.913510207251924, "wards_placed_t": 0.06434782608695652, "gold_graph_diffs_t": 9.904347826086957}