{"id": "EUN1_3588443359", "lvl": 3800, "literal level": "MASTER 200 lp", "time": 1637, "solokills_t": 0.00794135613927917, "kills_t": 0.031154551007941355, "kp": 0.46313131313131317, "deaths_t": 0.031154551007941355, "assists_t": 0.04337202199144777, "csscore_t": 0.9016493585827734, "teamgold_t": 65.20952962736713, "vision_score_t": 1.055033686202731, "wards_placed_t": 0.06841783750763591, "gold_graph_diffs_t": 12.55100794135614}