{"id": "EUN1_3566743242", "lvl": 3100, "literal level": "MASTER 300 lp", "time": 1771, "solokills_t": 0.007905138339920948, "kills_t": 0.043478260869565216, "kp": 0.47230014025245454, "deaths_t": 0.043478260869565216, "assists_t": 0.05815923207227555, "csscore_t": 0.9028797289666854, "teamgold_t": 71.08413325804631, "vision_score_t": 0.8488008565878935, "wards_placed_t": 0.05928853754940711, "gold_graph_diffs_t": 10.255223037831733}