{"id": "EUN1_3579821989", "lvl": 3800, "literal level": "MASTER 200 lp", "time": 911, "solokills_t": 0.007683863885839737, "kills_t": 0.029637760702524697, "kp": 0.40181818181818174, "deaths_t": 0.029637760702524697, "assists_t": 0.026344676180021953, "csscore_t": 0.9242590559824369, "teamgold_t": 63.97694840834248, "vision_score_t": 0.644037292365592, "wards_placed_t": 0.05378704720087816, "gold_graph_diffs_t": 15.149286498353458}