{"id": "EUN1_3580705780", "lvl": 3600, "literal level": "MASTER 0 lp", "time": 1287, "solokills_t": 0.001554001554001554, "kills_t": 0.02564102564102564, "kp": 0.4666666666666667, "deaths_t": 0.02564102564102564, "assists_t": 0.03418803418803419, "csscore_t": 0.9766899766899767, "teamgold_t": 64.76456876456876, "vision_score_t": 0.7384667314173383, "wards_placed_t": 0.04895104895104895, "gold_graph_diffs_t": 12.158508158508159}