{"id": "EUN1_3583415834", "lvl": 3700, "literal level": "MASTER 100 lp", "time": 1444, "solokills_t": 0.011772853185595568, "kills_t": 0.04085872576177285, "kp": 0.40421052631578946, "deaths_t": 0.04085872576177285, "assists_t": 0.0443213296398892, "csscore_t": 0.9182825484764543, "teamgold_t": 68.6904432132964, "vision_score_t": 1.181374291669208, "wards_placed_t": 0.08240997229916898, "gold_graph_diffs_t": 14.995152354570637}