{"id": "EUN1_3588530731", "lvl": 3700, "literal level": "MASTER 100 lp", "time": 1681, "solokills_t": 0.00594883997620464, "kills_t": 0.034503271861986914, "kp": 0.4713157894736842, "deaths_t": 0.034503271861986914, "assists_t": 0.04580606781677573, "csscore_t": 0.8917311124330756, "teamgold_t": 66.35514574657941, "vision_score_t": 1.2021174448561838, "wards_placed_t": 0.0809042236763831, "gold_graph_diffs_t": 12.990481856038073}