{"id": "EUN1_3579884545", "lvl": 3700, "literal level": "MASTER 100 lp", "time": 1983, "solokills_t": 0.0030257186081694403, "kills_t": 0.028240040342914774, "kp": 0.5625, "deaths_t": 0.028240040342914774, "assists_t": 0.05194150277357539, "csscore_t": 0.8905698436712053, "teamgold_t": 64.51386787695411, "vision_score_t": 0.8399418530409275, "wards_placed_t": 0.0600100857286939, "gold_graph_diffs_t": 12.823499747856783}