{"id": "EUN1_3566823157", "lvl": 3300, "literal level": "MASTER 100 lp", "time": 1766, "solokills_t": 0.010192525481313703, "kills_t": 0.035107587768969425, "kp": 0.40370370370370373, "deaths_t": 0.035107587768969425, "assists_t": 0.03567383918459796, "csscore_t": 1.0362400906002265, "teamgold_t": 72.24235560588902, "vision_score_t": 1.1290554968678854, "wards_placed_t": 0.06908267270668177, "gold_graph_diffs_t": 12.86862967157418}