{"id": "EUN1_3557706436", "lvl": 3200, "literal level": "MASTER 0 lp", "time": 1261, "solokills_t": 0.006344171292624901, "kills_t": 0.025376685170499604, "kp": 0.4757085020242915, "deaths_t": 0.025376685170499604, "assists_t": 0.035685963521015066, "csscore_t": 0.9167327517842981, "teamgold_t": 61.97779540047581, "vision_score_t": 0.9298616375694472, "wards_placed_t": 0.06978588421887391, "gold_graph_diffs_t": 8.751784298176052}