{"id": "EUN1_3578330199", "lvl": 3500, "literal level": "MASTER 300 lp", "time": 2040, "solokills_t": 0.006862745098039216, "kills_t": 0.030882352941176472, "kp": 0.47380952380952374, "deaths_t": 0.030882352941176472, "assists_t": 0.045098039215686274, "csscore_t": 0.9313725490196079, "teamgold_t": 66.84313725490196, "vision_score_t": 1.1838778995738661, "wards_placed_t": 0.07745098039215687, "gold_graph_diffs_t": 13.507843137254902}