{"id": "EUN1_3565706670", "lvl": 3300, "literal level": "MASTER 100 lp", "time": 1259, "solokills_t": 0.009531374106433678, "kills_t": 0.03335980937251787, "kp": 0.4564705882352941, "deaths_t": 0.03335980937251787, "assists_t": 0.046068308181096106, "csscore_t": 0.9340746624305004, "teamgold_t": 64.39237490071486, "vision_score_t": 0.9197008913106067, "wards_placed_t": 0.06751389992057188, "gold_graph_diffs_t": 10.888006354249404}