{"id": "EUN1_3573209400", "lvl": 3500, "literal level": "MASTER 300 lp", "time": 1973, "solokills_t": 0.01013684744044602, "kills_t": 0.039026862645717184, "kp": 0.4591489361702128, "deaths_t": 0.039026862645717184, "assists_t": 0.0496705524581855, "csscore_t": 0.8428788646730867, "teamgold_t": 68.2184490623416, "vision_score_t": 1.2693090733269154, "wards_placed_t": 0.07551951343132286, "gold_graph_diffs_t": 15.262544348707552}