{"id": "EUN1_3583463267", "lvl": 3700, "literal level": "MASTER 100 lp", "time": 1525, "solokills_t": 0.007868852459016393, "kills_t": 0.04065573770491803, "kp": 0.4962184873949579, "deaths_t": 0.04131147540983607, "assists_t": 0.06098360655737705, "csscore_t": 0.8636065573770492, "teamgold_t": 70.48852459016393, "vision_score_t": 0.9945797487963695, "wards_placed_t": 0.06491803278688525, "gold_graph_diffs_t": 12.812459016393442}