{"id": "EUN1_3584400470", "lvl": 3800, "literal level": "MASTER 200 lp", "time": 1027, "solokills_t": 0.0038948393378773127, "kills_t": 0.022395326192794548, "kp": 0.4294642857142857, "deaths_t": 0.022395326192794548, "assists_t": 0.028237585199610515, "csscore_t": 1.0194741966893865, "teamgold_t": 61.65043816942551, "vision_score_t": 0.7597535499309428, "wards_placed_t": 0.05063291139240506, "gold_graph_diffs_t": 12.117818889970788}