{"id": "EUN1_3577275546", "lvl": 3600, "literal level": "MASTER 0 lp", "time": 1610, "solokills_t": 0.013043478260869565, "kills_t": 0.04596273291925466, "kp": 0.42016666666666663, "deaths_t": 0.04596273291925466, "assists_t": 0.0515527950310559, "csscore_t": 0.9180124223602485, "teamgold_t": 74.93664596273292, "vision_score_t": 0.6547777142136361, "wards_placed_t": 0.04596273291925466, "gold_graph_diffs_t": 12.959006211180125}