{"id": "EUN1_3577984894", "lvl": 3400, "literal level": "MASTER 200 lp", "time": 1781, "solokills_t": 0.0039303761931499155, "kills_t": 0.030320044918585063, "kp": 0.5448807854137447, "deaths_t": 0.030320044918585063, "assists_t": 0.05221785513756317, "csscore_t": 0.86692869174621, "teamgold_t": 64.31611454239192, "vision_score_t": 0.9568124175075088, "wards_placed_t": 0.05951712521055587, "gold_graph_diffs_t": 10.734980348119034}