{"id": "EUN1_3575598957", "lvl": 3300, "literal level": "MASTER 100 lp", "time": 1275, "solokills_t": 0.003137254901960784, "kills_t": 0.03215686274509804, "kp": 0.5230392156862745, "deaths_t": 0.03215686274509804, "assists_t": 0.05176470588235294, "csscore_t": 0.9615686274509804, "teamgold_t": 66.40627450980392, "vision_score_t": 1.0776717420555006, "wards_placed_t": 0.07294117647058823, "gold_graph_diffs_t": 10.175686274509804}