{"id": "EUN1_3573178733", "lvl": 3600, "literal level": "MASTER 0 lp", "time": 1515, "solokills_t": 0.010561056105610561, "kills_t": 0.034323432343234324, "kp": 0.40750000000000003, "deaths_t": 0.03498349834983498, "assists_t": 0.036303630363036306, "csscore_t": 0.972937293729373, "teamgold_t": 70.72079207920792, "vision_score_t": 0.8633261618215778, "wards_placed_t": 0.0594059405940594, "gold_graph_diffs_t": 14.785478547854785}