{"id": "EUN1_3577709008", "lvl": 3700, "literal level": "MASTER 100 lp", "time": 1554, "solokills_t": 0.008365508365508366, "kills_t": 0.032818532818532815, "kp": 0.45, "deaths_t": 0.032818532818532815, "assists_t": 0.04182754182754183, "csscore_t": 0.9105534105534105, "teamgold_t": 64.42535392535393, "vision_score_t": 0.9977078651493262, "wards_placed_t": 0.06885456885456885, "gold_graph_diffs_t": 12.01994851994852}