{"id": "EUN1_3574176419", "lvl": 3400, "literal level": "MASTER 200 lp", "time": 1539, "solokills_t": 0.001949317738791423, "kills_t": 0.021442495126705652, "kp": 0.5873076923076923, "deaths_t": 0.021442495126705652, "assists_t": 0.04158544509421702, "csscore_t": 0.9974009096816114, "teamgold_t": 64.32098765432099, "vision_score_t": 1.165979258176461, "wards_placed_t": 0.07602339181286549, "gold_graph_diffs_t": 9.736192332683562}