{"id": "EUN1_3577027365", "lvl": 3500, "literal level": "MASTER 300 lp", "time": 1955, "solokills_t": 0.011764705882352941, "kills_t": 0.03324808184143223, "kp": 0.4016283524904215, "deaths_t": 0.03324808184143223, "assists_t": 0.034782608695652174, "csscore_t": 0.9539641943734015, "teamgold_t": 68.46393861892584, "vision_score_t": 1.0259356722789037, "wards_placed_t": 0.06445012787723785, "gold_graph_diffs_t": 11.701790281329924}