{"id": "EUN1_3573795937", "lvl": 3500, "literal level": "MASTER 300 lp", "time": 2046, "solokills_t": 0.008308895405669599, "kills_t": 0.03225806451612903, "kp": 0.4530075187969924, "deaths_t": 0.03225806451612903, "assists_t": 0.04105571847507331, "csscore_t": 0.9814271749755621, "teamgold_t": 73.05327468230693, "vision_score_t": 0.9360385752818985, "wards_placed_t": 0.0635386119257087, "gold_graph_diffs_t": 13.43646138807429}