{"id": "EUN1_3573047117", "lvl": 3800, "literal level": "MASTER 200 lp", "time": 1480, "solokills_t": 0.005405405405405406, "kills_t": 0.02972972972972973, "kp": 0.5222222222222224, "deaths_t": 0.02972972972972973, "assists_t": 0.0472972972972973, "csscore_t": 1.018918918918919, "teamgold_t": 69.29864864864865, "vision_score_t": 1.0723918976199918, "wards_placed_t": 0.07297297297297298, "gold_graph_diffs_t": 11.87972972972973}