{"id": "EUN1_3585093935", "lvl": 3400, "literal level": "MASTER 200 lp", "time": 2008, "solokills_t": 0.00149402390438247, "kills_t": 0.029880478087649404, "kp": 0.55, "deaths_t": 0.029880478087649404, "assists_t": 0.052290836653386456, "csscore_t": 0.9203187250996016, "teamgold_t": 64.75846613545816, "vision_score_t": 1.0212264904684543, "wards_placed_t": 0.05976095617529881, "gold_graph_diffs_t": 12.319223107569721}