{"id": "EUN1_3558773437", "lvl": 3400, "literal level": "MASTER 200 lp", "time": 1322, "solokills_t": 0.006051437216338881, "kills_t": 0.030257186081694403, "kp": 0.46010101010101, "deaths_t": 0.031013615733736764, "assists_t": 0.040090771558245086, "csscore_t": 0.8683812405446294, "teamgold_t": 65.4697428139183, "vision_score_t": 0.7632935159902152, "wards_placed_t": 0.05521936459909228, "gold_graph_diffs_t": 12.524205748865356}