{"id": "EUN1_3588569288", "lvl": 3700, "literal level": "MASTER 100 lp", "time": 1497, "solokills_t": 0.006680026720106881, "kills_t": 0.029392117568470273, "kp": 0.5280459770114942, "deaths_t": 0.029392117568470273, "assists_t": 0.04609218436873747, "csscore_t": 0.9098196392785571, "teamgold_t": 64.28456913827655, "vision_score_t": 0.9843535675537647, "wards_placed_t": 0.06212424849699399, "gold_graph_diffs_t": 14.070808283233132}