{"id": "EUN1_3579962273", "lvl": 3800, "literal level": "MASTER 200 lp", "time": 1972, "solokills_t": 0.005070993914807302, "kills_t": 0.036511156186612576, "kp": 0.5723052714398111, "deaths_t": 0.036511156186612576, "assists_t": 0.06693711967545639, "csscore_t": 0.9158215010141988, "teamgold_t": 70.51926977687627, "vision_score_t": 1.1336135155807505, "wards_placed_t": 0.0821501014198783, "gold_graph_diffs_t": 14.752535496957403}