{"id": "EUN1_3577354320", "lvl": 3700, "literal level": "MASTER 100 lp", "time": 1390, "solokills_t": 0.005035971223021582, "kills_t": 0.02302158273381295, "kp": 0.46514285714285714, "deaths_t": 0.02302158273381295, "assists_t": 0.027338129496402876, "csscore_t": 1.020863309352518, "teamgold_t": 65.2388489208633, "vision_score_t": 0.9982610196926178, "wards_placed_t": 0.06906474820143885, "gold_graph_diffs_t": 11.94820143884892}