{"id": "EUN1_3588070709", "lvl": 3600, "literal level": "MASTER 0 lp", "time": 1497, "solokills_t": 0.007348029392117568, "kills_t": 0.0394121576486306, "kp": 0.44564705882352945, "deaths_t": 0.04008016032064128, "assists_t": 0.04809619238476954, "csscore_t": 0.9552438209752839, "teamgold_t": 69.96125584502337, "vision_score_t": 0.9027642821015472, "wards_placed_t": 0.06880427521710086, "gold_graph_diffs_t": 16.256513026052104}