{"id": "EUN1_3577818510", "lvl": 3600, "literal level": "MASTER 0 lp", "time": 1672, "solokills_t": 0.009569377990430622, "kills_t": 0.042464114832535885, "kp": 0.46245098039215693, "deaths_t": 0.042464114832535885, "assists_t": 0.05502392344497608, "csscore_t": 0.9557416267942583, "teamgold_t": 72.76315789473684, "vision_score_t": 1.1332209039322827, "wards_placed_t": 0.08373205741626795, "gold_graph_diffs_t": 14.594497607655502}