{"id": "EUN1_3589856359", "lvl": 3400, "literal level": "MASTER 200 lp", "time": 2122, "solokills_t": 0.007540056550424128, "kills_t": 0.03958529688972667, "kp": 0.4591836734693877, "deaths_t": 0.03958529688972667, "assists_t": 0.050424128180961356, "csscore_t": 0.7808671065032988, "teamgold_t": 65.60603204524034, "vision_score_t": 0.9964462877650201, "wards_placed_t": 0.061262959472196045, "gold_graph_diffs_t": 15.491046182846372}