{"id": "EUN1_3577799302", "lvl": 3800, "literal level": "MASTER 200 lp", "time": 1560, "solokills_t": 0.005128205128205128, "kills_t": 0.03141025641025641, "kp": 0.47003367003366997, "deaths_t": 0.03141025641025641, "assists_t": 0.04294871794871795, "csscore_t": 0.8961538461538462, "teamgold_t": 64.55833333333334, "vision_score_t": 0.9980235079470183, "wards_placed_t": 0.06346153846153846, "gold_graph_diffs_t": 11.209615384615384}