{"id": "EUN1_3574340419", "lvl": 3500, "literal level": "MASTER 300 lp", "time": 1416, "solokills_t": 0.00423728813559322, "kills_t": 0.03672316384180791, "kp": 0.5327731092436975, "deaths_t": 0.03672316384180791, "assists_t": 0.0635593220338983, "csscore_t": 0.9159604519774012, "teamgold_t": 68.00847457627118, "vision_score_t": 1.089569694386654, "wards_placed_t": 0.07768361581920905, "gold_graph_diffs_t": 10.622881355932204}