{"id": "EUN1_3554195901", "lvl": 3100, "literal level": "MASTER 300 lp", "time": 1624, "solokills_t": 0.003078817733990148, "kills_t": 0.029556650246305417, "kp": 0.5104364326375712, "deaths_t": 0.029556650246305417, "assists_t": 0.04556650246305419, "csscore_t": 0.8226600985221675, "teamgold_t": 63.89778325123153, "vision_score_t": 0.9170023982073037, "wards_placed_t": 0.0665024630541872, "gold_graph_diffs_t": 14.092364532019705}