{"id": "EUN1_3578511007", "lvl": 3600, "literal level": "MASTER 0 lp", "time": 1704, "solokills_t": 0.00528169014084507, "kills_t": 0.02464788732394366, "kp": 0.46451612903225803, "deaths_t": 0.02464788732394366, "assists_t": 0.036384976525821594, "csscore_t": 0.8843896713615024, "teamgold_t": 60.446596244131456, "vision_score_t": 0.985991097580925, "wards_placed_t": 0.06455399061032864, "gold_graph_diffs_t": 13.140258215962442}