{"id": "EUN1_3578680934", "lvl": 3600, "literal level": "MASTER 0 lp", "time": 1299, "solokills_t": 0.006928406466512702, "kills_t": 0.03233256351039261, "kp": 0.48275862068965514, "deaths_t": 0.03233256351039261, "assists_t": 0.050808314087759814, "csscore_t": 0.8267898383371824, "teamgold_t": 64.2802155504234, "vision_score_t": 0.9166853024765376, "wards_placed_t": 0.07082371054657428, "gold_graph_diffs_t": 14.069284064665126}