{"id": "EUN1_3570456710", "lvl": 3500, "literal level": "MASTER 300 lp", "time": 1780, "solokills_t": 0.006741573033707865, "kills_t": 0.03932584269662921, "kp": 0.5222027972027973, "deaths_t": 0.03932584269662921, "assists_t": 0.06292134831460675, "csscore_t": 0.8612359550561798, "teamgold_t": 67.72752808988764, "vision_score_t": 1.2353936538027013, "wards_placed_t": 0.07808988764044944, "gold_graph_diffs_t": 12.274719101123596}