{"id": "EUN1_3566671772", "lvl": 3300, "literal level": "MASTER 100 lp", "time": 1989, "solokills_t": 0.008044243338360985, "kills_t": 0.043237807943690296, "kp": 0.49302325581395356, "deaths_t": 0.043237807943690296, "assists_t": 0.06334841628959276, "csscore_t": 0.8984414278531926, "teamgold_t": 74.47963800904978, "vision_score_t": 1.075480577044603, "wards_placed_t": 0.08396178984414278, "gold_graph_diffs_t": 15.158371040723981}