{"id": "EUN1_3576022792", "lvl": 3500, "literal level": "MASTER 300 lp", "time": 1128, "solokills_t": 0.0035460992907801418, "kills_t": 0.030141843971631204, "kp": 0.5377777777777777, "deaths_t": 0.030141843971631204, "assists_t": 0.04964539007092199, "csscore_t": 0.9361702127659575, "teamgold_t": 67.85106382978724, "vision_score_t": 0.7920126425803021, "wards_placed_t": 0.051418439716312055, "gold_graph_diffs_t": 13.891843971631205}