{"id": "EUN1_3588539440", "lvl": 3700, "literal level": "MASTER 100 lp", "time": 979, "solokills_t": 0.009193054136874362, "kills_t": 0.031664964249233915, "kp": 0.4366666666666667, "deaths_t": 0.031664964249233915, "assists_t": 0.03779366700715015, "csscore_t": 0.8335035750766088, "teamgold_t": 59.958120531154236, "vision_score_t": 0.8340002901640459, "wards_placed_t": 0.06128702757916241, "gold_graph_diffs_t": 6.8324821246169565}