{"id": "EUN1_3580988197", "lvl": 3700, "literal level": "MASTER 100 lp", "time": 2158, "solokills_t": 0.0037071362372567192, "kills_t": 0.032900834105653386, "kp": 0.5551036682615631, "deaths_t": 0.033827618164967564, "assists_t": 0.05838739573679333, "csscore_t": 0.9481000926784059, "teamgold_t": 69.55282669138091, "vision_score_t": 1.1408677448017688, "wards_placed_t": 0.07275254865616311, "gold_graph_diffs_t": 14.374884151992585}