{"id": "EUN1_3576447864", "lvl": 3500, "literal level": "MASTER 300 lp", "time": 1481, "solokills_t": 0.006076975016880486, "kills_t": 0.03713706954760297, "kp": 0.5333333333333333, "deaths_t": 0.03713706954760297, "assists_t": 0.06144496961512492, "csscore_t": 0.837947332883187, "teamgold_t": 68.61039837947332, "vision_score_t": 1.0286635015956989, "wards_placed_t": 0.07089804186360567, "gold_graph_diffs_t": 15.36394328156651}