{"id": "EUN1_3565739528", "lvl": 3400, "literal level": "MASTER 200 lp", "time": 1762, "solokills_t": 0.009648127128263337, "kills_t": 0.03688989784335982, "kp": 0.4325051759834368, "deaths_t": 0.03688989784335982, "assists_t": 0.04370034052213394, "csscore_t": 0.9404086265607264, "teamgold_t": 70.19920544835415, "vision_score_t": 1.1156950001691543, "wards_placed_t": 0.07321225879682179, "gold_graph_diffs_t": 16.782633371169126}