{"id": "EUN1_3580115339", "lvl": 3800, "literal level": "MASTER 200 lp", "time": 1505, "solokills_t": 0.007973421926910298, "kills_t": 0.045182724252491695, "kp": 0.4369584438549955, "deaths_t": 0.045182724252491695, "assists_t": 0.053156146179401995, "csscore_t": 0.8843853820598007, "teamgold_t": 70.84651162790698, "vision_score_t": 1.0612579273772274, "wards_placed_t": 0.08172757475083056, "gold_graph_diffs_t": 14.216611295681064}