{"id": "EUN1_3580274433", "lvl": 4000, "literal level": "MASTER 0 lp", "time": 1558, "solokills_t": 0.00834403080872914, "kills_t": 0.037227214377406934, "kp": 0.42564935064935067, "deaths_t": 0.037227214377406934, "assists_t": 0.0417201540436457, "csscore_t": 0.9845956354300385, "teamgold_t": 69.30680359435173, "vision_score_t": 0.9408003705744064, "wards_placed_t": 0.06611039794608473, "gold_graph_diffs_t": 18.16816431322208}