{"id": "EUN1_3581224514", "lvl": 3700, "literal level": "MASTER 100 lp", "time": 1024, "solokills_t": 0.0078125, "kills_t": 0.033203125, "kp": 0.4600000000000001, "deaths_t": 0.033203125, "assists_t": 0.0458984375, "csscore_t": 0.927734375, "teamgold_t": 62.6552734375, "vision_score_t": 0.7260140741670648, "wards_placed_t": 0.0498046875, "gold_graph_diffs_t": 11.8271484375}