{"id": "EUN1_3583955601", "lvl": 3900, "literal level": "MASTER 300 lp", "time": 1849, "solokills_t": 0.006489994591671174, "kills_t": 0.03407247160627366, "kp": 0.5113684210526316, "deaths_t": 0.03407247160627366, "assists_t": 0.052460789616008655, "csscore_t": 0.9042725797728501, "teamgold_t": 67.4586262844781, "vision_score_t": 1.10007217140684, "wards_placed_t": 0.08274743104380747, "gold_graph_diffs_t": 12.336938885884262}