{"id": "EUN1_3574387051", "lvl": 3200, "literal level": "MASTER 0 lp", "time": 1422, "solokills_t": 0.009142053445850914, "kills_t": 0.040787623066104076, "kp": 0.4275862068965518, "deaths_t": 0.040787623066104076, "assists_t": 0.046413502109704644, "csscore_t": 1.0035161744022503, "teamgold_t": 75.0126582278481, "vision_score_t": 0.9517983117863238, "wards_placed_t": 0.06188466947960619, "gold_graph_diffs_t": 17.0126582278481}