{"id": "EUN1_3580575706", "lvl": 3900, "literal level": "MASTER 300 lp", "time": 1243, "solokills_t": 0.008849557522123894, "kills_t": 0.03700724054706356, "kp": 0.43157894736842095, "deaths_t": 0.03700724054706356, "assists_t": 0.0418342719227675, "csscore_t": 0.8897827835880934, "teamgold_t": 65.91311343523734, "vision_score_t": 0.7524581064531926, "wards_placed_t": 0.057924376508447305, "gold_graph_diffs_t": 12.22365245374095}