{"id": "EUN1_3574214664", "lvl": 4000, "literal level": "MASTER 0 lp", "time": 1896, "solokills_t": 0.004219409282700422, "kills_t": 0.031118143459915613, "kp": 0.5635135135135135, "deaths_t": 0.031118143459915613, "assists_t": 0.05907172995780591, "csscore_t": 0.8117088607594937, "teamgold_t": 63.32067510548523, "vision_score_t": 0.9930104385207941, "wards_placed_t": 0.0669831223628692, "gold_graph_diffs_t": 14.84071729957806}