{"id": "EUN1_3582799864", "lvl": 3700, "literal level": "MASTER 100 lp", "time": 1702, "solokills_t": 0.006462984723854289, "kills_t": 0.033490011750881316, "kp": 0.4578378378378378, "deaths_t": 0.033490011750881316, "assists_t": 0.04406580493537015, "csscore_t": 0.854876615746181, "teamgold_t": 66.05464159811986, "vision_score_t": 0.9331341784494434, "wards_placed_t": 0.060517038777908344, "gold_graph_diffs_t": 14.257931844888367}