{"id": "EUN1_3577128194", "lvl": 3600, "literal level": "MASTER 0 lp", "time": 1553, "solokills_t": 0.0077269800386349004, "kills_t": 0.031551835157759174, "kp": 0.45070175438596494, "deaths_t": 0.031551835157759174, "assists_t": 0.037990985189954925, "csscore_t": 1.0502253702511268, "teamgold_t": 68.86091435930457, "vision_score_t": 0.9626828351632479, "wards_placed_t": 0.06567933032839665, "gold_graph_diffs_t": 13.418544752092723}