{"id": "EUN1_3574922991", "lvl": 3700, "literal level": "MASTER 100 lp", "time": 1131, "solokills_t": 0.009725906277630416, "kills_t": 0.03801945181255526, "kp": 0.4012820512820513, "deaths_t": 0.038903625110521665, "assists_t": 0.040671971706454466, "csscore_t": 0.8647214854111406, "teamgold_t": 70.72767462422635, "vision_score_t": 0.8844575786010325, "wards_placed_t": 0.06631299734748011, "gold_graph_diffs_t": 17.381962864721487}