{"id": "EUN1_3589850232", "lvl": 3500, "literal level": "MASTER 300 lp", "time": 1181, "solokills_t": 0.014394580863674851, "kills_t": 0.04318374259102455, "kp": 0.3516194331983805, "deaths_t": 0.04318374259102455, "assists_t": 0.04064352243861134, "csscore_t": 0.8721422523285352, "teamgold_t": 68.47586790855208, "vision_score_t": 0.8268701749622014, "wards_placed_t": 0.060118543607112614, "gold_graph_diffs_t": 16.46909398814564}