{"id": "EUN1_3579415164", "lvl": 3700, "literal level": "MASTER 100 lp", "time": 1371, "solokills_t": 0.006564551422319475, "kills_t": 0.04011670313639679, "kp": 0.49103641456582636, "deaths_t": 0.04011670313639679, "assists_t": 0.05908096280087528, "csscore_t": 0.899343544857768, "teamgold_t": 70.74106491611963, "vision_score_t": 0.9462300067442768, "wards_placed_t": 0.06418672501823487, "gold_graph_diffs_t": 13.584245076586432}