{"id": "EUN1_3574250130", "lvl": 3700, "literal level": "MASTER 100 lp", "time": 1858, "solokills_t": 0.008611410118406888, "kills_t": 0.03821313240043057, "kp": 0.44492063492063494, "deaths_t": 0.03821313240043057, "assists_t": 0.04682454251883746, "csscore_t": 0.8966630785791173, "teamgold_t": 70.67599569429494, "vision_score_t": 0.7769752472956494, "wards_placed_t": 0.05166846071044134, "gold_graph_diffs_t": 10.441334768568353}