{"id": "EUN1_3575908372", "lvl": 3700, "literal level": "MASTER 100 lp", "time": 1598, "solokills_t": 0.00688360450563204, "kills_t": 0.0425531914893617, "kp": 0.5011857707509881, "deaths_t": 0.0425531914893617, "assists_t": 0.060075093867334166, "csscore_t": 0.8579474342928661, "teamgold_t": 69.95369211514392, "vision_score_t": 0.8620214713940518, "wards_placed_t": 0.060075093867334166, "gold_graph_diffs_t": 18.872340425531913}