{"id": "EUN1_3573014164", "lvl": 3300, "literal level": "MASTER 100 lp", "time": 1530, "solokills_t": 0.011764705882352941, "kills_t": 0.040522875816993466, "kp": 0.4368253968253969, "deaths_t": 0.041176470588235294, "assists_t": 0.048366013071895426, "csscore_t": 0.9535947712418301, "teamgold_t": 70.63660130718954, "vision_score_t": 0.8559732843614192, "wards_placed_t": 0.05816993464052288, "gold_graph_diffs_t": 12.690196078431372}