{"id": "EUN1_3575157997", "lvl": 3500, "literal level": "MASTER 300 lp", "time": 1417, "solokills_t": 0.007057163020465773, "kills_t": 0.02893436838390967, "kp": 0.438235294117647, "deaths_t": 0.02893436838390967, "assists_t": 0.038108680310515175, "csscore_t": 0.9386026817219478, "teamgold_t": 63.14608327452364, "vision_score_t": 0.8802727135954292, "wards_placed_t": 0.06351446718419196, "gold_graph_diffs_t": 13.062808750882146}