{"id": "EUN1_3578770205", "lvl": 3600, "literal level": "MASTER 0 lp", "time": 1708, "solokills_t": 0.001756440281030445, "kills_t": 0.02224824355971897, "kp": 0.6350724637681159, "deaths_t": 0.02224824355971897, "assists_t": 0.04859484777517564, "csscore_t": 1.050351288056206, "teamgold_t": 65.14285714285714, "vision_score_t": 1.0571995625390278, "wards_placed_t": 0.07377049180327869, "gold_graph_diffs_t": 12.156908665105387}