{"id": "EUN1_3570864244", "lvl": 3500, "literal level": "MASTER 300 lp", "time": 1905, "solokills_t": 0.008923884514435695, "kills_t": 0.04094488188976378, "kp": 0.4567604667124227, "deaths_t": 0.04146981627296588, "assists_t": 0.05196850393700787, "csscore_t": 0.8965879265091864, "teamgold_t": 71.5994750656168, "vision_score_t": 0.974213461659437, "wards_placed_t": 0.07191601049868766, "gold_graph_diffs_t": 13.507086614173229}