{"id": "EUN1_3590834283", "lvl": 3600, "literal level": "MASTER 0 lp", "time": 1434, "solokills_t": 0.014644351464435146, "kills_t": 0.044630404463040445, "kp": 0.43393425238600214, "deaths_t": 0.044630404463040445, "assists_t": 0.05160390516039052, "csscore_t": 0.903068340306834, "teamgold_t": 71.45467224546722, "vision_score_t": 1.0704908583980441, "wards_placed_t": 0.07670850767085077, "gold_graph_diffs_t": 15.912133891213388}