{"id": "EUN1_3570080180", "lvl": 3300, "literal level": "MASTER 100 lp", "time": 1373, "solokills_t": 0.005826656955571741, "kills_t": 0.029133284777858703, "kp": 0.515625, "deaths_t": 0.029133284777858703, "assists_t": 0.04078659868900218, "csscore_t": 0.922068463219228, "teamgold_t": 64.40568099053168, "vision_score_t": 0.8451250480901639, "wards_placed_t": 0.06336489439184267, "gold_graph_diffs_t": 15.859431900946833}