{"id": "EUN1_3575731486", "lvl": 3700, "literal level": "MASTER 100 lp", "time": 1615, "solokills_t": 0.005572755417956657, "kills_t": 0.030959752321981424, "kp": 0.45515873015873015, "deaths_t": 0.030959752321981424, "assists_t": 0.04520123839009288, "csscore_t": 0.9250773993808049, "teamgold_t": 66.77894736842106, "vision_score_t": 0.9819154117805189, "wards_placed_t": 0.06811145510835913, "gold_graph_diffs_t": 13.702786377708978}