{"id": "EUN1_3572189722", "lvl": 3800, "literal level": "MASTER 200 lp", "time": 1822, "solokills_t": 0.007683863885839737, "kills_t": 0.03732162458836443, "kp": 0.482316534040672, "deaths_t": 0.03732162458836443, "assists_t": 0.05323819978046103, "csscore_t": 0.9451152579582875, "teamgold_t": 69.47969264544457, "vision_score_t": 0.9108729633166881, "wards_placed_t": 0.0570801317233809, "gold_graph_diffs_t": 17.61580680570801}