{"id": "EUN1_3575177519", "lvl": 3500, "literal level": "MASTER 300 lp", "time": 2018, "solokills_t": 0.0044598612487611496, "kills_t": 0.03270564915758176, "kp": 0.5251630941286114, "deaths_t": 0.03270564915758176, "assists_t": 0.05401387512388504, "csscore_t": 0.9786917740336968, "teamgold_t": 69.17294350842418, "vision_score_t": 1.1008503593928824, "wards_placed_t": 0.06788899900891972, "gold_graph_diffs_t": 12.764618434093162}