{"id": "EUN1_3588552391", "lvl": 3700, "literal level": "MASTER 100 lp", "time": 1503, "solokills_t": 0.014637391882900865, "kills_t": 0.049234863606121095, "kp": 0.4153788447111778, "deaths_t": 0.049234863606121095, "assists_t": 0.05389221556886228, "csscore_t": 0.8436460412508316, "teamgold_t": 72.26280771789754, "vision_score_t": 1.0437611598611332, "wards_placed_t": 0.07651363938789088, "gold_graph_diffs_t": 15.107784431137725}