{"id": "EUN1_3578350581", "lvl": 3500, "literal level": "MASTER 300 lp", "time": 1387, "solokills_t": 0.011535688536409516, "kills_t": 0.04037490987743331, "kp": 0.49846153846153846, "deaths_t": 0.0410958904109589, "assists_t": 0.05912040374909877, "csscore_t": 0.9516943042537851, "teamgold_t": 73.20187454938717, "vision_score_t": 0.9447135317152027, "wards_placed_t": 0.06344628695025234, "gold_graph_diffs_t": 13.341744772891133}