{"id": "EUN1_3577473442", "lvl": 3600, "literal level": "MASTER 0 lp", "time": 2793, "solokills_t": 0.002506265664160401, "kills_t": 0.0322234156820623, "kp": 0.6087944664031621, "deaths_t": 0.0322234156820623, "assists_t": 0.06587898317221626, "csscore_t": 0.9094163981382026, "teamgold_t": 67.96741854636592, "vision_score_t": 1.1825906091295986, "wards_placed_t": 0.07482993197278912, "gold_graph_diffs_t": 13.067311134980308}