{"id": "EUN1_3584098883", "lvl": 3700, "literal level": "MASTER 100 lp", "time": 1503, "solokills_t": 0.007318695941450432, "kills_t": 0.023952095808383235, "kp": 0.4722408026755853, "deaths_t": 0.023952095808383235, "assists_t": 0.031936127744510975, "csscore_t": 1.0345974717232203, "teamgold_t": 64.90751829673985, "vision_score_t": 0.9337579855523804, "wards_placed_t": 0.06320691949434465, "gold_graph_diffs_t": 12.228875582168996}