{"id": "EUN1_3572169118", "lvl": 3800, "literal level": "MASTER 200 lp", "time": 1322, "solokills_t": 0.006051437216338881, "kills_t": 0.04236006051437216, "kp": 0.4598930481283422, "deaths_t": 0.04236006051437216, "assists_t": 0.05446293494704992, "csscore_t": 0.9493192133131618, "teamgold_t": 72.55446293494705, "vision_score_t": 0.8942952558566383, "wards_placed_t": 0.06656580937972768, "gold_graph_diffs_t": 15.586232980332829}