{"id": "EUN1_3583590615", "lvl": 3600, "literal level": "MASTER 0 lp", "time": 1438, "solokills_t": 0.01043115438108484, "kills_t": 0.03477051460361613, "kp": 0.42982456140350883, "deaths_t": 0.03477051460361613, "assists_t": 0.039638386648122394, "csscore_t": 0.8755215577190543, "teamgold_t": 67.3115438108484, "vision_score_t": 0.9006047007449677, "wards_placed_t": 0.06815020862308763, "gold_graph_diffs_t": 13.225312934631432}