{"id": "EUN1_3575975441", "lvl": 3400, "literal level": "MASTER 200 lp", "time": 1559, "solokills_t": 0.007697241821680564, "kills_t": 0.03784477228992944, "kp": 0.47606516290726814, "deaths_t": 0.03784477228992944, "assists_t": 0.05067350865939705, "csscore_t": 0.9878127004490058, "teamgold_t": 74.75176395125081, "vision_score_t": 1.1376904419147948, "wards_placed_t": 0.0718409236690186, "gold_graph_diffs_t": 12.347658755612573}