{"id": "EUN1_3575406660", "lvl": 3600, "literal level": "MASTER 0 lp", "time": 925, "solokills_t": 0.010810810810810811, "kills_t": 0.02810810810810811, "kp": 0.3492753623188406, "deaths_t": 0.02810810810810811, "assists_t": 0.022702702702702703, "csscore_t": 0.8518918918918919, "teamgold_t": 57.387027027027024, "vision_score_t": 0.9003057654954117, "wards_placed_t": 0.0681081081081081, "gold_graph_diffs_t": 11.96}