{"id": "EUN1_3566088676", "lvl": 3300, "literal level": "MASTER 100 lp", "time": 1602, "solokills_t": 0.006242197253433208, "kills_t": 0.033707865168539325, "kp": 0.4473529411764706, "deaths_t": 0.033707865168539325, "assists_t": 0.04244694132334582, "csscore_t": 0.9244694132334582, "teamgold_t": 68.43757802746566, "vision_score_t": 0.8739386388102643, "wards_placed_t": 0.05930087390761548, "gold_graph_diffs_t": 11.422596754057428}