{"id": "EUN1_3577488714", "lvl": 3700, "literal level": "MASTER 100 lp", "time": 1359, "solokills_t": 0.006622516556291391, "kills_t": 0.03016924208977189, "kp": 0.4645454545454545, "deaths_t": 0.03016924208977189, "assists_t": 0.03679175864606328, "csscore_t": 0.9595290654893304, "teamgold_t": 66.10448859455482, "vision_score_t": 1.0005136329642859, "wards_placed_t": 0.07947019867549669, "gold_graph_diffs_t": 15.487858719646798}