{"id": "EUN1_3580327034", "lvl": 3700, "literal level": "MASTER 100 lp", "time": 1016, "solokills_t": 0.012795275590551181, "kills_t": 0.03346456692913386, "kp": 0.37803030303030305, "deaths_t": 0.03346456692913386, "assists_t": 0.02952755905511811, "csscore_t": 0.8484251968503937, "teamgold_t": 63.56594488188976, "vision_score_t": 0.8084769625008958, "wards_placed_t": 0.060039370078740155, "gold_graph_diffs_t": 15.091535433070867}