{"id": "EUN1_3588676950", "lvl": 3600, "literal level": "MASTER 0 lp", "time": 1418, "solokills_t": 0.010578279266572637, "kills_t": 0.038787023977433006, "kp": 0.4307142857142857, "deaths_t": 0.039492242595204514, "assists_t": 0.04372355430183357, "csscore_t": 0.8899858956276445, "teamgold_t": 69.38011283497885, "vision_score_t": 0.9239674496181269, "wards_placed_t": 0.0613540197461213, "gold_graph_diffs_t": 13.769393511988717}