{"id": "EUN1_3580097970", "lvl": 3700, "literal level": "MASTER 100 lp", "time": 918, "solokills_t": 0.006535947712418301, "kills_t": 0.03376906318082789, "kp": 0.45357142857142846, "deaths_t": 0.03376906318082789, "assists_t": 0.042483660130718956, "csscore_t": 0.8888888888888888, "teamgold_t": 63.88779956427015, "vision_score_t": 0.7440292154504571, "wards_placed_t": 0.05228758169934641, "gold_graph_diffs_t": 15.297385620915033}