{"id": "EUN1_3579918219", "lvl": 3900, "literal level": "MASTER 300 lp", "time": 1888, "solokills_t": 0.009004237288135594, "kills_t": 0.04396186440677966, "kp": 0.46213704994192806, "deaths_t": 0.04396186440677966, "assists_t": 0.057733050847457626, "csscore_t": 0.9295550847457628, "teamgold_t": 72.75211864406779, "vision_score_t": 0.9365296017617354, "wards_placed_t": 0.06408898305084745, "gold_graph_diffs_t": 12.42478813559322}