{"id": "EUN1_3574846879", "lvl": 3600, "literal level": "MASTER 0 lp", "time": 2031, "solokills_t": 0.004431314623338257, "kills_t": 0.03052683407188577, "kp": 0.5642633228840126, "deaths_t": 0.03052683407188577, "assists_t": 0.056129985228951254, "csscore_t": 0.8542589857213195, "teamgold_t": 64.91432791728212, "vision_score_t": 0.888450421580911, "wards_placed_t": 0.06253077301821763, "gold_graph_diffs_t": 12.157065484982768}