{"id": "EUN1_3578077905", "lvl": 3600, "literal level": "MASTER 0 lp", "time": 1267, "solokills_t": 0.007103393843725336, "kills_t": 0.03946329913180742, "kp": 0.4596059113300492, "deaths_t": 0.04025256511444357, "assists_t": 0.05130228887134965, "csscore_t": 1.0244672454617205, "teamgold_t": 70.55169692186267, "vision_score_t": 0.8426695228025295, "wards_placed_t": 0.06314127861089187, "gold_graph_diffs_t": 14.85477505919495}