{"id": "EUN1_3577149107", "lvl": 3500, "literal level": "MASTER 300 lp", "time": 1631, "solokills_t": 0.0134886572654813, "kills_t": 0.04843654199877376, "kp": 0.4468181818181818, "deaths_t": 0.04843654199877376, "assists_t": 0.05885959534028203, "csscore_t": 0.8865726548129982, "teamgold_t": 74.66523605150215, "vision_score_t": 0.8192597079813287, "wards_placed_t": 0.060085836909871244, "gold_graph_diffs_t": 12.34763948497854}