{"id": "EUN1_3582945621", "lvl": 3600, "literal level": "MASTER 0 lp", "time": 1722, "solokills_t": 0.011033681765389082, "kills_t": 0.029036004645760744, "kp": 0.35238095238095235, "deaths_t": 0.029036004645760744, "assists_t": 0.023228803716608595, "csscore_t": 1.0203252032520325, "teamgold_t": 64.91173054587689, "vision_score_t": 0.9779222012109695, "wards_placed_t": 0.06387921022067364, "gold_graph_diffs_t": 13.586527293844368}