{"id": "EUN1_3553774214", "lvl": 3400, "literal level": "MASTER 200 lp", "time": 1329, "solokills_t": 0.007524454477050414, "kills_t": 0.0346124905944319, "kp": 0.44077079107505074, "deaths_t": 0.0346124905944319, "assists_t": 0.04138449962377728, "csscore_t": 0.963130173062453, "teamgold_t": 70.21820917983446, "vision_score_t": 0.8819516324084191, "wards_placed_t": 0.06019563581640331, "gold_graph_diffs_t": 14.839729119638827}