{"id": "EUN1_3577872844", "lvl": 3600, "literal level": "MASTER 0 lp", "time": 1577, "solokills_t": 0.0019023462270133164, "kills_t": 0.03804692454026633, "kp": 0.5410105757931846, "deaths_t": 0.03804692454026633, "assists_t": 0.06341154090044387, "csscore_t": 0.8383005707038681, "teamgold_t": 70.00380469245403, "vision_score_t": 1.1829651822628053, "wards_placed_t": 0.0849714648065948, "gold_graph_diffs_t": 16.14711477488903}