{"id": "EUN1_3575314274", "lvl": 3600, "literal level": "MASTER 0 lp", "time": 1729, "solokills_t": 0.00578368999421631, "kills_t": 0.026604973973395025, "kp": 0.45641025641025645, "deaths_t": 0.026604973973395025, "assists_t": 0.03470213996529786, "csscore_t": 0.9976865240023135, "teamgold_t": 65.4707923655292, "vision_score_t": 1.2066312507771781, "wards_placed_t": 0.08155002891844997, "gold_graph_diffs_t": 13.713707345286293}