{"id": "EUN1_3585307757", "lvl": 3700, "literal level": "MASTER 100 lp", "time": 1150, "solokills_t": 0.004347826086956522, "kills_t": 0.02608695652173913, "kp": 0.445, "deaths_t": 0.02608695652173913, "assists_t": 0.030434782608695653, "csscore_t": 0.971304347826087, "teamgold_t": 66.38173913043478, "vision_score_t": 0.8801176141482591, "wards_placed_t": 0.06695652173913043, "gold_graph_diffs_t": 10.242608695652175}