{"id": "EUN1_3588609236", "lvl": 3700, "literal level": "MASTER 100 lp", "time": 1892, "solokills_t": 0.006871035940803382, "kills_t": 0.040169133192389, "kp": 0.534923076923077, "deaths_t": 0.040169133192389, "assists_t": 0.0660676532769556, "csscore_t": 0.8424947145877378, "teamgold_t": 68.58615221987316, "vision_score_t": 0.955676706976023, "wards_placed_t": 0.05972515856236787, "gold_graph_diffs_t": 12.803911205073996}