{"id": "EUN1_3574823373", "lvl": 3700, "literal level": "MASTER 100 lp", "time": 917, "solokills_t": 0.016357688113413305, "kills_t": 0.03925845147219193, "kp": 0.36692307692307696, "deaths_t": 0.03925845147219193, "assists_t": 0.03162486368593239, "csscore_t": 0.8909487459105779, "teamgold_t": 66.10905125408942, "vision_score_t": 0.5643927579894039, "wards_placed_t": 0.04471101417666303, "gold_graph_diffs_t": 15.232279171210468}