{"id": "EUN1_3585233121", "lvl": 3400, "literal level": "MASTER 200 lp", "time": 1897, "solokills_t": 0.010015814443858724, "kills_t": 0.04164470216130733, "kp": 0.44857142857142857, "deaths_t": 0.04164470216130733, "assists_t": 0.0521876647337902, "csscore_t": 0.9024775962045335, "teamgold_t": 70.41591987348446, "vision_score_t": 1.0467539442548879, "wards_placed_t": 0.07063784923563521, "gold_graph_diffs_t": 14.014232999472853}