{"id": "EUN1_3572643548", "lvl": 3600, "literal level": "MASTER 0 lp", "time": 1822, "solokills_t": 0.008781558726673985, "kills_t": 0.03732162458836443, "kp": 0.4470588235294118, "deaths_t": 0.03732162458836443, "assists_t": 0.04610318331503842, "csscore_t": 0.969264544456641, "teamgold_t": 71.80845225027443, "vision_score_t": 1.0042699753728628, "wards_placed_t": 0.06860592755214051, "gold_graph_diffs_t": 14.467069154774972}