{"id": "EUN1_3564986188", "lvl": 3400, "literal level": "MASTER 200 lp", "time": 2340, "solokills_t": 0.009401709401709401, "kills_t": 0.047435897435897434, "kp": 0.4771560236998025, "deaths_t": 0.047435897435897434, "assists_t": 0.06538461538461539, "csscore_t": 0.8363247863247864, "teamgold_t": 73.33205128205128, "vision_score_t": 1.2663906420618114, "wards_placed_t": 0.0764957264957265, "gold_graph_diffs_t": 12.32094017094017}