{"id": "EUN1_3575979431", "lvl": 3700, "literal level": "MASTER 100 lp", "time": 1605, "solokills_t": 0.007476635514018692, "kills_t": 0.04236760124610592, "kp": 0.5122077922077922, "deaths_t": 0.04236760124610592, "assists_t": 0.0660436137071651, "csscore_t": 0.8953271028037383, "teamgold_t": 71.43862928348909, "vision_score_t": 1.2239058331811479, "wards_placed_t": 0.07975077881619938, "gold_graph_diffs_t": 14.329595015576324}