{"id": "EUN1_3577242729", "lvl": 3500, "literal level": "MASTER 300 lp", "time": 1925, "solokills_t": 0.01038961038961039, "kills_t": 0.034805194805194804, "kp": 0.4833958724202628, "deaths_t": 0.034805194805194804, "assists_t": 0.04987012987012987, "csscore_t": 0.8867532467532467, "teamgold_t": 66.95688311688312, "vision_score_t": 1.2368274922950995, "wards_placed_t": 0.07948051948051948, "gold_graph_diffs_t": 13.712207792207792}