{"id": "EUN1_3590830660", "lvl": 3600, "literal level": "MASTER 0 lp", "time": 1526, "solokills_t": 0.007863695937090432, "kills_t": 0.03473132372214941, "kp": 0.5143939393939394, "deaths_t": 0.035386631716906945, "assists_t": 0.05307994757536042, "csscore_t": 0.8132372214941023, "teamgold_t": 63.52883355176933, "vision_score_t": 0.8423004701739873, "wards_placed_t": 0.0563564875491481, "gold_graph_diffs_t": 14.67300131061599}