{"id": "EUN1_3587601661", "lvl": 3600, "literal level": "MASTER 0 lp", "time": 1688, "solokills_t": 0.006516587677725118, "kills_t": 0.03613744075829384, "kp": 0.4339816933638444, "deaths_t": 0.03613744075829384, "assists_t": 0.041469194312796206, "csscore_t": 1.0017772511848342, "teamgold_t": 73.57227488151659, "vision_score_t": 1.1789856243773351, "wards_placed_t": 0.07168246445497631, "gold_graph_diffs_t": 15.016587677725118}