{"id": "EUN1_3589530961", "lvl": 3700, "literal level": "MASTER 100 lp", "time": 2087, "solokills_t": 0.005270723526593196, "kills_t": 0.02827024436990896, "kp": 0.5590579710144927, "deaths_t": 0.02827024436990896, "assists_t": 0.048394825107810256, "csscore_t": 0.9065644465740297, "teamgold_t": 64.3526593195975, "vision_score_t": 1.113871474954801, "wards_placed_t": 0.07954000958313369, "gold_graph_diffs_t": 11.921418303785337}