{"id": "EUN1_3577769512", "lvl": 3700, "literal level": "MASTER 100 lp", "time": 1781, "solokills_t": 0.006176305446378439, "kills_t": 0.03425042111173498, "kp": 0.5884531590413944, "deaths_t": 0.03425042111173498, "assists_t": 0.06513194834362718, "csscore_t": 0.9511510387422796, "teamgold_t": 70.02695115103874, "vision_score_t": 1.0622551191426783, "wards_placed_t": 0.07580011229646266, "gold_graph_diffs_t": 14.180797304884896}