{"id": "EUN1_3555182942", "lvl": 3200, "literal level": "MASTER 0 lp", "time": 1976, "solokills_t": 0.008097165991902834, "kills_t": 0.04554655870445344, "kp": 0.512753036437247, "deaths_t": 0.04554655870445344, "assists_t": 0.07186234817813765, "csscore_t": 0.8248987854251012, "teamgold_t": 70.78694331983806, "vision_score_t": 1.0497544484326544, "wards_placed_t": 0.076417004048583, "gold_graph_diffs_t": 13.661437246963562}