{"id": "EUN1_3563735694", "lvl": 3200, "literal level": "MASTER 0 lp", "time": 1785, "solokills_t": 0.005042016806722689, "kills_t": 0.02969187675070028, "kp": 0.5176470588235295, "deaths_t": 0.02969187675070028, "assists_t": 0.0515406162464986, "csscore_t": 0.892436974789916, "teamgold_t": 67.89579831932772, "vision_score_t": 0.9915754017739132, "wards_placed_t": 0.06162464985994398, "gold_graph_diffs_t": 15.846498599439776}