{"id": "EUN1_3577558729", "lvl": 3800, "literal level": "MASTER 200 lp", "time": 2033, "solokills_t": 0.005902606984751598, "kills_t": 0.02705361534677816, "kp": 0.5035714285714284, "deaths_t": 0.02705361534677816, "assists_t": 0.04082636497786522, "csscore_t": 0.9690113133300541, "teamgold_t": 65.86915887850468, "vision_score_t": 1.0382374554046279, "wards_placed_t": 0.06837186424003935, "gold_graph_diffs_t": 13.50713231677324}