{"id": "EUN1_3588471037", "lvl": 3700, "literal level": "MASTER 100 lp", "time": 1347, "solokills_t": 0.008908685968819599, "kills_t": 0.053452115812917596, "kp": 0.44375, "deaths_t": 0.053452115812917596, "assists_t": 0.0645879732739421, "csscore_t": 0.7988121752041574, "teamgold_t": 76.64365256124722, "vision_score_t": 0.897558213398867, "wards_placed_t": 0.06755753526354863, "gold_graph_diffs_t": 14.533778767631775}