{"id": "EUN1_3588310683", "lvl": 3600, "literal level": "MASTER 0 lp", "time": 1126, "solokills_t": 0.010657193605683837, "kills_t": 0.04262877442273535, "kp": 0.40909090909090917, "deaths_t": 0.04262877442273535, "assists_t": 0.0452930728241563, "csscore_t": 0.9262877442273535, "teamgold_t": 71.23268206039076, "vision_score_t": 0.7430576007264676, "wards_placed_t": 0.04884547069271759, "gold_graph_diffs_t": 16.5044404973357}