{"id": "EUN1_3583661651", "lvl": 3600, "literal level": "MASTER 0 lp", "time": 938, "solokills_t": 0.01279317697228145, "kills_t": 0.035181236673773986, "kp": 0.3727272727272727, "deaths_t": 0.035181236673773986, "assists_t": 0.029850746268656716, "csscore_t": 0.9466950959488273, "teamgold_t": 68.52878464818764, "vision_score_t": 0.7764764171431014, "wards_placed_t": 0.05863539445628998, "gold_graph_diffs_t": 9.823027718550106}