{"id": "EUN1_3577731196", "lvl": 3500, "literal level": "MASTER 300 lp", "time": 1121, "solokills_t": 0.010704727921498661, "kills_t": 0.030330062444246207, "kp": 0.4142292490118577, "deaths_t": 0.030330062444246207, "assists_t": 0.030330062444246207, "csscore_t": 0.91971454058876, "teamgold_t": 65.48974130240856, "vision_score_t": 0.7495978636960575, "wards_placed_t": 0.05976806422836753, "gold_graph_diffs_t": 14.834968777876895}