{"id": "EUN1_3580490092", "lvl": 3700, "literal level": "MASTER 100 lp", "time": 1533, "solokills_t": 0.0045662100456621, "kills_t": 0.04174820613176777, "kp": 0.5508305647840531, "deaths_t": 0.04174820613176777, "assists_t": 0.07175472928897586, "csscore_t": 0.8656229615133725, "teamgold_t": 69.20808871493803, "vision_score_t": 1.0945632902161593, "wards_placed_t": 0.07045009784735812, "gold_graph_diffs_t": 15.469015003261578}