{"id": "EUN1_3580257726", "lvl": 3700, "literal level": "MASTER 100 lp", "time": 1727, "solokills_t": 0.003474232773595831, "kills_t": 0.03184713375796178, "kp": 0.5461300309597523, "deaths_t": 0.03184713375796178, "assists_t": 0.05327156919513607, "csscore_t": 0.89171974522293, "teamgold_t": 64.15865662999421, "vision_score_t": 0.993063550677241, "wards_placed_t": 0.06311522872032427, "gold_graph_diffs_t": 13.129125651418645}