{"id": "EUN1_3582976870", "lvl": 3900, "literal level": "MASTER 300 lp", "time": 2021, "solokills_t": 0.005937654626422563, "kills_t": 0.025729836714497772, "kp": 0.5120300751879698, "deaths_t": 0.025729836714497772, "assists_t": 0.0425531914893617, "csscore_t": 0.8683819891142999, "teamgold_t": 62.725383473527955, "vision_score_t": 1.278560499827871, "wards_placed_t": 0.07570509648688768, "gold_graph_diffs_t": 11.123206333498269}