{"id": "EUN1_3574233905", "lvl": 3800, "literal level": "MASTER 200 lp", "time": 1933, "solokills_t": 0.00982928091050181, "kills_t": 0.04397309881013968, "kp": 0.49617516629711755, "deaths_t": 0.04397309881013968, "assists_t": 0.06518365235385411, "csscore_t": 0.8892912571132954, "teamgold_t": 70.88463528194517, "vision_score_t": 1.0499115562521033, "wards_placed_t": 0.07966890843248836, "gold_graph_diffs_t": 16.30729436109674}