{"id": "EUN1_3581209032", "lvl": 3300, "literal level": "MASTER 100 lp", "time": 2066, "solokills_t": 0.003872216844143272, "kills_t": 0.035333978702807356, "kp": 0.529858934169279, "deaths_t": 0.035333978702807356, "assists_t": 0.06098741529525654, "csscore_t": 0.8620522749273959, "teamgold_t": 66.44917715392062, "vision_score_t": 1.4295111310800737, "wards_placed_t": 0.08518877057115198, "gold_graph_diffs_t": 10.784123910939012}