{"id": "EUN1_3574834901", "lvl": 3800, "literal level": "MASTER 200 lp", "time": 2228, "solokills_t": 0.004488330341113106, "kills_t": 0.03770197486535009, "kp": 0.5746981023576768, "deaths_t": 0.03770197486535009, "assists_t": 0.07091561938958707, "csscore_t": 0.8061041292639138, "teamgold_t": 66.72486535008977, "vision_score_t": 1.0423633410313635, "wards_placed_t": 0.0718132854578097, "gold_graph_diffs_t": 13.022890484739676}