{"id": "EUN1_3589561567", "lvl": 3700, "literal level": "MASTER 100 lp", "time": 1862, "solokills_t": 0.0053705692803437165, "kills_t": 0.031149301825993556, "kp": 0.47043478260869565, "deaths_t": 0.03168635875402793, "assists_t": 0.04242749731471536, "csscore_t": 0.9516648764769066, "teamgold_t": 69.72717508055854, "vision_score_t": 1.0808089875378841, "wards_placed_t": 0.08216970998925886, "gold_graph_diffs_t": 16.83780880773362}