{"id": "EUN1_3563762355", "lvl": 3400, "literal level": "MASTER 200 lp", "time": 1627, "solokills_t": 0.017209588199139522, "kills_t": 0.05224339274738783, "kp": 0.42161330049261087, "deaths_t": 0.05224339274738783, "assists_t": 0.05224339274738783, "csscore_t": 0.8973570989551322, "teamgold_t": 77.58942839582053, "vision_score_t": 0.8842319776111625, "wards_placed_t": 0.06699446834665028, "gold_graph_diffs_t": 11.33620159803319}