{"id": "EUN1_3580842782", "lvl": 3700, "literal level": "MASTER 100 lp", "time": 1663, "solokills_t": 0.009621166566446182, "kills_t": 0.03668069753457607, "kp": 0.45083333333333336, "deaths_t": 0.03668069753457607, "assists_t": 0.043896572459410706, "csscore_t": 0.8749248346361996, "teamgold_t": 66.68430547203849, "vision_score_t": 0.9765544987219844, "wards_placed_t": 0.06794948887552615, "gold_graph_diffs_t": 14.2080577269994}