{"id": "EUN1_3575322017", "lvl": 3600, "literal level": "MASTER 0 lp", "time": 1863, "solokills_t": 0.010735373054213635, "kills_t": 0.045625335480407946, "kp": 0.46792114695340503, "deaths_t": 0.04616210413311862, "assists_t": 0.06172839506172839, "csscore_t": 0.9017713365539453, "teamgold_t": 77.00912506709608, "vision_score_t": 0.9863092116298745, "wards_placed_t": 0.06816961889425657, "gold_graph_diffs_t": 18.64519592055824}