{"id": "EUN1_3584370941", "lvl": 3800, "literal level": "MASTER 200 lp", "time": 1754, "solokills_t": 0.004561003420752566, "kills_t": 0.021664766248574687, "kp": 0.45178571428571435, "deaths_t": 0.021664766248574687, "assists_t": 0.027936145952109463, "csscore_t": 0.9703534777651083, "teamgold_t": 63.59179019384265, "vision_score_t": 0.9809562609699632, "wards_placed_t": 0.06841505131128849, "gold_graph_diffs_t": 11.98745724059293}