{"id": "EUN1_3590087869", "lvl": 3800, "literal level": "MASTER 200 lp", "time": 1484, "solokills_t": 0.0047169811320754715, "kills_t": 0.028975741239892182, "kp": 0.5309523809523811, "deaths_t": 0.028975741239892182, "assists_t": 0.04784366576819407, "csscore_t": 0.9090296495956873, "teamgold_t": 64.31469002695418, "vision_score_t": 1.0784930424775951, "wards_placed_t": 0.06873315363881402, "gold_graph_diffs_t": 12.875336927223719}