{"id": "EUN1_3578352151", "lvl": 3800, "literal level": "MASTER 200 lp", "time": 1639, "solokills_t": 0.004270896888346553, "kills_t": 0.022574740695546065, "kp": 0.42296296296296293, "deaths_t": 0.022574740695546065, "assists_t": 0.03050640634533252, "csscore_t": 1.0085417937766932, "teamgold_t": 62.08419768151312, "vision_score_t": 1.207483680012215, "wards_placed_t": 0.08175716900549115, "gold_graph_diffs_t": 9.558267236119585}