{"id": "EUN1_3575385215", "lvl": 3800, "literal level": "MASTER 200 lp", "time": 1798, "solokills_t": 0.0055617352614015575, "kills_t": 0.04838709677419355, "kp": 0.5305555555555556, "deaths_t": 0.04838709677419355, "assists_t": 0.08008898776418243, "csscore_t": 0.803670745272525, "teamgold_t": 73.32146829810901, "vision_score_t": 1.0766479980712087, "wards_placed_t": 0.07508342602892103, "gold_graph_diffs_t": 15.129032258064516}