{"id": "EUN1_3575094470", "lvl": 3400, "literal level": "MASTER 200 lp", "time": 1622, "solokills_t": 0.006781750924784217, "kills_t": 0.04623921085080148, "kp": 0.4415584415584416, "deaths_t": 0.0468557336621455, "assists_t": 0.055487053020961775, "csscore_t": 0.812577065351418, "teamgold_t": 70.63625154130703, "vision_score_t": 1.1536913704673744, "wards_placed_t": 0.07768187422934648, "gold_graph_diffs_t": 13.575832305795315}