{"id": "EUN1_3572559430", "lvl": 3400, "literal level": "MASTER 200 lp", "time": 1595, "solokills_t": 0.00877742946708464, "kills_t": 0.038871473354231974, "kp": 0.4489409141583055, "deaths_t": 0.038871473354231974, "assists_t": 0.049529780564263326, "csscore_t": 0.9172413793103448, "teamgold_t": 67.29216300940439, "vision_score_t": 0.9201769787292615, "wards_placed_t": 0.06206896551724138, "gold_graph_diffs_t": 11.832601880877743}