{"id": "EUN1_3571985992", "lvl": 3500, "literal level": "MASTER 300 lp", "time": 1357, "solokills_t": 0.004421518054532056, "kills_t": 0.036845983787767135, "kp": 0.5628472222222222, "deaths_t": 0.036845983787767135, "assists_t": 0.06779661016949153, "csscore_t": 0.8828297715549005, "teamgold_t": 65.6138540899042, "vision_score_t": 1.0535646317084286, "wards_placed_t": 0.06927044952100221, "gold_graph_diffs_t": 16.72955047899779}