{"id": "EUN1_3573023177", "lvl": 3500, "literal level": "MASTER 300 lp", "time": 1209, "solokills_t": 0.0041356492969396195, "kills_t": 0.03556658395368073, "kp": 0.469047619047619, "deaths_t": 0.03556658395368073, "assists_t": 0.04797353184449959, "csscore_t": 0.9040529363110008, "teamgold_t": 67.55086848635236, "vision_score_t": 0.9066541109380755, "wards_placed_t": 0.058726220016542596, "gold_graph_diffs_t": 18.093465674110835}