{"id": "EUN1_3578426165", "lvl": 3700, "literal level": "MASTER 100 lp", "time": 1381, "solokills_t": 0.008689355539464157, "kills_t": 0.0333091962346126, "kp": 0.42261208576998044, "deaths_t": 0.0333091962346126, "assists_t": 0.036205648081100654, "csscore_t": 0.9956553222302679, "teamgold_t": 70.19840695148443, "vision_score_t": 0.9055862248227979, "wards_placed_t": 0.05937726285300507, "gold_graph_diffs_t": 16.609703113685736}