{"id": "EUN1_3579504746", "lvl": 3700, "literal level": "MASTER 100 lp", "time": 1650, "solokills_t": 0.006666666666666667, "kills_t": 0.03939393939393939, "kp": 0.5511904761904762, "deaths_t": 0.03939393939393939, "assists_t": 0.06909090909090909, "csscore_t": 0.8793939393939394, "teamgold_t": 67.2278787878788, "vision_score_t": 0.9520815427379293, "wards_placed_t": 0.06, "gold_graph_diffs_t": 11.938181818181818}