{"id": "EUN1_3575112414", "lvl": 3600, "literal level": "MASTER 0 lp", "time": 1246, "solokills_t": 0.014446227929373997, "kills_t": 0.0521669341894061, "kp": 0.40453431372549015, "deaths_t": 0.0521669341894061, "assists_t": 0.05537720706260032, "csscore_t": 0.8820224719101124, "teamgold_t": 73.23996789727127, "vision_score_t": 0.7244553536292113, "wards_placed_t": 0.05056179775280899, "gold_graph_diffs_t": 16.291332263242374}