{"id": "EUN1_3578876991", "lvl": 3700, "literal level": "MASTER 100 lp", "time": 1989, "solokills_t": 0.004524886877828055, "kills_t": 0.04072398190045249, "kp": 0.5495700245700246, "deaths_t": 0.04072398190045249, "assists_t": 0.07038712921065862, "csscore_t": 0.9773755656108597, "teamgold_t": 75.90849673202614, "vision_score_t": 0.9393217512521366, "wards_placed_t": 0.06435394670688788, "gold_graph_diffs_t": 16.764203117144294}