{"id": "EUN1_3585340795", "lvl": 3600, "literal level": "MASTER 0 lp", "time": 1719, "solokills_t": 0.006399069226294357, "kills_t": 0.04013961605584642, "kp": 0.5030555555555555, "deaths_t": 0.04013961605584642, "assists_t": 0.06050029086678301, "csscore_t": 0.8807446189645143, "teamgold_t": 69.92204770215241, "vision_score_t": 1.2142877627329696, "wards_placed_t": 0.08318789994182664, "gold_graph_diffs_t": 11.46480511925538}