{"id": "EUN1_3575376334", "lvl": 3800, "literal level": "MASTER 200 lp", "time": 1587, "solokills_t": 0.00315059861373661, "kills_t": 0.02520478890989288, "kp": 0.5149999999999999, "deaths_t": 0.0258349086326402, "assists_t": 0.03969754253308128, "csscore_t": 0.9521109010712036, "teamgold_t": 64.60176433522369, "vision_score_t": 1.0218641073200865, "wards_placed_t": 0.06994328922495274, "gold_graph_diffs_t": 11.872085696282294}