{"id": "EUN1_3579565017", "lvl": 3900, "literal level": "MASTER 300 lp", "time": 1860, "solokills_t": 0.006989247311827957, "kills_t": 0.034408602150537634, "kp": 0.49904559915164376, "deaths_t": 0.034408602150537634, "assists_t": 0.05161290322580645, "csscore_t": 0.9413978494623656, "teamgold_t": 70.20537634408602, "vision_score_t": 1.0150305193534614, "wards_placed_t": 0.07096774193548387, "gold_graph_diffs_t": 11.18494623655914}