{"id": "EUN1_3572489763", "lvl": 3400, "literal level": "MASTER 200 lp", "time": 1612, "solokills_t": 0.011166253101736972, "kills_t": 0.03722084367245657, "kp": 0.44722222222222224, "deaths_t": 0.03722084367245657, "assists_t": 0.04404466501240695, "csscore_t": 0.9801488833746899, "teamgold_t": 70.636476426799, "vision_score_t": 1.008622886465494, "wards_placed_t": 0.06947890818858561, "gold_graph_diffs_t": 17.229528535980148}