{"id": "EUN1_3575524856", "lvl": 3500, "literal level": "MASTER 300 lp", "time": 1905, "solokills_t": 0.008398950131233596, "kills_t": 0.03622047244094488, "kp": 0.4702090592334495, "deaths_t": 0.03674540682414698, "assists_t": 0.049868766404199474, "csscore_t": 0.8692913385826772, "teamgold_t": 67.22152230971129, "vision_score_t": 0.9543306861455989, "wards_placed_t": 0.06771653543307087, "gold_graph_diffs_t": 12.888713910761155}