{"id": "EUN1_3588644341", "lvl": 3700, "literal level": "MASTER 100 lp", "time": 1473, "solokills_t": 0.0047522063815342835, "kills_t": 0.034623217922606926, "kp": 0.42160714285714285, "deaths_t": 0.034623217922606926, "assists_t": 0.0373387644263408, "csscore_t": 0.9748811948404617, "teamgold_t": 70.27630685675493, "vision_score_t": 0.9596354785624953, "wards_placed_t": 0.06517311608961303, "gold_graph_diffs_t": 13.677528852681602}