{"id": "EUN1_3579848069", "lvl": 3900, "literal level": "MASTER 300 lp", "time": 2357, "solokills_t": 0.005515485787017395, "kills_t": 0.028850233347475603, "kp": 0.48681120144534773, "deaths_t": 0.028850233347475603, "assists_t": 0.04285108188375053, "csscore_t": 0.9520577004666949, "teamgold_t": 68.30038184132371, "vision_score_t": 0.9386572809318864, "wards_placed_t": 0.0615188799321171, "gold_graph_diffs_t": 18.221467967755622}