{"id": "EUN1_3577700867", "lvl": 3800, "literal level": "MASTER 200 lp", "time": 1547, "solokills_t": 0.002585649644473174, "kills_t": 0.0394311570782159, "kp": 0.6369281045751635, "deaths_t": 0.0394311570782159, "assists_t": 0.08597285067873303, "csscore_t": 0.8500323206205559, "teamgold_t": 71.13897866839044, "vision_score_t": 0.9376190000759029, "wards_placed_t": 0.06658047834518423, "gold_graph_diffs_t": 17.220426632191337}