{"id": "EUN1_3588840498", "lvl": 3700, "literal level": "MASTER 100 lp", "time": 1815, "solokills_t": 0.011019283746556474, "kills_t": 0.03966942148760331, "kp": 0.42037765538945704, "deaths_t": 0.03966942148760331, "assists_t": 0.04462809917355372, "csscore_t": 0.949862258953168, "teamgold_t": 73.0633608815427, "vision_score_t": 1.1047027722548055, "wards_placed_t": 0.07823691460055096, "gold_graph_diffs_t": 11.196694214876032}