{"id": "EUN1_3575953803", "lvl": 3700, "literal level": "MASTER 100 lp", "time": 1445, "solokills_t": 0.006920415224913495, "kills_t": 0.03044982698961938, "kp": 0.54375, "deaths_t": 0.03044982698961938, "assists_t": 0.05051903114186851, "csscore_t": 0.9418685121107266, "teamgold_t": 65.22491349480968, "vision_score_t": 1.1327470316036468, "wards_placed_t": 0.08304498269896193, "gold_graph_diffs_t": 15.56955017301038}