{"id": "EUN1_3571413904", "lvl": 3700, "literal level": "MASTER 100 lp", "time": 1932, "solokills_t": 0.005693581780538302, "kills_t": 0.036231884057971016, "kp": 0.47416666666666674, "deaths_t": 0.036231884057971016, "assists_t": 0.04917184265010352, "csscore_t": 0.9523809523809523, "teamgold_t": 70.37836438923395, "vision_score_t": 1.2829422559207602, "wards_placed_t": 0.08022774327122154, "gold_graph_diffs_t": 12.574016563146998}