{"id": "EUN1_3578050095", "lvl": 3600, "literal level": "MASTER 0 lp", "time": 1219, "solokills_t": 0.009023789991796555, "kills_t": 0.04922067268252666, "kp": 0.4153846153846154, "deaths_t": 0.04922067268252666, "assists_t": 0.054142739950779326, "csscore_t": 0.859721082854799, "teamgold_t": 72.7202625102543, "vision_score_t": 0.6937161792173299, "wards_placed_t": 0.054142739950779326, "gold_graph_diffs_t": 14.126333059885152}