{"id": "EUN1_3580368841", "lvl": 3800, "literal level": "MASTER 200 lp", "time": 1929, "solokills_t": 0.007257646448937273, "kills_t": 0.03265940902021773, "kp": 0.46642857142857136, "deaths_t": 0.03265940902021773, "assists_t": 0.044582685329186106, "csscore_t": 0.9777086573354069, "teamgold_t": 68.6381544841887, "vision_score_t": 1.1976586417004682, "wards_placed_t": 0.06894764126490409, "gold_graph_diffs_t": 11.664593053395542}