{"id": "EUN1_3578332441", "lvl": 3900, "literal level": "MASTER 300 lp", "time": 1373, "solokills_t": 0.003641660597232338, "kills_t": 0.029133284777858703, "kp": 0.5100313479623825, "deaths_t": 0.029133284777858703, "assists_t": 0.04879825200291333, "csscore_t": 0.9927166788055353, "teamgold_t": 65.65622723962127, "vision_score_t": 1.0578334972183843, "wards_placed_t": 0.06991988346686089, "gold_graph_diffs_t": 13.465404224326292}