{"id": "EUN1_3560592463", "lvl": 3200, "literal level": "MASTER 0 lp", "time": 1759, "solokills_t": 0.01023308698123934, "kills_t": 0.038658328595793066, "kp": 0.46875, "deaths_t": 0.038658328595793066, "assists_t": 0.05230244457077885, "csscore_t": 0.8726549175667994, "teamgold_t": 69.68732234223991, "vision_score_t": 1.0923357612710642, "wards_placed_t": 0.07902217168845935, "gold_graph_diffs_t": 14.045480386583286}