{"id": "EUN1_3582661129", "lvl": 3400, "literal level": "MASTER 200 lp", "time": 1969, "solokills_t": 0.011681056373793804, "kills_t": 0.0452006094464195, "kp": 0.4261178861788618, "deaths_t": 0.0452006094464195, "assists_t": 0.05078720162519045, "csscore_t": 0.8857287963433215, "teamgold_t": 73.29101066531234, "vision_score_t": 0.9631134850035197, "wards_placed_t": 0.06602336211274759, "gold_graph_diffs_t": 12.625698324022347}