{"id": "EUN1_3588621086", "lvl": 3800, "literal level": "MASTER 200 lp", "time": 1618, "solokills_t": 0.004944375772558714, "kills_t": 0.032138442521631644, "kp": 0.5487256371814093, "deaths_t": 0.032138442521631644, "assists_t": 0.05686032138442522, "csscore_t": 0.946229913473424, "teamgold_t": 68.25957972805934, "vision_score_t": 1.0482072318547409, "wards_placed_t": 0.06489493201483312, "gold_graph_diffs_t": 11.061804697156983}