{"id": "EUN1_3563356562", "lvl": 3300, "literal level": "MASTER 100 lp", "time": 1529, "solokills_t": 0.005886200130804447, "kills_t": 0.032047089601046436, "kp": 0.526470588235294, "deaths_t": 0.033355134074558535, "assists_t": 0.051013734466971876, "csscore_t": 0.9182472204054938, "teamgold_t": 68.42903858731196, "vision_score_t": 0.9882079994956771, "wards_placed_t": 0.06278613472858077, "gold_graph_diffs_t": 14.15565729234794}