{"id": "EUN1_3575149297", "lvl": 3600, "literal level": "MASTER 0 lp", "time": 926, "solokills_t": 0.005399568034557235, "kills_t": 0.02159827213822894, "kp": 0.47333333333333333, "deaths_t": 0.02159827213822894, "assists_t": 0.024838012958963283, "csscore_t": 0.937365010799136, "teamgold_t": 59.634989200863934, "vision_score_t": 0.7349000480002208, "wards_placed_t": 0.05723542116630669, "gold_graph_diffs_t": 12.289416846652268}