{"id": "EUN1_3588880011", "lvl": 3700, "literal level": "MASTER 100 lp", "time": 1900, "solokills_t": 0.008947368421052631, "kills_t": 0.0431578947368421, "kp": 0.47073170731707314, "deaths_t": 0.0431578947368421, "assists_t": 0.05842105263157895, "csscore_t": 0.8910526315789473, "teamgold_t": 70.25368421052632, "vision_score_t": 1.1642013682597212, "wards_placed_t": 0.07894736842105263, "gold_graph_diffs_t": 13.09578947368421}