{"id": "EUN1_3578655385", "lvl": 3700, "literal level": "MASTER 100 lp", "time": 2063, "solokills_t": 0.009209888511875909, "kills_t": 0.036354823073194376, "kp": 0.48236130867709814, "deaths_t": 0.036839554047503636, "assists_t": 0.05138148327678139, "csscore_t": 0.8919049927290353, "teamgold_t": 68.19001454192923, "vision_score_t": 1.0098175289397855, "wards_placed_t": 0.07416383906931653, "gold_graph_diffs_t": 15.283567619970917}