{"id": "EUN1_3573342608", "lvl": 3500, "literal level": "MASTER 300 lp", "time": 1651, "solokills_t": 0.01029678982434888, "kills_t": 0.03634161114476075, "kp": 0.44000000000000006, "deaths_t": 0.03634161114476075, "assists_t": 0.04663840096910963, "csscore_t": 0.8673531193216233, "teamgold_t": 68.1084191399152, "vision_score_t": 1.045381168290821, "wards_placed_t": 0.07692307692307693, "gold_graph_diffs_t": 14.282858873410055}