{"id": "EUN1_3557256517", "lvl": 3200, "literal level": "MASTER 0 lp", "time": 1591, "solokills_t": 0.009428032683846637, "kills_t": 0.034569453174104335, "kp": 0.44117647058823534, "deaths_t": 0.03519798868636078, "assists_t": 0.03896920175989944, "csscore_t": 0.9874292897548711, "teamgold_t": 69.26524198617221, "vision_score_t": 1.005519915298752, "wards_placed_t": 0.06851037083595223, "gold_graph_diffs_t": 14.581395348837209}