{"id": "EUN1_3573784493", "lvl": 3700, "literal level": "MASTER 100 lp", "time": 1611, "solokills_t": 0.010552451893234015, "kills_t": 0.035381750465549346, "kp": 0.4192307692307692, "deaths_t": 0.035381750465549346, "assists_t": 0.03786468032278088, "csscore_t": 0.9534450651769087, "teamgold_t": 68.76163873370577, "vision_score_t": 0.9256919064323096, "wards_placed_t": 0.0595903165735568, "gold_graph_diffs_t": 12.107386716325264}