{"id": "EUN1_3577344192", "lvl": 3700, "literal level": "MASTER 100 lp", "time": 1768, "solokills_t": 0.011312217194570135, "kills_t": 0.04638009049773756, "kp": 0.4463663663663663, "deaths_t": 0.04638009049773756, "assists_t": 0.057692307692307696, "csscore_t": 0.8495475113122172, "teamgold_t": 72.32296380090497, "vision_score_t": 0.8399143030341654, "wards_placed_t": 0.06165158371040724, "gold_graph_diffs_t": 17.01414027149321}