{"id": "EUN1_3579340488", "lvl": 3700, "literal level": "MASTER 100 lp", "time": 1938, "solokills_t": 0.005159958720330237, "kills_t": 0.0304437564499484, "kp": 0.48053613053613053, "deaths_t": 0.030959752321981424, "assists_t": 0.04179566563467492, "csscore_t": 0.936016511867905, "teamgold_t": 67.656346749226, "vision_score_t": 1.211709152745588, "wards_placed_t": 0.09287925696594428, "gold_graph_diffs_t": 15.497420020639835}