{"id": "EUN1_3575612414", "lvl": 3500, "literal level": "MASTER 300 lp", "time": 2249, "solokills_t": 0.009337483325922631, "kills_t": 0.05602489995553579, "kp": 0.4793650793650793, "deaths_t": 0.05602489995553579, "assists_t": 0.07825700311249444, "csscore_t": 0.7536682970208982, "teamgold_t": 74.68341485104492, "vision_score_t": 0.9126492138195476, "wards_placed_t": 0.0689195197865718, "gold_graph_diffs_t": 15.044464206313917}