{"id": "EUN1_3574481944", "lvl": 3600, "literal level": "MASTER 0 lp", "time": 1501, "solokills_t": 0.009327115256495669, "kills_t": 0.04397068620919387, "kp": 0.4866096866096866, "deaths_t": 0.04397068620919387, "assists_t": 0.0626249167221852, "csscore_t": 0.8294470353097935, "teamgold_t": 72.41239173884077, "vision_score_t": 0.9483049804471018, "wards_placed_t": 0.06928714190539641, "gold_graph_diffs_t": 17.485009993337776}