{"id": "EUN1_3546916963", "lvl": 1700, "literal level": "PLATINUM III", "time": 1918, "solokills_t": 0.009384775808133473, "kills_t": 0.04171011470281543, "kp": 0.41709401709401706, "deaths_t": 0.04171011470281543, "assists_t": 0.04483837330552659, "csscore_t": 0.7090719499478624, "teamgold_t": 63.96350364963504, "vision_score_t": 1.0236747186729356, "wards_placed_t": 0.07194994786235662, "gold_graph_diffs_t": 12.880083420229406}