{"id": "EUN1_3538011880", "lvl": 1200, "literal level": "GOLD IV", "time": 1511, "solokills_t": 0.01257445400397088, "kills_t": 0.045665122435473195, "kp": 0.41493738819320214, "deaths_t": 0.04632693580410324, "assists_t": 0.05294506949040371, "csscore_t": 0.7041694242223693, "teamgold_t": 69.33752481800133, "vision_score_t": 0.6095059626164473, "wards_placed_t": 0.042356055592322965, "gold_graph_diffs_t": 14.356717405691596}