{"id": "EUN1_3563535187", "lvl": 1500, "literal level": "GOLD I", "time": 1660, "solokills_t": 0.009036144578313253, "kills_t": 0.03855421686746988, "kp": 0.45636363636363636, "deaths_t": 0.03855421686746988, "assists_t": 0.05060240963855422, "csscore_t": 0.7789156626506024, "teamgold_t": 67.60240963855422, "vision_score_t": 0.9599821781674998, "wards_placed_t": 0.0746987951807229, "gold_graph_diffs_t": 16.76144578313253}