{"id": "EUN1_3585660562", "lvl": 1400, "literal level": "GOLD II", "time": 2094, "solokills_t": 0.011461318051575931, "kills_t": 0.03772683858643744, "kp": 0.42977207977207976, "deaths_t": 0.03772683858643744, "assists_t": 0.04202483285577841, "csscore_t": 0.835243553008596, "teamgold_t": 64.62607449856733, "vision_score_t": 0.8173405496161662, "wards_placed_t": 0.05682903533906399, "gold_graph_diffs_t": 14.538204393505254}