{"id": "EUN1_3585561110", "lvl": 1200, "literal level": "GOLD IV", "time": 1843, "solokills_t": 0.008138903960933261, "kills_t": 0.040694519804666304, "kp": 0.417425431711146, "deaths_t": 0.040694519804666304, "assists_t": 0.04340748779164406, "csscore_t": 0.781334780249593, "teamgold_t": 67.73738469886055, "vision_score_t": 0.8132027784351055, "wards_placed_t": 0.05914270211611503, "gold_graph_diffs_t": 13.71351058057515}