{"id": "EUN1_3576327969", "lvl": 1400, "literal level": "GOLD II", "time": 1448, "solokills_t": 0.009668508287292817, "kills_t": 0.04212707182320442, "kp": 0.4682957393483709, "deaths_t": 0.04212707182320442, "assists_t": 0.055248618784530384, "csscore_t": 0.7334254143646409, "teamgold_t": 64.0, "vision_score_t": 0.7786556935687982, "wards_placed_t": 0.060082872928176795, "gold_graph_diffs_t": 12.980662983425415}