{"id": "EUN1_3549046498", "lvl": 1400, "literal level": "GOLD II", "time": 1533, "solokills_t": 0.007827788649706457, "kills_t": 0.03587736464448793, "kp": 0.42878787878787883, "deaths_t": 0.03587736464448793, "assists_t": 0.04174820613176777, "csscore_t": 0.7971298108284409, "teamgold_t": 62.93215916503588, "vision_score_t": 0.7369740997731687, "wards_placed_t": 0.05218525766470972, "gold_graph_diffs_t": 12.801696020874102}