{"id": "EUN1_3568659399", "lvl": 1200, "literal level": "GOLD IV", "time": 2892, "solokills_t": 0.01037344398340249, "kills_t": 0.03492392807745505, "kp": 0.43467213114754094, "deaths_t": 0.03492392807745505, "assists_t": 0.04114799446749654, "csscore_t": 0.7783540802213001, "teamgold_t": 64.88243430152144, "vision_score_t": 0.79542162701207, "wards_placed_t": 0.056016597510373446, "gold_graph_diffs_t": 15.008298755186722}