{"id": "EUN1_3567604196", "lvl": 1600, "literal level": "PLATINUM IV", "time": 1898, "solokills_t": 0.0136986301369863, "kills_t": 0.037407797681770286, "kp": 0.42971380471380466, "deaths_t": 0.037407797681770286, "assists_t": 0.03898840885142255, "csscore_t": 0.827186512118019, "teamgold_t": 62.76343519494205, "vision_score_t": 0.8960090027638288, "wards_placed_t": 0.06006322444678609, "gold_graph_diffs_t": 11.644362486828241}