{"id": "EUN1_3568179329", "lvl": 1400, "literal level": "GOLD II", "time": 1772, "solokills_t": 0.01072234762979684, "kills_t": 0.04288939051918736, "kp": 0.4413690476190476, "deaths_t": 0.04288939051918736, "assists_t": 0.04966139954853273, "csscore_t": 0.7420993227990971, "teamgold_t": 67.99435665914221, "vision_score_t": 0.9745632121169635, "wards_placed_t": 0.07054176072234764, "gold_graph_diffs_t": 17.12866817155756}