{"id": "EUN1_3573392103", "lvl": 1300, "literal level": "GOLD III", "time": 2491, "solokills_t": 0.009634684865515858, "kills_t": 0.030509835407466882, "kp": 0.39602272727272725, "deaths_t": 0.030509835407466882, "assists_t": 0.02890405459654757, "csscore_t": 0.8594941790445604, "teamgold_t": 63.77438779606584, "vision_score_t": 0.9571342668493005, "wards_placed_t": 0.05820955439582497, "gold_graph_diffs_t": 12.142914492171819}