{"id": "EUN1_3578964820", "lvl": 1400, "literal level": "GOLD II", "time": 1274, "solokills_t": 0.012558869701726845, "kills_t": 0.03453689167974882, "kp": 0.4033333333333333, "deaths_t": 0.03453689167974882, "assists_t": 0.03532182103610675, "csscore_t": 0.6938775510204082, "teamgold_t": 58.95839874411303, "vision_score_t": 0.8035899717028236, "wards_placed_t": 0.05259026687598116, "gold_graph_diffs_t": 12.737048665620094}