{"id": "EUN1_3579660256", "lvl": 1400, "literal level": "GOLD II", "time": 2123, "solokills_t": 0.008949599623174752, "kills_t": 0.04145077720207254, "kp": 0.45536842105263153, "deaths_t": 0.041921808761187, "assists_t": 0.054639660857277436, "csscore_t": 0.7456429580781913, "teamgold_t": 67.01742816768723, "vision_score_t": 0.9776905351419938, "wards_placed_t": 0.06971267074894018, "gold_graph_diffs_t": 14.663212435233161}