{"id": "EUN1_3577168537", "lvl": 1300, "literal level": "GOLD III", "time": 1255, "solokills_t": 0.00796812749003984, "kills_t": 0.036653386454183264, "kp": 0.40541666666666665, "deaths_t": 0.03745019920318725, "assists_t": 0.035856573705179286, "csscore_t": 0.7912350597609562, "teamgold_t": 65.11075697211156, "vision_score_t": 0.5952998016258796, "wards_placed_t": 0.04223107569721116, "gold_graph_diffs_t": 15.794422310756971}