{"id": "EUN1_3543964097", "lvl": 1200, "literal level": "GOLD IV", "time": 1744, "solokills_t": 0.010894495412844037, "kills_t": 0.04472477064220184, "kp": 0.4126984126984127, "deaths_t": 0.04472477064220184, "assists_t": 0.0481651376146789, "csscore_t": 0.7293577981651376, "teamgold_t": 68.79071100917432, "vision_score_t": 0.8408504543159294, "wards_placed_t": 0.06307339449541284, "gold_graph_diffs_t": 17.11525229357798}