{"id": "EUN1_3569268692", "lvl": 1400, "literal level": "GOLD II", "time": 1686, "solokills_t": 0.013048635824436536, "kills_t": 0.03558718861209965, "kp": 0.42628571428571427, "deaths_t": 0.03558718861209965, "assists_t": 0.04151838671411625, "csscore_t": 0.7870699881376038, "teamgold_t": 64.41281138790036, "vision_score_t": 0.8506995838438017, "wards_placed_t": 0.054567022538552785, "gold_graph_diffs_t": 15.272835112692764}