{"id": "EUN1_3575133170", "lvl": 1200, "literal level": "GOLD IV", "time": 1991, "solokills_t": 0.013058764439979909, "kills_t": 0.04118533400301356, "kp": 0.4347881087919038, "deaths_t": 0.04168759417378202, "assists_t": 0.046207935710698145, "csscore_t": 0.7594173782019086, "teamgold_t": 66.28478151682572, "vision_score_t": 0.8227814367492959, "wards_placed_t": 0.049723756906077346, "gold_graph_diffs_t": 14.88950276243094}