{"id": "EUN1_3554636340", "lvl": 1900, "literal level": "PLATINUM I", "time": 2140, "solokills_t": 0.0065420560747663555, "kills_t": 0.03130841121495327, "kp": 0.5024074074074074, "deaths_t": 0.03130841121495327, "assists_t": 0.05, "csscore_t": 0.8509345794392523, "teamgold_t": 62.7018691588785, "vision_score_t": 1.1990676767079687, "wards_placed_t": 0.07757009345794393, "gold_graph_diffs_t": 12.842056074766354}