{"id": "EUN1_3564351318", "lvl": 1600, "literal level": "PLATINUM IV", "time": 2227, "solokills_t": 0.006286484059272564, "kills_t": 0.03412662775033678, "kp": 0.47670454545454544, "deaths_t": 0.03412662775033678, "assists_t": 0.048944768747193536, "csscore_t": 0.7889537494387068, "teamgold_t": 63.32599910193085, "vision_score_t": 0.8649003350951041, "wards_placed_t": 0.051189941625505164, "gold_graph_diffs_t": 13.26044005388415}