{"id": "EUN1_3541229197", "lvl": 1800, "literal level": "PLATINUM II", "time": 1980, "solokills_t": 0.007575757575757576, "kills_t": 0.05, "kp": 0.4745454545454545, "deaths_t": 0.05, "assists_t": 0.06818181818181818, "csscore_t": 0.7363636363636363, "teamgold_t": 70.73838383838384, "vision_score_t": 0.7579226260279929, "wards_placed_t": 0.05505050505050505, "gold_graph_diffs_t": 17.16868686868687}