{"id": "EUN1_3555294243", "lvl": 1200, "literal level": "GOLD IV", "time": 1923, "solokills_t": 0.007280291211648466, "kills_t": 0.031721268850754034, "kp": 0.49536637931034483, "deaths_t": 0.031721268850754034, "assists_t": 0.047321892875715026, "csscore_t": 0.8616744669786791, "teamgold_t": 67.73426937077483, "vision_score_t": 1.0149552014032461, "wards_placed_t": 0.0686427457098284, "gold_graph_diffs_t": 13.679147165886635}