{"id": "EUN1_3578578870", "lvl": 1400, "literal level": "GOLD II", "time": 1874, "solokills_t": 0.008537886872998933, "kills_t": 0.04535752401280683, "kp": 0.4707287933094384, "deaths_t": 0.04535752401280683, "assists_t": 0.06296691568836713, "csscore_t": 0.7908217716115261, "teamgold_t": 69.78762006403416, "vision_score_t": 0.9399416006265943, "wards_placed_t": 0.06563500533617929, "gold_graph_diffs_t": 14.383137673425827}