{"id": "EUN1_3565367745", "lvl": 1400, "literal level": "GOLD II", "time": 1559, "solokills_t": 0.007055805003207184, "kills_t": 0.036561898652982684, "kp": 0.4536363636363636, "deaths_t": 0.036561898652982684, "assists_t": 0.04746632456703015, "csscore_t": 0.8287363694676074, "teamgold_t": 66.25657472738935, "vision_score_t": 0.8033276589786709, "wards_placed_t": 0.05452212957023733, "gold_graph_diffs_t": 14.361770365618986}