{"id": "EUN1_3546727656", "lvl": 1500, "literal level": "GOLD I", "time": 1967, "solokills_t": 0.003050330452465684, "kills_t": 0.03711235383833249, "kp": 0.5737878787878786, "deaths_t": 0.03762074224707677, "assists_t": 0.06964921199796645, "csscore_t": 0.7941026944585663, "teamgold_t": 65.38840874428062, "vision_score_t": 0.9044245682221268, "wards_placed_t": 0.06659888154550077, "gold_graph_diffs_t": 12.268937468225724}