{"id": "EUN1_3555467647", "lvl": 1500, "literal level": "GOLD I", "time": 2204, "solokills_t": 0.008620689655172414, "kills_t": 0.03720508166969147, "kp": 0.44218848829854523, "deaths_t": 0.03720508166969147, "assists_t": 0.044918330308529944, "csscore_t": 0.8017241379310345, "teamgold_t": 69.08121597096189, "vision_score_t": 1.0356305723154093, "wards_placed_t": 0.06352087114337568, "gold_graph_diffs_t": 13.043103448275861}