{"id": "EUN1_3581268663", "lvl": 1600, "literal level": "PLATINUM IV", "time": 1547, "solokills_t": 0.013574660633484163, "kills_t": 0.03555268261150614, "kp": 0.3834834834834835, "deaths_t": 0.03555268261150614, "assists_t": 0.03296703296703297, "csscore_t": 0.892049127343245, "teamgold_t": 67.5759534583064, "vision_score_t": 0.8330504511356034, "wards_placed_t": 0.06334841628959276, "gold_graph_diffs_t": 12.06076276664512}