{"id": "EUN1_3547268277", "lvl": 1200, "literal level": "GOLD IV", "time": 1723, "solokills_t": 0.00522344747533372, "kills_t": 0.038885664538595474, "kp": 0.5266045548654243, "deaths_t": 0.038885664538595474, "assists_t": 0.06094022054556007, "csscore_t": 0.8015089959373186, "teamgold_t": 68.49100406268137, "vision_score_t": 0.8472897069303997, "wards_placed_t": 0.054556006964596636, "gold_graph_diffs_t": 13.130586186883344}