{"id": "EUN1_3573985848", "lvl": 1500, "literal level": "GOLD I", "time": 1701, "solokills_t": 0.012933568489124045, "kills_t": 0.042328042328042326, "kp": 0.3897353648757017, "deaths_t": 0.042328042328042326, "assists_t": 0.0411522633744856, "csscore_t": 0.8212815990593768, "teamgold_t": 69.80717225161669, "vision_score_t": 0.7789072161169375, "wards_placed_t": 0.05761316872427984, "gold_graph_diffs_t": 15.597883597883598}