{"id": "EUN1_3554387534", "lvl": 900, "literal level": "SILVER III", "time": 1723, "solokills_t": 0.01625072547881602, "kills_t": 0.04759141033081834, "kp": 0.38766603415559775, "deaths_t": 0.04759141033081834, "assists_t": 0.04468949506674405, "csscore_t": 0.7324434126523506, "teamgold_t": 66.86767266395822, "vision_score_t": 0.7219478378851183, "wards_placed_t": 0.046430644225188625, "gold_graph_diffs_t": 14.057457922228672}