{"id": "EUN1_3561936833", "lvl": 1200, "literal level": "GOLD IV", "time": 1796, "solokills_t": 0.0066815144766146995, "kills_t": 0.03173719376391982, "kp": 0.45636363636363625, "deaths_t": 0.03173719376391982, "assists_t": 0.0400890868596882, "csscore_t": 0.7761692650334076, "teamgold_t": 61.44265033407572, "vision_score_t": 0.7705159300302494, "wards_placed_t": 0.05011135857461024, "gold_graph_diffs_t": 12.420378619153675}