{"id": "EUN1_3562816596", "lvl": 1700, "literal level": "PLATINUM III", "time": 1934, "solokills_t": 0.005687693898655636, "kills_t": 0.037745604963805586, "kp": 0.5242351046698873, "deaths_t": 0.037745604963805586, "assists_t": 0.062564632885212, "csscore_t": 0.8697001034126164, "teamgold_t": 68.93174767321614, "vision_score_t": 0.9949281366835425, "wards_placed_t": 0.07083764219234746, "gold_graph_diffs_t": 16.84901758014478}