{"id": "EUN1_3571819252", "lvl": 1400, "literal level": "GOLD II", "time": 2014, "solokills_t": 0.015392254220456803, "kills_t": 0.057100297914597815, "kp": 0.44727602905569, "deaths_t": 0.057100297914597815, "assists_t": 0.07100297914597815, "csscore_t": 0.6976166832174776, "teamgold_t": 75.10824230387288, "vision_score_t": 0.8706885453644556, "wards_placed_t": 0.06703078450844091, "gold_graph_diffs_t": 18.941410129096326}