{"id": "EUN1_3544287178", "lvl": 1400, "literal level": "GOLD II", "time": 3176, "solokills_t": 0.005667506297229219, "kills_t": 0.028337531486146095, "kp": 0.5245, "deaths_t": 0.028337531486146095, "assists_t": 0.04565491183879093, "csscore_t": 0.7988035264483627, "teamgold_t": 62.76668765743073, "vision_score_t": 1.0469517307401828, "wards_placed_t": 0.0670654911838791, "gold_graph_diffs_t": 12.735831234256928}