{"id": "EUN1_3579664642", "lvl": 1300, "literal level": "GOLD III", "time": 2136, "solokills_t": 0.00749063670411985, "kills_t": 0.03745318352059925, "kp": 0.4609022556390978, "deaths_t": 0.03745318352059925, "assists_t": 0.04868913857677903, "csscore_t": 0.6900749063670412, "teamgold_t": 63.77340823970037, "vision_score_t": 0.9724926456561299, "wards_placed_t": 0.06367041198501873, "gold_graph_diffs_t": 14.102059925093632}