{"id": "EUN1_3550414475", "lvl": 1400, "literal level": "GOLD II", "time": 2252, "solokills_t": 0.004440497335701598, "kills_t": 0.02975133214920071, "kp": 0.4904255319148936, "deaths_t": 0.02975133214920071, "assists_t": 0.04262877442273535, "csscore_t": 0.8019538188277087, "teamgold_t": 62.47335701598579, "vision_score_t": 0.9964243508953354, "wards_placed_t": 0.05772646536412078, "gold_graph_diffs_t": 13.849911190053286}