{"id": "EUN1_3574240490", "lvl": 1100, "literal level": "SILVER I", "time": 1464, "solokills_t": 0.00819672131147541, "kills_t": 0.03483606557377049, "kp": 0.4540404040404041, "deaths_t": 0.03551912568306011, "assists_t": 0.0430327868852459, "csscore_t": 0.73224043715847, "teamgold_t": 64.5396174863388, "vision_score_t": 0.6781412305143686, "wards_placed_t": 0.05669398907103825, "gold_graph_diffs_t": 14.612021857923498}