{"id": "EUN1_3578652507", "lvl": 1600, "literal level": "PLATINUM IV", "time": 1225, "solokills_t": 0.013061224489795919, "kills_t": 0.044081632653061226, "kp": 0.355, "deaths_t": 0.044081632653061226, "assists_t": 0.04, "csscore_t": 0.8106122448979591, "teamgold_t": 65.4669387755102, "vision_score_t": 0.8687581613661383, "wards_placed_t": 0.06938775510204082, "gold_graph_diffs_t": 15.855510204081632}