{"id": "EUN1_3546283530", "lvl": 1100, "literal level": "SILVER I", "time": 1495, "solokills_t": 0.008695652173913044, "kills_t": 0.030100334448160536, "kp": 0.4451871657754012, "deaths_t": 0.030100334448160536, "assists_t": 0.034782608695652174, "csscore_t": 0.7491638795986622, "teamgold_t": 59.97658862876254, "vision_score_t": 0.8025255931463479, "wards_placed_t": 0.06153846153846154, "gold_graph_diffs_t": 11.478929765886287}