{"id": "EUN1_3582628695", "lvl": 1100, "literal level": "SILVER I", "time": 1823, "solokills_t": 0.009873834339001646, "kills_t": 0.03839824465167307, "kp": 0.43461538461538457, "deaths_t": 0.038946791003839826, "assists_t": 0.04827207899067471, "csscore_t": 0.8326933625891387, "teamgold_t": 66.90400438837082, "vision_score_t": 0.8799528601972175, "wards_placed_t": 0.058145913329676356, "gold_graph_diffs_t": 15.574328030718595}