{"id": "EUN1_3571794318", "lvl": 1500, "literal level": "GOLD I", "time": 1724, "solokills_t": 0.0075406032482598605, "kills_t": 0.03306264501160093, "kp": 0.49404761904761896, "deaths_t": 0.03306264501160093, "assists_t": 0.04814385150812065, "csscore_t": 0.79292343387471, "teamgold_t": 60.55452436194896, "vision_score_t": 0.9042997089515332, "wards_placed_t": 0.06322505800464037, "gold_graph_diffs_t": 10.872389791183295}