{"id": "EUN1_3549594415", "lvl": 1500, "literal level": "GOLD I", "time": 1683, "solokills_t": 0.011883541295306001, "kills_t": 0.038027332144979206, "kp": 0.4256921373200443, "deaths_t": 0.038027332144979206, "assists_t": 0.043969102792632206, "csscore_t": 0.7320261437908496, "teamgold_t": 62.90909090909091, "vision_score_t": 0.8232472000854807, "wards_placed_t": 0.06535947712418301, "gold_graph_diffs_t": 10.969696969696969}