{"id": "EUN1_3550403347", "lvl": 1000, "literal level": "SILVER II", "time": 1748, "solokills_t": 0.010869565217391304, "kills_t": 0.032036613272311214, "kp": 0.4038095238095238, "deaths_t": 0.032036613272311214, "assists_t": 0.03318077803203661, "csscore_t": 0.7339816933638444, "teamgold_t": 61.49885583524028, "vision_score_t": 0.9576670757584292, "wards_placed_t": 0.07608695652173914, "gold_graph_diffs_t": 12.959954233409611}