{"id": "EUN1_3570286391", "lvl": 1000, "literal level": "SILVER II", "time": 1916, "solokills_t": 0.006263048016701462, "kills_t": 0.029749478079331943, "kp": 0.5079365079365079, "deaths_t": 0.029749478079331943, "assists_t": 0.04592901878914405, "csscore_t": 0.7515657620041754, "teamgold_t": 63.20824634655532, "vision_score_t": 0.8554525571323264, "wards_placed_t": 0.060542797494780795, "gold_graph_diffs_t": 13.66231732776618}