{"id": "EUN1_3549937394", "lvl": 1600, "literal level": "PLATINUM IV", "time": 1585, "solokills_t": 0.01892744479495268, "kills_t": 0.05488958990536277, "kp": 0.4091477272727273, "deaths_t": 0.05488958990536277, "assists_t": 0.05488958990536277, "csscore_t": 0.78801261829653, "teamgold_t": 72.94447949526814, "vision_score_t": 0.6519389366402703, "wards_placed_t": 0.04858044164037855, "gold_graph_diffs_t": 15.633438485804417}