{"id": "EUN1_3581328976", "lvl": 1500, "literal level": "GOLD I", "time": 1476, "solokills_t": 0.014227642276422764, "kills_t": 0.051490514905149054, "kp": 0.41430667644900954, "deaths_t": 0.051490514905149054, "assists_t": 0.0535230352303523, "csscore_t": 0.8584010840108401, "teamgold_t": 71.8821138211382, "vision_score_t": 0.7486884286758582, "wards_placed_t": 0.052845528455284556, "gold_graph_diffs_t": 14.439024390243903}