{"id": "EUN1_3574258078", "lvl": 1200, "literal level": "GOLD IV", "time": 1730, "solokills_t": 0.006936416184971098, "kills_t": 0.03699421965317919, "kp": 0.4981818181818182, "deaths_t": 0.03757225433526012, "assists_t": 0.057803468208092484, "csscore_t": 0.6890173410404624, "teamgold_t": 62.04450867052023, "vision_score_t": 0.654369045404547, "wards_placed_t": 0.05086705202312139, "gold_graph_diffs_t": 10.697687861271676}