{"id": "EUN1_3543396981", "lvl": 1900, "literal level": "PLATINUM I", "time": 2610, "solokills_t": 0.013409961685823755, "kills_t": 0.05172413793103448, "kp": 0.4312911725955204, "deaths_t": 0.05172413793103448, "assists_t": 0.059770114942528735, "csscore_t": 0.7272030651340996, "teamgold_t": 71.51264367816091, "vision_score_t": 0.8906000014399748, "wards_placed_t": 0.06091954022988506, "gold_graph_diffs_t": 12.032950191570881}