{"id": "EUN1_3550757195", "lvl": 1600, "literal level": "PLATINUM IV", "time": 1621, "solokills_t": 0.012954966070326958, "kills_t": 0.03763109191856878, "kp": 0.36743902439024395, "deaths_t": 0.03763109191856878, "assists_t": 0.03392967304133251, "csscore_t": 0.8291178285009253, "teamgold_t": 65.89080814312153, "vision_score_t": 0.8577806549328029, "wards_placed_t": 0.06539173349784085, "gold_graph_diffs_t": 11.20111042566317}