{"id": "EUN1_3582113786", "lvl": 1600, "literal level": "PLATINUM IV", "time": 1868, "solokills_t": 0.010171306209850108, "kills_t": 0.03800856531049251, "kp": 0.5047967479674798, "deaths_t": 0.03800856531049251, "assists_t": 0.05728051391862955, "csscore_t": 0.8244111349036403, "teamgold_t": 67.91434689507494, "vision_score_t": 0.8940585738734732, "wards_placed_t": 0.05620985010706638, "gold_graph_diffs_t": 12.881156316916488}