{"id": "EUN1_3570401352", "lvl": 1300, "literal level": "GOLD III", "time": 2527, "solokills_t": 0.008705975464978234, "kills_t": 0.03126236644242184, "kp": 0.4494208494208494, "deaths_t": 0.03126236644242184, "assists_t": 0.038781163434903045, "csscore_t": 0.7839335180055401, "teamgold_t": 63.64859517214088, "vision_score_t": 0.9534500121121638, "wards_placed_t": 0.06252473288484368, "gold_graph_diffs_t": 13.627225959635933}