{"id": "EUN1_3543575214", "lvl": 1800, "literal level": "PLATINUM II", "time": 2031, "solokills_t": 0.007877892663712457, "kills_t": 0.03692762186115214, "kp": 0.5261627906976745, "deaths_t": 0.03692762186115214, "assists_t": 0.05957656326932546, "csscore_t": 0.8030526834071886, "teamgold_t": 69.12013786312161, "vision_score_t": 0.8997194252439499, "wards_placed_t": 0.05662235352043329, "gold_graph_diffs_t": 14.03397341211226}