{"id": "EUN1_3585222124", "lvl": 1100, "literal level": "SILVER I", "time": 2264, "solokills_t": 0.0066254416961130744, "kills_t": 0.0353356890459364, "kp": 0.5175989943431805, "deaths_t": 0.0353356890459364, "assists_t": 0.05609540636042403, "csscore_t": 0.767226148409894, "teamgold_t": 64.84408127208481, "vision_score_t": 0.9313003399392473, "wards_placed_t": 0.06581272084805653, "gold_graph_diffs_t": 13.849381625441696}