{"id": "EUN1_3585093116", "lvl": 1200, "literal level": "GOLD IV", "time": 1683, "solokills_t": 0.010101010101010102, "kills_t": 0.047534165181224004, "kp": 0.4553571428571429, "deaths_t": 0.047534165181224004, "assists_t": 0.058823529411764705, "csscore_t": 0.7641117052881758, "teamgold_t": 69.67260843731432, "vision_score_t": 0.7842565674517162, "wards_placed_t": 0.052881758764111705, "gold_graph_diffs_t": 15.976827094474153}