{"id": "EUN1_3577156323", "lvl": 1200, "literal level": "GOLD IV", "time": 1452, "solokills_t": 0.007575757575757576, "kills_t": 0.03650137741046832, "kp": 0.49046920821114365, "deaths_t": 0.03650137741046832, "assists_t": 0.05440771349862259, "csscore_t": 0.6769972451790633, "teamgold_t": 62.45661157024794, "vision_score_t": 0.7962272566234707, "wards_placed_t": 0.06336088154269973, "gold_graph_diffs_t": 11.694903581267218}