{"id": "EUN1_3558523225", "lvl": 1100, "literal level": "SILVER I", "time": 1299, "solokills_t": 0.012317167051578136, "kills_t": 0.03926096997690531, "kp": 0.40419354838709676, "deaths_t": 0.03926096997690531, "assists_t": 0.037721324095458045, "csscore_t": 0.7567359507313318, "teamgold_t": 65.93302540415705, "vision_score_t": 0.7141332286003663, "wards_placed_t": 0.057736720554272515, "gold_graph_diffs_t": 13.808314087759815}