{"id": "EUN1_3548684270", "lvl": 1400, "literal level": "GOLD II", "time": 2262, "solokills_t": 0.01237842617152962, "kills_t": 0.038461538461538464, "kp": 0.39482954545454546, "deaths_t": 0.038461538461538464, "assists_t": 0.036251105216622455, "csscore_t": 0.7692307692307693, "teamgold_t": 66.45137046861184, "vision_score_t": 1.0519205665639766, "wards_placed_t": 0.0680813439434129, "gold_graph_diffs_t": 12.25154730327144}