{"id": "EUN1_3553648371", "lvl": 1000, "literal level": "SILVER II", "time": 1682, "solokills_t": 0.013079667063020214, "kills_t": 0.043400713436385255, "kp": 0.4249206349206349, "deaths_t": 0.043400713436385255, "assists_t": 0.04934601664684899, "csscore_t": 0.7027348394768134, "teamgold_t": 64.54399524375744, "vision_score_t": 0.8318471508446306, "wards_placed_t": 0.06480380499405469, "gold_graph_diffs_t": 13.553507728894173}