{"id": "EUN1_3565475365", "lvl": 1100, "literal level": "SILVER I", "time": 1213, "solokills_t": 0.018961253091508656, "kills_t": 0.04534212695795548, "kp": 0.33292682926829265, "deaths_t": 0.046166529266281946, "assists_t": 0.033800494641384994, "csscore_t": 0.7048639736191261, "teamgold_t": 62.30173124484749, "vision_score_t": 0.690808423838054, "wards_placed_t": 0.04286892003297609, "gold_graph_diffs_t": 12.708985985160759}