{"id": "EUN1_3550570017", "lvl": 1500, "literal level": "GOLD I", "time": 1566, "solokills_t": 0.005747126436781609, "kills_t": 0.027458492975734355, "kp": 0.4875757575757576, "deaths_t": 0.027458492975734355, "assists_t": 0.041507024265644954, "csscore_t": 0.834610472541507, "teamgold_t": 61.55555555555556, "vision_score_t": 0.795720232915154, "wards_placed_t": 0.05300127713920817, "gold_graph_diffs_t": 9.849297573435505}