{"id": "EUN1_3574520770", "lvl": 1300, "literal level": "GOLD III", "time": 1987, "solokills_t": 0.01660795168595873, "kills_t": 0.050327126321087066, "kp": 0.3960591133004926, "deaths_t": 0.050327126321087066, "assists_t": 0.050327126321087066, "csscore_t": 0.7468545546049321, "teamgold_t": 73.59285354806241, "vision_score_t": 0.8563729826847087, "wards_placed_t": 0.05787619526925013, "gold_graph_diffs_t": 16.84398590840463}