{"id": "EUN1_3549636990", "lvl": 1500, "literal level": "GOLD I", "time": 1768, "solokills_t": 0.005656108597285068, "kills_t": 0.02771493212669683, "kp": 0.44605734767025085, "deaths_t": 0.02771493212669683, "assists_t": 0.03619909502262444, "csscore_t": 0.8240950226244343, "teamgold_t": 60.97511312217195, "vision_score_t": 0.8613995939305659, "wards_placed_t": 0.06165158371040724, "gold_graph_diffs_t": 8.89027149321267}