{"id": "EUN1_3538942545", "lvl": 1400, "literal level": "GOLD II", "time": 2322, "solokills_t": 0.010766580534022395, "kills_t": 0.03789836347975883, "kp": 0.40826792255363686, "deaths_t": 0.03789836347975883, "assists_t": 0.03875968992248062, "csscore_t": 0.8440999138673557, "teamgold_t": 68.08182601205857, "vision_score_t": 1.0596954039432973, "wards_placed_t": 0.07536606373815675, "gold_graph_diffs_t": 13.003445305770887}