{"id": "EUN1_3531758141", "lvl": 1700, "literal level": "PLATINUM III", "time": 1777, "solokills_t": 0.010129431626336522, "kills_t": 0.04051772650534609, "kp": 0.4405501330967169, "deaths_t": 0.04051772650534609, "assists_t": 0.05233539673607203, "csscore_t": 0.7703995498030388, "teamgold_t": 68.02082160945413, "vision_score_t": 0.9603163511070185, "wards_placed_t": 0.062464828362408555, "gold_graph_diffs_t": 13.182329769274057}