{"id": "EUN1_3575645631", "lvl": 1400, "literal level": "GOLD II", "time": 1504, "solokills_t": 0.013297872340425532, "kills_t": 0.06515957446808511, "kp": 0.45880052151238593, "deaths_t": 0.06515957446808511, "assists_t": 0.08311170212765957, "csscore_t": 0.6589095744680851, "teamgold_t": 75.82912234042553, "vision_score_t": 0.7987453431191054, "wards_placed_t": 0.06050531914893617, "gold_graph_diffs_t": 16.673537234042552}