{"id": "EUN1_3567157241", "lvl": 700, "literal level": "BRONZE I", "time": 982, "solokills_t": 0.010183299389002037, "kills_t": 0.034623217922606926, "kp": 0.358498023715415, "deaths_t": 0.034623217922606926, "assists_t": 0.031568228105906315, "csscore_t": 0.6659877800407332, "teamgold_t": 58.24643584521385, "vision_score_t": 0.5678615108019187, "wards_placed_t": 0.04989816700610998, "gold_graph_diffs_t": 14.270875763747455}