{"id": "EUN1_3573731210", "lvl": 1300, "literal level": "GOLD III", "time": 1921, "solokills_t": 0.014575741801145237, "kills_t": 0.04320666319625195, "kp": 0.38292397660818717, "deaths_t": 0.04424778761061947, "assists_t": 0.04112441436751692, "csscore_t": 0.8099947943779282, "teamgold_t": 69.92712129099428, "vision_score_t": 0.6551698408311573, "wards_placed_t": 0.04685059864653826, "gold_graph_diffs_t": 13.989588755856325}