{"id": "EUN1_3540448744", "lvl": 1700, "literal level": "PLATINUM III", "time": 1615, "solokills_t": 0.0037151702786377707, "kills_t": 0.03591331269349845, "kp": 0.4946428571428572, "deaths_t": 0.03591331269349845, "assists_t": 0.05448916408668731, "csscore_t": 0.8693498452012384, "teamgold_t": 68.54241486068112, "vision_score_t": 0.9088333323511055, "wards_placed_t": 0.06687306501547988, "gold_graph_diffs_t": 11.803095975232198}