{"id": "EUN1_3576201373", "lvl": 1400, "literal level": "GOLD II", "time": 2021, "solokills_t": 0.009896091044037604, "kills_t": 0.033151904997525974, "kp": 0.448425925925926, "deaths_t": 0.033151904997525974, "assists_t": 0.04106877783275606, "csscore_t": 0.8263236021771401, "teamgold_t": 64.52894606630382, "vision_score_t": 1.176905986277361, "wards_placed_t": 0.07619990103908957, "gold_graph_diffs_t": 14.292429490351312}