{"id": "EUN1_3553885702", "lvl": 1100, "literal level": "SILVER I", "time": 917, "solokills_t": 0.017448200654307525, "kills_t": 0.03925845147219193, "kp": 0.3678571428571429, "deaths_t": 0.04034896401308615, "assists_t": 0.029443838604143947, "csscore_t": 0.8037077426390403, "teamgold_t": 64.86368593238822, "vision_score_t": 0.5781300789086739, "wards_placed_t": 0.05125408942202835, "gold_graph_diffs_t": 12.255179934569247}