{"id": "EUN1_3548620301", "lvl": 1100, "literal level": "SILVER I", "time": 2140, "solokills_t": 0.007476635514018692, "kills_t": 0.033177570093457946, "kp": 0.4735714285714286, "deaths_t": 0.033177570093457946, "assists_t": 0.04532710280373832, "csscore_t": 0.7420560747663552, "teamgold_t": 61.79158878504673, "vision_score_t": 0.9917662298700423, "wards_placed_t": 0.059813084112149535, "gold_graph_diffs_t": 11.965420560747663}