{"id": "EUN1_3564962697", "lvl": 1400, "literal level": "GOLD II", "time": 1753, "solokills_t": 0.011409013120365089, "kills_t": 0.0387906446092413, "kp": 0.41515151515151516, "deaths_t": 0.03993154592127781, "assists_t": 0.04164289788933257, "csscore_t": 0.8231602966343411, "teamgold_t": 66.28180262407302, "vision_score_t": 1.1259640643703843, "wards_placed_t": 0.07815173987450086, "gold_graph_diffs_t": 13.403308613804906}