{"id": "EUN1_3574557032", "lvl": 1200, "literal level": "GOLD IV", "time": 2007, "solokills_t": 0.01245640259093174, "kills_t": 0.05430991529646238, "kp": 0.4456289978678038, "deaths_t": 0.05480817140009965, "assists_t": 0.06776283009466866, "csscore_t": 0.7045341305430991, "teamgold_t": 72.93821624314897, "vision_score_t": 0.7487768286366246, "wards_placed_t": 0.05680119581464873, "gold_graph_diffs_t": 14.640259093173892}