{"id": "EUN1_3541900427", "lvl": 1900, "literal level": "PLATINUM I", "time": 2400, "solokills_t": 0.008333333333333333, "kills_t": 0.034583333333333334, "kp": 0.4873939393939395, "deaths_t": 0.034583333333333334, "assists_t": 0.05, "csscore_t": 0.7879166666666667, "teamgold_t": 65.55625, "vision_score_t": 1.004368288896964, "wards_placed_t": 0.06208333333333333, "gold_graph_diffs_t": 12.672916666666667}