{"id": "EUN1_3563444762", "lvl": 1300, "literal level": "GOLD III", "time": 1540, "solokills_t": 0.00974025974025974, "kills_t": 0.03441558441558441, "kp": 0.4256756756756757, "deaths_t": 0.03441558441558441, "assists_t": 0.033766233766233764, "csscore_t": 0.8194805194805195, "teamgold_t": 65.42987012987012, "vision_score_t": 0.8861011886224143, "wards_placed_t": 0.05779220779220779, "gold_graph_diffs_t": 14.535064935064936}