{"id": "EUN1_3543274425", "lvl": 1600, "literal level": "PLATINUM IV", "time": 1629, "solokills_t": 0.007366482504604052, "kills_t": 0.03437691835481891, "kp": 0.48391812865497075, "deaths_t": 0.03437691835481891, "assists_t": 0.048496009821976674, "csscore_t": 0.7888275015346838, "teamgold_t": 63.40638428483732, "vision_score_t": 0.7920057971326582, "wards_placed_t": 0.055248618784530384, "gold_graph_diffs_t": 14.669736034376918}