{"id": "EUN1_3550455273", "lvl": 1500, "literal level": "GOLD I", "time": 2896, "solokills_t": 0.003107734806629834, "kills_t": 0.02658839779005525, "kp": 0.5695238095238095, "deaths_t": 0.02658839779005525, "assists_t": 0.049723756906077346, "csscore_t": 0.7551795580110497, "teamgold_t": 57.90400552486188, "vision_score_t": 1.0027234008683528, "wards_placed_t": 0.06595303867403315, "gold_graph_diffs_t": 10.670580110497237}