{"id": "EUN1_3573483207", "lvl": 1200, "literal level": "GOLD IV", "time": 2273, "solokills_t": 0.005719313682358117, "kills_t": 0.03827540695116586, "kp": 0.4768253968253968, "deaths_t": 0.03827540695116586, "assists_t": 0.05323361196656401, "csscore_t": 0.7408710954685438, "teamgold_t": 67.38583369995601, "vision_score_t": 1.006798156287479, "wards_placed_t": 0.07699076110866696, "gold_graph_diffs_t": 12.637923449186097}