{"id": "EUN1_3581429893", "lvl": 1400, "literal level": "GOLD II", "time": 2348, "solokills_t": 0.006388415672913117, "kills_t": 0.03705281090289608, "kp": 0.5716756756756757, "deaths_t": 0.03705281090289608, "assists_t": 0.06942078364565588, "csscore_t": 0.7512776831345827, "teamgold_t": 64.83560477001704, "vision_score_t": 0.9170274617908813, "wards_placed_t": 0.06303236797274275, "gold_graph_diffs_t": 17.345826235093696}