{"id": "EUN1_3576681472", "lvl": 1200, "literal level": "GOLD IV", "time": 1749, "solokills_t": 0.012006861063464836, "kills_t": 0.048027444253859346, "kp": 0.4, "deaths_t": 0.048027444253859346, "assists_t": 0.048027444253859346, "csscore_t": 0.7570040022870211, "teamgold_t": 70.79759862778731, "vision_score_t": 0.9299056021324057, "wards_placed_t": 0.06803887935963408, "gold_graph_diffs_t": 12.895940537449972}