{"id": "EUN1_3574591468", "lvl": 1400, "literal level": "GOLD II", "time": 1990, "solokills_t": 0.007035175879396985, "kills_t": 0.031155778894472363, "kp": 0.42905982905982903, "deaths_t": 0.031155778894472363, "assists_t": 0.0371859296482412, "csscore_t": 0.8477386934673367, "teamgold_t": 63.22763819095477, "vision_score_t": 0.9433704193324413, "wards_placed_t": 0.0678391959798995, "gold_graph_diffs_t": 12.460804020100502}