{"id": "EUN1_3584422998", "lvl": 1500, "literal level": "GOLD I", "time": 1751, "solokills_t": 0.013135351227869789, "kills_t": 0.04968589377498572, "kp": 0.45588235294117646, "deaths_t": 0.04968589377498572, "assists_t": 0.06167904054825814, "csscore_t": 0.8172472872644203, "teamgold_t": 72.2621359223301, "vision_score_t": 0.8743521844606379, "wards_placed_t": 0.06225014277555682, "gold_graph_diffs_t": 14.346659051970303}