{"id": "EUN1_3582645427", "lvl": 1500, "literal level": "GOLD I", "time": 1418, "solokills_t": 0.009167842031029619, "kills_t": 0.036671368124118475, "kp": 0.45579831932773096, "deaths_t": 0.036671368124118475, "assists_t": 0.04372355430183357, "csscore_t": 0.7976022566995769, "teamgold_t": 64.10296191819464, "vision_score_t": 0.7834398923644703, "wards_placed_t": 0.04724964739069112, "gold_graph_diffs_t": 14.709449929478138}