{"id": "EUN1_3564458899", "lvl": 1500, "literal level": "GOLD I", "time": 2317, "solokills_t": 0.006473888649115235, "kills_t": 0.038411739318083726, "kp": 0.506734693877551, "deaths_t": 0.03884333189469141, "assists_t": 0.05826499784203712, "csscore_t": 0.7505394907207596, "teamgold_t": 67.4208027621925, "vision_score_t": 1.014867654599193, "wards_placed_t": 0.06991799741044454, "gold_graph_diffs_t": 11.457919723780751}