{"id": "EUN1_3563411256", "lvl": 1600, "literal level": "PLATINUM IV", "time": 1319, "solokills_t": 0.01288855193328279, "kills_t": 0.05079605761940864, "kp": 0.407764705882353, "deaths_t": 0.05079605761940864, "assists_t": 0.05079605761940864, "csscore_t": 0.7278241091736164, "teamgold_t": 70.4040940106141, "vision_score_t": 0.7067958526988314, "wards_placed_t": 0.04397270659590599, "gold_graph_diffs_t": 15.344200151630023}