{"id": "EUN1_3543584534", "lvl": 2000, "literal level": "EMERALD IV", "time": 1662, "solokills_t": 0.013237063778580024, "kills_t": 0.03369434416365824, "kp": 0.3785714285714285, "deaths_t": 0.03369434416365824, "assists_t": 0.02707581227436823, "csscore_t": 0.9711191335740073, "teamgold_t": 65.78640192539109, "vision_score_t": 0.8342363342248416, "wards_placed_t": 0.057160048134777375, "gold_graph_diffs_t": 12.650421179302045}