{"id": "EUN1_3564175942", "lvl": 1300, "literal level": "GOLD III", "time": 2040, "solokills_t": 0.011764705882352941, "kills_t": 0.037745098039215684, "kp": 0.4372126436781609, "deaths_t": 0.037745098039215684, "assists_t": 0.04264705882352941, "csscore_t": 0.765686274509804, "teamgold_t": 66.24558823529412, "vision_score_t": 0.8629996528449111, "wards_placed_t": 0.06372549019607843, "gold_graph_diffs_t": 14.681862745098039}