{"id": "EUN1_3572385377", "lvl": 1100, "literal level": "SILVER I", "time": 2384, "solokills_t": 0.01174496644295302, "kills_t": 0.04656040268456376, "kp": 0.47740259740259744, "deaths_t": 0.04656040268456376, "assists_t": 0.06459731543624161, "csscore_t": 0.7571308724832215, "teamgold_t": 71.41275167785236, "vision_score_t": 1.018928276117998, "wards_placed_t": 0.0700503355704698, "gold_graph_diffs_t": 16.16023489932886}