{"id": "EUN1_3549618210", "lvl": 1500, "literal level": "GOLD I", "time": 2292, "solokills_t": 0.011343804537521814, "kills_t": 0.039703315881326355, "kp": 0.44897959183673475, "deaths_t": 0.039703315881326355, "assists_t": 0.04886561954624782, "csscore_t": 0.8228621291448517, "teamgold_t": 67.29537521815008, "vision_score_t": 0.7242373359022297, "wards_placed_t": 0.054537521815008726, "gold_graph_diffs_t": 13.845113438045376}