{"id": "EUN1_3533221515", "lvl": 1000, "literal level": "SILVER II", "time": 1534, "solokills_t": 0.011734028683181226, "kills_t": 0.038461538461538464, "kp": 0.41962209302325587, "deaths_t": 0.038461538461538464, "assists_t": 0.038461538461538464, "csscore_t": 0.8161668839634941, "teamgold_t": 64.20664928292047, "vision_score_t": 0.6588220888727752, "wards_placed_t": 0.04106910039113429, "gold_graph_diffs_t": 14.084093872229465}