{"id": "EUN1_3561974928", "lvl": 1100, "literal level": "SILVER I", "time": 1784, "solokills_t": 0.00616591928251121, "kills_t": 0.027466367713004484, "kp": 0.4517045454545455, "deaths_t": 0.027466367713004484, "assists_t": 0.03643497757847534, "csscore_t": 0.7825112107623319, "teamgold_t": 61.37051569506726, "vision_score_t": 0.8208841850110403, "wards_placed_t": 0.05829596412556054, "gold_graph_diffs_t": 12.247197309417041}