{"id": "EUN1_3532811829", "lvl": 1500, "literal level": "GOLD I", "time": 1398, "solokills_t": 0.009298998569384835, "kills_t": 0.045779685264663805, "kp": 0.45818181818181813, "deaths_t": 0.045779685264663805, "assists_t": 0.05722460658082976, "csscore_t": 0.7238912732474965, "teamgold_t": 68.97997138769671, "vision_score_t": 0.6458927502021375, "wards_placed_t": 0.05722460658082976, "gold_graph_diffs_t": 16.836909871244636}