{"id": "EUN1_3542024204", "lvl": 1700, "literal level": "PLATINUM III", "time": 1574, "solokills_t": 0.017789072426937738, "kills_t": 0.043202033036848796, "kp": 0.36607142857142855, "deaths_t": 0.043202033036848796, "assists_t": 0.03621346886912325, "csscore_t": 0.886277001270648, "teamgold_t": 70.28017789072427, "vision_score_t": 0.7906587668838535, "wards_placed_t": 0.05844980940279543, "gold_graph_diffs_t": 12.094663278271918}