{"id": "EUN1_3576778809", "lvl": 1100, "literal level": "SILVER I", "time": 1902, "solokills_t": 0.008937960042060988, "kills_t": 0.03259726603575184, "kp": 0.41282051282051285, "deaths_t": 0.03259726603575184, "assists_t": 0.035226077812828605, "csscore_t": 0.7912723449001051, "teamgold_t": 61.65141955835962, "vision_score_t": 0.8271119309841524, "wards_placed_t": 0.0583596214511041, "gold_graph_diffs_t": 12.130914826498422}