{"id": "EUN1_3534419717", "lvl": 1000, "literal level": "SILVER II", "time": 2087, "solokills_t": 0.006708193579300431, "kills_t": 0.04647819837086727, "kp": 0.49734320557491296, "deaths_t": 0.04647819837086727, "assists_t": 0.0680402491614758, "csscore_t": 0.6420699568758984, "teamgold_t": 67.47101102060374, "vision_score_t": 0.9329748789399247, "wards_placed_t": 0.07570675610924772, "gold_graph_diffs_t": 14.994729276473407}