{"id": "EUN1_3572847503", "lvl": 1200, "literal level": "GOLD IV", "time": 1638, "solokills_t": 0.013431013431013432, "kills_t": 0.03785103785103785, "kp": 0.3548347613219094, "deaths_t": 0.03785103785103785, "assists_t": 0.036019536019536016, "csscore_t": 0.775946275946276, "teamgold_t": 65.48962148962148, "vision_score_t": 0.857506990017147, "wards_placed_t": 0.06593406593406594, "gold_graph_diffs_t": 10.97069597069597}