{"id": "EUN1_3553797107", "lvl": 800, "literal level": "SILVER IV", "time": 1389, "solokills_t": 0.01583873290136789, "kills_t": 0.037437005039596835, "kp": 0.36944444444444446, "deaths_t": 0.037437005039596835, "assists_t": 0.03311735061195104, "csscore_t": 0.8041756659467243, "teamgold_t": 63.72570194384449, "vision_score_t": 0.5978557894391692, "wards_placed_t": 0.04895608351331893, "gold_graph_diffs_t": 14.006479481641469}