{"id": "EUN1_3554721697", "lvl": 800, "literal level": "SILVER IV", "time": 1619, "solokills_t": 0.014823965410747375, "kills_t": 0.04323656578134651, "kp": 0.38278985507246377, "deaths_t": 0.04323656578134651, "assists_t": 0.03891290920321186, "csscore_t": 0.6961087090796788, "teamgold_t": 64.86287831995058, "vision_score_t": 0.8348104290642127, "wards_placed_t": 0.06547251389746757, "gold_graph_diffs_t": 14.283508338480544}