{"id": "EUN1_3572943230", "lvl": 1400, "literal level": "GOLD II", "time": 1843, "solokills_t": 0.018448182311448725, "kills_t": 0.05371676614215952, "kp": 0.42238999137187233, "deaths_t": 0.05371676614215952, "assists_t": 0.05751492132392838, "csscore_t": 0.672816060770483, "teamgold_t": 70.47368421052632, "vision_score_t": 0.8425660080358925, "wards_placed_t": 0.06294085729788389, "gold_graph_diffs_t": 12.304395008138904}