{"id": "EUN1_3573946847", "lvl": 1200, "literal level": "GOLD IV", "time": 1802, "solokills_t": 0.012763596004439512, "kills_t": 0.04328523862375139, "kp": 0.4426262626262626, "deaths_t": 0.04328523862375139, "assists_t": 0.05271920088790233, "csscore_t": 0.7458379578246392, "teamgold_t": 68.89511653718091, "vision_score_t": 0.7097124628853582, "wards_placed_t": 0.050499445061043285, "gold_graph_diffs_t": 12.612097669256382}