{"id": "EUN1_3537256541", "lvl": 1700, "literal level": "PLATINUM III", "time": 1962, "solokills_t": 0.0030581039755351682, "kills_t": 0.039755351681957186, "kp": 0.4758571428571428, "deaths_t": 0.039755351681957186, "assists_t": 0.05708460754332314, "csscore_t": 0.7940876656472987, "teamgold_t": 68.95616717635066, "vision_score_t": 0.9292293496616386, "wards_placed_t": 0.063710499490316, "gold_graph_diffs_t": 12.664627930682977}