{"id": "EUN1_3551194801", "lvl": 900, "literal level": "SILVER III", "time": 1846, "solokills_t": 0.007042253521126761, "kills_t": 0.031960996749729145, "kp": 0.4703931203931204, "deaths_t": 0.031960996749729145, "assists_t": 0.04496208017334778, "csscore_t": 0.8791982665222102, "teamgold_t": 67.53846153846153, "vision_score_t": 0.8391970584143655, "wards_placed_t": 0.06392199349945829, "gold_graph_diffs_t": 13.918743228602384}