{"id": "EUN1_3558825662", "lvl": 1300, "literal level": "GOLD III", "time": 1582, "solokills_t": 0.018331226295828066, "kills_t": 0.053729456384323644, "kp": 0.39451970443349754, "deaths_t": 0.053729456384323644, "assists_t": 0.05120101137800253, "csscore_t": 0.7490518331226296, "teamgold_t": 73.070796460177, "vision_score_t": 0.9122470397834439, "wards_placed_t": 0.06131479140328698, "gold_graph_diffs_t": 12.36409608091024}