{"id": "EUN1_3558931834", "lvl": 1000, "literal level": "SILVER II", "time": 2344, "solokills_t": 0.013225255972696246, "kills_t": 0.04479522184300341, "kp": 0.44421518054532055, "deaths_t": 0.04522184300341297, "assists_t": 0.0537542662116041, "csscore_t": 0.6685153583617748, "teamgold_t": 64.36817406143345, "vision_score_t": 0.9297909636963478, "wards_placed_t": 0.06527303754266212, "gold_graph_diffs_t": 11.454351535836178}