{"id": "EUN1_3565006177", "lvl": 1700, "literal level": "PLATINUM III", "time": 1702, "solokills_t": 0.007050528789659225, "kills_t": 0.031139835487661575, "kp": 0.45357142857142857, "deaths_t": 0.031139835487661575, "assists_t": 0.0399529964747356, "csscore_t": 0.8425381903642774, "teamgold_t": 64.35546415981199, "vision_score_t": 0.9540668330231055, "wards_placed_t": 0.07520564042303172, "gold_graph_diffs_t": 14.798472385428907}