{"id": "EUN1_3560651858", "lvl": 1200, "literal level": "GOLD IV", "time": 1706, "solokills_t": 0.008792497069167644, "kills_t": 0.0369284876905041, "kp": 0.4359026369168356, "deaths_t": 0.03751465416178194, "assists_t": 0.04337631887456037, "csscore_t": 0.7825322391559203, "teamgold_t": 66.00351699882766, "vision_score_t": 0.9188571667665701, "wards_placed_t": 0.07502930832356389, "gold_graph_diffs_t": 11.561547479484174}