{"id": "EUN1_3576517919", "lvl": 1400, "literal level": "GOLD II", "time": 2251, "solokills_t": 0.00888494002665482, "kills_t": 0.03109729009329187, "kp": 0.4774999999999999, "deaths_t": 0.03109729009329187, "assists_t": 0.04042647712127943, "csscore_t": 0.8316303864948912, "teamgold_t": 63.53354064860062, "vision_score_t": 0.8323710393542566, "wards_placed_t": 0.06086183918258552, "gold_graph_diffs_t": 10.485117725455353}