{"id": "EUN1_3575080361", "lvl": 1600, "literal level": "PLATINUM IV", "time": 2279, "solokills_t": 0.007898200965335674, "kills_t": 0.03861342694164107, "kp": 0.466030736618972, "deaths_t": 0.03861342694164107, "assists_t": 0.05089951733216323, "csscore_t": 0.7906976744186046, "teamgold_t": 67.47959631417288, "vision_score_t": 0.9426485688286579, "wards_placed_t": 0.06757349714787188, "gold_graph_diffs_t": 13.051338306274681}