{"id": "EUN1_3573749315", "lvl": 1300, "literal level": "GOLD III", "time": 2208, "solokills_t": 0.009057971014492754, "kills_t": 0.035326086956521736, "kp": 0.443309162821358, "deaths_t": 0.035326086956521736, "assists_t": 0.043025362318840576, "csscore_t": 0.7862318840579711, "teamgold_t": 66.2133152173913, "vision_score_t": 0.784964701557412, "wards_placed_t": 0.05298913043478261, "gold_graph_diffs_t": 12.639039855072463}