{"id": "EUN1_3568299019", "lvl": 1000, "literal level": "SILVER II", "time": 1870, "solokills_t": 0.009625668449197862, "kills_t": 0.03155080213903743, "kp": 0.4363157894736842, "deaths_t": 0.03155080213903743, "assists_t": 0.03636363636363636, "csscore_t": 0.7903743315508022, "teamgold_t": 62.06951871657754, "vision_score_t": 0.8579108670963134, "wards_placed_t": 0.06951871657754011, "gold_graph_diffs_t": 11.702673796791444}