{"id": "EUN1_3568709252", "lvl": 1200, "literal level": "GOLD IV", "time": 2043, "solokills_t": 0.008321096426823299, "kills_t": 0.032305433186490456, "kp": 0.45198156682027646, "deaths_t": 0.032305433186490456, "assists_t": 0.040137053352912386, "csscore_t": 0.7856093979441997, "teamgold_t": 63.020068526676454, "vision_score_t": 0.8465914355444211, "wards_placed_t": 0.06118453255017132, "gold_graph_diffs_t": 12.360254527655409}