{"id": "EUN1_3558327488", "lvl": 1500, "literal level": "GOLD I", "time": 2513, "solokills_t": 0.008754476721050538, "kills_t": 0.033824114604058896, "kp": 0.4643964562569213, "deaths_t": 0.033824114604058896, "assists_t": 0.04456824512534819, "csscore_t": 0.7970553123756466, "teamgold_t": 66.19339434938321, "vision_score_t": 0.869833938594424, "wards_placed_t": 0.05451651412654198, "gold_graph_diffs_t": 14.590529247910863}