{"id": "EUN1_3585919183", "lvl": 1300, "literal level": "GOLD III", "time": 1828, "solokills_t": 0.0087527352297593, "kills_t": 0.030087527352297593, "kp": 0.43828828828828825, "deaths_t": 0.030087527352297593, "assists_t": 0.036105032822757115, "csscore_t": 0.8588621444201313, "teamgold_t": 65.3648796498906, "vision_score_t": 0.9341645523554579, "wards_placed_t": 0.0650984682713348, "gold_graph_diffs_t": 14.946936542669585}