{"id": "EUN1_3536943502", "lvl": 900, "literal level": "SILVER III", "time": 481, "solokills_t": 0.002079002079002079, "kills_t": 0.014553014553014554, "kp": 0.3833333333333333, "deaths_t": 0.014553014553014554, "assists_t": 0.012474012474012475, "csscore_t": 0.6403326403326404, "teamgold_t": 48.80873180873181, "vision_score_t": 0.3826326712100941, "wards_placed_t": 0.04781704781704782, "gold_graph_diffs_t": 7.257796257796258}