{"id": "EUN1_3549441037", "lvl": 1000, "literal level": "SILVER II", "time": 1714, "solokills_t": 0.009918319719953326, "kills_t": 0.03500583430571762, "kp": 0.40248868778280544, "deaths_t": 0.03500583430571762, "assists_t": 0.0367561260210035, "csscore_t": 0.7777129521586931, "teamgold_t": 62.20128354725787, "vision_score_t": 0.6835469471833888, "wards_placed_t": 0.05542590431738623, "gold_graph_diffs_t": 14.114935822637106}