{"id": "EUN1_3566594736", "lvl": 1700, "literal level": "PLATINUM III", "time": 2209, "solokills_t": 0.005432322317790856, "kills_t": 0.03531009506564056, "kp": 0.5710526315789474, "deaths_t": 0.03531009506564056, "assists_t": 0.06564056133997284, "csscore_t": 0.7537347215934812, "teamgold_t": 64.24988682661838, "vision_score_t": 0.9661481966128547, "wards_placed_t": 0.06790402897238569, "gold_graph_diffs_t": 14.740606609325487}