{"id": "EUN1_3567002970", "lvl": 1000, "literal level": "SILVER II", "time": 1854, "solokills_t": 0.005393743257820928, "kills_t": 0.03182308522114347, "kp": 0.4335632183908046, "deaths_t": 0.03182308522114347, "assists_t": 0.0372168284789644, "csscore_t": 0.8036677454153183, "teamgold_t": 64.61758360302049, "vision_score_t": 0.8718395764983325, "wards_placed_t": 0.0674217907227616, "gold_graph_diffs_t": 13.177454153182309}