{"id": "EUN1_3569238618", "lvl": 1300, "literal level": "GOLD III", "time": 1676, "solokills_t": 0.014916467780429593, "kills_t": 0.05071599045346062, "kp": 0.410573476702509, "deaths_t": 0.05190930787589499, "assists_t": 0.05190930787589499, "csscore_t": 0.8090692124105012, "teamgold_t": 71.50119331742243, "vision_score_t": 0.6637632456606823, "wards_placed_t": 0.046539379474940336, "gold_graph_diffs_t": 14.949880668257757}