{"id": "EUN1_3550882071", "lvl": 1200, "literal level": "GOLD IV", "time": 2172, "solokills_t": 0.008747697974217311, "kills_t": 0.035451197053407, "kp": 0.5109523809523809, "deaths_t": 0.035451197053407, "assists_t": 0.055248618784530384, "csscore_t": 0.748158379373849, "teamgold_t": 65.33333333333333, "vision_score_t": 0.9157827543826336, "wards_placed_t": 0.062154696132596686, "gold_graph_diffs_t": 15.33609576427256}