{"id": "EUN1_3541963187", "lvl": 1900, "literal level": "PLATINUM I", "time": 1946, "solokills_t": 0.008221993833504625, "kills_t": 0.03854059609455293, "kp": 0.5178571428571429, "deaths_t": 0.03854059609455293, "assists_t": 0.06115107913669065, "csscore_t": 0.7302158273381295, "teamgold_t": 65.15159301130524, "vision_score_t": 0.9350879875973579, "wards_placed_t": 0.06423432682425488, "gold_graph_diffs_t": 12.033401849948612}