{"id": "EUN1_3538508970", "lvl": 1700, "literal level": "PLATINUM III", "time": 2191, "solokills_t": 0.004564125969876769, "kills_t": 0.020538566864445457, "kp": 0.4590000000000001, "deaths_t": 0.020538566864445457, "assists_t": 0.02647193062528526, "csscore_t": 0.8881789137380192, "teamgold_t": 61.17252396166134, "vision_score_t": 0.8771819839367858, "wards_placed_t": 0.054313099041533544, "gold_graph_diffs_t": 13.756732085805568}