{"id": "EUN1_3578167936", "lvl": 1600, "literal level": "PLATINUM IV", "time": 1684, "solokills_t": 0.0166270783847981, "kills_t": 0.04334916864608076, "kp": 0.39485407066052225, "deaths_t": 0.04334916864608076, "assists_t": 0.040380047505938245, "csscore_t": 0.8467933491686461, "teamgold_t": 69.41923990498812, "vision_score_t": 0.7573018165522057, "wards_placed_t": 0.05997624703087886, "gold_graph_diffs_t": 16.478622327790973}