{"id": "EUN1_3561414583", "lvl": 1300, "literal level": "GOLD III", "time": 2187, "solokills_t": 0.004572473708276178, "kills_t": 0.037951531778692274, "kp": 0.4843971631205674, "deaths_t": 0.037951531778692274, "assists_t": 0.054412437128486514, "csscore_t": 0.871970736168267, "teamgold_t": 70.56561499771377, "vision_score_t": 0.8477634775167185, "wards_placed_t": 0.05944215820759031, "gold_graph_diffs_t": 16.686328303612253}