{"id": "EUN1_3564131541", "lvl": 1400, "literal level": "GOLD II", "time": 2663, "solokills_t": 0.006759294029290274, "kills_t": 0.04581299286518964, "kp": 0.5122004357298475, "deaths_t": 0.04581299286518964, "assists_t": 0.07134810364250845, "csscore_t": 0.6556515208411566, "teamgold_t": 71.52647390161472, "vision_score_t": 0.8162202907505364, "wards_placed_t": 0.05482538490424334, "gold_graph_diffs_t": 14.6057078482914}