{"id": "EUN1_3539485143", "lvl": 600, "literal level": "BRONZE II", "time": 2678, "solokills_t": 0.009335324869305451, "kills_t": 0.038834951456310676, "kp": 0.4739888682745826, "deaths_t": 0.039208364451082896, "assists_t": 0.05302464525765497, "csscore_t": 0.6773711725168036, "teamgold_t": 65.77109783420462, "vision_score_t": 0.652960771221716, "wards_placed_t": 0.05190440627333831, "gold_graph_diffs_t": 17.667289021657954}