{"id": "EUN1_3562475554", "lvl": 1200, "literal level": "GOLD IV", "time": 1640, "solokills_t": 0.01402439024390244, "kills_t": 0.04573170731707317, "kp": 0.42243401759530785, "deaths_t": 0.04573170731707317, "assists_t": 0.048170731707317074, "csscore_t": 0.7054878048780487, "teamgold_t": 67.09390243902439, "vision_score_t": 0.7420010484674864, "wards_placed_t": 0.057926829268292686, "gold_graph_diffs_t": 14.12560975609756}