{"id": "EUN1_3573657406", "lvl": 1300, "literal level": "GOLD III", "time": 1592, "solokills_t": 0.018844221105527637, "kills_t": 0.04396984924623116, "kp": 0.3845513413506013, "deaths_t": 0.04396984924623116, "assists_t": 0.04334170854271357, "csscore_t": 0.8567839195979899, "teamgold_t": 71.01633165829146, "vision_score_t": 0.7406313543070242, "wards_placed_t": 0.06030150753768844, "gold_graph_diffs_t": 18.498743718592966}