{"id": "EUN1_3584284199", "lvl": 1400, "literal level": "GOLD II", "time": 1480, "solokills_t": 0.012162162162162163, "kills_t": 0.037162162162162164, "kp": 0.40584795321637424, "deaths_t": 0.037162162162162164, "assists_t": 0.03918918918918919, "csscore_t": 0.793918918918919, "teamgold_t": 65.56621621621622, "vision_score_t": 0.7664209687711757, "wards_placed_t": 0.05472972972972973, "gold_graph_diffs_t": 12.505405405405405}