{"id": "EUN1_3573104088", "lvl": 1300, "literal level": "GOLD III", "time": 2076, "solokills_t": 0.012524084778420038, "kills_t": 0.03420038535645472, "kp": 0.4182113821138211, "deaths_t": 0.03420038535645472, "assists_t": 0.03709055876685934, "csscore_t": 0.8554913294797688, "teamgold_t": 64.4947013487476, "vision_score_t": 0.8106943788346236, "wards_placed_t": 0.06069364161849711, "gold_graph_diffs_t": 11.818400770712909}