{"id": "EUN1_3575121642", "lvl": 1400, "literal level": "GOLD II", "time": 1888, "solokills_t": 0.015889830508474576, "kills_t": 0.04925847457627119, "kp": 0.42051282051282046, "deaths_t": 0.04925847457627119, "assists_t": 0.05349576271186441, "csscore_t": 0.763771186440678, "teamgold_t": 69.54290254237289, "vision_score_t": 0.7664939604426804, "wards_placed_t": 0.05296610169491525, "gold_graph_diffs_t": 17.7198093220339}