{"id": "EUN1_3553885865", "lvl": 1600, "literal level": "PLATINUM IV", "time": 1852, "solokills_t": 0.007019438444924406, "kills_t": 0.03347732181425486, "kp": 0.4822649572649572, "deaths_t": 0.03347732181425486, "assists_t": 0.04967602591792657, "csscore_t": 0.7365010799136069, "teamgold_t": 61.87365010799136, "vision_score_t": 0.9295416259580438, "wards_placed_t": 0.06965442764578833, "gold_graph_diffs_t": 12.74622030237581}