{"id": "EUN1_3550497831", "lvl": 1200, "literal level": "GOLD IV", "time": 2046, "solokills_t": 0.005865102639296188, "kills_t": 0.023949169110459433, "kp": 0.48583333333333334, "deaths_t": 0.023949169110459433, "assists_t": 0.03421309872922776, "csscore_t": 0.8773216031280547, "teamgold_t": 63.47947214076246, "vision_score_t": 1.1510156865023848, "wards_placed_t": 0.0884652981427175, "gold_graph_diffs_t": 12.488269794721408}