{"id": "EUN1_3567207018", "lvl": 400, "literal level": "BRONZE IV", "time": 1254, "solokills_t": 0.018341307814992026, "kills_t": 0.04226475279106858, "kp": 0.3441558441558441, "deaths_t": 0.04226475279106858, "assists_t": 0.030303030303030304, "csscore_t": 0.6507177033492823, "teamgold_t": 62.1371610845295, "vision_score_t": 0.5303133324168592, "wards_placed_t": 0.04146730462519936, "gold_graph_diffs_t": 14.964912280701755}