{"id": "EUN1_3567246787", "lvl": 400, "literal level": "BRONZE IV", "time": 1956, "solokills_t": 0.009202453987730062, "kills_t": 0.03885480572597137, "kp": 0.4778012684989429, "deaths_t": 0.03936605316973415, "assists_t": 0.053169734151329244, "csscore_t": 0.6119631901840491, "teamgold_t": 59.8819018404908, "vision_score_t": 0.6194822921274623, "wards_placed_t": 0.04703476482617587, "gold_graph_diffs_t": 9.556748466257668}