{"id": "EUN1_3576569166", "lvl": 1400, "literal level": "GOLD II", "time": 2441, "solokills_t": 0.0077836952068824255, "kills_t": 0.039737812371978695, "kp": 0.48135964912280704, "deaths_t": 0.039737812371978695, "assists_t": 0.05612453912331012, "csscore_t": 0.8086849651782057, "teamgold_t": 69.9512494879148, "vision_score_t": 1.0310992793300404, "wards_placed_t": 0.06882425235559197, "gold_graph_diffs_t": 14.56493240475215}