{"id": "EUN1_3576840076", "lvl": 1300, "literal level": "GOLD III", "time": 1326, "solokills_t": 0.014328808446455505, "kills_t": 0.04524886877828054, "kp": 0.3741450068399453, "deaths_t": 0.04524886877828054, "assists_t": 0.04147812971342383, "csscore_t": 0.782051282051282, "teamgold_t": 64.74660633484163, "vision_score_t": 0.8910969438588824, "wards_placed_t": 0.06862745098039216, "gold_graph_diffs_t": 13.901960784313726}