{"id": "EUN1_3576662369", "lvl": 1500, "literal level": "GOLD I", "time": 2119, "solokills_t": 0.009910335063709298, "kills_t": 0.03539405379896177, "kp": 0.4717592592592593, "deaths_t": 0.03539405379896177, "assists_t": 0.045776309579990564, "csscore_t": 0.7885795186408683, "teamgold_t": 63.65502595563945, "vision_score_t": 0.9799277368466066, "wards_placed_t": 0.06795658329400661, "gold_graph_diffs_t": 13.033978291647003}