{"id": "EUN1_3559965815", "lvl": 1200, "literal level": "GOLD IV", "time": 2233, "solokills_t": 0.013434841021047918, "kills_t": 0.04120017913121361, "kp": 0.4108695652173913, "deaths_t": 0.04120017913121361, "assists_t": 0.043439319301388266, "csscore_t": 0.800268696820421, "teamgold_t": 69.88356471115092, "vision_score_t": 0.7723535452107811, "wards_placed_t": 0.04746977160770264, "gold_graph_diffs_t": 13.909538737124944}