{"id": "EUN1_3568049615", "lvl": 1100, "literal level": "SILVER I", "time": 2100, "solokills_t": 0.002857142857142857, "kills_t": 0.040952380952380955, "kp": 0.5837209302325582, "deaths_t": 0.040952380952380955, "assists_t": 0.07857142857142857, "csscore_t": 0.7509523809523809, "teamgold_t": 68.86952380952381, "vision_score_t": 0.7633147876211803, "wards_placed_t": 0.05714285714285714, "gold_graph_diffs_t": 15.816190476190476}