{"id": "EUN1_3573894979", "lvl": 1200, "literal level": "GOLD IV", "time": 1350, "solokills_t": 0.00962962962962963, "kills_t": 0.037037037037037035, "kp": 0.434804753820034, "deaths_t": 0.037037037037037035, "assists_t": 0.042222222222222223, "csscore_t": 0.8162962962962963, "teamgold_t": 65.98444444444445, "vision_score_t": 0.7033205595370298, "wards_placed_t": 0.05185185185185185, "gold_graph_diffs_t": 13.754814814814814}