{"id": "EUN1_3540927991", "lvl": 1700, "literal level": "PLATINUM III", "time": 2269, "solokills_t": 0.009255178492728075, "kills_t": 0.04451300132216836, "kp": 0.4588652482269503, "deaths_t": 0.04451300132216836, "assists_t": 0.05773468488320846, "csscore_t": 0.8316438959894227, "teamgold_t": 72.05112384310269, "vision_score_t": 1.0058208942925027, "wards_placed_t": 0.06654914059056853, "gold_graph_diffs_t": 15.466725429704717}