{"id": "EUN1_3564723376", "lvl": 1200, "literal level": "GOLD IV", "time": 1754, "solokills_t": 0.0028506271379703536, "kills_t": 0.03192702394526796, "kp": 0.49642857142857144, "deaths_t": 0.03249714937286203, "assists_t": 0.04732041049030787, "csscore_t": 0.74230330672748, "teamgold_t": 64.81927023945268, "vision_score_t": 0.6531764027581961, "wards_placed_t": 0.04561003420752566, "gold_graph_diffs_t": 14.045039908779932}