{"id": "EUN1_3568139213", "lvl": 1300, "literal level": "GOLD III", "time": 1885, "solokills_t": 0.016976127320954906, "kills_t": 0.04827586206896552, "kp": 0.37519607843137254, "deaths_t": 0.04827586206896552, "assists_t": 0.042440318302387266, "csscore_t": 0.9023872679045093, "teamgold_t": 72.51883289124669, "vision_score_t": 0.7232731922945727, "wards_placed_t": 0.05411140583554377, "gold_graph_diffs_t": 14.285411140583554}