{"id": "EUN1_3554906836", "lvl": 1300, "literal level": "GOLD III", "time": 1426, "solokills_t": 0.0070126227208976155, "kills_t": 0.02314165497896213, "kp": 0.40449999999999997, "deaths_t": 0.02314165497896213, "assists_t": 0.02244039270687237, "csscore_t": 0.8709677419354839, "teamgold_t": 58.69214586255259, "vision_score_t": 0.7544151435398869, "wards_placed_t": 0.05960729312762973, "gold_graph_diffs_t": 11.671107994389901}