{"id": "EUN1_3538612971", "lvl": 1500, "literal level": "GOLD I", "time": 1850, "solokills_t": 0.004324324324324324, "kills_t": 0.026486486486486487, "kp": 0.48082437275985657, "deaths_t": 0.026486486486486487, "assists_t": 0.0372972972972973, "csscore_t": 0.8059459459459459, "teamgold_t": 61.68324324324324, "vision_score_t": 0.8428590793881954, "wards_placed_t": 0.05837837837837838, "gold_graph_diffs_t": 11.974054054054054}