{"id": "EUN1_3543911249", "lvl": 1300, "literal level": "GOLD III", "time": 2249, "solokills_t": 0.006224988883948421, "kills_t": 0.03379279679857715, "kp": 0.5073863636363636, "deaths_t": 0.03379279679857715, "assists_t": 0.05246776345042241, "csscore_t": 0.7812361049355269, "teamgold_t": 64.0693641618497, "vision_score_t": 0.8428139328258533, "wards_placed_t": 0.06047132058692752, "gold_graph_diffs_t": 13.03690529124055}