{"id": "EUN1_3566724189", "lvl": 800, "literal level": "SILVER IV", "time": 1586, "solokills_t": 0.011349306431273645, "kills_t": 0.044136191677175286, "kp": 0.4133995037220844, "deaths_t": 0.044136191677175286, "assists_t": 0.04791929382093316, "csscore_t": 0.7370744010088273, "teamgold_t": 67.06809583858764, "vision_score_t": 0.7232197558318265, "wards_placed_t": 0.05737704918032787, "gold_graph_diffs_t": 15.040353089533417}