{"id": "EUN1_3585690154", "lvl": 1300, "literal level": "GOLD III", "time": 2550, "solokills_t": 0.007450980392156863, "kills_t": 0.03607843137254902, "kp": 0.4504491725768321, "deaths_t": 0.03607843137254902, "assists_t": 0.045098039215686274, "csscore_t": 0.7831372549019607, "teamgold_t": 66.35333333333334, "vision_score_t": 1.046334194481472, "wards_placed_t": 0.0796078431372549, "gold_graph_diffs_t": 13.594901960784314}