{"id": "EUN1_3584299362", "lvl": 1300, "literal level": "GOLD III", "time": 1349, "solokills_t": 0.010378057820607857, "kills_t": 0.04595997034840623, "kp": 0.43717948717948724, "deaths_t": 0.04670126019273536, "assists_t": 0.05559673832468495, "csscore_t": 0.765011119347665, "teamgold_t": 67.83172720533729, "vision_score_t": 0.725872381729418, "wards_placed_t": 0.05856189770200148, "gold_graph_diffs_t": 14.68272794662713}