{"id": "EUN1_3542018396", "lvl": 900, "literal level": "SILVER III", "time": 1548, "solokills_t": 0.020025839793281652, "kills_t": 0.050387596899224806, "kp": 0.37777777777777777, "deaths_t": 0.050387596899224806, "assists_t": 0.04263565891472868, "csscore_t": 0.7403100775193798, "teamgold_t": 72.25710594315245, "vision_score_t": 0.8838408289777853, "wards_placed_t": 0.06912144702842377, "gold_graph_diffs_t": 19.016795865633075}