{"id": "EUN1_3538882488", "lvl": 1400, "literal level": "GOLD II", "time": 2002, "solokills_t": 0.0034965034965034965, "kills_t": 0.027972027972027972, "kp": 0.5009523809523809, "deaths_t": 0.027972027972027972, "assists_t": 0.03996003996003996, "csscore_t": 0.7617382617382618, "teamgold_t": 60.83866133866134, "vision_score_t": 0.934885747132783, "wards_placed_t": 0.06993006993006994, "gold_graph_diffs_t": 13.168331668331668}