{"id": "EUN1_3536874629", "lvl": 1000, "literal level": "SILVER II", "time": 1887, "solokills_t": 0.014308426073131956, "kills_t": 0.04080551139374669, "kp": 0.37722701149425286, "deaths_t": 0.04080551139374669, "assists_t": 0.03709591944886063, "csscore_t": 0.7594064652888183, "teamgold_t": 68.44727080021198, "vision_score_t": 0.8350280626556581, "wards_placed_t": 0.05829358770535241, "gold_graph_diffs_t": 12.179120296767355}