{"id": "EUN1_3562939082", "lvl": 1400, "literal level": "GOLD II", "time": 1404, "solokills_t": 0.014245014245014245, "kills_t": 0.045584045584045586, "kp": 0.44000000000000006, "deaths_t": 0.045584045584045586, "assists_t": 0.04700854700854701, "csscore_t": 0.7941595441595442, "teamgold_t": 68.29629629629629, "vision_score_t": 0.8009595768288055, "wards_placed_t": 0.054843304843304845, "gold_graph_diffs_t": 15.853276353276353}