{"id": "EUN1_3541990649", "lvl": 1700, "literal level": "PLATINUM III", "time": 1654, "solokills_t": 0.012091898428053204, "kills_t": 0.036275695284159616, "kp": 0.4041666666666667, "deaths_t": 0.03688029020556227, "assists_t": 0.037484885126964934, "csscore_t": 0.7569528415961306, "teamgold_t": 61.34703748488513, "vision_score_t": 0.7358455868932225, "wards_placed_t": 0.04836759371221282, "gold_graph_diffs_t": 14.03385731559855}