{"id": "EUN1_3559718007", "lvl": 1100, "literal level": "SILVER I", "time": 1981, "solokills_t": 0.010095911155981827, "kills_t": 0.03735487127713276, "kp": 0.4285071267816954, "deaths_t": 0.03735487127713276, "assists_t": 0.04139323573952549, "csscore_t": 0.7450782433114589, "teamgold_t": 64.41696113074205, "vision_score_t": 0.6792963821634199, "wards_placed_t": 0.049974760222110046, "gold_graph_diffs_t": 17.240787481070168}