{"id": "EUN1_3574570919", "lvl": 1500, "literal level": "GOLD I", "time": 1372, "solokills_t": 0.011661807580174927, "kills_t": 0.027696793002915453, "kp": 0.4007142857142857, "deaths_t": 0.027696793002915453, "assists_t": 0.029154518950437316, "csscore_t": 0.8046647230320699, "teamgold_t": 59.26603498542274, "vision_score_t": 0.8579087777460022, "wards_placed_t": 0.06341107871720117, "gold_graph_diffs_t": 15.752915451895044}