{"id": "EUN1_3563366231", "lvl": 1500, "literal level": "GOLD I", "time": 1913, "solokills_t": 0.009409304756926294, "kills_t": 0.03293256664924203, "kp": 0.42147368421052633, "deaths_t": 0.03293256664924203, "assists_t": 0.035023523261892314, "csscore_t": 0.8614741244119185, "teamgold_t": 63.7752221641401, "vision_score_t": 0.9340517973412588, "wards_placed_t": 0.07161526398327235, "gold_graph_diffs_t": 12.291688447464715}