{"id": "EUN1_3566740369", "lvl": 1300, "literal level": "GOLD III", "time": 1863, "solokills_t": 0.008588298443370907, "kills_t": 0.042404723564143855, "kp": 0.48288288288288295, "deaths_t": 0.042404723564143855, "assists_t": 0.06065485775630703, "csscore_t": 0.7461084272678475, "teamgold_t": 66.9645732689211, "vision_score_t": 0.8597613546706093, "wards_placed_t": 0.057971014492753624, "gold_graph_diffs_t": 10.930220075147611}