{"id": "EUN1_3568213285", "lvl": 1000, "literal level": "SILVER II", "time": 2200, "solokills_t": 0.009545454545454546, "kills_t": 0.04454545454545455, "kp": 0.43928726640591054, "deaths_t": 0.04454545454545455, "assists_t": 0.05181818181818182, "csscore_t": 0.764090909090909, "teamgold_t": 67.8, "vision_score_t": 0.7596411831128295, "wards_placed_t": 0.05954545454545455, "gold_graph_diffs_t": 15.024545454545455}