{"id": "EUN1_3571155413", "lvl": 1100, "literal level": "SILVER I", "time": 2602, "solokills_t": 0.008455034588777863, "kills_t": 0.038816295157571096, "kp": 0.4788537549407114, "deaths_t": 0.039584934665641815, "assists_t": 0.05495772482705611, "csscore_t": 0.7955418908531898, "teamgold_t": 67.93735588009224, "vision_score_t": 0.8310160335079061, "wards_placed_t": 0.05534204458109147, "gold_graph_diffs_t": 14.753651037663335}