{"id": "EUN1_3584943417", "lvl": 1200, "literal level": "GOLD IV", "time": 1633, "solokills_t": 0.015309246785058175, "kills_t": 0.0385793018983466, "kp": 0.3827368421052631, "deaths_t": 0.03919167176974893, "assists_t": 0.03551745254133497, "csscore_t": 0.8720146968769137, "teamgold_t": 67.95407225964483, "vision_score_t": 0.7023164164707426, "wards_placed_t": 0.047764849969381504, "gold_graph_diffs_t": 12.655848132271892}