{"id": "EUN1_3566982615", "lvl": 800, "literal level": "SILVER IV", "time": 1737, "solokills_t": 0.0069084628670120895, "kills_t": 0.04260218767990789, "kp": 0.5027272727272727, "deaths_t": 0.04260218767990789, "assists_t": 0.06217616580310881, "csscore_t": 0.6925734024179621, "teamgold_t": 65.7915947035118, "vision_score_t": 0.6971231786888316, "wards_placed_t": 0.051237766263673, "gold_graph_diffs_t": 15.098445595854923}