{"id": "EUN1_3534238436", "lvl": 1800, "literal level": "PLATINUM II", "time": 1739, "solokills_t": 0.007475560667050029, "kills_t": 0.030477285796434734, "kp": 0.4791021671826625, "deaths_t": 0.030477285796434734, "assists_t": 0.041403105232892465, "csscore_t": 0.8775158136860265, "teamgold_t": 63.45715928694652, "vision_score_t": 0.9714971758092972, "wards_placed_t": 0.06900517538815411, "gold_graph_diffs_t": 12.890166762507189}