{"id": "EUN1_3535529281", "lvl": 1700, "literal level": "PLATINUM III", "time": 1831, "solokills_t": 0.010922992900054615, "kills_t": 0.040415073730202075, "kp": 0.47823529411764704, "deaths_t": 0.0409612233752048, "assists_t": 0.056253413435281265, "csscore_t": 0.8410704533042054, "teamgold_t": 69.65319497542326, "vision_score_t": 0.905471624363823, "wards_placed_t": 0.0622610595303113, "gold_graph_diffs_t": 14.695248498088477}