{"id": "EUN1_3532721802", "lvl": 1000, "literal level": "SILVER II", "time": 3198, "solokills_t": 0.00906816760475297, "kills_t": 0.041588492808005, "kp": 0.4320582877959927, "deaths_t": 0.041588492808005, "assists_t": 0.0484677923702314, "csscore_t": 0.7858036272670419, "teamgold_t": 68.10412757973734, "vision_score_t": 0.9569635536394905, "wards_placed_t": 0.059724828017510945, "gold_graph_diffs_t": 14.353033145716072}