{"id": "EUN1_3554682574", "lvl": 1100, "literal level": "SILVER I", "time": 2470, "solokills_t": 0.008502024291497975, "kills_t": 0.04412955465587044, "kp": 0.4502402196293754, "deaths_t": 0.044534412955465584, "assists_t": 0.05506072874493927, "csscore_t": 0.7194331983805669, "teamgold_t": 69.89838056680162, "vision_score_t": 0.6624409695767262, "wards_placed_t": 0.055465587044534415, "gold_graph_diffs_t": 16.13238866396761}