{"id": "EUN1_3553302734", "lvl": 1100, "literal level": "SILVER I", "time": 1485, "solokills_t": 0.010774410774410775, "kills_t": 0.03164983164983165, "kp": 0.39645833333333336, "deaths_t": 0.03164983164983165, "assists_t": 0.03164983164983165, "csscore_t": 0.8922558922558923, "teamgold_t": 65.01548821548822, "vision_score_t": 0.9147417420296644, "wards_placed_t": 0.061952861952861954, "gold_graph_diffs_t": 11.371043771043771}