{"id": "EUN1_3539245878", "lvl": 1800, "literal level": "PLATINUM II", "time": 1660, "solokills_t": 0.006024096385542169, "kills_t": 0.03493975903614458, "kp": 0.5206896551724138, "deaths_t": 0.03493975903614458, "assists_t": 0.05602409638554217, "csscore_t": 0.9174698795180722, "teamgold_t": 70.98192771084338, "vision_score_t": 0.8490755381307086, "wards_placed_t": 0.053614457831325305, "gold_graph_diffs_t": 16.29397590361446}