{"id": "EUN1_3579333227", "lvl": 1200, "literal level": "GOLD IV", "time": 1773, "solokills_t": 0.009024252679075015, "kills_t": 0.04173716864072194, "kp": 0.46832298136645967, "deaths_t": 0.04230118443316413, "assists_t": 0.05583756345177665, "csscore_t": 0.7151720248166948, "teamgold_t": 64.46531302876481, "vision_score_t": 0.858365330463338, "wards_placed_t": 0.0580936266215454, "gold_graph_diffs_t": 14.923293852227863}