{"id": "EUN1_3575664757", "lvl": 1200, "literal level": "GOLD IV", "time": 3054, "solokills_t": 0.010150622134905042, "kills_t": 0.03700065487884741, "kp": 0.4657629255989912, "deaths_t": 0.03732809430255403, "assists_t": 0.04911591355599214, "csscore_t": 0.785199738048461, "teamgold_t": 64.890635232482, "vision_score_t": 0.8729466395505007, "wards_placed_t": 0.06450556647020302, "gold_graph_diffs_t": 11.75638506876228}