{"id": "EUN1_3584797043", "lvl": 1500, "literal level": "GOLD I", "time": 1595, "solokills_t": 0.007523510971786834, "kills_t": 0.04200626959247649, "kp": 0.4877846790890269, "deaths_t": 0.04200626959247649, "assists_t": 0.06583072100313479, "csscore_t": 0.8219435736677116, "teamgold_t": 68.02006269592476, "vision_score_t": 0.823222287839753, "wards_placed_t": 0.058307210031347964, "gold_graph_diffs_t": 11.40062695924765}