{"id": "EUN1_3543628816", "lvl": 1800, "literal level": "PLATINUM II", "time": 2009, "solokills_t": 0.010452961672473868, "kills_t": 0.042309606769537086, "kp": 0.4511072261072261, "deaths_t": 0.0428073668491787, "assists_t": 0.055251368840219015, "csscore_t": 0.7765057242409159, "teamgold_t": 67.0179193628671, "vision_score_t": 1.0001322642801938, "wards_placed_t": 0.06520657043305127, "gold_graph_diffs_t": 15.839223494275759}