{"id": "EUN1_3551094228", "lvl": 900, "literal level": "SILVER III", "time": 1448, "solokills_t": 0.011049723756906077, "kills_t": 0.034530386740331494, "kp": 0.3959252971137521, "deaths_t": 0.034530386740331494, "assists_t": 0.034530386740331494, "csscore_t": 0.6912983425414365, "teamgold_t": 59.12292817679558, "vision_score_t": 0.5663984448466067, "wards_placed_t": 0.04074585635359116, "gold_graph_diffs_t": 11.769337016574585}