{"id": "EUN1_3573259723", "lvl": 1400, "literal level": "GOLD II", "time": 1954, "solokills_t": 0.01023541453428864, "kills_t": 0.02661207778915046, "kp": 0.3725925925925926, "deaths_t": 0.02661207778915046, "assists_t": 0.02302968270214944, "csscore_t": 0.8643807574206755, "teamgold_t": 62.34339815762539, "vision_score_t": 1.1048583252244208, "wards_placed_t": 0.06499488229273286, "gold_graph_diffs_t": 9.13971340839304}