{"id": "EUN1_3568874272", "lvl": 1000, "literal level": "SILVER II", "time": 1331, "solokills_t": 0.015777610818933134, "kills_t": 0.042073628850488355, "kp": 0.3570175438596491, "deaths_t": 0.042073628850488355, "assists_t": 0.032306536438767845, "csscore_t": 0.8730277986476334, "teamgold_t": 67.60480841472577, "vision_score_t": 0.68715342680563, "wards_placed_t": 0.05108940646130729, "gold_graph_diffs_t": 11.85274229902329}