{"id": "EUN1_3568713592", "lvl": 600, "literal level": "BRONZE II", "time": 1614, "solokills_t": 0.008674101610904586, "kills_t": 0.030978934324659233, "kp": 0.47523809523809535, "deaths_t": 0.030978934324659233, "assists_t": 0.04151177199504337, "csscore_t": 0.7149938042131351, "teamgold_t": 60.42069392812887, "vision_score_t": 0.7369405430072093, "wards_placed_t": 0.055762081784386616, "gold_graph_diffs_t": 13.171623296158613}