{"id": "EUN1_3564589346", "lvl": 1300, "literal level": "GOLD III", "time": 928, "solokills_t": 0.011853448275862068, "kills_t": 0.029094827586206896, "kp": 0.3539473684210526, "deaths_t": 0.029094827586206896, "assists_t": 0.022629310344827586, "csscore_t": 0.8448275862068966, "teamgold_t": 61.178879310344826, "vision_score_t": 0.7915008888290903, "wards_placed_t": 0.057112068965517244, "gold_graph_diffs_t": 11.741379310344827}