{"id": "EUN1_3530646603", "lvl": 1800, "literal level": "PLATINUM II", "time": 2059, "solokills_t": 0.009227780475959204, "kills_t": 0.03351141330743079, "kp": 0.4595076400679116, "deaths_t": 0.03351141330743079, "assists_t": 0.042739193783389993, "csscore_t": 0.9368625546381739, "teamgold_t": 69.40650801359884, "vision_score_t": 1.0604639735305434, "wards_placed_t": 0.06847984458474989, "gold_graph_diffs_t": 11.552209810587664}