{"id": "EUN1_3579520838", "lvl": 1200, "literal level": "GOLD IV", "time": 1839, "solokills_t": 0.0038064165307232192, "kills_t": 0.027188689505165852, "kp": 0.48431372549019613, "deaths_t": 0.027188689505165852, "assists_t": 0.040783034257748776, "csscore_t": 0.7558455682436107, "teamgold_t": 62.43719412724307, "vision_score_t": 0.87486859735514, "wards_placed_t": 0.0636215334420881, "gold_graph_diffs_t": 15.835780315388797}