{"id": "EUN1_3538067004", "lvl": 1600, "literal level": "PLATINUM IV", "time": 2040, "solokills_t": 0.0014705882352941176, "kills_t": 0.022058823529411766, "kp": 0.5700000000000001, "deaths_t": 0.022058823529411766, "assists_t": 0.041176470588235294, "csscore_t": 0.8563725490196078, "teamgold_t": 61.463725490196076, "vision_score_t": 1.052436657496665, "wards_placed_t": 0.0696078431372549, "gold_graph_diffs_t": 13.412745098039215}