{"id": "EUN1_3589140305", "lvl": 1100, "literal level": "SILVER I", "time": 2202, "solokills_t": 0.01407811080835604, "kills_t": 0.043142597638510444, "kp": 0.43272727272727274, "deaths_t": 0.043596730245231606, "assists_t": 0.05131698455949137, "csscore_t": 0.7574931880108992, "teamgold_t": 68.23206176203452, "vision_score_t": 0.8571723701234625, "wards_placed_t": 0.061762034514078114, "gold_graph_diffs_t": 14.943233424159855}