{"id": "EUN1_3575669702", "lvl": 1000, "literal level": "SILVER II", "time": 1781, "solokills_t": 0.003368893879842785, "kills_t": 0.032004491858506456, "kp": 0.5314285714285714, "deaths_t": 0.032004491858506456, "assists_t": 0.05053340819764177, "csscore_t": 0.759685569904548, "teamgold_t": 63.41437394722066, "vision_score_t": 0.9750995043009837, "wards_placed_t": 0.06625491297024144, "gold_graph_diffs_t": 12.852891633913531}