{"id": "EUN1_3566519112", "lvl": 900, "literal level": "SILVER III", "time": 1976, "solokills_t": 0.014676113360323886, "kills_t": 0.045040485829959516, "kp": 0.42355915065722954, "deaths_t": 0.045040485829959516, "assists_t": 0.050101214574898786, "csscore_t": 0.6700404858299596, "teamgold_t": 68.50253036437248, "vision_score_t": 0.6329622230363396, "wards_placed_t": 0.046052631578947366, "gold_graph_diffs_t": 17.292004048582996}