{"id": "EUN1_3560064854", "lvl": 1300, "literal level": "GOLD III", "time": 2532, "solokills_t": 0.006714060031595577, "kills_t": 0.037914691943127965, "kp": 0.5300131636682756, "deaths_t": 0.037914691943127965, "assists_t": 0.06200631911532385, "csscore_t": 0.7187993680884676, "teamgold_t": 65.8455766192733, "vision_score_t": 0.8908505741442323, "wards_placed_t": 0.06477093206951026, "gold_graph_diffs_t": 19.929304897314378}