{"id": "EUN1_3560610510", "lvl": 1200, "literal level": "GOLD IV", "time": 1682, "solokills_t": 0.0047562425683709865, "kills_t": 0.04102259215219976, "kp": 0.5474137931034482, "deaths_t": 0.04102259215219976, "assists_t": 0.0713436385255648, "csscore_t": 0.7497027348394768, "teamgold_t": 68.04994054696789, "vision_score_t": 0.9730955277544744, "wards_placed_t": 0.07372175980975029, "gold_graph_diffs_t": 17.05231866825208}