{"id": "EUN1_3563403598", "lvl": 1100, "literal level": "SILVER I", "time": 2277, "solokills_t": 0.011418533157663592, "kills_t": 0.043039086517347384, "kp": 0.44523809523809516, "deaths_t": 0.043039086517347384, "assists_t": 0.05401844532279315, "csscore_t": 0.743522178304787, "teamgold_t": 68.94422485726834, "vision_score_t": 1.0791171138914009, "wards_placed_t": 0.07290294246815986, "gold_graph_diffs_t": 14.528765920070267}