{"id": "EUN1_3536894607", "lvl": 1200, "literal level": "GOLD IV", "time": 2453, "solokills_t": 0.008968609865470852, "kills_t": 0.03995108030982471, "kp": 0.432540675844806, "deaths_t": 0.03995108030982471, "assists_t": 0.04647370566653078, "csscore_t": 0.773338768854464, "teamgold_t": 67.04280472890338, "vision_score_t": 1.1364823945853488, "wards_placed_t": 0.08479412963717896, "gold_graph_diffs_t": 11.945373012637587}