{"id": "EUN1_3539872795", "lvl": 1500, "literal level": "GOLD I", "time": 1364, "solokills_t": 0.009530791788856305, "kills_t": 0.030058651026392963, "kp": 0.40412087912087913, "deaths_t": 0.03152492668621701, "assists_t": 0.030058651026392963, "csscore_t": 0.8042521994134897, "teamgold_t": 62.01392961876833, "vision_score_t": 0.6137849843439189, "wards_placed_t": 0.04912023460410557, "gold_graph_diffs_t": 14.613636363636363}