{"id": "EUN1_3543756585", "lvl": 1200, "literal level": "GOLD IV", "time": 1656, "solokills_t": 0.010265700483091788, "kills_t": 0.03260869565217391, "kp": 0.418974358974359, "deaths_t": 0.03260869565217391, "assists_t": 0.03321256038647343, "csscore_t": 0.8055555555555556, "teamgold_t": 63.432367149758456, "vision_score_t": 0.8398371363972862, "wards_placed_t": 0.06582125603864734, "gold_graph_diffs_t": 12.415458937198068}