{"id": "EUN1_3556430793", "lvl": 1300, "literal level": "GOLD III", "time": 2045, "solokills_t": 0.009290953545232274, "kills_t": 0.03227383863080684, "kp": 0.4176923076923077, "deaths_t": 0.03227383863080684, "assists_t": 0.035207823960880194, "csscore_t": 0.8039119804400978, "teamgold_t": 62.70855745721271, "vision_score_t": 0.9226915983790132, "wards_placed_t": 0.06405867970660147, "gold_graph_diffs_t": 13.559413202933985}