{"id": "EUN1_3567614699", "lvl": 900, "literal level": "SILVER III", "time": 1475, "solokills_t": 0.007457627118644068, "kills_t": 0.04135593220338983, "kp": 0.4397619047619047, "deaths_t": 0.04135593220338983, "assists_t": 0.05152542372881356, "csscore_t": 0.7105084745762712, "teamgold_t": 65.44474576271186, "vision_score_t": 0.6995120909422787, "wards_placed_t": 0.04474576271186441, "gold_graph_diffs_t": 11.376949152542373}