{"id": "EUN1_3571747525", "lvl": 1400, "literal level": "GOLD II", "time": 1564, "solokills_t": 0.00639386189258312, "kills_t": 0.034526854219948847, "kp": 0.425, "deaths_t": 0.034526854219948847, "assists_t": 0.03964194373401535, "csscore_t": 0.881074168797954, "teamgold_t": 68.25, "vision_score_t": 0.8310004305200174, "wards_placed_t": 0.07289002557544758, "gold_graph_diffs_t": 14.78452685421995}