{"id": "EUN1_3559470544", "lvl": 1500, "literal level": "GOLD I", "time": 1150, "solokills_t": 0.006956521739130435, "kills_t": 0.020869565217391306, "kp": 0.3875, "deaths_t": 0.021739130434782608, "assists_t": 0.017391304347826087, "csscore_t": 0.7339130434782609, "teamgold_t": 56.178260869565214, "vision_score_t": 0.6515790159340809, "wards_placed_t": 0.04608695652173913, "gold_graph_diffs_t": 12.69304347826087}