{"id": "EUN1_3542462691", "lvl": 1700, "literal level": "PLATINUM III", "time": 2044, "solokills_t": 0.005870841487279843, "kills_t": 0.038649706457925634, "kp": 0.5091142490372272, "deaths_t": 0.038649706457925634, "assists_t": 0.05968688845401174, "csscore_t": 0.75, "teamgold_t": 67.67221135029354, "vision_score_t": 0.9419962838330695, "wards_placed_t": 0.06311154598825831, "gold_graph_diffs_t": 12.956947162426614}