{"id": "EUN1_3565831458", "lvl": 1500, "literal level": "GOLD I", "time": 1551, "solokills_t": 0.009671179883945842, "kills_t": 0.04642166344294004, "kp": 0.42798716920609464, "deaths_t": 0.04642166344294004, "assists_t": 0.0548033526756931, "csscore_t": 0.8401031592520954, "teamgold_t": 74.56350741457125, "vision_score_t": 0.7409801552911853, "wards_placed_t": 0.05738233397807866, "gold_graph_diffs_t": 17.174725983236623}