{"id": "EUN1_3554937190", "lvl": 800, "literal level": "SILVER IV", "time": 1922, "solokills_t": 0.01040582726326743, "kills_t": 0.03329864724245578, "kp": 0.4025490196078431, "deaths_t": 0.03329864724245578, "assists_t": 0.033818938605619145, "csscore_t": 0.8595213319458896, "teamgold_t": 67.94901144640998, "vision_score_t": 0.6279134703641948, "wards_placed_t": 0.049427679500520294, "gold_graph_diffs_t": 16.265348595213318}