{"id": "EUN1_3549938665", "lvl": 1100, "literal level": "SILVER I", "time": 1806, "solokills_t": 0.0049833887043189366, "kills_t": 0.029900332225913623, "kp": 0.43997194950911644, "deaths_t": 0.029900332225913623, "assists_t": 0.03599114064230343, "csscore_t": 0.8383167220376523, "teamgold_t": 62.41583610188261, "vision_score_t": 0.9106079341364339, "wards_placed_t": 0.07308970099667775, "gold_graph_diffs_t": 13.078073089700997}