{"id": "EUN1_3567222878", "lvl": 500, "literal level": "BRONZE III", "time": 1816, "solokills_t": 0.012114537444933921, "kills_t": 0.037444933920704845, "kp": 0.38459979736575484, "deaths_t": 0.037444933920704845, "assists_t": 0.034140969162995596, "csscore_t": 0.7268722466960352, "teamgold_t": 64.04074889867842, "vision_score_t": 0.5751763793526353, "wards_placed_t": 0.046255506607929514, "gold_graph_diffs_t": 15.572687224669604}