{"id": "EUN1_3567599075", "lvl": 1400, "literal level": "GOLD II", "time": 1168, "solokills_t": 0.005136986301369863, "kills_t": 0.016267123287671232, "kp": 0.36166666666666664, "deaths_t": 0.016267123287671232, "assists_t": 0.0136986301369863, "csscore_t": 0.973458904109589, "teamgold_t": 55.74657534246575, "vision_score_t": 0.7226687607843857, "wards_placed_t": 0.04965753424657534, "gold_graph_diffs_t": 9.304794520547945}