{"id": "EUN1_3585677642", "lvl": 1200, "literal level": "GOLD IV", "time": 2157, "solokills_t": 0.00602688919796013, "kills_t": 0.03662494204914233, "kp": 0.5283244680851065, "deaths_t": 0.03662494204914233, "assists_t": 0.059805285118219746, "csscore_t": 0.8062123319425127, "teamgold_t": 67.88085303662494, "vision_score_t": 0.9366502114916291, "wards_placed_t": 0.06861381548446917, "gold_graph_diffs_t": 16.69494668521094}