{"id": "EUN1_3582185325", "lvl": 1600, "literal level": "PLATINUM IV", "time": 1274, "solokills_t": 0.007849293563579277, "kills_t": 0.03139717425431711, "kp": 0.40933333333333327, "deaths_t": 0.03218210361067504, "assists_t": 0.033751962323390894, "csscore_t": 0.8210361067503925, "teamgold_t": 60.10125588697017, "vision_score_t": 0.7277219313722585, "wards_placed_t": 0.054945054945054944, "gold_graph_diffs_t": 14.247252747252746}