{"id": "EUN1_3564858266", "lvl": 1400, "literal level": "GOLD II", "time": 2713, "solokills_t": 0.01363803907113896, "kills_t": 0.048286030224843346, "kp": 0.4535831381733021, "deaths_t": 0.048286030224843346, "assists_t": 0.06118687799483966, "csscore_t": 0.6962771839292297, "teamgold_t": 68.4692222631773, "vision_score_t": 0.9382498815734894, "wards_placed_t": 0.06118687799483966, "gold_graph_diffs_t": 14.793586435680059}