{"id": "EUN1_3550353755", "lvl": 1000, "literal level": "SILVER II", "time": 1925, "solokills_t": 0.01090909090909091, "kills_t": 0.03636363636363636, "kp": 0.4317434210526316, "deaths_t": 0.036883116883116886, "assists_t": 0.04155844155844156, "csscore_t": 0.8498701298701299, "teamgold_t": 65.56311688311688, "vision_score_t": 0.9053971884672543, "wards_placed_t": 0.07064935064935066, "gold_graph_diffs_t": 14.334025974025973}