{"id": "EUN1_3559938529", "lvl": 1200, "literal level": "GOLD IV", "time": 2054, "solokills_t": 0.008276533592989289, "kills_t": 0.037487828627069134, "kp": 0.4707432432432433, "deaths_t": 0.037487828627069134, "assists_t": 0.05063291139240506, "csscore_t": 0.7736124634858812, "teamgold_t": 65.66845180136319, "vision_score_t": 0.8538356360673584, "wards_placed_t": 0.05744888023369036, "gold_graph_diffs_t": 11.145569620253164}