{"id": "EUN1_3538680291", "lvl": 1000, "literal level": "SILVER II", "time": 2429, "solokills_t": 0.008233841086867023, "kills_t": 0.036228900782214905, "kp": 0.42515527950310555, "deaths_t": 0.036228900782214905, "assists_t": 0.04075751337999177, "csscore_t": 0.7262247838616714, "teamgold_t": 63.47550432276657, "vision_score_t": 0.7739204147003861, "wards_placed_t": 0.05763688760806916, "gold_graph_diffs_t": 12.646356525319062}