{"id": "EUN1_3559024457", "lvl": 1400, "literal level": "GOLD II", "time": 1854, "solokills_t": 0.007011866235167206, "kills_t": 0.038295577130528585, "kp": 0.42400000000000004, "deaths_t": 0.038295577130528585, "assists_t": 0.041531823085221145, "csscore_t": 0.8354908306364617, "teamgold_t": 67.21035598705501, "vision_score_t": 0.6777734283443129, "wards_placed_t": 0.05124056094929881, "gold_graph_diffs_t": 13.243797195253507}