{"id": "EUN1_3548586285", "lvl": 1300, "literal level": "GOLD III", "time": 1713, "solokills_t": 0.013426736719206071, "kills_t": 0.030939871570344425, "kp": 0.4013196480938416, "deaths_t": 0.030939871570344425, "assists_t": 0.030939871570344425, "csscore_t": 0.869235259778167, "teamgold_t": 63.2527729130181, "vision_score_t": 0.7104858133204489, "wards_placed_t": 0.05195563339171045, "gold_graph_diffs_t": 14.15061295971979}