{"id": "EUN1_3560491596", "lvl": 1000, "literal level": "SILVER II", "time": 2642, "solokills_t": 0.012112036336109008, "kills_t": 0.04277062831188493, "kp": 0.4329260651629072, "deaths_t": 0.04277062831188493, "assists_t": 0.04996214988644966, "csscore_t": 0.6911430734292203, "teamgold_t": 65.59841029523089, "vision_score_t": 1.04257093256046, "wards_placed_t": 0.06737320211960636, "gold_graph_diffs_t": 15.777062831188493}