{"id": "EUN1_3560483028", "lvl": 2000, "literal level": "EMERALD IV", "time": 1920, "solokills_t": 0.008333333333333333, "kills_t": 0.042708333333333334, "kp": 0.4503303303303303, "deaths_t": 0.042708333333333334, "assists_t": 0.05416666666666667, "csscore_t": 0.8291666666666667, "teamgold_t": 68.921875, "vision_score_t": 0.8834445413174429, "wards_placed_t": 0.07291666666666667, "gold_graph_diffs_t": 13.525}