{"id": "EUN1_3582155368", "lvl": 1500, "literal level": "GOLD I", "time": 2338, "solokills_t": 0.013686911890504704, "kills_t": 0.0474764756201882, "kp": 0.46941176470588236, "deaths_t": 0.0474764756201882, "assists_t": 0.06287425149700598, "csscore_t": 0.7382378100940975, "teamgold_t": 71.66852010265184, "vision_score_t": 0.8472123023799003, "wards_placed_t": 0.059880239520958084, "gold_graph_diffs_t": 14.261334473909324}