{"id": "EUN1_3567081850", "lvl": 1200, "literal level": "GOLD IV", "time": 2250, "solokills_t": 0.006666666666666667, "kills_t": 0.042222222222222223, "kp": 0.48477272727272724, "deaths_t": 0.042222222222222223, "assists_t": 0.060444444444444446, "csscore_t": 0.768, "teamgold_t": 68.4, "vision_score_t": 0.9371085887164522, "wards_placed_t": 0.06711111111111111, "gold_graph_diffs_t": 16.018666666666668}