{"id": "EUN1_3570042494", "lvl": 1400, "literal level": "GOLD II", "time": 1557, "solokills_t": 0.011560693641618497, "kills_t": 0.04367373153500321, "kp": 0.4271062271062271, "deaths_t": 0.04367373153500321, "assists_t": 0.05138086062941554, "csscore_t": 0.7418111753371869, "teamgold_t": 67.39242132305716, "vision_score_t": 0.7258057207591501, "wards_placed_t": 0.05266538214515093, "gold_graph_diffs_t": 17.09184328837508}