{"id": "EUN1_3573930276", "lvl": 1400, "literal level": "GOLD II", "time": 2611, "solokills_t": 0.0076599004212945234, "kills_t": 0.035235541937954806, "kp": 0.473374466065496, "deaths_t": 0.035235541937954806, "assists_t": 0.04825737265415549, "csscore_t": 0.7862887782458828, "teamgold_t": 67.79548065875143, "vision_score_t": 0.9539550663379707, "wards_placed_t": 0.057449253159708925, "gold_graph_diffs_t": 13.70662581386442}