{"id": "EUN1_3549890699", "lvl": 1500, "literal level": "GOLD I", "time": 2709, "solokills_t": 0.012550756736803248, "kills_t": 0.04466592838685862, "kp": 0.3969014084507042, "deaths_t": 0.045035068290882246, "assists_t": 0.04540420819490587, "csscore_t": 0.7190845330380214, "teamgold_t": 66.55813953488372, "vision_score_t": 1.0631468542641236, "wards_placed_t": 0.06459948320413436, "gold_graph_diffs_t": 13.260981912144702}