{"id": "EUN1_3576638981", "lvl": 1500, "literal level": "GOLD I", "time": 1573, "solokills_t": 0.012714558169103624, "kills_t": 0.04577240940877304, "kp": 0.413531914893617, "deaths_t": 0.04577240940877304, "assists_t": 0.05149396058486968, "csscore_t": 0.8086458995549904, "teamgold_t": 71.22568340750159, "vision_score_t": 0.8097962235613156, "wards_placed_t": 0.052129688493324854, "gold_graph_diffs_t": 15.862682771773681}