{"id": "EUN1_3541350207", "lvl": 1700, "literal level": "PLATINUM III", "time": 2059, "solokills_t": 0.013113161728994658, "kills_t": 0.043224866440019424, "kp": 0.44744897959183677, "deaths_t": 0.043224866440019424, "assists_t": 0.053423992229237494, "csscore_t": 0.7372510927634774, "teamgold_t": 67.90577950461389, "vision_score_t": 0.941532940101203, "wards_placed_t": 0.06022340942204954, "gold_graph_diffs_t": 16.764448761534727}