{"id": "EUN1_3531912849", "lvl": 1800, "literal level": "PLATINUM II", "time": 2016, "solokills_t": 0.008928571428571428, "kills_t": 0.03720238095238095, "kp": 0.4660334346504559, "deaths_t": 0.03720238095238095, "assists_t": 0.051587301587301584, "csscore_t": 0.8754960317460317, "teamgold_t": 70.08085317460318, "vision_score_t": 0.8287958406078509, "wards_placed_t": 0.05704365079365079, "gold_graph_diffs_t": 13.336805555555555}