{"id": "EUN1_3558291514", "lvl": 1500, "literal level": "GOLD I", "time": 1960, "solokills_t": 0.009693877551020408, "kills_t": 0.03979591836734694, "kp": 0.41911764705882354, "deaths_t": 0.04081632653061224, "assists_t": 0.044387755102040814, "csscore_t": 0.8535714285714285, "teamgold_t": 68.74336734693877, "vision_score_t": 0.9703065840352207, "wards_placed_t": 0.0663265306122449, "gold_graph_diffs_t": 8.502551020408163}