{"id": "EUN1_3560321808", "lvl": 1400, "literal level": "GOLD II", "time": 2035, "solokills_t": 0.007371007371007371, "kills_t": 0.03144963144963145, "kp": 0.4633603238866396, "deaths_t": 0.03144963144963145, "assists_t": 0.04078624078624079, "csscore_t": 0.774938574938575, "teamgold_t": 62.073710073710075, "vision_score_t": 0.871426749144258, "wards_placed_t": 0.06388206388206388, "gold_graph_diffs_t": 12.162162162162161}