{"id": "EUN1_3567834380", "lvl": 1000, "literal level": "SILVER II", "time": 1367, "solokills_t": 0.010972933430870519, "kills_t": 0.03145574250182882, "kp": 0.3981900452488688, "deaths_t": 0.03145574250182882, "assists_t": 0.030724213606437453, "csscore_t": 0.7659107534747622, "teamgold_t": 59.11265544989027, "vision_score_t": 0.9721369871776343, "wards_placed_t": 0.06876371616678859, "gold_graph_diffs_t": 13.033650329188003}