{"id": "EUN1_3560481752", "lvl": 1400, "literal level": "GOLD II", "time": 1975, "solokills_t": 0.0030379746835443038, "kills_t": 0.026329113924050632, "kp": 0.5282642089093702, "deaths_t": 0.026835443037974683, "assists_t": 0.044050632911392405, "csscore_t": 0.7493670886075949, "teamgold_t": 59.639493670886075, "vision_score_t": 0.9091012679393708, "wards_placed_t": 0.06481012658227848, "gold_graph_diffs_t": 9.896708860759494}