{"id": "EUN1_3563797117", "lvl": 1200, "literal level": "GOLD IV", "time": 1585, "solokills_t": 0.013249211356466877, "kills_t": 0.04668769716088328, "kp": 0.4050298380221654, "deaths_t": 0.0473186119873817, "assists_t": 0.049842271293375394, "csscore_t": 0.7564668769716089, "teamgold_t": 70.16403785488959, "vision_score_t": 0.7262536812405362, "wards_placed_t": 0.05615141955835962, "gold_graph_diffs_t": 13.91545741324921}