{"id": "EUN1_3571655572", "lvl": 1400, "literal level": "GOLD II", "time": 2344, "solokills_t": 0.005972696245733789, "kills_t": 0.03754266211604096, "kp": 0.47828362114076395, "deaths_t": 0.03754266211604096, "assists_t": 0.05204778156996587, "csscore_t": 0.7696245733788396, "teamgold_t": 67.37073378839591, "vision_score_t": 0.8016207599011936, "wards_placed_t": 0.057593856655290106, "gold_graph_diffs_t": 12.00042662116041}