{"id": "EUN1_3548694293", "lvl": 1100, "literal level": "SILVER I", "time": 1713, "solokills_t": 0.008756567425569177, "kills_t": 0.03152364273204904, "kp": 0.48524137931034483, "deaths_t": 0.03210741389375365, "assists_t": 0.046701692936368944, "csscore_t": 0.8447168709865732, "teamgold_t": 64.16112084063047, "vision_score_t": 0.8423673473387279, "wards_placed_t": 0.06304728546409807, "gold_graph_diffs_t": 14.938704028021016}