{"id": "EUN1_3564465440", "lvl": 1500, "literal level": "GOLD I", "time": 1628, "solokills_t": 0.007985257985257985, "kills_t": 0.030712530712530713, "kp": 0.4177083333333333, "deaths_t": 0.030712530712530713, "assists_t": 0.03562653562653563, "csscore_t": 0.831081081081081, "teamgold_t": 63.285012285012286, "vision_score_t": 0.8461847901111451, "wards_placed_t": 0.0644963144963145, "gold_graph_diffs_t": 13.374692874692874}