{"id": "EUN1_3575745631", "lvl": 1300, "literal level": "GOLD III", "time": 1724, "solokills_t": 0.008120649651972157, "kills_t": 0.037122969837587005, "kp": 0.46499999999999997, "deaths_t": 0.037703016241299306, "assists_t": 0.05336426914153132, "csscore_t": 0.830046403712297, "teamgold_t": 66.71461716937355, "vision_score_t": 0.7797396325067962, "wards_placed_t": 0.054524361948955914, "gold_graph_diffs_t": 12.58816705336427}