{"id": "EUN1_3543880164", "lvl": 1200, "literal level": "GOLD IV", "time": 1598, "solokills_t": 0.010012515644555695, "kills_t": 0.04380475594493116, "kp": 0.4868140868140868, "deaths_t": 0.04380475594493116, "assists_t": 0.06382978723404255, "csscore_t": 0.7565707133917396, "teamgold_t": 70.46933667083854, "vision_score_t": 0.5576301843843453, "wards_placed_t": 0.04505632040050062, "gold_graph_diffs_t": 14.362953692115143}