{"id": "EUN1_3574569889", "lvl": 1000, "literal level": "SILVER II", "time": 2033, "solokills_t": 0.01131333005410723, "kills_t": 0.04131824889326119, "kp": 0.45911443358251863, "deaths_t": 0.04131824889326119, "assists_t": 0.05312346286276439, "csscore_t": 0.7402852926709297, "teamgold_t": 68.58976881455976, "vision_score_t": 0.7205512514828376, "wards_placed_t": 0.05017215937038859, "gold_graph_diffs_t": 13.258730939498278}