{"id": "EUN1_3585299755", "lvl": 1200, "literal level": "GOLD IV", "time": 1335, "solokills_t": 0.008239700374531835, "kills_t": 0.030711610486891385, "kp": 0.44340659340659344, "deaths_t": 0.030711610486891385, "assists_t": 0.03895131086142322, "csscore_t": 0.8614232209737828, "teamgold_t": 63.34157303370787, "vision_score_t": 0.640980064194219, "wards_placed_t": 0.056179775280898875, "gold_graph_diffs_t": 12.751310861423221}