{"id": "EUN1_3556398783", "lvl": 1300, "literal level": "GOLD III", "time": 2268, "solokills_t": 0.007054673721340388, "kills_t": 0.039241622574955906, "kp": 0.5179878048780487, "deaths_t": 0.03968253968253968, "assists_t": 0.06172839506172839, "csscore_t": 0.763668430335097, "teamgold_t": 66.24294532627866, "vision_score_t": 0.9138688959578953, "wards_placed_t": 0.06128747795414462, "gold_graph_diffs_t": 12.436067019400353}