{"id": "EUN1_3549814851", "lvl": 1200, "literal level": "GOLD IV", "time": 1976, "solokills_t": 0.0075910931174089065, "kills_t": 0.030870445344129555, "kp": 0.4698888888888889, "deaths_t": 0.030870445344129555, "assists_t": 0.04048582995951417, "csscore_t": 0.7393724696356275, "teamgold_t": 60.56730769230769, "vision_score_t": 0.6432171886436954, "wards_placed_t": 0.048582995951417005, "gold_graph_diffs_t": 11.967105263157896}