{"id": "EUN1_3545364224", "lvl": 1300, "literal level": "GOLD III", "time": 1373, "solokills_t": 0.0065549890750182084, "kills_t": 0.031318281136198105, "kp": 0.43122171945701354, "deaths_t": 0.032046613255644577, "assists_t": 0.035688273852876914, "csscore_t": 0.7698470502549163, "teamgold_t": 63.423889293517846, "vision_score_t": 0.7736298680360404, "wards_placed_t": 0.06045156591405681, "gold_graph_diffs_t": 10.899490167516387}