{"id": "EUN1_3577643790", "lvl": 1200, "literal level": "GOLD IV", "time": 1447, "solokills_t": 0.009675190048375951, "kills_t": 0.04630269523151347, "kp": 0.41521739130434787, "deaths_t": 0.04837595024187975, "assists_t": 0.05114029025570145, "csscore_t": 0.7712508638562543, "teamgold_t": 66.90117484450587, "vision_score_t": 0.6838966847052184, "wards_placed_t": 0.05390463026952315, "gold_graph_diffs_t": 13.730476848652383}