{"id": "EUN1_3573075228", "lvl": 1500, "literal level": "GOLD I", "time": 1620, "solokills_t": 0.008024691358024692, "kills_t": 0.033950617283950615, "kp": 0.4246246246246247, "deaths_t": 0.033950617283950615, "assists_t": 0.03827160493827161, "csscore_t": 0.8080246913580247, "teamgold_t": 63.169135802469135, "vision_score_t": 0.7592313919756872, "wards_placed_t": 0.05308641975308642, "gold_graph_diffs_t": 13.691358024691358}