{"id": "EUN1_3545037774", "lvl": 1800, "literal level": "PLATINUM II", "time": 1544, "solokills_t": 0.009067357512953367, "kills_t": 0.03562176165803109, "kp": 0.4678571428571428, "deaths_t": 0.03562176165803109, "assists_t": 0.046632124352331605, "csscore_t": 0.8452072538860104, "teamgold_t": 64.66256476683938, "vision_score_t": 0.8884955708797817, "wards_placed_t": 0.06606217616580311, "gold_graph_diffs_t": 12.329663212435234}