{"id": "EUN1_3532675686", "lvl": 1100, "literal level": "SILVER I", "time": 1637, "solokills_t": 0.00916310323762981, "kills_t": 0.04153940134392181, "kp": 0.4375, "deaths_t": 0.04153940134392181, "assists_t": 0.0500916310323763, "csscore_t": 0.7782529016493586, "teamgold_t": 68.02810018326207, "vision_score_t": 0.7692633671428254, "wards_placed_t": 0.05925473427000611, "gold_graph_diffs_t": 15.196090409285278}