{"id": "EUN1_3567879784", "lvl": 1100, "literal level": "SILVER I", "time": 1996, "solokills_t": 0.008016032064128256, "kills_t": 0.047094188376753505, "kp": 0.4660317460317461, "deaths_t": 0.047094188376753505, "assists_t": 0.06312625250501001, "csscore_t": 0.6658316633266533, "teamgold_t": 69.38426853707415, "vision_score_t": 0.6950673581955572, "wards_placed_t": 0.05110220440881764, "gold_graph_diffs_t": 13.533567134268537}