{"id": "EUN1_3564665823", "lvl": 1300, "literal level": "GOLD III", "time": 2353, "solokills_t": 0.014024649383765405, "kills_t": 0.03867403314917127, "kp": 0.38951219512195123, "deaths_t": 0.03867403314917127, "assists_t": 0.035699107522311944, "csscore_t": 0.6901827454313643, "teamgold_t": 64.39736506587336, "vision_score_t": 1.0095108711020209, "wards_placed_t": 0.06417339566510838, "gold_graph_diffs_t": 13.272843178920526}