{"id": "EUN1_3585785702", "lvl": 3200, "literal level": "MASTER 0 lp", "time": 1730, "solokills_t": 0.009826589595375723, "kills_t": 0.039884393063583816, "kp": 0.42495527728085863, "deaths_t": 0.041040462427745665, "assists_t": 0.04797687861271676, "csscore_t": 0.8780346820809248, "teamgold_t": 69.59479768786127, "vision_score_t": 0.8123876499065602, "wards_placed_t": 0.05260115606936416, "gold_graph_diffs_t": 13.436416184971097}