{"id": "EUN1_3584525768", "lvl": 3500, "literal level": "MASTER 300 lp", "time": 1800, "solokills_t": 0.005, "kills_t": 0.03888888888888889, "kp": 0.5625816993464052, "deaths_t": 0.03888888888888889, "assists_t": 0.07055555555555555, "csscore_t": 0.785, "teamgold_t": 68.38833333333334, "vision_score_t": 1.233866670535176, "wards_placed_t": 0.06666666666666667, "gold_graph_diffs_t": 16.975}