{"id": "EUN1_3588940304", "lvl": 3700, "literal level": "MASTER 100 lp", "time": 1812, "solokills_t": 0.004966887417218543, "kills_t": 0.0369757174392936, "kp": 0.5298095238095237, "deaths_t": 0.0369757174392936, "assists_t": 0.06181015452538632, "csscore_t": 0.9050772626931567, "teamgold_t": 70.75827814569537, "vision_score_t": 1.1363177603756647, "wards_placed_t": 0.08002207505518764, "gold_graph_diffs_t": 16.618101545253865}