{"id": "EUN1_3565839412", "lvl": 3200, "literal level": "MASTER 0 lp", "time": 1419, "solokills_t": 0.016913319238900635, "kills_t": 0.04580690627202255, "kp": 0.3903455284552846, "deaths_t": 0.04580690627202255, "assists_t": 0.046511627906976744, "csscore_t": 0.9105003523608175, "teamgold_t": 73.48484848484848, "vision_score_t": 0.8273379244862694, "wards_placed_t": 0.058491895701198025, "gold_graph_diffs_t": 11.897815362931642}