{"id": "EUN1_3550351831", "lvl": 3100, "literal level": "MASTER 300 lp", "time": 1736, "solokills_t": 0.00576036866359447, "kills_t": 0.04032258064516129, "kp": 0.49833333333333335, "deaths_t": 0.04089861751152074, "assists_t": 0.05933179723502304, "csscore_t": 0.8732718894009217, "teamgold_t": 71.46255760368663, "vision_score_t": 1.0005355620678278, "wards_placed_t": 0.0673963133640553, "gold_graph_diffs_t": 11.884216589861751}