{"id": "EUN1_3587369250", "lvl": 3700, "literal level": "MASTER 100 lp", "time": 1452, "solokills_t": 0.004132231404958678, "kills_t": 0.03581267217630854, "kp": 0.4958333333333333, "deaths_t": 0.03581267217630854, "assists_t": 0.05785123966942149, "csscore_t": 0.9325068870523416, "teamgold_t": 69.80096418732782, "vision_score_t": 0.9362557154674546, "wards_placed_t": 0.05647382920110193, "gold_graph_diffs_t": 15.821625344352617}