{"id": "EUN1_3571682085", "lvl": 3400, "literal level": "MASTER 200 lp", "time": 1636, "solokills_t": 0.004889975550122249, "kills_t": 0.02506112469437653, "kp": 0.5650000000000001, "deaths_t": 0.02506112469437653, "assists_t": 0.04584352078239609, "csscore_t": 0.8924205378973105, "teamgold_t": 62.631418092909534, "vision_score_t": 1.1337955955794317, "wards_placed_t": 0.0776283618581907, "gold_graph_diffs_t": 10.92726161369193}