{"id": "EUN1_3580890138", "lvl": 3600, "literal level": "MASTER 0 lp", "time": 1452, "solokills_t": 0.005509641873278237, "kills_t": 0.03994490358126722, "kp": 0.4698841698841699, "deaths_t": 0.03994490358126722, "assists_t": 0.05303030303030303, "csscore_t": 0.8643250688705234, "teamgold_t": 70.93250688705234, "vision_score_t": 0.9609436494394998, "wards_placed_t": 0.05991735537190083, "gold_graph_diffs_t": 10.81267217630854}