{"id": "EUN1_3557316799", "lvl": 3200, "literal level": "MASTER 0 lp", "time": 1461, "solokills_t": 0.0054757015742642025, "kills_t": 0.02737850787132101, "kp": 0.5066666666666667, "deaths_t": 0.02737850787132101, "assists_t": 0.038329911019849415, "csscore_t": 0.9164955509924709, "teamgold_t": 64.91375770020534, "vision_score_t": 1.040405808171168, "wards_placed_t": 0.06297056810403832, "gold_graph_diffs_t": 10.149897330595483}