{"id": "EUN1_3570002562", "lvl": 3200, "literal level": "MASTER 0 lp", "time": 1871, "solokills_t": 0.0074826296098343134, "kills_t": 0.04168893639764832, "kp": 0.4987967914438503, "deaths_t": 0.04168893639764832, "assists_t": 0.06413682522715125, "csscore_t": 0.7797969000534474, "teamgold_t": 68.60823089257082, "vision_score_t": 1.1659705295429137, "wards_placed_t": 0.08391234633885623, "gold_graph_diffs_t": 13.988241582041688}