{"id": "EUN1_3589293517", "lvl": 3700, "literal level": "MASTER 100 lp", "time": 1666, "solokills_t": 0.003601440576230492, "kills_t": 0.028211284513805522, "kp": 0.5666666666666667, "deaths_t": 0.028211284513805522, "assists_t": 0.05042016806722689, "csscore_t": 0.865546218487395, "teamgold_t": 63.09423769507803, "vision_score_t": 1.1859695047696013, "wards_placed_t": 0.08343337334933974, "gold_graph_diffs_t": 14.24669867947179}