{"id": "EUN1_3580884275", "lvl": 3700, "literal level": "MASTER 100 lp", "time": 1533, "solokills_t": 0.01304631441617743, "kills_t": 0.0502283105022831, "kp": 0.4604444444444445, "deaths_t": 0.0502283105022831, "assists_t": 0.06327462491846053, "csscore_t": 0.8714938030006523, "teamgold_t": 75.38551859099805, "vision_score_t": 0.7617839327066583, "wards_placed_t": 0.051532941943900845, "gold_graph_diffs_t": 18.977168949771688}