{"id": "EUN1_3585930191", "lvl": 3300, "literal level": "MASTER 100 lp", "time": 1665, "solokills_t": 0.008408408408408409, "kills_t": 0.03963963963963964, "kp": 0.43981566820276496, "deaths_t": 0.03963963963963964, "assists_t": 0.04684684684684685, "csscore_t": 0.8786786786786787, "teamgold_t": 68.2102102102102, "vision_score_t": 1.1710307036994805, "wards_placed_t": 0.0912912912912913, "gold_graph_diffs_t": 9.477477477477477}