{"id": "EUN1_3574264707", "lvl": 3400, "literal level": "MASTER 200 lp", "time": 2066, "solokills_t": 0.001452081316553727, "kills_t": 0.017424975798644726, "kp": 0.6300309597523219, "deaths_t": 0.017424975798644726, "assists_t": 0.037270087124878996, "csscore_t": 0.9462729912875121, "teamgold_t": 60.2783155856728, "vision_score_t": 1.1757218111953132, "wards_placed_t": 0.07696030977734754, "gold_graph_diffs_t": 9.369312681510165}