{"id": "EUN1_3578790476", "lvl": 3500, "literal level": "MASTER 300 lp", "time": 916, "solokills_t": 0.012008733624454149, "kills_t": 0.0425764192139738, "kp": 0.4292207792207792, "deaths_t": 0.0425764192139738, "assists_t": 0.04475982532751092, "csscore_t": 0.9246724890829694, "teamgold_t": 69.10807860262008, "vision_score_t": 0.9126098822515502, "wards_placed_t": 0.06986899563318777, "gold_graph_diffs_t": 17.094978165938866}