{"id": "EUN1_3580162724", "lvl": 3400, "literal level": "MASTER 200 lp", "time": 1825, "solokills_t": 0.004931506849315068, "kills_t": 0.03232876712328767, "kp": 0.481077694235589, "deaths_t": 0.03232876712328767, "assists_t": 0.04876712328767123, "csscore_t": 0.9435616438356165, "teamgold_t": 69.38520547945205, "vision_score_t": 1.0075126955364886, "wards_placed_t": 0.0652054794520548, "gold_graph_diffs_t": 13.525479452054794}