{"id": "EUN1_3554595234", "lvl": 3100, "literal level": "MASTER 300 lp", "time": 1392, "solokills_t": 0.010775862068965518, "kills_t": 0.039511494252873564, "kp": 0.43500000000000005, "deaths_t": 0.039511494252873564, "assists_t": 0.05316091954022988, "csscore_t": 0.9367816091954023, "teamgold_t": 68.06896551724138, "vision_score_t": 1.0237373676392516, "wards_placed_t": 0.06968390804597702, "gold_graph_diffs_t": 14.443965517241379}