{"id": "EUN1_3575334435", "lvl": 3600, "literal level": "MASTER 0 lp", "time": 1391, "solokills_t": 0.007189072609633357, "kills_t": 0.040258806613946804, "kp": 0.48814229249011853, "deaths_t": 0.040258806613946804, "assists_t": 0.056793673616103525, "csscore_t": 0.8727534148094895, "teamgold_t": 71.08339324227175, "vision_score_t": 0.8996146803978309, "wards_placed_t": 0.06326383896477354, "gold_graph_diffs_t": 13.126527677929547}