{"id": "EUN1_3584218058", "lvl": 3700, "literal level": "MASTER 100 lp", "time": 1636, "solokills_t": 0.005501222493887531, "kills_t": 0.03117359413202934, "kp": 0.5505050505050506, "deaths_t": 0.03117359413202934, "assists_t": 0.054400977995110025, "csscore_t": 1.011002444987775, "teamgold_t": 71.3539119804401, "vision_score_t": 1.089120401468676, "wards_placed_t": 0.07029339853300734, "gold_graph_diffs_t": 18.308679706601467}