{"id": "EUN1_3579296183", "lvl": 3600, "literal level": "MASTER 0 lp", "time": 914, "solokills_t": 0.002188183807439825, "kills_t": 0.020787746170678335, "kp": 0.45625, "deaths_t": 0.020787746170678335, "assists_t": 0.030634573304157548, "csscore_t": 1.013129102844639, "teamgold_t": 61.893873085339166, "vision_score_t": 0.7978168814599201, "wards_placed_t": 0.060175054704595186, "gold_graph_diffs_t": 10.445295404814004}