{"id": "EUN1_3583018574", "lvl": 3700, "literal level": "MASTER 100 lp", "time": 1442, "solokills_t": 0.0034674063800277394, "kills_t": 0.038834951456310676, "kp": 0.5590643274853802, "deaths_t": 0.038834951456310676, "assists_t": 0.07073509015256588, "csscore_t": 0.8730929264909847, "teamgold_t": 70.19001386962552, "vision_score_t": 0.9915177678079298, "wards_placed_t": 0.0769764216366158, "gold_graph_diffs_t": 16.184466019417474}