{"id": "EUN1_3581086756", "lvl": 3600, "literal level": "MASTER 0 lp", "time": 2013, "solokills_t": 0.009438648782911079, "kills_t": 0.046199701937406856, "kp": 0.45765306122448984, "deaths_t": 0.046199701937406856, "assists_t": 0.05961251862891207, "csscore_t": 0.8077496274217586, "teamgold_t": 71.98559364133135, "vision_score_t": 1.024770564215867, "wards_placed_t": 0.07004470938897168, "gold_graph_diffs_t": 14.865871833084947}