{"id": "EUN1_3588047042", "lvl": 3300, "literal level": "MASTER 100 lp", "time": 1271, "solokills_t": 0.015735641227380016, "kills_t": 0.04956726986624705, "kp": 0.4093478260869565, "deaths_t": 0.04956726986624705, "assists_t": 0.05192761605035405, "csscore_t": 0.8568056648308419, "teamgold_t": 72.22265932336742, "vision_score_t": 0.7970398631497762, "wards_placed_t": 0.04956726986624705, "gold_graph_diffs_t": 13.918961447678994}