{"id": "EUN1_3588235369", "lvl": 3600, "literal level": "MASTER 0 lp", "time": 2248, "solokills_t": 0.0066725978647686835, "kills_t": 0.03692170818505338, "kp": 0.4964452214452214, "deaths_t": 0.03692170818505338, "assists_t": 0.0547153024911032, "csscore_t": 0.8892348754448398, "teamgold_t": 72.20418149466192, "vision_score_t": 1.0365935557182306, "wards_placed_t": 0.07339857651245552, "gold_graph_diffs_t": 17.559163701067614}