{"id": "EUN1_3576788726", "lvl": 3500, "literal level": "MASTER 300 lp", "time": 1375, "solokills_t": 0.009454545454545455, "kills_t": 0.03781818181818182, "kp": 0.4416806722689076, "deaths_t": 0.03781818181818182, "assists_t": 0.04072727272727273, "csscore_t": 1.026909090909091, "teamgold_t": 72.864, "vision_score_t": 0.9931796611421054, "wards_placed_t": 0.064, "gold_graph_diffs_t": 12.517818181818182}