{"id": "EUN1_3566689346", "lvl": 3200, "literal level": "MASTER 0 lp", "time": 2183, "solokills_t": 0.007787448465414567, "kills_t": 0.03573064590013743, "kp": 0.4805706521739131, "deaths_t": 0.03573064590013743, "assists_t": 0.05130554283096656, "csscore_t": 0.8653229500687127, "teamgold_t": 66.17269812185066, "vision_score_t": 0.9939920894365712, "wards_placed_t": 0.07146129180027486, "gold_graph_diffs_t": 12.570316078790656}