{"id": "EUN1_3577191893", "lvl": 3300, "literal level": "MASTER 100 lp", "time": 1933, "solokills_t": 0.010346611484738748, "kills_t": 0.05276771857216762, "kp": 0.48769825918762094, "deaths_t": 0.05276771857216762, "assists_t": 0.0760475944128298, "csscore_t": 0.7082255561303673, "teamgold_t": 73.75995861355406, "vision_score_t": 1.169599596962592, "wards_placed_t": 0.0817382307294361, "gold_graph_diffs_t": 16.423176409725816}