{"id": "EUN1_3566069592", "lvl": 3200, "literal level": "MASTER 0 lp", "time": 1441, "solokills_t": 0.009021512838306732, "kills_t": 0.031922276197085354, "kp": 0.41127450980392155, "deaths_t": 0.031922276197085354, "assists_t": 0.033310201249132546, "csscore_t": 0.9646079111727967, "teamgold_t": 68.2970159611381, "vision_score_t": 0.9196755131941311, "wards_placed_t": 0.06315058986814712, "gold_graph_diffs_t": 12.340041637751561}