{"id": "EUN1_3549042472", "lvl": 2900, "literal level": "MASTER 100 lp", "time": 1566, "solokills_t": 0.0038314176245210726, "kills_t": 0.030012771392081736, "kp": 0.4829729729729729, "deaths_t": 0.030012771392081736, "assists_t": 0.04789272030651341, "csscore_t": 0.8722860791826309, "teamgold_t": 60.66347381864623, "vision_score_t": 1.010400005437185, "wards_placed_t": 0.070242656449553, "gold_graph_diffs_t": 12.593231162196679}