{"id": "EUN1_3566561603", "lvl": 3200, "literal level": "MASTER 0 lp", "time": 1599, "solokills_t": 0.008755472170106316, "kills_t": 0.03814884302689181, "kp": 0.5226579520697168, "deaths_t": 0.03814884302689181, "assists_t": 0.060662914321450906, "csscore_t": 0.8167604752970606, "teamgold_t": 68.34896810506567, "vision_score_t": 0.9783669805844466, "wards_placed_t": 0.066916823014384, "gold_graph_diffs_t": 14.238899312070044}