{"id": "EUN1_3584827883", "lvl": 3600, "literal level": "MASTER 0 lp", "time": 1365, "solokills_t": 0.008791208791208791, "kills_t": 0.03296703296703297, "kp": 0.4511520737327189, "deaths_t": 0.03296703296703297, "assists_t": 0.041025641025641026, "csscore_t": 0.9648351648351648, "teamgold_t": 66.13406593406593, "vision_score_t": 1.0702889227322876, "wards_placed_t": 0.08351648351648351, "gold_graph_diffs_t": 16.692307692307693}