{"id": "EUN1_3570559743", "lvl": 3200, "literal level": "MASTER 0 lp", "time": 2560, "solokills_t": 0.0046875, "kills_t": 0.03046875, "kp": 0.5488571428571428, "deaths_t": 0.03046875, "assists_t": 0.0515625, "csscore_t": 0.90546875, "teamgold_t": 65.473828125, "vision_score_t": 1.0514195126621932, "wards_placed_t": 0.0625, "gold_graph_diffs_t": 12.174609375}