{"id": "EUN1_3574731465", "lvl": 3300, "literal level": "MASTER 100 lp", "time": 1533, "solokills_t": 0.0032615786040443573, "kills_t": 0.028701891715590344, "kp": 0.5327543424317618, "deaths_t": 0.028701891715590344, "assists_t": 0.05283757338551859, "csscore_t": 0.867579908675799, "teamgold_t": 61.23418134377039, "vision_score_t": 1.1140576479159592, "wards_placed_t": 0.0776255707762557, "gold_graph_diffs_t": 12.440965427266796}