{"id": "EUN1_3586236172", "lvl": 3400, "literal level": "MASTER 200 lp", "time": 1917, "solokills_t": 0.0026082420448617634, "kills_t": 0.03129890453834116, "kp": 0.5444444444444445, "deaths_t": 0.03129890453834116, "assists_t": 0.056338028169014086, "csscore_t": 0.874282733437663, "teamgold_t": 65.78716744913928, "vision_score_t": 1.1713471219845368, "wards_placed_t": 0.08242044861763172, "gold_graph_diffs_t": 12.65623369848722}