{"id": "EUN1_3574760078", "lvl": 3400, "literal level": "MASTER 200 lp", "time": 1959, "solokills_t": 0.010209290454313425, "kills_t": 0.036753445635528334, "kp": 0.45259740259740255, "deaths_t": 0.036753445635528334, "assists_t": 0.045941807044410414, "csscore_t": 0.919346605410924, "teamgold_t": 69.87748851454823, "vision_score_t": 1.141669258958131, "wards_placed_t": 0.07503828483920368, "gold_graph_diffs_t": 16.76161306789178}