{"id": "EUN1_3577233358", "lvl": 3500, "literal level": "MASTER 300 lp", "time": 1846, "solokills_t": 0.003791982665222102, "kills_t": 0.03466955579631636, "kp": 0.5530049261083743, "deaths_t": 0.035752979414951244, "assists_t": 0.06121343445287107, "csscore_t": 0.8878656554712893, "teamgold_t": 68.84127843987, "vision_score_t": 1.0854241614861186, "wards_placed_t": 0.07638136511375948, "gold_graph_diffs_t": 14.516251354279524}