{"id": "EUN1_3583972002", "lvl": 3400, "literal level": "MASTER 200 lp", "time": 1352, "solokills_t": 0.011834319526627219, "kills_t": 0.03920118343195266, "kp": 0.39196969696969697, "deaths_t": 0.03920118343195266, "assists_t": 0.03772189349112426, "csscore_t": 0.9208579881656804, "teamgold_t": 70.54955621301775, "vision_score_t": 0.9086796108496777, "wards_placed_t": 0.059911242603550297, "gold_graph_diffs_t": 16.437130177514792}