{"id": "EUN1_3573137187", "lvl": 3600, "literal level": "MASTER 0 lp", "time": 1479, "solokills_t": 0.006085192697768763, "kills_t": 0.0392156862745098, "kp": 0.5574671445639188, "deaths_t": 0.0392156862745098, "assists_t": 0.07031778228532792, "csscore_t": 0.9235970250169033, "teamgold_t": 73.13455037187289, "vision_score_t": 0.9935222455466395, "wards_placed_t": 0.0676132521974307, "gold_graph_diffs_t": 13.525354969574037}