{"id": "EUN1_3580847664", "lvl": 3300, "literal level": "MASTER 100 lp", "time": 1398, "solokills_t": 0.004291845493562232, "kills_t": 0.0357653791130186, "kp": 0.5266025641025641, "deaths_t": 0.0357653791130186, "assists_t": 0.058655221745350504, "csscore_t": 0.8719599427753935, "teamgold_t": 66.21602288984263, "vision_score_t": 0.9143671980585676, "wards_placed_t": 0.06795422031473533, "gold_graph_diffs_t": 10.948497854077253}