{"id": "EUN1_3572355809", "lvl": 3600, "literal level": "MASTER 0 lp", "time": 1389, "solokills_t": 0.007919366450683946, "kills_t": 0.035277177825773935, "kp": 0.45753676470588234, "deaths_t": 0.035277177825773935, "assists_t": 0.04535637149028078, "csscore_t": 1.0021598272138228, "teamgold_t": 69.3772498200144, "vision_score_t": 1.112377972311436, "wards_placed_t": 0.07271418286537078, "gold_graph_diffs_t": 10.221022318214542}