{"id": "EUN1_3574250548", "lvl": 3500, "literal level": "MASTER 300 lp", "time": 1387, "solokills_t": 0.004325883201153569, "kills_t": 0.03316510454217736, "kp": 0.5240860215053763, "deaths_t": 0.03316510454217736, "assists_t": 0.0555155010814708, "csscore_t": 0.8781542898341744, "teamgold_t": 67.89401586157173, "vision_score_t": 0.9303359977794076, "wards_placed_t": 0.059841384282624366, "gold_graph_diffs_t": 15.064888248017304}