{"id": "EUN1_3585902373", "lvl": 3300, "literal level": "MASTER 100 lp", "time": 1364, "solokills_t": 0.008064516129032258, "kills_t": 0.030791788856304986, "kp": 0.3892857142857143, "deaths_t": 0.030791788856304986, "assists_t": 0.02932551319648094, "csscore_t": 0.9369501466275659, "teamgold_t": 66.40615835777126, "vision_score_t": 1.0957523844368569, "wards_placed_t": 0.0718475073313783, "gold_graph_diffs_t": 14.051319648093841}