{"id": "EUN1_3565682800", "lvl": 3500, "literal level": "MASTER 300 lp", "time": 1715, "solokills_t": 0.009912536443148687, "kills_t": 0.030320699708454812, "kp": 0.4225806451612903, "deaths_t": 0.030903790087463558, "assists_t": 0.03440233236151603, "csscore_t": 0.9760932944606414, "teamgold_t": 66.8134110787172, "vision_score_t": 0.7725865547323663, "wards_placed_t": 0.05014577259475218, "gold_graph_diffs_t": 16.0134110787172}