{"id": "EUN1_3583516918", "lvl": 3300, "literal level": "MASTER 100 lp", "time": 1446, "solokills_t": 0.011065006915629323, "kills_t": 0.03734439834024896, "kp": 0.44848484848484843, "deaths_t": 0.03734439834024896, "assists_t": 0.04564315352697095, "csscore_t": 0.7786998616874136, "teamgold_t": 64.82918395573998, "vision_score_t": 0.8283699845186796, "wards_placed_t": 0.05739972337482711, "gold_graph_diffs_t": 8.636929460580912}