{"id": "EUN1_3576475131", "lvl": 3600, "literal level": "MASTER 0 lp", "time": 1273, "solokills_t": 0.012568735271013355, "kills_t": 0.041633935585231735, "kp": 0.469423076923077, "deaths_t": 0.04241948153967007, "assists_t": 0.04713275726630008, "csscore_t": 0.9159465828750982, "teamgold_t": 71.8625294579733, "vision_score_t": 0.8290692268112952, "wards_placed_t": 0.062058130400628436, "gold_graph_diffs_t": 15.578161822466614}