{"id": "EUN1_3585552807", "lvl": 3600, "literal level": "MASTER 0 lp", "time": 1910, "solokills_t": 0.007853403141361256, "kills_t": 0.04397905759162304, "kp": 0.48948306595365415, "deaths_t": 0.04397905759162304, "assists_t": 0.06387434554973823, "csscore_t": 0.8712041884816754, "teamgold_t": 70.29162303664921, "vision_score_t": 0.8838217709026155, "wards_placed_t": 0.06753926701570681, "gold_graph_diffs_t": 10.730366492146597}