{"id": "EUN1_3586385675", "lvl": 3700, "literal level": "MASTER 100 lp", "time": 1333, "solokills_t": 0.005251312828207052, "kills_t": 0.02700675168792198, "kp": 0.44482758620689655, "deaths_t": 0.02700675168792198, "assists_t": 0.03675918979744936, "csscore_t": 1.021755438859715, "teamgold_t": 66.90847711927982, "vision_score_t": 0.9941881506649907, "wards_placed_t": 0.07426856714178545, "gold_graph_diffs_t": 14.365341335333833}