{"id": "EUN1_3568613713", "lvl": 3400, "literal level": "MASTER 200 lp", "time": 1298, "solokills_t": 0.00847457627118644, "kills_t": 0.032357473035439135, "kp": 0.48989898989898994, "deaths_t": 0.032357473035439135, "assists_t": 0.04699537750385208, "csscore_t": 0.9645608628659477, "teamgold_t": 67.52773497688752, "vision_score_t": 0.823180922141818, "wards_placed_t": 0.061633281972265024, "gold_graph_diffs_t": 13.515408320493066}