{"id": "EUN1_3587941394", "lvl": 3700, "literal level": "MASTER 100 lp", "time": 1815, "solokills_t": 0.004407713498622589, "kills_t": 0.024242424242424242, "kp": 0.4774712643678162, "deaths_t": 0.024242424242424242, "assists_t": 0.032506887052341595, "csscore_t": 1.0269972451790634, "teamgold_t": 66.11625344352618, "vision_score_t": 1.0875085006784464, "wards_placed_t": 0.06831955922865014, "gold_graph_diffs_t": 14.31900826446281}