{"id": "EUN1_3588517800", "lvl": 3800, "literal level": "MASTER 200 lp", "time": 1618, "solokills_t": 0.009270704573547589, "kills_t": 0.032138442521631644, "kp": 0.45297619047619053, "deaths_t": 0.032138442521631644, "assists_t": 0.04140914709517923, "csscore_t": 0.8918417799752781, "teamgold_t": 65.26946847960446, "vision_score_t": 1.4053835177022047, "wards_placed_t": 0.09394313967861558, "gold_graph_diffs_t": 15.409147095179234}