{"id": "EUN1_3586542844", "lvl": 3700, "literal level": "MASTER 100 lp", "time": 1652, "solokills_t": 0.011501210653753027, "kills_t": 0.044794188861985475, "kp": 0.5032163742690059, "deaths_t": 0.044794188861985475, "assists_t": 0.06779661016949153, "csscore_t": 0.8444309927360775, "teamgold_t": 73.67796610169492, "vision_score_t": 1.2226286612887958, "wards_placed_t": 0.07808716707021791, "gold_graph_diffs_t": 12.89951573849879}