{"id": "EUN1_3578856606", "lvl": 3400, "literal level": "MASTER 200 lp", "time": 1789, "solokills_t": 0.005030743432084964, "kills_t": 0.03297931805477921, "kp": 0.5477855477855478, "deaths_t": 0.03297931805477921, "assists_t": 0.05813303521520403, "csscore_t": 0.8731134712129681, "teamgold_t": 66.80883174958078, "vision_score_t": 1.204464021036304, "wards_placed_t": 0.07098937954164337, "gold_graph_diffs_t": 13.016769144773617}