{"id": "EUN1_3579599891", "lvl": 3600, "literal level": "MASTER 0 lp", "time": 2201, "solokills_t": 0.009086778736937756, "kills_t": 0.04861426624261699, "kp": 0.48639860139860136, "deaths_t": 0.04906860517946388, "assists_t": 0.06996819627442072, "csscore_t": 0.8273512039981826, "teamgold_t": 74.25034075420264, "vision_score_t": 0.9692303391914117, "wards_placed_t": 0.07496592457973648, "gold_graph_diffs_t": 14.690140845070422}