{"id": "EUN1_3582215598", "lvl": 3600, "literal level": "MASTER 0 lp", "time": 1492, "solokills_t": 0.006702412868632708, "kills_t": 0.036193029490616625, "kp": 0.5083333333333333, "deaths_t": 0.036193029490616625, "assists_t": 0.05630026809651475, "csscore_t": 0.8927613941018767, "teamgold_t": 68.5603217158177, "vision_score_t": 1.1030323011022694, "wards_placed_t": 0.06970509383378017, "gold_graph_diffs_t": 15.277479892761393}