{"id": "EUN1_3583620714", "lvl": 3700, "literal level": "MASTER 100 lp", "time": 1690, "solokills_t": 0.004142011834319527, "kills_t": 0.036686390532544376, "kp": 0.5899159663865545, "deaths_t": 0.036686390532544376, "assists_t": 0.07159763313609467, "csscore_t": 0.8461538461538461, "teamgold_t": 65.01538461538462, "vision_score_t": 1.1526850290181248, "wards_placed_t": 0.08047337278106509, "gold_graph_diffs_t": 11.71242603550296}