{"id": "EUN1_3566635437", "lvl": 3200, "literal level": "MASTER 0 lp", "time": 2083, "solokills_t": 0.004800768122899664, "kills_t": 0.029764762361977917, "kp": 0.4938636363636363, "deaths_t": 0.029764762361977917, "assists_t": 0.04464714354296687, "csscore_t": 0.8300528084493519, "teamgold_t": 63.66682669227076, "vision_score_t": 1.248288939315503, "wards_placed_t": 0.07825252040326452, "gold_graph_diffs_t": 12.817090734517523}