{"id": "EUN1_3571379721", "lvl": 3200, "literal level": "MASTER 0 lp", "time": 952, "solokills_t": 0.01050420168067227, "kills_t": 0.04201680672268908, "kp": 0.4133333333333333, "deaths_t": 0.04201680672268908, "assists_t": 0.046218487394957986, "csscore_t": 0.8960084033613446, "teamgold_t": 67.3623949579832, "vision_score_t": 0.8239890209888543, "wards_placed_t": 0.06302521008403361, "gold_graph_diffs_t": 11.740546218487395}