{"id": "EUN1_3573628901", "lvl": 3300, "literal level": "MASTER 100 lp", "time": 351, "solokills_t": 0.002849002849002849, "kills_t": 0.014245014245014245, "kp": 0.35, "deaths_t": 0.014245014245014245, "assists_t": 0.011396011396011397, "csscore_t": 0.7663817663817664, "teamgold_t": 52.623931623931625, "vision_score_t": 0.34170080477569736, "wards_placed_t": 0.03418803418803419, "gold_graph_diffs_t": 8.977207977207977}