{"id": "EUN1_3567638848", "lvl": 3500, "literal level": "MASTER 300 lp", "time": 1578, "solokills_t": 0.00697084917617237, "kills_t": 0.04182509505703422, "kp": 0.43482926829268287, "deaths_t": 0.04182509505703422, "assists_t": 0.050063371356147024, "csscore_t": 0.8910012674271229, "teamgold_t": 71.44106463878327, "vision_score_t": 1.0260721638354762, "wards_placed_t": 0.06780735107731306, "gold_graph_diffs_t": 15.207858048162231}