{"id": "EUN1_3588151368", "lvl": 3500, "literal level": "MASTER 300 lp", "time": 1522, "solokills_t": 0.0045992115637319315, "kills_t": 0.040735873850197106, "kp": 0.5445238095238095, "deaths_t": 0.040735873850197106, "assists_t": 0.0683311432325887, "csscore_t": 0.8534822601839684, "teamgold_t": 72.34822601839684, "vision_score_t": 0.7107671865722772, "wards_placed_t": 0.052562417871222074, "gold_graph_diffs_t": 15.31011826544021}