{"id": "EUN1_3569419722", "lvl": 3300, "literal level": "MASTER 100 lp", "time": 1596, "solokills_t": 0.006892230576441102, "kills_t": 0.042606516290726815, "kp": 0.5106060606060606, "deaths_t": 0.042606516290726815, "assists_t": 0.06578947368421052, "csscore_t": 0.9129072681704261, "teamgold_t": 74.72368421052632, "vision_score_t": 0.9860606292975866, "wards_placed_t": 0.06453634085213032, "gold_graph_diffs_t": 14.023182957393484}