{"id": "EUN1_3589069025", "lvl": 3600, "literal level": "MASTER 0 lp", "time": 1900, "solokills_t": 0.008947368421052631, "kills_t": 0.04105263157894737, "kp": 0.4522875816993464, "deaths_t": 0.04105263157894737, "assists_t": 0.05368421052631579, "csscore_t": 0.838421052631579, "teamgold_t": 69.67421052631579, "vision_score_t": 1.0237449275360322, "wards_placed_t": 0.06473684210526316, "gold_graph_diffs_t": 14.87}