{"id": "EUN1_3578383738", "lvl": 3600, "literal level": "MASTER 0 lp", "time": 1443, "solokills_t": 0.010395010395010396, "kills_t": 0.038808038808038806, "kp": 0.4134387351778656, "deaths_t": 0.0395010395010395, "assists_t": 0.04158004158004158, "csscore_t": 0.9369369369369369, "teamgold_t": 70.78794178794179, "vision_score_t": 1.0229800825030815, "wards_placed_t": 0.07345807345807345, "gold_graph_diffs_t": 12.678447678447679}