{"id": "EUN1_3584108637", "lvl": 3400, "literal level": "MASTER 200 lp", "time": 1207, "solokills_t": 0.012427506213753107, "kills_t": 0.045567522783761395, "kp": 0.4092436974789916, "deaths_t": 0.045567522783761395, "assists_t": 0.04971002485501243, "csscore_t": 0.8864954432477217, "teamgold_t": 72.99585749792875, "vision_score_t": 0.8468040271323831, "wards_placed_t": 0.06048053024026512, "gold_graph_diffs_t": 17.070422535211268}