{"id": "EUN1_3568195238", "lvl": 3300, "literal level": "MASTER 100 lp", "time": 2597, "solokills_t": 0.004620716211012707, "kills_t": 0.027724297266076243, "kp": 0.5443749999999999, "deaths_t": 0.027724297266076243, "assists_t": 0.04890257989988448, "csscore_t": 0.9872930304197151, "teamgold_t": 68.40161725067385, "vision_score_t": 1.1588257185719182, "wards_placed_t": 0.08201771274547555, "gold_graph_diffs_t": 12.404697728147863}