{"id": "EUN1_3563791856", "lvl": 3300, "literal level": "MASTER 100 lp", "time": 1818, "solokills_t": 0.006600660066006601, "kills_t": 0.0352035203520352, "kp": 0.4996491228070175, "deaths_t": 0.035753575357535754, "assists_t": 0.056105610561056105, "csscore_t": 0.8261826182618262, "teamgold_t": 66.56710671067107, "vision_score_t": 0.9194624049448571, "wards_placed_t": 0.06050605060506051, "gold_graph_diffs_t": 11.311881188118813}