{"id": "EUN1_3569504453", "lvl": 3600, "literal level": "MASTER 0 lp", "time": 1407, "solokills_t": 0.005685856432125089, "kills_t": 0.04548685145700071, "kp": 0.5194331983805668, "deaths_t": 0.04548685145700071, "assists_t": 0.07249466950959488, "csscore_t": 0.8706467661691543, "teamgold_t": 72.5088841506752, "vision_score_t": 0.9648979359569635, "wards_placed_t": 0.06325515280739161, "gold_graph_diffs_t": 19.16133617626155}