{"id": "EUN1_3584423901", "lvl": 3600, "literal level": "MASTER 0 lp", "time": 1657, "solokills_t": 0.004828002414001207, "kills_t": 0.04103802051901026, "kp": 0.5596837944664032, "deaths_t": 0.04103802051901026, "assists_t": 0.0748340374170187, "csscore_t": 0.8762824381412191, "teamgold_t": 71.76885938442969, "vision_score_t": 1.0591313282580033, "wards_placed_t": 0.0675920337960169, "gold_graph_diffs_t": 16.256487628243814}