{"id": "EUN1_3565189453", "lvl": 3000, "literal level": "MASTER 200 lp", "time": 2204, "solokills_t": 0.005898366606170599, "kills_t": 0.03130671506352087, "kp": 0.5748717948717947, "deaths_t": 0.03176043557168784, "assists_t": 0.05898366606170599, "csscore_t": 0.8706896551724138, "teamgold_t": 67.7141560798548, "vision_score_t": 1.2304764955897847, "wards_placed_t": 0.07304900181488204, "gold_graph_diffs_t": 15.55535390199637}