{"id": "EUN1_3583736524", "lvl": 3600, "literal level": "MASTER 0 lp", "time": 2194, "solokills_t": 0.005013673655423883, "kills_t": 0.024612579762989972, "kp": 0.5592592592592592, "deaths_t": 0.024612579762989972, "assists_t": 0.04421148587055606, "csscore_t": 1.0091157702825888, "teamgold_t": 68.10893345487693, "vision_score_t": 1.1803415179684653, "wards_placed_t": 0.08477666362807658, "gold_graph_diffs_t": 11.864630811303556}