{"id": "EUN1_3588208451", "lvl": 3500, "literal level": "MASTER 300 lp", "time": 1407, "solokills_t": 0.014214641080312722, "kills_t": 0.03695806680881308, "kp": 0.4159489633173844, "deaths_t": 0.03695806680881308, "assists_t": 0.0412224591329069, "csscore_t": 0.9019189765458422, "teamgold_t": 68.3951670220327, "vision_score_t": 0.8644866112499286, "wards_placed_t": 0.05970149253731343, "gold_graph_diffs_t": 13.08315565031983}