{"id": "EUN1_3582813200", "lvl": 3500, "literal level": "MASTER 300 lp", "time": 1306, "solokills_t": 0.005359877488514548, "kills_t": 0.02450229709035222, "kp": 0.5137142857142857, "deaths_t": 0.02450229709035222, "assists_t": 0.03445635528330781, "csscore_t": 1.0068912710566615, "teamgold_t": 63.00765696784074, "vision_score_t": 0.8719321242601017, "wards_placed_t": 0.06278713629402756, "gold_graph_diffs_t": 14.179173047473201}