{"id": "EUN1_3580917504", "lvl": 3600, "literal level": "MASTER 0 lp", "time": 1760, "solokills_t": 0.008522727272727272, "kills_t": 0.03977272727272727, "kp": 0.4996732026143791, "deaths_t": 0.03977272727272727, "assists_t": 0.05965909090909091, "csscore_t": 0.8852272727272728, "teamgold_t": 68.61647727272727, "vision_score_t": 1.0103795999815866, "wards_placed_t": 0.06761363636363636, "gold_graph_diffs_t": 15.634659090909091}