{"id": "EUN1_3576953487", "lvl": 3700, "literal level": "MASTER 100 lp", "time": 1454, "solokills_t": 0.009628610729023384, "kills_t": 0.03851444291609354, "kp": 0.48379446640316204, "deaths_t": 0.03851444291609354, "assists_t": 0.05364511691884457, "csscore_t": 0.9449793672627235, "teamgold_t": 75.11554332874827, "vision_score_t": 0.7980528294275693, "wards_placed_t": 0.04951856946354883, "gold_graph_diffs_t": 14.221458046767538}