{"id": "EUN1_3584240267", "lvl": 3500, "literal level": "MASTER 300 lp", "time": 1516, "solokills_t": 0.009234828496042216, "kills_t": 0.03891820580474934, "kp": 0.46411764705882347, "deaths_t": 0.03891820580474934, "assists_t": 0.052110817941952506, "csscore_t": 0.9571240105540897, "teamgold_t": 72.41490765171504, "vision_score_t": 1.0138750270086572, "wards_placed_t": 0.06860158311345646, "gold_graph_diffs_t": 17.053430079155675}