{"id": "EUN1_3578552541", "lvl": 3500, "literal level": "MASTER 300 lp", "time": 1599, "solokills_t": 0.0050031269543464665, "kills_t": 0.031269543464665414, "kp": 0.5152597402597403, "deaths_t": 0.031269543464665414, "assists_t": 0.04940587867417136, "csscore_t": 0.9712320200125079, "teamgold_t": 69.9249530956848, "vision_score_t": 1.1326587347436787, "wards_placed_t": 0.07629768605378362, "gold_graph_diffs_t": 13.195747342088806}