{"id": "EUN1_3582754138", "lvl": 3500, "literal level": "MASTER 300 lp", "time": 1724, "solokills_t": 0.00580046403712297, "kills_t": 0.029582366589327145, "kp": 0.4646464646464647, "deaths_t": 0.029582366589327145, "assists_t": 0.040023201856148494, "csscore_t": 0.9222737819025522, "teamgold_t": 64.54002320185614, "vision_score_t": 0.9881337862142552, "wards_placed_t": 0.06728538283062645, "gold_graph_diffs_t": 12.712877030162414}