{"id": "EUN1_3552789057", "lvl": 3200, "literal level": "MASTER 0 lp", "time": 477, "solokills_t": 0.006289308176100629, "kills_t": 0.014675052410901468, "kp": 0.4583333333333333, "deaths_t": 0.016771488469601678, "assists_t": 0.018867924528301886, "csscore_t": 0.7316561844863732, "teamgold_t": 50.83857442348008, "vision_score_t": 0.530931494068835, "wards_placed_t": 0.04612159329140461, "gold_graph_diffs_t": 3.6268343815513626}