{"id": "EUN1_3550603278", "lvl": 3100, "literal level": "MASTER 300 lp", "time": 1321, "solokills_t": 0.005299015897047691, "kills_t": 0.029523088569265707, "kp": 0.5382758620689655, "deaths_t": 0.029523088569265707, "assists_t": 0.046934140802422405, "csscore_t": 0.882664647993944, "teamgold_t": 62.86601059803179, "vision_score_t": 0.8743189709922259, "wards_placed_t": 0.0635881907645723, "gold_graph_diffs_t": 12.934140802422407}