{"id": "EUN1_3554961349", "lvl": 2800, "literal level": "MASTER 0 lp", "time": 1472, "solokills_t": 0.010190217391304348, "kills_t": 0.03872282608695652, "kp": 0.39188034188034193, "deaths_t": 0.03940217391304348, "assists_t": 0.03736413043478261, "csscore_t": 0.9286684782608695, "teamgold_t": 69.42798913043478, "vision_score_t": 0.8412601722029883, "wards_placed_t": 0.057065217391304345, "gold_graph_diffs_t": 15.315217391304348}