{"id": "EUN1_3565787777", "lvl": 3400, "literal level": "MASTER 200 lp", "time": 1499, "solokills_t": 0.00333555703802535, "kills_t": 0.028018679119412943, "kp": 0.48375, "deaths_t": 0.028018679119412943, "assists_t": 0.0400266844563042, "csscore_t": 0.9112741827885257, "teamgold_t": 63.80787191460974, "vision_score_t": 1.0381992765555998, "wards_placed_t": 0.06537691794529686, "gold_graph_diffs_t": 11.458305537024684}