{"id": "EUN1_3578866983", "lvl": 3600, "literal level": "MASTER 0 lp", "time": 1468, "solokills_t": 0.009536784741144414, "kills_t": 0.036103542234332424, "kp": 0.4749206349206349, "deaths_t": 0.036103542234332424, "assists_t": 0.04495912806539509, "csscore_t": 0.9475476839237057, "teamgold_t": 68.53542234332426, "vision_score_t": 0.770241135285552, "wards_placed_t": 0.05858310626702997, "gold_graph_diffs_t": 12.70299727520436}