{"id": "EUN1_3580888866", "lvl": 3500, "literal level": "MASTER 300 lp", "time": 1406, "solokills_t": 0.0035561877667140826, "kills_t": 0.03840682788051209, "kp": 0.5290937996820351, "deaths_t": 0.03840682788051209, "assists_t": 0.06401137980085349, "csscore_t": 0.8805120910384068, "teamgold_t": 68.32930298719772, "vision_score_t": 0.9360583592048577, "wards_placed_t": 0.06472261735419631, "gold_graph_diffs_t": 17.771692745376956}