{"id": "EUN1_3586669133", "lvl": 3900, "literal level": "MASTER 300 lp", "time": 1912, "solokills_t": 0.007845188284518828, "kills_t": 0.0350418410041841, "kp": 0.47288930581613514, "deaths_t": 0.0350418410041841, "assists_t": 0.049163179916317995, "csscore_t": 0.9178870292887029, "teamgold_t": 68.70083682008368, "vision_score_t": 0.9704129328708337, "wards_placed_t": 0.06694560669456066, "gold_graph_diffs_t": 10.904811715481172}