{"id": "EUN1_3572013182", "lvl": 3500, "literal level": "MASTER 300 lp", "time": 1252, "solokills_t": 0.007987220447284345, "kills_t": 0.03514376996805112, "kp": 0.459375, "deaths_t": 0.035942492012779555, "assists_t": 0.050319488817891375, "csscore_t": 0.9033546325878594, "teamgold_t": 65.10063897763578, "vision_score_t": 0.8734543161412894, "wards_placed_t": 0.06789137380191693, "gold_graph_diffs_t": 14.303514376996805}