{"id": "EUN1_3572023214", "lvl": 3600, "literal level": "MASTER 0 lp", "time": 1695, "solokills_t": 0.00943952802359882, "kills_t": 0.03716814159292035, "kp": 0.48357142857142854, "deaths_t": 0.03716814159292035, "assists_t": 0.05309734513274336, "csscore_t": 0.9126843657817109, "teamgold_t": 70.92861356932153, "vision_score_t": 1.1391115946817287, "wards_placed_t": 0.07374631268436578, "gold_graph_diffs_t": 16.213569321533924}