{"id": "EUN1_3567209988", "lvl": 3200, "literal level": "MASTER 0 lp", "time": 1901, "solokills_t": 0.009994739610731194, "kills_t": 0.04471330878485008, "kp": 0.4657253599114064, "deaths_t": 0.04471330878485008, "assists_t": 0.05944239873750658, "csscore_t": 0.8421883219358233, "teamgold_t": 72.16307206733298, "vision_score_t": 1.2293650099272138, "wards_placed_t": 0.08206207259337191, "gold_graph_diffs_t": 14.632298790110468}