{"id": "EUN1_3582897619", "lvl": 3800, "literal level": "MASTER 200 lp", "time": 1740, "solokills_t": 0.0028735632183908046, "kills_t": 0.029310344827586206, "kp": 0.5780645161290323, "deaths_t": 0.029310344827586206, "assists_t": 0.05344827586206897, "csscore_t": 0.9097701149425287, "teamgold_t": 66.75229885057472, "vision_score_t": 0.9184148672952281, "wards_placed_t": 0.05057471264367816, "gold_graph_diffs_t": 12.067241379310344}