{"id": "EUN1_3563700990", "lvl": 3100, "literal level": "MASTER 300 lp", "time": 1775, "solokills_t": 0.009014084507042254, "kills_t": 0.03774647887323944, "kp": 0.42304761904761906, "deaths_t": 0.03774647887323944, "assists_t": 0.0428169014084507, "csscore_t": 0.9887323943661972, "teamgold_t": 70.41971830985915, "vision_score_t": 0.9851018278722286, "wards_placed_t": 0.06704225352112676, "gold_graph_diffs_t": 9.88}