{"id": "EUN1_3589020580", "lvl": 3500, "literal level": "MASTER 300 lp", "time": 1662, "solokills_t": 0.005415162454873646, "kills_t": 0.03790613718411552, "kp": 0.5404665314401623, "deaths_t": 0.03850782190132371, "assists_t": 0.06498194945848375, "csscore_t": 0.8116726835138387, "teamgold_t": 64.94645006016847, "vision_score_t": 0.9440587658674057, "wards_placed_t": 0.0703971119133574, "gold_graph_diffs_t": 12.534897713598074}