{"id": "EUN1_3568641786", "lvl": 3600, "literal level": "MASTER 0 lp", "time": 1579, "solokills_t": 0.006333122229259025, "kills_t": 0.029132362254591513, "kp": 0.4565384615384616, "deaths_t": 0.029132362254591513, "assists_t": 0.03673210892970234, "csscore_t": 0.9569347688410387, "teamgold_t": 66.17922735908803, "vision_score_t": 1.0787509898369256, "wards_placed_t": 0.07219759341355288, "gold_graph_diffs_t": 13.566181127295756}