{"id": "EUN1_3588914648", "lvl": 3400, "literal level": "MASTER 200 lp", "time": 1402, "solokills_t": 0.012125534950071327, "kills_t": 0.034236804564907276, "kp": 0.3958333333333333, "deaths_t": 0.034236804564907276, "assists_t": 0.033523537803138374, "csscore_t": 0.9144079885877318, "teamgold_t": 67.27104136947219, "vision_score_t": 1.2176723033972907, "wards_placed_t": 0.0905848787446505, "gold_graph_diffs_t": 11.651925820256777}