{"id": "EUN1_3552265787", "lvl": 3000, "literal level": "MASTER 200 lp", "time": 1837, "solokills_t": 0.00979858464888405, "kills_t": 0.04082743603701688, "kp": 0.45056899004267426, "deaths_t": 0.04082743603701688, "assists_t": 0.05117038649972782, "csscore_t": 0.8524768644529124, "teamgold_t": 71.50898203592814, "vision_score_t": 0.8494851715169798, "wards_placed_t": 0.058247142079477406, "gold_graph_diffs_t": 15.488296135002722}