{"id": "EUN1_3587958162", "lvl": 3400, "literal level": "MASTER 200 lp", "time": 1359, "solokills_t": 0.008094186902133923, "kills_t": 0.03899926416482708, "kp": 0.47381756756756765, "deaths_t": 0.03899926416482708, "assists_t": 0.058130978660779986, "csscore_t": 0.8888888888888888, "teamgold_t": 68.94701986754967, "vision_score_t": 0.9770291692651778, "wards_placed_t": 0.0684326710816777, "gold_graph_diffs_t": 14.05224429727741}