{"id": "EUN1_3558597302", "lvl": 2900, "literal level": "MASTER 100 lp", "time": 2105, "solokills_t": 0.009026128266033254, "kills_t": 0.0494061757719715, "kp": 0.4831797235023041, "deaths_t": 0.0494061757719715, "assists_t": 0.06983372921615202, "csscore_t": 0.8536817102137767, "teamgold_t": 75.0332541567696, "vision_score_t": 1.2572099965535806, "wards_placed_t": 0.08076009501187649, "gold_graph_diffs_t": 13.483610451306413}