{"id": "EUN1_3557269982", "lvl": 3200, "literal level": "MASTER 0 lp", "time": 1944, "solokills_t": 0.006172839506172839, "kills_t": 0.032407407407407406, "kp": 0.5214285714285714, "deaths_t": 0.032407407407407406, "assists_t": 0.05246913580246913, "csscore_t": 0.9295267489711934, "teamgold_t": 66.42438271604938, "vision_score_t": 1.0040053693905757, "wards_placed_t": 0.07098765432098765, "gold_graph_diffs_t": 12.206275720164609}