{"id": "EUN1_3577187826", "lvl": 3800, "literal level": "MASTER 200 lp", "time": 1332, "solokills_t": 0.003003003003003003, "kills_t": 0.03678678678678678, "kp": 0.5780000000000001, "deaths_t": 0.03753753753753754, "assists_t": 0.06981981981981981, "csscore_t": 0.8791291291291291, "teamgold_t": 69.81531531531532, "vision_score_t": 0.9025089666529006, "wards_placed_t": 0.06681681681681682, "gold_graph_diffs_t": 15.472972972972974}