{"id": "EUN1_3575812942", "lvl": 3500, "literal level": "MASTER 300 lp", "time": 1738, "solokills_t": 0.006329113924050633, "kills_t": 0.03567318757192175, "kp": 0.5228991596638657, "deaths_t": 0.03567318757192175, "assists_t": 0.05811277330264672, "csscore_t": 0.8791714614499425, "teamgold_t": 69.06846950517837, "vision_score_t": 1.0048889143652766, "wards_placed_t": 0.07767548906789414, "gold_graph_diffs_t": 18.113348676639816}