{"id": "EUN1_3552367168", "lvl": 3300, "literal level": "MASTER 100 lp", "time": 1030, "solokills_t": 0.006796116504854369, "kills_t": 0.031067961165048542, "kp": 0.42380952380952375, "deaths_t": 0.031067961165048542, "assists_t": 0.035922330097087375, "csscore_t": 0.9766990291262136, "teamgold_t": 67.16796116504854, "vision_score_t": 0.9237988212912807, "wards_placed_t": 0.06310679611650485, "gold_graph_diffs_t": 14.160194174757281}