{"id": "EUN1_3570250930", "lvl": 3300, "literal level": "MASTER 100 lp", "time": 1796, "solokills_t": 0.007238307349665924, "kills_t": 0.04120267260579064, "kp": 0.47837837837837843, "deaths_t": 0.04120267260579064, "assists_t": 0.05734966592427617, "csscore_t": 0.8301781737193764, "teamgold_t": 70.13195991091314, "vision_score_t": 1.095475994212661, "wards_placed_t": 0.07015590200445435, "gold_graph_diffs_t": 14.2956570155902}