{"id": "EUN1_3572636697", "lvl": 3200, "literal level": "MASTER 0 lp", "time": 1710, "solokills_t": 0.008187134502923977, "kills_t": 0.03450292397660819, "kp": 0.4287469287469287, "deaths_t": 0.03450292397660819, "assists_t": 0.04152046783625731, "csscore_t": 0.8789473684210526, "teamgold_t": 65.87017543859649, "vision_score_t": 1.0854264888760448, "wards_placed_t": 0.08771929824561403, "gold_graph_diffs_t": 12.174269005847954}