{"id": "EUN1_3578550892", "lvl": 3700, "literal level": "MASTER 100 lp", "time": 1632, "solokills_t": 0.003676470588235294, "kills_t": 0.023284313725490197, "kp": 0.517948717948718, "deaths_t": 0.023284313725490197, "assists_t": 0.0392156862745098, "csscore_t": 0.9325980392156863, "teamgold_t": 62.00428921568628, "vision_score_t": 1.0485735027219305, "wards_placed_t": 0.07230392156862746, "gold_graph_diffs_t": 13.61703431372549}