{"id": "EUN1_3573036884", "lvl": 3500, "literal level": "MASTER 300 lp", "time": 2022, "solokills_t": 0.005440158259149357, "kills_t": 0.03115727002967359, "kp": 0.4917960088691796, "deaths_t": 0.03115727002967359, "assists_t": 0.04549950544015826, "csscore_t": 0.8887240356083086, "teamgold_t": 68.0242334322453, "vision_score_t": 1.0156492852478671, "wards_placed_t": 0.05539070227497527, "gold_graph_diffs_t": 13.338773491592482}