{"id": "EUN1_3569468201", "lvl": 3500, "literal level": "MASTER 300 lp", "time": 1957, "solokills_t": 0.007153806847215125, "kills_t": 0.0398569238630557, "kp": 0.5011842105263158, "deaths_t": 0.0398569238630557, "assists_t": 0.06029637199795605, "csscore_t": 0.8426162493612672, "teamgold_t": 69.09606540623403, "vision_score_t": 0.9566427410490517, "wards_placed_t": 0.07715891670924885, "gold_graph_diffs_t": 15.043944813490036}