{"id": "EUN1_3582231369", "lvl": 3600, "literal level": "MASTER 0 lp", "time": 2112, "solokills_t": 0.010890151515151516, "kills_t": 0.04261363636363636, "kp": 0.475259772389906, "deaths_t": 0.04261363636363636, "assists_t": 0.059185606060606064, "csscore_t": 0.9015151515151515, "teamgold_t": 71.83854166666667, "vision_score_t": 1.2200130253928425, "wards_placed_t": 0.08238636363636363, "gold_graph_diffs_t": 14.085700757575758}