{"id": "EUN1_3586876918", "lvl": 3800, "literal level": "MASTER 200 lp", "time": 1837, "solokills_t": 0.010887316276537834, "kills_t": 0.04627109417528579, "kp": 0.46998873873873875, "deaths_t": 0.04627109417528579, "assists_t": 0.06423516603157321, "csscore_t": 0.8562874251497006, "teamgold_t": 73.5666848121938, "vision_score_t": 1.0362176592760455, "wards_placed_t": 0.07348938486663037, "gold_graph_diffs_t": 16.668481219379423}