{"id": "EUN1_3581629952", "lvl": 3500, "literal level": "MASTER 300 lp", "time": 1497, "solokills_t": 0.011356045424181697, "kills_t": 0.03807615230460922, "kp": 0.38056478405315614, "deaths_t": 0.03807615230460922, "assists_t": 0.0394121576486306, "csscore_t": 0.9645958583834335, "teamgold_t": 68.88376753507013, "vision_score_t": 0.8845651845938773, "wards_placed_t": 0.05811623246492986, "gold_graph_diffs_t": 14.036740146960588}