{"id": "EUN1_3579302721", "lvl": 3700, "literal level": "MASTER 100 lp", "time": 1948, "solokills_t": 0.0077002053388090345, "kills_t": 0.04260780287474333, "kp": 0.5297093023255814, "deaths_t": 0.043121149897330596, "assists_t": 0.06981519507186858, "csscore_t": 0.858829568788501, "teamgold_t": 71.12371663244353, "vision_score_t": 1.0172575843945757, "wards_placed_t": 0.06724845995893224, "gold_graph_diffs_t": 17.90605749486653}