{"id": "EUN1_3573593720", "lvl": 3400, "literal level": "MASTER 200 lp", "time": 2284, "solokills_t": 0.003064798598949212, "kills_t": 0.03327495621716287, "kp": 0.5966878083157152, "deaths_t": 0.03327495621716287, "assists_t": 0.0669877408056042, "csscore_t": 0.9763572679509632, "teamgold_t": 70.06348511383537, "vision_score_t": 1.237007107914796, "wards_placed_t": 0.08493870402802102, "gold_graph_diffs_t": 16.203590192644484}