{"id": "EUN1_3585710658", "lvl": 3700, "literal level": "MASTER 100 lp", "time": 1578, "solokills_t": 0.0012674271229404308, "kills_t": 0.020278833967046894, "kp": 0.5140096618357488, "deaths_t": 0.020278833967046894, "assists_t": 0.032953105196451206, "csscore_t": 0.982256020278834, "teamgold_t": 62.963878326996195, "vision_score_t": 0.9651379847488352, "wards_placed_t": 0.060202788339670466, "gold_graph_diffs_t": 12.109632446134347}