{"id": "EUN1_3565647416", "lvl": 3200, "literal level": "MASTER 0 lp", "time": 1456, "solokills_t": 0.005494505494505495, "kills_t": 0.02403846153846154, "kp": 0.413425925925926, "deaths_t": 0.02403846153846154, "assists_t": 0.02815934065934066, "csscore_t": 1.0178571428571428, "teamgold_t": 65.9375, "vision_score_t": 0.8446542851661756, "wards_placed_t": 0.054945054945054944, "gold_graph_diffs_t": 13.36881868131868}