{"id": "EUN1_3583398363", "lvl": 3300, "literal level": "MASTER 100 lp", "time": 925, "solokills_t": 0.010810810810810811, "kills_t": 0.02810810810810811, "kp": 0.40784313725490196, "deaths_t": 0.02810810810810811, "assists_t": 0.032432432432432434, "csscore_t": 0.9145945945945946, "teamgold_t": 60.43027027027027, "vision_score_t": 0.7231578545612936, "wards_placed_t": 0.05189189189189189, "gold_graph_diffs_t": 9.314594594594595}