{"id": "EUN1_3586646415", "lvl": 3700, "literal level": "MASTER 100 lp", "time": 916, "solokills_t": 0.010917030567685589, "kills_t": 0.03275109170305677, "kp": 0.38076923076923075, "deaths_t": 0.03275109170305677, "assists_t": 0.039301310043668124, "csscore_t": 0.8449781659388647, "teamgold_t": 62.98362445414847, "vision_score_t": 0.7106914115386698, "wards_placed_t": 0.05786026200873363, "gold_graph_diffs_t": 18.156113537117903}