{"id": "EUN1_3581966046", "lvl": 3500, "literal level": "MASTER 300 lp", "time": 914, "solokills_t": 0.012035010940919038, "kills_t": 0.04157549234135667, "kp": 0.4070707070707071, "deaths_t": 0.04157549234135667, "assists_t": 0.04048140043763676, "csscore_t": 0.8818380743982495, "teamgold_t": 67.42122538293216, "vision_score_t": 0.8818168220226059, "wards_placed_t": 0.06783369803063458, "gold_graph_diffs_t": 13.147702407002189}