{"id": "EUN1_3563828868", "lvl": 3200, "literal level": "MASTER 0 lp", "time": 951, "solokills_t": 0.011566771819137749, "kills_t": 0.027339642481598318, "kp": 0.4, "deaths_t": 0.027339642481598318, "assists_t": 0.027339642481598318, "csscore_t": 0.953732912723449, "teamgold_t": 61.23343848580441, "vision_score_t": 0.8676209532958048, "wards_placed_t": 0.056782334384858045, "gold_graph_diffs_t": 10.86330178759201}