{"id": "EUN1_3576241651", "lvl": 3600, "literal level": "MASTER 0 lp", "time": 1882, "solokills_t": 0.003188097768331562, "kills_t": 0.04197662061636557, "kp": 0.6192413793103448, "deaths_t": 0.04197662061636557, "assists_t": 0.0871413390010627, "csscore_t": 0.7736450584484591, "teamgold_t": 68.51912858661, "vision_score_t": 1.1275414604735419, "wards_placed_t": 0.06854410201912858, "gold_graph_diffs_t": 16.14930924548353}