{"id": "EUN1_3573034971", "lvl": 3200, "literal level": "MASTER 0 lp", "time": 1376, "solokills_t": 0.00436046511627907, "kills_t": 0.037063953488372096, "kp": 0.49194078947368414, "deaths_t": 0.037063953488372096, "assists_t": 0.0559593023255814, "csscore_t": 0.9476744186046512, "teamgold_t": 70.70494186046511, "vision_score_t": 1.0124871938351907, "wards_placed_t": 0.06395348837209303, "gold_graph_diffs_t": 12.151162790697674}