{"id": "EUN1_3564375795", "lvl": 3400, "literal level": "MASTER 200 lp", "time": 1901, "solokills_t": 0.005786428195686481, "kills_t": 0.028932140978432403, "kp": 0.49000000000000005, "deaths_t": 0.028932140978432403, "assists_t": 0.04471330878485008, "csscore_t": 1.0136770120988954, "teamgold_t": 68.19884271436086, "vision_score_t": 0.9898900278092825, "wards_placed_t": 0.06733298264071541, "gold_graph_diffs_t": 11.185691741188847}