{"id": "EUN1_3583787674", "lvl": 3300, "literal level": "MASTER 100 lp", "time": 1720, "solokills_t": 0.009302325581395349, "kills_t": 0.0436046511627907, "kp": 0.4860703812316715, "deaths_t": 0.0436046511627907, "assists_t": 0.062209302325581396, "csscore_t": 0.8296511627906977, "teamgold_t": 69.29593023255813, "vision_score_t": 0.8589510985641493, "wards_placed_t": 0.06279069767441861, "gold_graph_diffs_t": 13.878488372093024}