{"id": "EUN1_3580037210", "lvl": 3500, "literal level": "MASTER 300 lp", "time": 1790, "solokills_t": 0.008379888268156424, "kills_t": 0.0446927374301676, "kp": 0.47398989898989907, "deaths_t": 0.0446927374301676, "assists_t": 0.06089385474860335, "csscore_t": 0.9055865921787709, "teamgold_t": 72.89217877094973, "vision_score_t": 1.157057695438119, "wards_placed_t": 0.08324022346368715, "gold_graph_diffs_t": 14.00949720670391}