{"id": "EUN1_3559008128", "lvl": 3400, "literal level": "MASTER 200 lp", "time": 1816, "solokills_t": 0.004955947136563877, "kills_t": 0.030837004405286344, "kp": 0.5114285714285713, "deaths_t": 0.030837004405286344, "assists_t": 0.045704845814977975, "csscore_t": 0.8959251101321586, "teamgold_t": 65.64647577092511, "vision_score_t": 1.1231121996491331, "wards_placed_t": 0.07488986784140969, "gold_graph_diffs_t": 10.465859030837004}