{"id": "EUN1_3568598328", "lvl": 3400, "literal level": "MASTER 200 lp", "time": 1414, "solokills_t": 0.007072135785007072, "kills_t": 0.03323903818953324, "kp": 0.5373737373737374, "deaths_t": 0.03323903818953324, "assists_t": 0.05374823196605375, "csscore_t": 0.8925035360678925, "teamgold_t": 65.0091937765205, "vision_score_t": 0.9114719844896596, "wards_placed_t": 0.06294200848656294, "gold_graph_diffs_t": 14.00919377652051}