{"id": "EUN1_3588958377", "lvl": 3500, "literal level": "MASTER 300 lp", "time": 2076, "solokills_t": 0.008670520231213872, "kills_t": 0.029865125240847785, "kp": 0.4568648648648649, "deaths_t": 0.029865125240847785, "assists_t": 0.04046242774566474, "csscore_t": 0.9296724470134875, "teamgold_t": 65.09971098265896, "vision_score_t": 1.1783670764728176, "wards_placed_t": 0.0789980732177264, "gold_graph_diffs_t": 12.484104046242775}