{"id": "EUN1_3552882790", "lvl": 3300, "literal level": "MASTER 100 lp", "time": 1686, "solokills_t": 0.0035587188612099642, "kills_t": 0.027876631079478055, "kp": 0.5581481481481482, "deaths_t": 0.027876631079478055, "assists_t": 0.04863582443653618, "csscore_t": 1.0077105575326215, "teamgold_t": 68.95729537366547, "vision_score_t": 1.0823128129608612, "wards_placed_t": 0.06998813760379596, "gold_graph_diffs_t": 11.416370106761565}