{"id": "EUN1_3586429427", "lvl": 3400, "literal level": "MASTER 200 lp", "time": 2004, "solokills_t": 0.003992015968063872, "kills_t": 0.041916167664670656, "kp": 0.5522727272727274, "deaths_t": 0.041916167664670656, "assists_t": 0.07335329341317365, "csscore_t": 0.7929141716566867, "teamgold_t": 71.60778443113773, "vision_score_t": 1.1921900686133737, "wards_placed_t": 0.07435129740518961, "gold_graph_diffs_t": 14.184630738522953}