{"id": "EUN1_3557541897", "lvl": 3100, "literal level": "MASTER 300 lp", "time": 1508, "solokills_t": 0.007294429708222812, "kills_t": 0.03713527851458886, "kp": 0.46604278074866307, "deaths_t": 0.03713527851458886, "assists_t": 0.04840848806366048, "csscore_t": 0.876657824933687, "teamgold_t": 68.88594164456234, "vision_score_t": 1.1123472845269127, "wards_placed_t": 0.07493368700265252, "gold_graph_diffs_t": 12.116710875331565}