{"id": "EUN1_3583638981", "lvl": 3500, "literal level": "MASTER 300 lp", "time": 1153, "solokills_t": 0.009540329575021683, "kills_t": 0.027753686036426712, "kp": 0.36171428571428577, "deaths_t": 0.027753686036426712, "assists_t": 0.02168256721595837, "csscore_t": 0.9644405897658282, "teamgold_t": 62.67215958369471, "vision_score_t": 0.8068845009518084, "wards_placed_t": 0.060711188204683436, "gold_graph_diffs_t": 14.85949696444059}