{"id": "EUN1_3573028131", "lvl": 3400, "literal level": "MASTER 200 lp", "time": 1844, "solokills_t": 0.006507592190889371, "kills_t": 0.028741865509761388, "kp": 0.536950146627566, "deaths_t": 0.028741865509761388, "assists_t": 0.050433839479392624, "csscore_t": 1.0281995661605206, "teamgold_t": 68.76789587852494, "vision_score_t": 1.333627868461583, "wards_placed_t": 0.08676789587852494, "gold_graph_diffs_t": 15.605206073752711}