{"id": "EUN1_3572617966", "lvl": 3200, "literal level": "MASTER 0 lp", "time": 765, "solokills_t": 0.00522875816993464, "kills_t": 0.026143790849673203, "kp": 0.3707070707070707, "deaths_t": 0.026143790849673203, "assists_t": 0.022222222222222223, "csscore_t": 0.9058823529411765, "teamgold_t": 59.248366013071895, "vision_score_t": 0.5996517737113943, "wards_placed_t": 0.044444444444444446, "gold_graph_diffs_t": 7.196078431372549}