{"id": "EUN1_3583460865", "lvl": 3200, "literal level": "MASTER 0 lp", "time": 2195, "solokills_t": 0.010933940774487472, "kills_t": 0.04373576309794989, "kp": 0.4469281045751634, "deaths_t": 0.04373576309794989, "assists_t": 0.05421412300683371, "csscore_t": 0.9357630979498861, "teamgold_t": 75.97949886104783, "vision_score_t": 1.0438027936618504, "wards_placed_t": 0.06514806378132118, "gold_graph_diffs_t": 16.138952164009112}