{"id": "EUN1_3577338952", "lvl": 3500, "literal level": "MASTER 300 lp", "time": 1306, "solokills_t": 0.004594180704441042, "kills_t": 0.033690658499234305, "kp": 0.5294252873563219, "deaths_t": 0.033690658499234305, "assists_t": 0.05742725880551302, "csscore_t": 0.9793261868300153, "teamgold_t": 67.35451761102604, "vision_score_t": 1.0037668979528145, "wards_placed_t": 0.07274119448698316, "gold_graph_diffs_t": 14.94104134762634}