{"id": "EUN1_3578857919", "lvl": 3400, "literal level": "MASTER 200 lp", "time": 1926, "solokills_t": 0.004672897196261682, "kills_t": 0.04153686396677051, "kp": 0.5711502199874293, "deaths_t": 0.04153686396677051, "assists_t": 0.07840083073727934, "csscore_t": 0.9023883696780893, "teamgold_t": 72.22326064382139, "vision_score_t": 1.2001024790118866, "wards_placed_t": 0.08515057113187954, "gold_graph_diffs_t": 17.91381100726895}