{"id": "EUN1_3572379925", "lvl": 3300, "literal level": "MASTER 100 lp", "time": 1984, "solokills_t": 0.004032258064516129, "kills_t": 0.028225806451612902, "kp": 0.5638888888888889, "deaths_t": 0.028225806451612902, "assists_t": 0.051915322580645164, "csscore_t": 0.9309475806451613, "teamgold_t": 65.07711693548387, "vision_score_t": 1.216974085631205, "wards_placed_t": 0.08165322580645161, "gold_graph_diffs_t": 9.703125}