{"id": "EUN1_3586910209", "lvl": 3600, "literal level": "MASTER 0 lp", "time": 1763, "solokills_t": 0.005104934770277935, "kills_t": 0.028927963698241632, "kp": 0.5202020202020202, "deaths_t": 0.028927963698241632, "assists_t": 0.04480998298355077, "csscore_t": 0.9018718094157686, "teamgold_t": 67.50255246738514, "vision_score_t": 0.7951725661588497, "wards_placed_t": 0.05331820760068066, "gold_graph_diffs_t": 11.378899602949518}