{"id": "EUN1_3581599803", "lvl": 3700, "literal level": "MASTER 100 lp", "time": 1780, "solokills_t": 0.006741573033707865, "kills_t": 0.04157303370786517, "kp": 0.4588278388278388, "deaths_t": 0.04157303370786517, "assists_t": 0.05337078651685393, "csscore_t": 0.9224719101123595, "teamgold_t": 75.18988764044944, "vision_score_t": 1.0995241385184535, "wards_placed_t": 0.06797752808988763, "gold_graph_diffs_t": 14.292134831460674}