{"id": "EUN1_3579021639", "lvl": 3700, "literal level": "MASTER 100 lp", "time": 2284, "solokills_t": 0.00788091068301226, "kills_t": 0.04246935201401051, "kp": 0.4904951370468612, "deaths_t": 0.04246935201401051, "assists_t": 0.06523642732049037, "csscore_t": 0.873029772329247, "teamgold_t": 73.30253940455341, "vision_score_t": 1.1100363145118508, "wards_placed_t": 0.0617338003502627, "gold_graph_diffs_t": 14.876094570928196}