{"id": "EUN1_3563770122", "lvl": 3300, "literal level": "MASTER 100 lp", "time": 1520, "solokills_t": 0.010526315789473684, "kills_t": 0.05197368421052632, "kp": 0.44807407407407407, "deaths_t": 0.05197368421052632, "assists_t": 0.06447368421052632, "csscore_t": 0.9151315789473684, "teamgold_t": 78.18355263157895, "vision_score_t": 0.8360523596773636, "wards_placed_t": 0.06184210526315789, "gold_graph_diffs_t": 17.463815789473685}