{"id": "EUN1_3566420743", "lvl": 3400, "literal level": "MASTER 200 lp", "time": 1741, "solokills_t": 0.011487650775416428, "kills_t": 0.03963239517518667, "kp": 0.44327272727272726, "deaths_t": 0.040206777713957496, "assists_t": 0.048822515795519814, "csscore_t": 0.9827685238368754, "teamgold_t": 73.72946582423894, "vision_score_t": 1.0463814561322, "wards_placed_t": 0.06950028719126938, "gold_graph_diffs_t": 14.332567489948305}