{"id": "EUN1_3580781796", "lvl": 3700, "literal level": "MASTER 100 lp", "time": 1860, "solokills_t": 0.00913978494623656, "kills_t": 0.031720430107526884, "kp": 0.42459770114942524, "deaths_t": 0.031720430107526884, "assists_t": 0.035483870967741936, "csscore_t": 0.9838709677419355, "teamgold_t": 70.03924731182796, "vision_score_t": 1.042191967559956, "wards_placed_t": 0.07043010752688172, "gold_graph_diffs_t": 13.729569892473119}