{"id": "EUN1_3576456512", "lvl": 3500, "literal level": "MASTER 300 lp", "time": 1985, "solokills_t": 0.012090680100755667, "kills_t": 0.03324937027707808, "kp": 0.4242424242424242, "deaths_t": 0.03324937027707808, "assists_t": 0.03727959697732997, "csscore_t": 0.8750629722921914, "teamgold_t": 64.82015113350126, "vision_score_t": 1.3801058146832283, "wards_placed_t": 0.10125944584382872, "gold_graph_diffs_t": 12.561209068010076}