{"id": "EUN1_3565599881", "lvl": 3200, "literal level": "MASTER 0 lp", "time": 1480, "solokills_t": 0.006756756756756757, "kills_t": 0.04527027027027027, "kp": 0.4134285714285714, "deaths_t": 0.04527027027027027, "assists_t": 0.05, "csscore_t": 0.8668918918918919, "teamgold_t": 72.9804054054054, "vision_score_t": 1.1398454041039237, "wards_placed_t": 0.07635135135135135, "gold_graph_diffs_t": 14.758783783783784}