{"id": "EUN1_3582900615", "lvl": 3700, "literal level": "MASTER 100 lp", "time": 1409, "solokills_t": 0.0063875088715401, "kills_t": 0.0383250532292406, "kp": 0.4493688639551191, "deaths_t": 0.0383250532292406, "assists_t": 0.049680624556423, "csscore_t": 0.9382540809084458, "teamgold_t": 71.08090844570617, "vision_score_t": 0.9364139496855127, "wards_placed_t": 0.06813342796309439, "gold_graph_diffs_t": 15.968062455642299}