{"id": "EUN1_3581031700", "lvl": 3300, "literal level": "MASTER 100 lp", "time": 1977, "solokills_t": 0.007587253414264037, "kills_t": 0.041982802225594334, "kp": 0.5639953542392566, "deaths_t": 0.041982802225594334, "assists_t": 0.07637835103692463, "csscore_t": 0.8072837632776935, "teamgold_t": 69.49317147192716, "vision_score_t": 0.920949760348487, "wards_placed_t": 0.05968639352554375, "gold_graph_diffs_t": 17.78553363682347}