{"id": "EUN1_3585877980", "lvl": 3300, "literal level": "MASTER 100 lp", "time": 1831, "solokills_t": 0.011469142545057346, "kills_t": 0.03986892408519935, "kp": 0.43090225563909773, "deaths_t": 0.03986892408519935, "assists_t": 0.04642271982523211, "csscore_t": 0.99399235390497, "teamgold_t": 74.47842708902239, "vision_score_t": 0.9598501519998992, "wards_placed_t": 0.06826870562534135, "gold_graph_diffs_t": 13.488803932277444}