{"id": "EUN1_3581667864", "lvl": 3400, "literal level": "MASTER 200 lp", "time": 1568, "solokills_t": 0.009566326530612245, "kills_t": 0.04272959183673469, "kp": 0.4736936936936937, "deaths_t": 0.04272959183673469, "assists_t": 0.05803571428571429, "csscore_t": 0.8960459183673469, "teamgold_t": 70.29017857142857, "vision_score_t": 0.8619025299351515, "wards_placed_t": 0.05612244897959184, "gold_graph_diffs_t": 17.319515306122447}