{"id": "EUN1_3579283471", "lvl": 3600, "literal level": "MASTER 0 lp", "time": 1336, "solokills_t": 0.0037425149700598802, "kills_t": 0.029940119760479042, "kp": 0.5321428571428571, "deaths_t": 0.029940119760479042, "assists_t": 0.051646706586826345, "csscore_t": 0.9199101796407185, "teamgold_t": 65.77619760479043, "vision_score_t": 0.9376795406495256, "wards_placed_t": 0.05538922155688623, "gold_graph_diffs_t": 14.051646706586826}