{"id": "EUN1_3565706239", "lvl": 3200, "literal level": "MASTER 0 lp", "time": 1475, "solokills_t": 0.014915254237288136, "kills_t": 0.04474576271186441, "kp": 0.35486111111111107, "deaths_t": 0.04474576271186441, "assists_t": 0.03796610169491525, "csscore_t": 0.9010169491525424, "teamgold_t": 71.0013559322034, "vision_score_t": 0.8636611675435779, "wards_placed_t": 0.05423728813559322, "gold_graph_diffs_t": 15.07728813559322}