{"id": "EUN1_3579184481", "lvl": 3600, "literal level": "MASTER 0 lp", "time": 1451, "solokills_t": 0.012405237767057202, "kills_t": 0.03997243280496209, "kp": 0.45519568151147094, "deaths_t": 0.03997243280496209, "assists_t": 0.04755341144038594, "csscore_t": 0.864920744314266, "teamgold_t": 68.4803583735355, "vision_score_t": 0.6862139506067295, "wards_placed_t": 0.05031013094417643, "gold_graph_diffs_t": 16.88146106133701}