{"id": "EUN1_3589234503", "lvl": 3500, "literal level": "MASTER 300 lp", "time": 944, "solokills_t": 0.01059322033898305, "kills_t": 0.0413135593220339, "kp": 0.4576923076923077, "deaths_t": 0.0413135593220339, "assists_t": 0.05402542372881356, "csscore_t": 0.8665254237288136, "teamgold_t": 66.78601694915254, "vision_score_t": 0.6873855680093125, "wards_placed_t": 0.057203389830508475, "gold_graph_diffs_t": 13.091101694915254}