{"id": "EUN1_3576824189", "lvl": 3800, "literal level": "MASTER 200 lp", "time": 1929, "solokills_t": 0.00673924313115604, "kills_t": 0.03110419906687403, "kp": 0.48099547511312224, "deaths_t": 0.03162260238465526, "assists_t": 0.044582685329186106, "csscore_t": 1.0228097459823744, "teamgold_t": 71.63348885432866, "vision_score_t": 0.9456391588023015, "wards_placed_t": 0.06946604458268534, "gold_graph_diffs_t": 16.486780715396577}