{"id": "EUN1_3586418176", "lvl": 3500, "literal level": "MASTER 300 lp", "time": 1542, "solokills_t": 0.004539559014267186, "kills_t": 0.03955901426718547, "kp": 0.5443010752688171, "deaths_t": 0.03955901426718547, "assists_t": 0.06809338521400778, "csscore_t": 0.8216601815823605, "teamgold_t": 66.5, "vision_score_t": 1.1173580072064695, "wards_placed_t": 0.07457846952010376, "gold_graph_diffs_t": 15.642671854734111}