{"id": "EUN1_3563823264", "lvl": 3200, "literal level": "MASTER 0 lp", "time": 959, "solokills_t": 0.013555787278415016, "kills_t": 0.03023983315954119, "kp": 0.3702380952380952, "deaths_t": 0.03023983315954119, "assists_t": 0.027111574556830033, "csscore_t": 0.9384775808133472, "teamgold_t": 64.92075078206464, "vision_score_t": 0.8618761307313061, "wards_placed_t": 0.072992700729927, "gold_graph_diffs_t": 10.737226277372264}