{"id": "EUN1_3589149900", "lvl": 3700, "literal level": "MASTER 100 lp", "time": 1405, "solokills_t": 0.011387900355871887, "kills_t": 0.046263345195729534, "kp": 0.46350574712643666, "deaths_t": 0.046263345195729534, "assists_t": 0.0597864768683274, "csscore_t": 0.8633451957295374, "teamgold_t": 71.07330960854092, "vision_score_t": 0.966736768479193, "wards_placed_t": 0.06476868327402135, "gold_graph_diffs_t": 14.338790035587188}