{"id": "EUN1_3574792648", "lvl": 3600, "literal level": "MASTER 0 lp", "time": 1833, "solokills_t": 0.0070921985815602835, "kills_t": 0.044189852700491, "kp": 0.5044005102040816, "deaths_t": 0.044189852700491, "assists_t": 0.06601200218221495, "csscore_t": 0.9181669394435352, "teamgold_t": 75.61156573922531, "vision_score_t": 0.8291761416455978, "wards_placed_t": 0.058919803600654665, "gold_graph_diffs_t": 15.324604473540644}