{"id": "EUN1_3568663861", "lvl": 3400, "literal level": "MASTER 200 lp", "time": 1793, "solokills_t": 0.005577244841048522, "kills_t": 0.044060234244283326, "kp": 0.49071895424836603, "deaths_t": 0.044060234244283326, "assists_t": 0.06358059118795314, "csscore_t": 0.8170663692136084, "teamgold_t": 71.74846625766871, "vision_score_t": 0.9625831218015236, "wards_placed_t": 0.06692693809258227, "gold_graph_diffs_t": 13.94701617401004}