{"id": "EUN1_3557917967", "lvl": 3200, "literal level": "MASTER 0 lp", "time": 1238, "solokills_t": 0.014539579967689823, "kills_t": 0.03150242326332795, "kp": 0.4, "deaths_t": 0.03150242326332795, "assists_t": 0.027463651050080775, "csscore_t": 0.9046849757673667, "teamgold_t": 64.70274636510501, "vision_score_t": 0.9171658592775254, "wards_placed_t": 0.07189014539579967, "gold_graph_diffs_t": 13.867528271405492}