{"id": "EUN1_3555804300", "lvl": 3500, "literal level": "MASTER 300 lp", "time": 1375, "solokills_t": 0.012363636363636363, "kills_t": 0.03563636363636364, "kp": 0.4080267558528428, "deaths_t": 0.03563636363636364, "assists_t": 0.03781818181818182, "csscore_t": 0.92, "teamgold_t": 67.48872727272727, "vision_score_t": 0.9344033069093539, "wards_placed_t": 0.0669090909090909, "gold_graph_diffs_t": 11.792727272727273}