{"id": "EUN1_3573374186", "lvl": 3700, "literal level": "MASTER 100 lp", "time": 1915, "solokills_t": 0.003133159268929504, "kills_t": 0.0381201044386423, "kp": 0.5275187969924813, "deaths_t": 0.0381201044386423, "assists_t": 0.06266318537859007, "csscore_t": 0.8882506527415144, "teamgold_t": 72.59791122715404, "vision_score_t": 0.9549196575153316, "wards_placed_t": 0.06945169712793733, "gold_graph_diffs_t": 20.03603133159269}