{"id": "EUN1_3557660592", "lvl": 3300, "literal level": "MASTER 100 lp", "time": 1955, "solokills_t": 0.007161125319693095, "kills_t": 0.04194373401534527, "kp": 0.4937984496124031, "deaths_t": 0.04194373401534527, "assists_t": 0.061892583120204604, "csscore_t": 0.8649616368286445, "teamgold_t": 71.8081841432225, "vision_score_t": 0.90753251338086, "wards_placed_t": 0.06649616368286446, "gold_graph_diffs_t": 13.620971867007672}