{"id": "EUN1_3580138078", "lvl": 3500, "literal level": "MASTER 300 lp", "time": 1464, "solokills_t": 0.00819672131147541, "kills_t": 0.031420765027322405, "kp": 0.4765384615384615, "deaths_t": 0.031420765027322405, "assists_t": 0.04439890710382514, "csscore_t": 0.9590163934426229, "teamgold_t": 68.11680327868852, "vision_score_t": 1.2949467082433945, "wards_placed_t": 0.07991803278688525, "gold_graph_diffs_t": 12.454234972677595}