{"id": "EUN1_3580576905", "lvl": 3500, "literal level": "MASTER 300 lp", "time": 1400, "solokills_t": 0.0035714285714285713, "kills_t": 0.03, "kp": 0.4883333333333334, "deaths_t": 0.03, "assists_t": 0.047857142857142855, "csscore_t": 0.8992857142857142, "teamgold_t": 64.42785714285715, "vision_score_t": 0.869353616215025, "wards_placed_t": 0.06285714285714286, "gold_graph_diffs_t": 12.630714285714285}