{"id": "EUN1_3582484010", "lvl": 3600, "literal level": "MASTER 0 lp", "time": 1980, "solokills_t": 0.005050505050505051, "kills_t": 0.0297979797979798, "kp": 0.5074117647058823, "deaths_t": 0.0297979797979798, "assists_t": 0.04696969696969697, "csscore_t": 0.954040404040404, "teamgold_t": 70.48484848484848, "vision_score_t": 1.2029137191147607, "wards_placed_t": 0.08181818181818182, "gold_graph_diffs_t": 12.785858585858586}