{"id": "EUN1_3583421883", "lvl": 3600, "literal level": "MASTER 0 lp", "time": 915, "solokills_t": 0.01092896174863388, "kills_t": 0.0273224043715847, "kp": 0.403968253968254, "deaths_t": 0.0273224043715847, "assists_t": 0.022950819672131147, "csscore_t": 0.9672131147540983, "teamgold_t": 62.14754098360656, "vision_score_t": 0.6433011208431744, "wards_placed_t": 0.060109289617486336, "gold_graph_diffs_t": 12.696174863387979}