{"id": "EUN1_3574627720", "lvl": 3600, "literal level": "MASTER 0 lp", "time": 1197, "solokills_t": 0.005847953216374269, "kills_t": 0.03759398496240601, "kp": 0.5074074074074074, "deaths_t": 0.03759398496240601, "assists_t": 0.06015037593984962, "csscore_t": 0.9181286549707602, "teamgold_t": 70.60401002506266, "vision_score_t": 0.8135164137693559, "wards_placed_t": 0.06098579782790309, "gold_graph_diffs_t": 14.864661654135338}