{"id": "EUN1_3585967786", "lvl": 3200, "literal level": "MASTER 0 lp", "time": 1927, "solokills_t": 0.008822003113648157, "kills_t": 0.04462895692786715, "kp": 0.4571739130434783, "deaths_t": 0.04462895692786715, "assists_t": 0.05812143227815257, "csscore_t": 0.879605604566684, "teamgold_t": 73.02127659574468, "vision_score_t": 1.1192232728754559, "wards_placed_t": 0.0700570835495589, "gold_graph_diffs_t": 15.011935651271406}