{"id": "EUN1_3586757905", "lvl": 3700, "literal level": "MASTER 100 lp", "time": 1752, "solokills_t": 0.007420091324200913, "kills_t": 0.032534246575342464, "kp": 0.5069478908188586, "deaths_t": 0.032534246575342464, "assists_t": 0.050799086757990865, "csscore_t": 0.8978310502283106, "teamgold_t": 65.79851598173516, "vision_score_t": 1.263915274892407, "wards_placed_t": 0.08105022831050228, "gold_graph_diffs_t": 13.521118721461187}