{"id": "EUN1_3577979150", "lvl": 3500, "literal level": "MASTER 300 lp", "time": 1680, "solokills_t": 0.006547619047619048, "kills_t": 0.026785714285714284, "kp": 0.4111111111111111, "deaths_t": 0.026785714285714284, "assists_t": 0.029166666666666667, "csscore_t": 1.0446428571428572, "teamgold_t": 65.64166666666667, "vision_score_t": 1.001060337190077, "wards_placed_t": 0.06190476190476191, "gold_graph_diffs_t": 11.78452380952381}