{"id": "EUN1_3578486512", "lvl": 3400, "literal level": "MASTER 200 lp", "time": 1680, "solokills_t": 0.005357142857142857, "kills_t": 0.02976190476190476, "kp": 0.5300509337860781, "deaths_t": 0.02976190476190476, "assists_t": 0.05, "csscore_t": 0.9625, "teamgold_t": 66.38928571428572, "vision_score_t": 0.9888027620051926, "wards_placed_t": 0.06726190476190476, "gold_graph_diffs_t": 14.219047619047618}