{"id": "EUN1_3589050850", "lvl": 3700, "literal level": "MASTER 100 lp", "time": 1227, "solokills_t": 0.008149959250203748, "kills_t": 0.04726976365118175, "kp": 0.5053921568627451, "deaths_t": 0.04726976365118175, "assists_t": 0.07579462102689487, "csscore_t": 0.850040749796251, "teamgold_t": 70.87041564792176, "vision_score_t": 0.8888665449879017, "wards_placed_t": 0.06193969030154849, "gold_graph_diffs_t": 15.502852485737572}