{"id": "EUN1_3583830901", "lvl": 3500, "literal level": "MASTER 300 lp", "time": 1607, "solokills_t": 0.005600497822028625, "kills_t": 0.03235843186060983, "kp": 0.4786554621848739, "deaths_t": 0.03235843186060983, "assists_t": 0.043559427504667084, "csscore_t": 0.9060360920970753, "teamgold_t": 66.29744866210329, "vision_score_t": 0.9837117729535232, "wards_placed_t": 0.06471686372121967, "gold_graph_diffs_t": 15.421281891723709}