{"id": "EUN1_3575834760", "lvl": 3400, "literal level": "MASTER 200 lp", "time": 1181, "solokills_t": 0.007620660457239628, "kills_t": 0.03386960203217612, "kp": 0.5178571428571428, "deaths_t": 0.03386960203217612, "assists_t": 0.05165114309906858, "csscore_t": 0.9483488569009314, "teamgold_t": 68.35224386113462, "vision_score_t": 0.72595670908243, "wards_placed_t": 0.05419136325148179, "gold_graph_diffs_t": 14.262489415749364}