{"id": "EUN1_3586924254", "lvl": 3600, "literal level": "MASTER 0 lp", "time": 1676, "solokills_t": 0.010143198090692125, "kills_t": 0.041766109785202864, "kp": 0.42558139534883715, "deaths_t": 0.041766109785202864, "assists_t": 0.04832935560859188, "csscore_t": 0.8949880668257757, "teamgold_t": 70.89618138424821, "vision_score_t": 1.0012492655705238, "wards_placed_t": 0.06503579952267304, "gold_graph_diffs_t": 10.906921241050119}