{"id": "EUN1_3582845231", "lvl": 3600, "literal level": "MASTER 0 lp", "time": 1919, "solokills_t": 0.003126628452318916, "kills_t": 0.0286607608129234, "kp": 0.5740489130434783, "deaths_t": 0.0286607608129234, "assists_t": 0.055237102657634186, "csscore_t": 0.8895257946847316, "teamgold_t": 64.54872329338197, "vision_score_t": 1.215060356804854, "wards_placed_t": 0.07191245440333507, "gold_graph_diffs_t": 14.477853048462741}