{"id": "EUN1_3588408762", "lvl": 3500, "literal level": "MASTER 300 lp", "time": 1892, "solokills_t": 0.003171247357293869, "kills_t": 0.03382663847780127, "kp": 0.5298142717497556, "deaths_t": 0.03382663847780127, "assists_t": 0.056025369978858354, "csscore_t": 0.9186046511627907, "teamgold_t": 71.5, "vision_score_t": 1.0094591172575336, "wards_placed_t": 0.06765327695560254, "gold_graph_diffs_t": 15.169133192389006}