{"id": "EUN1_3580774413", "lvl": 3700, "literal level": "MASTER 100 lp", "time": 1575, "solokills_t": 0.0025396825396825397, "kills_t": 0.029206349206349208, "kp": 0.5337301587301587, "deaths_t": 0.029206349206349208, "assists_t": 0.05015873015873016, "csscore_t": 0.9377777777777778, "teamgold_t": 65.52063492063492, "vision_score_t": 0.9944714166635817, "wards_placed_t": 0.06984126984126984, "gold_graph_diffs_t": 13.96}