{"id": "EUN1_3588979326", "lvl": 3600, "literal level": "MASTER 0 lp", "time": 1921, "solokills_t": 0.004685059864653826, "kills_t": 0.03279541905257678, "kp": 0.5499999999999999, "deaths_t": 0.03279541905257678, "assists_t": 0.058823529411764705, "csscore_t": 0.9531494013534617, "teamgold_t": 68.68193649141072, "vision_score_t": 1.1692950853663715, "wards_placed_t": 0.06819364914107236, "gold_graph_diffs_t": 11.927121290994274}