{"id": "EUN1_3553525616", "lvl": 3200, "literal level": "MASTER 0 lp", "time": 1162, "solokills_t": 0.00946643717728055, "kills_t": 0.031841652323580036, "kp": 0.47132867132867134, "deaths_t": 0.031841652323580036, "assists_t": 0.039586919104991396, "csscore_t": 0.9302925989672978, "teamgold_t": 65.8184165232358, "vision_score_t": 0.9499133526656427, "wards_placed_t": 0.06884681583476764, "gold_graph_diffs_t": 13.759896729776248}