{"id": "EUN1_3573193466", "lvl": 3400, "literal level": "MASTER 200 lp", "time": 1530, "solokills_t": 0.00784313725490196, "kills_t": 0.045098039215686274, "kp": 0.4912820512820513, "deaths_t": 0.045098039215686274, "assists_t": 0.06601307189542484, "csscore_t": 0.8614379084967321, "teamgold_t": 73.59477124183006, "vision_score_t": 1.058596723203275, "wards_placed_t": 0.0718954248366013, "gold_graph_diffs_t": 15.811764705882354}