{"id": "EUN1_3575371929", "lvl": 3600, "literal level": "MASTER 0 lp", "time": 2125, "solokills_t": 0.010352941176470589, "kills_t": 0.03011764705882353, "kp": 0.4, "deaths_t": 0.03011764705882353, "assists_t": 0.032, "csscore_t": 1.0174117647058825, "teamgold_t": 69.1844705882353, "vision_score_t": 1.2337567515793402, "wards_placed_t": 0.07152941176470588, "gold_graph_diffs_t": 12.840941176470588}