{"id": "EUN1_3573251619", "lvl": 3400, "literal level": "MASTER 200 lp", "time": 2077, "solokills_t": 0.007221954742416947, "kills_t": 0.038998555609051515, "kp": 0.48987577639751556, "deaths_t": 0.038998555609051515, "assists_t": 0.05633124699085219, "csscore_t": 0.8372652864708714, "teamgold_t": 68.49687048627828, "vision_score_t": 1.0025591699795104, "wards_placed_t": 0.07703418391911411, "gold_graph_diffs_t": 15.903707270101107}