{"id": "EUN1_3563134574", "lvl": 3100, "literal level": "MASTER 300 lp", "time": 1573, "solokills_t": 0.006993006993006993, "kills_t": 0.04513668150031786, "kp": 0.48200354609929075, "deaths_t": 0.04513668150031786, "assists_t": 0.06293706293706294, "csscore_t": 0.8836617927527018, "teamgold_t": 72.74443738080102, "vision_score_t": 0.8654048747268439, "wards_placed_t": 0.062301335028607754, "gold_graph_diffs_t": 13.363636363636363}