{"id": "EUN1_3567528664", "lvl": 3300, "literal level": "MASTER 100 lp", "time": 1922, "solokills_t": 0.011446409989594173, "kills_t": 0.04266389177939646, "kp": 0.42999403697078115, "deaths_t": 0.04318418314255983, "assists_t": 0.049427679500520294, "csscore_t": 0.9063475546305931, "teamgold_t": 72.9120707596254, "vision_score_t": 1.1825315823960358, "wards_placed_t": 0.08792924037460978, "gold_graph_diffs_t": 16.8423517169615}