{"id": "EUN1_3588581087", "lvl": 3800, "literal level": "MASTER 200 lp", "time": 2279, "solokills_t": 0.005704256252742431, "kills_t": 0.035980693286529176, "kp": 0.5530091185410334, "deaths_t": 0.035980693286529176, "assists_t": 0.06362439666520403, "csscore_t": 0.8279947345326898, "teamgold_t": 67.17814831066256, "vision_score_t": 1.0316539575923773, "wards_placed_t": 0.06406318560772269, "gold_graph_diffs_t": 16.612988152698552}