{"id": "EUN1_3583430905", "lvl": 3400, "literal level": "MASTER 200 lp", "time": 1586, "solokills_t": 0.015762925598991173, "kills_t": 0.03783102143757881, "kp": 0.36628571428571427, "deaths_t": 0.03783102143757881, "assists_t": 0.03215636822194199, "csscore_t": 0.9905422446406053, "teamgold_t": 69.5750315258512, "vision_score_t": 1.0912613604944725, "wards_placed_t": 0.07377049180327869, "gold_graph_diffs_t": 16.78310214375788}