{"id": "EUN1_3569077749", "lvl": 3500, "literal level": "MASTER 300 lp", "time": 1492, "solokills_t": 0.005361930294906166, "kills_t": 0.04222520107238606, "kp": 0.5010869565217392, "deaths_t": 0.04222520107238606, "assists_t": 0.06635388739946381, "csscore_t": 0.9457104557640751, "teamgold_t": 72.81166219839142, "vision_score_t": 0.7956859104056775, "wards_placed_t": 0.05093833780160858, "gold_graph_diffs_t": 18.91219839142091}