{"id": "EUN1_3577659091", "lvl": 3400, "literal level": "MASTER 200 lp", "time": 1536, "solokills_t": 0.005208333333333333, "kills_t": 0.037109375, "kp": 0.4631578947368421, "deaths_t": 0.037109375, "assists_t": 0.048828125, "csscore_t": 0.939453125, "teamgold_t": 68.93489583333333, "vision_score_t": 0.930755333729558, "wards_placed_t": 0.05859375, "gold_graph_diffs_t": 14.91015625}