{"id": "EUN1_3579391307", "lvl": 3600, "literal level": "MASTER 0 lp", "time": 1599, "solokills_t": 0.0031269543464665416, "kills_t": 0.03689806128830519, "kp": 0.5625000000000001, "deaths_t": 0.0375234521575985, "assists_t": 0.07004377736085053, "csscore_t": 0.8705440900562852, "teamgold_t": 67.2614133833646, "vision_score_t": 0.9474613436991536, "wards_placed_t": 0.0600375234521576, "gold_graph_diffs_t": 13.23639774859287}