{"id": "EUN1_3577278009", "lvl": 3600, "literal level": "MASTER 0 lp", "time": 926, "solokills_t": 0.00755939524838013, "kills_t": 0.026997840172786176, "kp": 0.43161764705882355, "deaths_t": 0.026997840172786176, "assists_t": 0.029157667386609073, "csscore_t": 1.019438444924406, "teamgold_t": 63.765658747300215, "vision_score_t": 0.8032755557526554, "wards_placed_t": 0.058315334773218146, "gold_graph_diffs_t": 9.772138228941685}