{"id": "EUN1_3585522790", "lvl": 3700, "literal level": "MASTER 100 lp", "time": 2348, "solokills_t": 0.005110732538330494, "kills_t": 0.04258943781942078, "kp": 0.5891233766233765, "deaths_t": 0.04301533219761499, "assists_t": 0.08304940374787052, "csscore_t": 0.7887563884156729, "teamgold_t": 71.89522998296422, "vision_score_t": 1.057394700435151, "wards_placed_t": 0.07155025553662692, "gold_graph_diffs_t": 16.760647359454854}