{"id": "EUN1_3566505577", "lvl": 3300, "literal level": "MASTER 100 lp", "time": 1681, "solokills_t": 0.00594883997620464, "kills_t": 0.032123735871505056, "kp": 0.5341666666666667, "deaths_t": 0.032123735871505056, "assists_t": 0.054729327781082686, "csscore_t": 0.8881618084473528, "teamgold_t": 66.14753123140987, "vision_score_t": 0.9832959045766445, "wards_placed_t": 0.0761451516954194, "gold_graph_diffs_t": 12.57822724568709}