{"id": "EUN1_3586732524", "lvl": 3600, "literal level": "MASTER 0 lp", "time": 1733, "solokills_t": 0.009232544720138488, "kills_t": 0.038084246970571264, "kp": 0.4818181818181818, "deaths_t": 0.038084246970571264, "assists_t": 0.05366416618580496, "csscore_t": 0.8407386035776111, "teamgold_t": 66.52452394691286, "vision_score_t": 1.2509756706227204, "wards_placed_t": 0.08078476630121177, "gold_graph_diffs_t": 14.757645701096365}