{"id": "EUN1_3581178544", "lvl": 3300, "literal level": "MASTER 100 lp", "time": 1125, "solokills_t": 0.005333333333333333, "kills_t": 0.028444444444444446, "kp": 0.5299999999999999, "deaths_t": 0.029333333333333333, "assists_t": 0.04533333333333334, "csscore_t": 0.9466666666666667, "teamgold_t": 62.483555555555554, "vision_score_t": 0.8840953041785266, "wards_placed_t": 0.06844444444444445, "gold_graph_diffs_t": 10.85688888888889}