{"id": "EUN1_3581782072", "lvl": 3700, "literal level": "MASTER 100 lp", "time": 970, "solokills_t": 0.009278350515463918, "kills_t": 0.029896907216494847, "kp": 0.38333333333333336, "deaths_t": 0.029896907216494847, "assists_t": 0.026804123711340205, "csscore_t": 0.9917525773195877, "teamgold_t": 63.1298969072165, "vision_score_t": 0.7626689708743852, "wards_placed_t": 0.05979381443298969, "gold_graph_diffs_t": 9.065979381443299}