{"id": "EUN1_3583920412", "lvl": 3500, "literal level": "MASTER 300 lp", "time": 1581, "solokills_t": 0.008855154965211892, "kills_t": 0.041113219481340925, "kp": 0.5181910569105692, "deaths_t": 0.04174573055028463, "assists_t": 0.06325110689437065, "csscore_t": 0.9380139152435167, "teamgold_t": 73.38519924098672, "vision_score_t": 0.9189783732093681, "wards_placed_t": 0.058823529411764705, "gold_graph_diffs_t": 16.316255534471853}