{"id": "EUN1_3583727968", "lvl": 3600, "literal level": "MASTER 0 lp", "time": 1844, "solokills_t": 0.0032537960954446853, "kills_t": 0.027114967462039046, "kp": 0.5482638888888889, "deaths_t": 0.027114967462039046, "assists_t": 0.04609544468546638, "csscore_t": 1.0113882863340564, "teamgold_t": 65.65943600867679, "vision_score_t": 0.9492552032330813, "wards_placed_t": 0.06182212581344902, "gold_graph_diffs_t": 10.750542299349242}