{"id": "EUN1_3582271379", "lvl": 3700, "literal level": "MASTER 100 lp", "time": 921, "solokills_t": 0.016286644951140065, "kills_t": 0.04017372421281216, "kp": 0.3821428571428571, "deaths_t": 0.04017372421281216, "assists_t": 0.03474484256243214, "csscore_t": 0.8642779587404995, "teamgold_t": 64.38327904451683, "vision_score_t": 0.7675967239859685, "wards_placed_t": 0.05646036916395222, "gold_graph_diffs_t": 11.06514657980456}