{"id": "EUN1_3566485881", "lvl": 3100, "literal level": "MASTER 300 lp", "time": 1571, "solokills_t": 0.005728835136855506, "kills_t": 0.0241884150222788, "kp": 0.5329545454545455, "deaths_t": 0.0241884150222788, "assists_t": 0.03946530872056015, "csscore_t": 0.8224061107574793, "teamgold_t": 58.539147040101845, "vision_score_t": 0.9981863917200229, "wards_placed_t": 0.06874602164226608, "gold_graph_diffs_t": 10.206874602164227}