{"id": "EUN1_3572731640", "lvl": 3500, "literal level": "MASTER 300 lp", "time": 1768, "solokills_t": 0.005090497737556561, "kills_t": 0.03506787330316742, "kp": 0.45248677248677244, "deaths_t": 0.03506787330316742, "assists_t": 0.04411764705882353, "csscore_t": 0.8840497737556561, "teamgold_t": 69.42986425339366, "vision_score_t": 0.9821573652192684, "wards_placed_t": 0.06957013574660634, "gold_graph_diffs_t": 14.297511312217194}