{"id": "EUN1_3571639936", "lvl": 3400, "literal level": "MASTER 200 lp", "time": 2271, "solokills_t": 0.011008366358432409, "kills_t": 0.03522677234698371, "kp": 0.4255050505050505, "deaths_t": 0.03522677234698371, "assists_t": 0.04007045354469397, "csscore_t": 0.9088507265521797, "teamgold_t": 67.92954645530604, "vision_score_t": 1.0531321000874485, "wards_placed_t": 0.06781153676794363, "gold_graph_diffs_t": 13.963892558344341}