{"id": "EUN1_3583604331", "lvl": 3800, "literal level": "MASTER 200 lp", "time": 1628, "solokills_t": 0.009213759213759214, "kills_t": 0.0386977886977887, "kp": 0.4680434782608696, "deaths_t": 0.03931203931203931, "assists_t": 0.05405405405405406, "csscore_t": 0.9557739557739557, "teamgold_t": 71.18304668304668, "vision_score_t": 1.0585394262710461, "wards_placed_t": 0.07923832923832924, "gold_graph_diffs_t": 13.717444717444717}