{"id": "EUN1_3581574498", "lvl": 3500, "literal level": "MASTER 300 lp", "time": 1483, "solokills_t": 0.0026972353337828725, "kills_t": 0.029669588671611596, "kp": 0.5091954022988505, "deaths_t": 0.030343897505057317, "assists_t": 0.04787592717464599, "csscore_t": 0.925826028320971, "teamgold_t": 66.18543492919757, "vision_score_t": 0.931169851982759, "wards_placed_t": 0.06136210384356035, "gold_graph_diffs_t": 10.871881321645313}