{"id": "EUN1_3582219116", "lvl": 3300, "literal level": "MASTER 100 lp", "time": 2021, "solokills_t": 0.007916872835230085, "kills_t": 0.05294408708560119, "kp": 0.49112280701754385, "deaths_t": 0.05294408708560119, "assists_t": 0.07718951014349332, "csscore_t": 0.8416625432953984, "teamgold_t": 75.59327065809005, "vision_score_t": 1.2832309093075975, "wards_placed_t": 0.09203364670954972, "gold_graph_diffs_t": 14.119742701632855}