{"id": "EUN1_3581231025", "lvl": 3400, "literal level": "MASTER 200 lp", "time": 1544, "solokills_t": 0.0051813471502590676, "kills_t": 0.031088082901554404, "kp": 0.530550284629981, "deaths_t": 0.031088082901554404, "assists_t": 0.05569948186528497, "csscore_t": 0.9993523316062176, "teamgold_t": 65.71761658031087, "vision_score_t": 0.877781540008616, "wards_placed_t": 0.056347150259067356, "gold_graph_diffs_t": 11.625647668393782}