{"id": "EUN1_3575880381", "lvl": 3500, "literal level": "MASTER 300 lp", "time": 1841, "solokills_t": 0.0038022813688212928, "kills_t": 0.03204780010863661, "kp": 0.5784523809523809, "deaths_t": 0.03204780010863661, "assists_t": 0.05975013579576317, "csscore_t": 0.8321564367191744, "teamgold_t": 66.38728951656708, "vision_score_t": 0.992463339201181, "wards_placed_t": 0.06844106463878327, "gold_graph_diffs_t": 11.66376969038566}