{"id": "EUN1_3566385354", "lvl": 3200, "literal level": "MASTER 0 lp", "time": 1813, "solokills_t": 0.004964147821290678, "kills_t": 0.03088803088803089, "kp": 0.5384615384615383, "deaths_t": 0.03143960286817429, "assists_t": 0.052950910093767234, "csscore_t": 0.9111969111969112, "teamgold_t": 66.84390512961942, "vision_score_t": 1.023082257777072, "wards_placed_t": 0.06674020959735245, "gold_graph_diffs_t": 15.051296194153338}