{"id": "EUN1_3588033228", "lvl": 3600, "literal level": "MASTER 0 lp", "time": 2643, "solokills_t": 0.0056753688989784334, "kills_t": 0.03859250851305335, "kp": 0.5536388140161725, "deaths_t": 0.03897086643965191, "assists_t": 0.0681044267877412, "csscore_t": 0.7419598940597806, "teamgold_t": 66.90730230798336, "vision_score_t": 1.118820420407389, "wards_placed_t": 0.0771850170261067, "gold_graph_diffs_t": 14.780930760499432}