{"id": "EUN1_3579633122", "lvl": 3700, "literal level": "MASTER 100 lp", "time": 2064, "solokills_t": 0.012112403100775194, "kills_t": 0.05232558139534884, "kp": 0.48509166378415775, "deaths_t": 0.05232558139534884, "assists_t": 0.07655038759689922, "csscore_t": 0.8231589147286822, "teamgold_t": 75.06395348837209, "vision_score_t": 1.0067521003575526, "wards_placed_t": 0.0755813953488372, "gold_graph_diffs_t": 19.733527131782946}