{"id": "EUN1_3568935994", "lvl": 3400, "literal level": "MASTER 200 lp", "time": 2098, "solokills_t": 0.008102955195424213, "kills_t": 0.03622497616777884, "kp": 0.4852777777777778, "deaths_t": 0.03622497616777884, "assists_t": 0.051954242135367014, "csscore_t": 0.9308865586272641, "teamgold_t": 72.71258341277407, "vision_score_t": 1.1361589037992217, "wards_placed_t": 0.0667302192564347, "gold_graph_diffs_t": 17.545757864632982}