{"id": "EUN1_3586071443", "lvl": 3700, "literal level": "MASTER 100 lp", "time": 1234, "solokills_t": 0.011345218800648298, "kills_t": 0.03403565640194489, "kp": 0.42677345537757433, "deaths_t": 0.03403565640194489, "assists_t": 0.03970826580226904, "csscore_t": 0.953808752025932, "teamgold_t": 68.13047001620745, "vision_score_t": 0.9797754615705628, "wards_placed_t": 0.07455429497568881, "gold_graph_diffs_t": 11.799837925445704}