{"id": "EUN1_3569402029", "lvl": 3300, "literal level": "MASTER 100 lp", "time": 1470, "solokills_t": 0.004081632653061225, "kills_t": 0.03877551020408163, "kp": 0.5212987012987013, "deaths_t": 0.03877551020408163, "assists_t": 0.061224489795918366, "csscore_t": 0.9428571428571428, "teamgold_t": 71.85918367346939, "vision_score_t": 0.9444503125781802, "wards_placed_t": 0.07482993197278912, "gold_graph_diffs_t": 13.865986394557822}