{"id": "EUN1_3578997046", "lvl": 3600, "literal level": "MASTER 0 lp", "time": 923, "solokills_t": 0.004333694474539545, "kills_t": 0.02275189599133261, "kp": 0.4867647058823529, "deaths_t": 0.02275189599133261, "assists_t": 0.028169014084507043, "csscore_t": 1.018418201516793, "teamgold_t": 62.67280606717227, "vision_score_t": 0.6966866291356084, "wards_placed_t": 0.05308775731310943, "gold_graph_diffs_t": 10.14192849404117}