{"id": "EUN1_3576826211", "lvl": 3600, "literal level": "MASTER 0 lp", "time": 1172, "solokills_t": 0.008532423208191127, "kills_t": 0.029863481228668942, "kp": 0.3931034482758621, "deaths_t": 0.029863481228668942, "assists_t": 0.028156996587030716, "csscore_t": 1.0051194539249146, "teamgold_t": 64.47610921501706, "vision_score_t": 0.8986070962851664, "wards_placed_t": 0.06569965870307168, "gold_graph_diffs_t": 14.353242320819113}