{"id": "EUN1_3568566990", "lvl": 3100, "literal level": "MASTER 300 lp", "time": 1445, "solokills_t": 0.007612456747404845, "kills_t": 0.04083044982698962, "kp": 0.49924812030075183, "deaths_t": 0.04083044982698962, "assists_t": 0.060207612456747404, "csscore_t": 0.8152249134948096, "teamgold_t": 67.49411764705883, "vision_score_t": 0.9864488888688999, "wards_placed_t": 0.06643598615916955, "gold_graph_diffs_t": 11.97439446366782}