{"id": "EUN1_3588227161", "lvl": 3500, "literal level": "MASTER 300 lp", "time": 1212, "solokills_t": 0.014026402640264026, "kills_t": 0.04537953795379538, "kp": 0.4592334494773519, "deaths_t": 0.04537953795379538, "assists_t": 0.04950495049504951, "csscore_t": 0.9224422442244224, "teamgold_t": 72.70132013201321, "vision_score_t": 0.8951045898970709, "wards_placed_t": 0.06765676567656766, "gold_graph_diffs_t": 12.353135313531354}