{"id": "EUN1_3586547334", "lvl": 3600, "literal level": "MASTER 0 lp", "time": 1651, "solokills_t": 0.012113870381586917, "kills_t": 0.04118715929739552, "kp": 0.43035714285714277, "deaths_t": 0.04118715929739552, "assists_t": 0.049061175045427015, "csscore_t": 0.9945487583282859, "teamgold_t": 75.79527559055119, "vision_score_t": 0.9257728607812703, "wards_placed_t": 0.07450030284675954, "gold_graph_diffs_t": 13.893397940642036}