{"id": "EUN1_3566047815", "lvl": 3400, "literal level": "MASTER 200 lp", "time": 1170, "solokills_t": 0.003418803418803419, "kills_t": 0.03247863247863248, "kp": 0.48071428571428576, "deaths_t": 0.03247863247863248, "assists_t": 0.04871794871794872, "csscore_t": 0.9478632478632478, "teamgold_t": 68.83162393162394, "vision_score_t": 0.8809979408756545, "wards_placed_t": 0.06581196581196581, "gold_graph_diffs_t": 15.137606837606837}