{"id": "EUN1_3555742660", "lvl": 3200, "literal level": "MASTER 0 lp", "time": 538, "solokills_t": 0.0055762081784386614, "kills_t": 0.013011152416356878, "kp": 0.31666666666666665, "deaths_t": 0.013011152416356878, "assists_t": 0.007434944237918215, "csscore_t": 0.8977695167286245, "teamgold_t": 54.24349442379182, "vision_score_t": 0.5058152797145059, "wards_placed_t": 0.04460966542750929, "gold_graph_diffs_t": 7.815985130111524}