{"id": "EUN1_3567013922", "lvl": 3100, "literal level": "MASTER 300 lp", "time": 1814, "solokills_t": 0.0033076074972436605, "kills_t": 0.020948180815876516, "kp": 0.5089230769230768, "deaths_t": 0.020948180815876516, "assists_t": 0.030871003307607496, "csscore_t": 0.9884233737596472, "teamgold_t": 62.96857772877618, "vision_score_t": 0.9660470801770892, "wards_placed_t": 0.07552370452039692, "gold_graph_diffs_t": 11.878169790518191}