{"id": "EUN1_3587282826", "lvl": 3600, "literal level": "MASTER 0 lp", "time": 1419, "solokills_t": 0.0021141649048625794, "kills_t": 0.035236081747709654, "kp": 0.5514285714285714, "deaths_t": 0.035236081747709654, "assists_t": 0.058491895701198025, "csscore_t": 0.9774489076814659, "teamgold_t": 70.74418604651163, "vision_score_t": 1.1590614537738098, "wards_placed_t": 0.07822410147991543, "gold_graph_diffs_t": 15.453136011275546}