{"id": "EUN1_3583349372", "lvl": 3400, "literal level": "MASTER 200 lp", "time": 1460, "solokills_t": 0.009589041095890411, "kills_t": 0.04246575342465753, "kp": 0.46068181818181814, "deaths_t": 0.04246575342465753, "assists_t": 0.05684931506849315, "csscore_t": 0.9198630136986301, "teamgold_t": 72.2568493150685, "vision_score_t": 0.8756904461464001, "wards_placed_t": 0.06643835616438357, "gold_graph_diffs_t": 13.886986301369863}