{"id": "EUN1_3578426771", "lvl": 3400, "literal level": "MASTER 200 lp", "time": 2163, "solokills_t": 0.006010171058714748, "kills_t": 0.033287101248266296, "kp": 0.5585185185185186, "deaths_t": 0.033287101248266296, "assists_t": 0.05917706888580675, "csscore_t": 0.9348127600554785, "teamgold_t": 71.82616736014795, "vision_score_t": 1.1192621450166071, "wards_placed_t": 0.07027276930189552, "gold_graph_diffs_t": 16.36800739713361}