{"id": "EUN1_3550332508", "lvl": 3100, "literal level": "MASTER 300 lp", "time": 1463, "solokills_t": 0.01572112098427888, "kills_t": 0.03144224196855776, "kp": 0.3594320486815416, "deaths_t": 0.03144224196855776, "assists_t": 0.028708133971291867, "csscore_t": 0.8851674641148325, "teamgold_t": 63.67395762132604, "vision_score_t": 0.8552534859161879, "wards_placed_t": 0.06425153793574846, "gold_graph_diffs_t": 12.291866028708133}