{"id": "EUN1_3554382164", "lvl": 3000, "literal level": "MASTER 200 lp", "time": 1719, "solokills_t": 0.0075625363583478765, "kills_t": 0.030250145433391506, "kp": 0.4726574500768049, "deaths_t": 0.030250145433391506, "assists_t": 0.04363001745200698, "csscore_t": 0.878999418266434, "teamgold_t": 66.20709714950553, "vision_score_t": 0.9639430124860272, "wards_placed_t": 0.06399069226294357, "gold_graph_diffs_t": 11.690517742873764}