{"id": "EUN1_3568948043", "lvl": 3400, "literal level": "MASTER 200 lp", "time": 1324, "solokills_t": 0.0037764350453172208, "kills_t": 0.04682779456193353, "kp": 0.5259090909090909, "deaths_t": 0.04682779456193353, "assists_t": 0.07250755287009064, "csscore_t": 0.9305135951661632, "teamgold_t": 78.13897280966768, "vision_score_t": 0.8139998963751456, "wards_placed_t": 0.052870090634441085, "gold_graph_diffs_t": 14.060422960725075}