{"id": "EUN1_3580728129", "lvl": 3400, "literal level": "MASTER 200 lp", "time": 2252, "solokills_t": 0.003108348134991119, "kills_t": 0.02975133214920071, "kp": 0.5590476190476191, "deaths_t": 0.02975133214920071, "assists_t": 0.0563943161634103, "csscore_t": 0.9484902309058615, "teamgold_t": 68.83081705150977, "vision_score_t": 1.1840629562477853, "wards_placed_t": 0.08348134991119005, "gold_graph_diffs_t": 12.462255772646536}