{"id": "EUN1_3582034354", "lvl": 3400, "literal level": "MASTER 200 lp", "time": 1743, "solokills_t": 0.010327022375215147, "kills_t": 0.04360298336201951, "kp": 0.4575190575190575, "deaths_t": 0.04360298336201951, "assists_t": 0.05622489959839357, "csscore_t": 0.8175559380378657, "teamgold_t": 67.23235800344234, "vision_score_t": 0.8710310333711355, "wards_placed_t": 0.05966724039013196, "gold_graph_diffs_t": 11.816408491107286}