{"id": "EUN1_3583635349", "lvl": 3400, "literal level": "MASTER 200 lp", "time": 1632, "solokills_t": 0.00857843137254902, "kills_t": 0.03431372549019608, "kp": 0.4494444444444444, "deaths_t": 0.03431372549019608, "assists_t": 0.042279411764705885, "csscore_t": 0.9693627450980392, "teamgold_t": 70.06004901960785, "vision_score_t": 0.779754077929323, "wards_placed_t": 0.05269607843137255, "gold_graph_diffs_t": 14.370098039215685}