{"id": "EUN1_3565220143", "lvl": 3200, "literal level": "MASTER 0 lp", "time": 1185, "solokills_t": 0.015189873417721518, "kills_t": 0.05232067510548523, "kp": 0.39012775842044134, "deaths_t": 0.053164556962025315, "assists_t": 0.04810126582278481, "csscore_t": 0.8202531645569621, "teamgold_t": 74.04050632911392, "vision_score_t": 0.88241850231776, "wards_placed_t": 0.06160337552742616, "gold_graph_diffs_t": 11.061603375527426}