{"id": "EUN1_3589184104", "lvl": 3600, "literal level": "MASTER 0 lp", "time": 1817, "solokills_t": 0.008805723720418272, "kills_t": 0.03632361034672537, "kp": 0.49269841269841264, "deaths_t": 0.03632361034672537, "assists_t": 0.051733626857457346, "csscore_t": 0.8436984039625757, "teamgold_t": 65.67473858007705, "vision_score_t": 1.0449551748532266, "wards_placed_t": 0.05613648871766648, "gold_graph_diffs_t": 14.699504678040727}