{"id": "EUN1_3585531090", "lvl": 3800, "literal level": "MASTER 200 lp", "time": 1994, "solokills_t": 0.007522567703109328, "kills_t": 0.03460381143430291, "kp": 0.5420608108108109, "deaths_t": 0.03510531594784353, "assists_t": 0.06018054162487462, "csscore_t": 0.8691073219658977, "teamgold_t": 67.52607823470412, "vision_score_t": 1.1633072676323417, "wards_placed_t": 0.07973921765295888, "gold_graph_diffs_t": 16.050651955867604}