{"id": "EUN1_3581946194", "lvl": 3600, "literal level": "MASTER 0 lp", "time": 1864, "solokills_t": 0.006974248927038627, "kills_t": 0.03648068669527897, "kp": 0.521875, "deaths_t": 0.03648068669527897, "assists_t": 0.05954935622317597, "csscore_t": 0.9340128755364807, "teamgold_t": 72.01877682403433, "vision_score_t": 0.9144331004514719, "wards_placed_t": 0.06437768240343347, "gold_graph_diffs_t": 13.898605150214593}