{"id": "EUN1_3570545585", "lvl": 3400, "literal level": "MASTER 200 lp", "time": 1405, "solokills_t": 0.011387900355871887, "kills_t": 0.030604982206405694, "kp": 0.353448275862069, "deaths_t": 0.030604982206405694, "assists_t": 0.026334519572953737, "csscore_t": 0.9701067615658363, "teamgold_t": 67.10747330960854, "vision_score_t": 0.9243649156160372, "wards_placed_t": 0.06192170818505338, "gold_graph_diffs_t": 14.612099644128113}