{"id": "EUN1_3578499871", "lvl": 3500, "literal level": "MASTER 300 lp", "time": 945, "solokills_t": 0.006349206349206349, "kills_t": 0.02328042328042328, "kp": 0.4, "deaths_t": 0.02328042328042328, "assists_t": 0.02328042328042328, "csscore_t": 0.9947089947089947, "teamgold_t": 62.01375661375661, "vision_score_t": 0.8471947562759139, "wards_placed_t": 0.06455026455026455, "gold_graph_diffs_t": 5.6116402116402115}