{"id": "EUN1_3562520418", "lvl": 3000, "literal level": "MASTER 200 lp", "time": 1487, "solokills_t": 0.006724949562878279, "kills_t": 0.03900470746469401, "kp": 0.4882352941176471, "deaths_t": 0.03900470746469401, "assists_t": 0.05581708137188971, "csscore_t": 0.83591123066577, "teamgold_t": 71.93275050437121, "vision_score_t": 0.9725101931046005, "wards_placed_t": 0.06321452589105582, "gold_graph_diffs_t": 13.854741089441829}