{"id": "EUN1_3586174010", "lvl": 3800, "literal level": "MASTER 200 lp", "time": 1361, "solokills_t": 0.005143277002204262, "kills_t": 0.030124908155767818, "kp": 0.5480645161290323, "deaths_t": 0.030124908155767818, "assists_t": 0.04996326230712711, "csscore_t": 0.9015429831006613, "teamgold_t": 63.99632623071271, "vision_score_t": 0.9484446224941747, "wards_placed_t": 0.07200587803085966, "gold_graph_diffs_t": 13.05584129316679}