{"id": "EUN1_3581367840", "lvl": 3700, "literal level": "MASTER 100 lp", "time": 1036, "solokills_t": 0.009652509652509652, "kills_t": 0.04054054054054054, "kp": 0.41034482758620694, "deaths_t": 0.041505791505791506, "assists_t": 0.04343629343629344, "csscore_t": 0.946911196911197, "teamgold_t": 71.36969111969113, "vision_score_t": 0.7280028529714596, "wards_placed_t": 0.05501930501930502, "gold_graph_diffs_t": 16.935328185328185}