{"id": "EUN1_3566589400", "lvl": 3000, "literal level": "MASTER 200 lp", "time": 1866, "solokills_t": 0.0053590568060021436, "kills_t": 0.03751339764201501, "kp": 0.5369047619047619, "deaths_t": 0.03751339764201501, "assists_t": 0.06484458735262594, "csscore_t": 0.8456591639871383, "teamgold_t": 69.98338692390139, "vision_score_t": 0.9921378969539049, "wards_placed_t": 0.06484458735262594, "gold_graph_diffs_t": 11.772240085744908}