{"id": "EUN1_3583418083", "lvl": 3200, "literal level": "MASTER 0 lp", "time": 2681, "solokills_t": 0.008205893323386795, "kills_t": 0.04289444237224916, "kp": 0.5111010284331519, "deaths_t": 0.04289444237224916, "assists_t": 0.06676613204028348, "csscore_t": 0.6941439761283104, "teamgold_t": 68.76725102573667, "vision_score_t": 0.869034510316048, "wards_placed_t": 0.0566952629615815, "gold_graph_diffs_t": 14.140619171950764}