{"id": "EUN1_3581293148", "lvl": 3700, "literal level": "MASTER 100 lp", "time": 1717, "solokills_t": 0.007571345369831101, "kills_t": 0.035527082119976704, "kp": 0.4917211328976035, "deaths_t": 0.035527082119976704, "assists_t": 0.050669772859638904, "csscore_t": 0.9458357600465929, "teamgold_t": 70.66161910308678, "vision_score_t": 0.9405588561398901, "wards_placed_t": 0.06523005241700641, "gold_graph_diffs_t": 14.451951077460688}