{"id": "EUN1_3563781163", "lvl": 3200, "literal level": "MASTER 0 lp", "time": 1422, "solokills_t": 0.008438818565400843, "kills_t": 0.035161744022503515, "kp": 0.4699490662139219, "deaths_t": 0.035161744022503515, "assists_t": 0.046413502109704644, "csscore_t": 0.9507735583684951, "teamgold_t": 68.55907172995781, "vision_score_t": 1.0420890380026921, "wards_placed_t": 0.0710267229254571, "gold_graph_diffs_t": 12.478902953586498}