{"id": "EUN1_3586461243", "lvl": 3600, "literal level": "MASTER 0 lp", "time": 1484, "solokills_t": 0.0047169811320754715, "kills_t": 0.03773584905660377, "kp": 0.5279314888010541, "deaths_t": 0.03773584905660377, "assists_t": 0.06266846361185983, "csscore_t": 0.8490566037735849, "teamgold_t": 68.19878706199461, "vision_score_t": 0.9612148981777768, "wards_placed_t": 0.06199460916442048, "gold_graph_diffs_t": 13.378032345013477}