{"id": "EUN1_3585932052", "lvl": 3800, "literal level": "MASTER 200 lp", "time": 1860, "solokills_t": 0.001075268817204301, "kills_t": 0.026881720430107527, "kp": 0.6067736185383245, "deaths_t": 0.026881720430107527, "assists_t": 0.05698924731182796, "csscore_t": 0.878494623655914, "teamgold_t": 63.373655913978496, "vision_score_t": 1.0547561176029727, "wards_placed_t": 0.07956989247311828, "gold_graph_diffs_t": 10.359677419354838}