{"id": "EUN1_3553186262", "lvl": 3200, "literal level": "MASTER 0 lp", "time": 1494, "solokills_t": 0.0013386880856760374, "kills_t": 0.02744310575635877, "kp": 0.5314814814814816, "deaths_t": 0.02744310575635877, "assists_t": 0.04685408299866131, "csscore_t": 0.9866131191432396, "teamgold_t": 66.7095046854083, "vision_score_t": 0.9785865172483016, "wards_placed_t": 0.06894243641231593, "gold_graph_diffs_t": 13.957161981258366}