{"id": "EUN1_3580393964", "lvl": 3500, "literal level": "MASTER 300 lp", "time": 1571, "solokills_t": 0.005092297899427116, "kills_t": 0.041374920432845325, "kp": 0.5342857142857143, "deaths_t": 0.041374920432845325, "assists_t": 0.06874602164226608, "csscore_t": 0.83004455760662, "teamgold_t": 70.42011457670274, "vision_score_t": 1.0445490326886628, "wards_placed_t": 0.06874602164226608, "gold_graph_diffs_t": 18.858052196053467}