{"id": "EUN1_3552840795", "lvl": 3400, "literal level": "MASTER 200 lp", "time": 1432, "solokills_t": 0.004888268156424581, "kills_t": 0.03910614525139665, "kp": 0.5305555555555557, "deaths_t": 0.03910614525139665, "assists_t": 0.06634078212290503, "csscore_t": 0.9434357541899442, "teamgold_t": 71.1731843575419, "vision_score_t": 1.0443396321456304, "wards_placed_t": 0.07541899441340782, "gold_graph_diffs_t": 12.849162011173185}