{"id": "EUN1_3583983583", "lvl": 3400, "literal level": "MASTER 200 lp", "time": 1868, "solokills_t": 0.009635974304068522, "kills_t": 0.04229122055674518, "kp": 0.4827956989247311, "deaths_t": 0.04229122055674518, "assists_t": 0.06209850107066381, "csscore_t": 0.841541755888651, "teamgold_t": 69.48340471092077, "vision_score_t": 0.9734076058583623, "wards_placed_t": 0.06745182012847965, "gold_graph_diffs_t": 13.85813704496788}