{"id": "EUN1_3566202744", "lvl": 3200, "literal level": "MASTER 0 lp", "time": 1464, "solokills_t": 0.012295081967213115, "kills_t": 0.03825136612021858, "kp": 0.3903469079939668, "deaths_t": 0.03825136612021858, "assists_t": 0.040983606557377046, "csscore_t": 0.9050546448087432, "teamgold_t": 67.79986338797814, "vision_score_t": 0.7422625922153276, "wards_placed_t": 0.05327868852459016, "gold_graph_diffs_t": 12.273907103825136}