{"id": "EUN1_3568137798", "lvl": 3700, "literal level": "MASTER 100 lp", "time": 1668, "solokills_t": 0.005995203836930456, "kills_t": 0.03717026378896882, "kp": 0.5480952380952382, "deaths_t": 0.03717026378896882, "assists_t": 0.06654676258992806, "csscore_t": 0.8663069544364509, "teamgold_t": 68.39808153477219, "vision_score_t": 1.1731611777272586, "wards_placed_t": 0.0737410071942446, "gold_graph_diffs_t": 14.292565947242206}