{"id": "EUN1_3578898747", "lvl": 3500, "literal level": "MASTER 300 lp", "time": 2187, "solokills_t": 0.00594421582075903, "kills_t": 0.025148605395518976, "kp": 0.4843567251461988, "deaths_t": 0.025148605395518976, "assists_t": 0.03657978966620942, "csscore_t": 1.0013717421124828, "teamgold_t": 66.91083676268862, "vision_score_t": 1.054509894793533, "wards_placed_t": 0.06721536351165981, "gold_graph_diffs_t": 13.112025605852766}