{"id": "EUN1_3576863275", "lvl": 3500, "literal level": "MASTER 300 lp", "time": 1006, "solokills_t": 0.007952286282306162, "kills_t": 0.027833001988071572, "kp": 0.41, "deaths_t": 0.027833001988071572, "assists_t": 0.02882703777335984, "csscore_t": 0.9055666003976143, "teamgold_t": 60.07455268389662, "vision_score_t": 0.8269781900893847, "wards_placed_t": 0.05964214711729622, "gold_graph_diffs_t": 8.64910536779324}