{"id": "EUN1_3566844985", "lvl": 3100, "literal level": "MASTER 300 lp", "time": 2126, "solokills_t": 0.0018814675446848542, "kills_t": 0.030103480714957668, "kp": 0.6212550607287449, "deaths_t": 0.030103480714957668, "assists_t": 0.06444026340545625, "csscore_t": 0.909689557855127, "teamgold_t": 68.46707431796801, "vision_score_t": 1.0900964512151252, "wards_placed_t": 0.06820319849482596, "gold_graph_diffs_t": 11.549858889934148}