{"id": "EUN1_3573224860", "lvl": 3800, "literal level": "MASTER 200 lp", "time": 1260, "solokills_t": 0.010317460317460317, "kills_t": 0.04365079365079365, "kp": 0.43666666666666665, "deaths_t": 0.044444444444444446, "assists_t": 0.05396825396825397, "csscore_t": 0.8746031746031746, "teamgold_t": 70.98333333333333, "vision_score_t": 0.8315568786829666, "wards_placed_t": 0.05873015873015873, "gold_graph_diffs_t": 16.521428571428572}