{"id": "EUN1_3586226306", "lvl": 3800, "literal level": "MASTER 200 lp", "time": 749, "solokills_t": 0.006675567423230975, "kills_t": 0.014686248331108143, "kp": 0.37, "deaths_t": 0.014686248331108143, "assists_t": 0.010680907877169559, "csscore_t": 1.0080106809078773, "teamgold_t": 58.249666221628836, "vision_score_t": 0.6553570918491289, "wards_placed_t": 0.04806408544726302, "gold_graph_diffs_t": 12.257676902536716}