{"id": "EUN1_3585473335", "lvl": 3700, "literal level": "MASTER 100 lp", "time": 1748, "solokills_t": 0.008009153318077803, "kills_t": 0.039473684210526314, "kp": 0.5553846153846155, "deaths_t": 0.04004576659038902, "assists_t": 0.07036613272311212, "csscore_t": 0.8455377574370709, "teamgold_t": 68.88901601830663, "vision_score_t": 1.0431212880952139, "wards_placed_t": 0.06350114416475973, "gold_graph_diffs_t": 14.5675057208238}