{"id": "EUN1_3588194484", "lvl": 3500, "literal level": "MASTER 300 lp", "time": 1161, "solokills_t": 0.004306632213608958, "kills_t": 0.02756244616709733, "kp": 0.4545454545454545, "deaths_t": 0.02756244616709733, "assists_t": 0.03789836347975883, "csscore_t": 1.0499569336778638, "teamgold_t": 65.12403100775194, "vision_score_t": 0.9310577284657062, "wards_placed_t": 0.0611541774332472, "gold_graph_diffs_t": 9.511627906976743}