{"id": "EUN1_3582376927", "lvl": 3800, "literal level": "MASTER 200 lp", "time": 2102, "solokills_t": 0.008087535680304472, "kills_t": 0.04519505233111323, "kp": 0.5173524150268336, "deaths_t": 0.04519505233111323, "assists_t": 0.07183634633682208, "csscore_t": 0.8725023786869648, "teamgold_t": 74.24262607040913, "vision_score_t": 1.0204171851821742, "wards_placed_t": 0.06279733587059944, "gold_graph_diffs_t": 20.49476688867745}