{"id": "EUN1_3553427515", "lvl": 3100, "literal level": "MASTER 300 lp", "time": 1641, "solokills_t": 0.004875076173065204, "kills_t": 0.029250457038391225, "kp": 0.509375, "deaths_t": 0.029250457038391225, "assists_t": 0.04509445460085314, "csscore_t": 0.9780621572212066, "teamgold_t": 65.01035953686777, "vision_score_t": 0.9851178066452111, "wards_placed_t": 0.07068860450944546, "gold_graph_diffs_t": 12.614259597806216}