{"id": "EUN1_3583957447", "lvl": 3100, "literal level": "MASTER 300 lp", "time": 1382, "solokills_t": 0.013024602026049204, "kills_t": 0.03979739507959479, "kp": 0.4166666666666667, "deaths_t": 0.04052098408104197, "assists_t": 0.04341534008683068, "csscore_t": 0.8878437047756874, "teamgold_t": 69.95947901591896, "vision_score_t": 1.0823179922587054, "wards_placed_t": 0.0694645441389291, "gold_graph_diffs_t": 18.350217076700435}