{"id": "EUN1_3572041541", "lvl": 3500, "literal level": "MASTER 300 lp", "time": 1790, "solokills_t": 0.008938547486033519, "kills_t": 0.03407821229050279, "kp": 0.46850649350649365, "deaths_t": 0.03407821229050279, "assists_t": 0.04581005586592179, "csscore_t": 0.8927374301675978, "teamgold_t": 67.66703910614525, "vision_score_t": 1.1089475074867348, "wards_placed_t": 0.07150837988826815, "gold_graph_diffs_t": 13.925139664804469}