{"id": "EUN1_3586294327", "lvl": 3600, "literal level": "MASTER 0 lp", "time": 1916, "solokills_t": 0.007306889352818371, "kills_t": 0.029227557411273485, "kp": 0.4507823613086771, "deaths_t": 0.029227557411273485, "assists_t": 0.037056367432150315, "csscore_t": 0.9650313152400835, "teamgold_t": 67.77818371607516, "vision_score_t": 1.1270140566947604, "wards_placed_t": 0.08298538622129437, "gold_graph_diffs_t": 13.548538622129437}