{"id": "EUN1_3581394125", "lvl": 3400, "literal level": "MASTER 200 lp", "time": 1295, "solokills_t": 0.010810810810810811, "kills_t": 0.037065637065637064, "kp": 0.376890756302521, "deaths_t": 0.037065637065637064, "assists_t": 0.033204633204633204, "csscore_t": 0.9281853281853282, "teamgold_t": 64.72355212355212, "vision_score_t": 1.0358945472540029, "wards_placed_t": 0.07722007722007722, "gold_graph_diffs_t": 14.045559845559845}