{"id": "EUN1_3550833366", "lvl": 1300, "literal level": "GOLD III", "time": 1926, "solokills_t": 0.007268951194184839, "kills_t": 0.03426791277258567, "kp": 0.4477443609022556, "deaths_t": 0.03426791277258567, "assists_t": 0.04257528556593977, "csscore_t": 0.8130841121495327, "teamgold_t": 65.16718587746625, "vision_score_t": 0.7928825524966994, "wards_placed_t": 0.04984423676012461, "gold_graph_diffs_t": 13.061266874350986}