{"id": "EUN1_3543657898", "lvl": 1200, "literal level": "GOLD IV", "time": 1802, "solokills_t": 0.010543840177580466, "kills_t": 0.048834628190899, "kp": 0.43568376068376063, "deaths_t": 0.049389567147613764, "assists_t": 0.05715871254162042, "csscore_t": 0.7042175360710322, "teamgold_t": 69.80299667036626, "vision_score_t": 0.7003806444502462, "wards_placed_t": 0.04716981132075472, "gold_graph_diffs_t": 13.682019977802442}