{"id": "EUN1_3571657800", "lvl": 1100, "literal level": "SILVER I", "time": 1236, "solokills_t": 0.013754045307443365, "kills_t": 0.03640776699029126, "kp": 0.38433179723502303, "deaths_t": 0.03640776699029126, "assists_t": 0.03640776699029126, "csscore_t": 0.779126213592233, "teamgold_t": 62.85032362459547, "vision_score_t": 0.8681790082074784, "wards_placed_t": 0.05906148867313916, "gold_graph_diffs_t": 12.214401294498382}