{"id": "EUN1_3578021095", "lvl": 1400, "literal level": "GOLD II", "time": 1680, "solokills_t": 0.006547619047619048, "kills_t": 0.03214285714285714, "kp": 0.523809523809524, "deaths_t": 0.03214285714285714, "assists_t": 0.05, "csscore_t": 0.8, "teamgold_t": 62.10059523809524, "vision_score_t": 0.7719017991032635, "wards_placed_t": 0.058333333333333334, "gold_graph_diffs_t": 15.264880952380953}