{"id": "EUN1_3561958353", "lvl": 1200, "literal level": "GOLD IV", "time": 1338, "solokills_t": 0.009715994020926755, "kills_t": 0.03662182361733931, "kp": 0.4558712121212121, "deaths_t": 0.03662182361733931, "assists_t": 0.04484304932735426, "csscore_t": 0.7615844544095666, "teamgold_t": 65.60014947683109, "vision_score_t": 0.8149086029210206, "wards_placed_t": 0.06053811659192825, "gold_graph_diffs_t": 11.556801195814648}