{"id": "EUN1_3559680760", "lvl": 1000, "literal level": "SILVER II", "time": 1786, "solokills_t": 0.006159014557670772, "kills_t": 0.03303471444568869, "kp": 0.41466165413533834, "deaths_t": 0.03303471444568869, "assists_t": 0.037513997760358346, "csscore_t": 0.7015677491601344, "teamgold_t": 60.68029115341545, "vision_score_t": 0.9500481813314015, "wards_placed_t": 0.06326987681970885, "gold_graph_diffs_t": 13.059910414333707}