{"id": "EUN1_3573343549", "lvl": 1300, "literal level": "GOLD III", "time": 1840, "solokills_t": 0.00923913043478261, "kills_t": 0.041304347826086954, "kp": 0.49635854341736696, "deaths_t": 0.041304347826086954, "assists_t": 0.06086956521739131, "csscore_t": 0.782608695652174, "teamgold_t": 69.05978260869566, "vision_score_t": 0.9286460898246712, "wards_placed_t": 0.0625, "gold_graph_diffs_t": 17.25}