{"id": "EUN1_3579343861", "lvl": 1500, "literal level": "GOLD I", "time": 1752, "solokills_t": 0.007990867579908675, "kills_t": 0.045662100456621, "kp": 0.49142488716956806, "deaths_t": 0.045662100456621, "assists_t": 0.0684931506849315, "csscore_t": 0.7157534246575342, "teamgold_t": 67.33162100456622, "vision_score_t": 0.9043869904964235, "wards_placed_t": 0.06164383561643835, "gold_graph_diffs_t": 14.467465753424657}