{"id": "EUN1_3581571679", "lvl": 1300, "literal level": "GOLD III", "time": 2129, "solokills_t": 0.0061061531235321745, "kills_t": 0.028182245185533115, "kp": 0.5062857142857142, "deaths_t": 0.028182245185533115, "assists_t": 0.042273367778299674, "csscore_t": 0.7891028651949272, "teamgold_t": 61.68294974166275, "vision_score_t": 0.7970880182351564, "wards_placed_t": 0.055894786284640674, "gold_graph_diffs_t": 12.80366369187412}