{"id": "EUN1_3549915089", "lvl": 1100, "literal level": "SILVER I", "time": 1486, "solokills_t": 0.008748317631224764, "kills_t": 0.04845222072678331, "kp": 0.43621621621621626, "deaths_t": 0.04845222072678331, "assists_t": 0.05720053835800808, "csscore_t": 0.784656796769852, "teamgold_t": 70.54508748317632, "vision_score_t": 0.7552533743112223, "wards_placed_t": 0.059892328398384924, "gold_graph_diffs_t": 13.477792732166892}