{"id": "EUN1_3559866748", "lvl": 1000, "literal level": "SILVER II", "time": 1991, "solokills_t": 0.01607232546459066, "kills_t": 0.050728277247614265, "kp": 0.427276295133438, "deaths_t": 0.051230537418382724, "assists_t": 0.057759919638372674, "csscore_t": 0.6745354093420391, "teamgold_t": 73.6815670517328, "vision_score_t": 1.0579249796709798, "wards_placed_t": 0.08437970868910095, "gold_graph_diffs_t": 15.082872928176796}