{"id": "EUN1_3566975735", "lvl": 900, "literal level": "SILVER III", "time": 1144, "solokills_t": 0.008741258741258742, "kills_t": 0.04108391608391608, "kp": 0.4193548387096775, "deaths_t": 0.04108391608391608, "assists_t": 0.04632867132867133, "csscore_t": 0.7473776223776224, "teamgold_t": 65.04632867132867, "vision_score_t": 0.5888208796434551, "wards_placed_t": 0.0472027972027972, "gold_graph_diffs_t": 12.186188811188812}