{"id": "EUN1_3576015254", "lvl": 1100, "literal level": "SILVER I", "time": 1710, "solokills_t": 0.005263157894736842, "kills_t": 0.03567251461988304, "kp": 0.5260975609756098, "deaths_t": 0.03567251461988304, "assists_t": 0.05730994152046784, "csscore_t": 0.8058479532163743, "teamgold_t": 64.2701754385965, "vision_score_t": 0.8810634087553076, "wards_placed_t": 0.05380116959064327, "gold_graph_diffs_t": 13.863157894736842}