{"id": "EUN1_3534798468", "lvl": 1800, "literal level": "PLATINUM II", "time": 2441, "solokills_t": 0.008603031544448997, "kills_t": 0.04014748054076198, "kp": 0.48335472828412496, "deaths_t": 0.04055714870954527, "assists_t": 0.058172879967226546, "csscore_t": 0.7574764440802949, "teamgold_t": 67.99426464563703, "vision_score_t": 0.8197833899388461, "wards_placed_t": 0.05735354362965998, "gold_graph_diffs_t": 17.080704629250306}