{"id": "EUN1_3565690996", "lvl": 1800, "literal level": "PLATINUM II", "time": 1665, "solokills_t": 0.008408408408408409, "kills_t": 0.033633633633633635, "kp": 0.542273307790549, "deaths_t": 0.033633633633633635, "assists_t": 0.05765765765765766, "csscore_t": 0.818018018018018, "teamgold_t": 63.34294294294294, "vision_score_t": 0.8799412041459739, "wards_placed_t": 0.06366366366366366, "gold_graph_diffs_t": 10.079279279279278}