{"id": "EUN1_3554269473", "lvl": 1900, "literal level": "PLATINUM I", "time": 2369, "solokills_t": 0.0033769523005487546, "kills_t": 0.0375685943436049, "kp": 0.5535449735449735, "deaths_t": 0.0375685943436049, "assists_t": 0.06500633178556353, "csscore_t": 0.7522161249472351, "teamgold_t": 66.55128746306458, "vision_score_t": 0.9974914998872217, "wards_placed_t": 0.0666948079358379, "gold_graph_diffs_t": 15.350780920219503}