{"id": "EUN1_3534192912", "lvl": 1700, "literal level": "PLATINUM III", "time": 2398, "solokills_t": 0.009591326105087573, "kills_t": 0.040450375312760634, "kp": 0.4677002583979328, "deaths_t": 0.040450375312760634, "assists_t": 0.05462885738115096, "csscore_t": 0.8194328607172644, "teamgold_t": 69.11592994161802, "vision_score_t": 0.9090457608854244, "wards_placed_t": 0.06505421184320268, "gold_graph_diffs_t": 16.07089241034195}