{"id": "EUN1_3575106987", "lvl": 1300, "literal level": "GOLD III", "time": 1202, "solokills_t": 0.011647254575707155, "kills_t": 0.029118136439267885, "kp": 0.3666666666666667, "deaths_t": 0.029118136439267885, "assists_t": 0.024958402662229616, "csscore_t": 0.7670549084858569, "teamgold_t": 59.618136439267886, "vision_score_t": 0.788309322871125, "wards_placed_t": 0.06572379367720466, "gold_graph_diffs_t": 10.17720465890183}