{"id": "EUN1_3575052737", "lvl": 1400, "literal level": "GOLD II", "time": 2406, "solokills_t": 0.011221945137157107, "kills_t": 0.03574397339983375, "kp": 0.4432984004412576, "deaths_t": 0.03574397339983375, "assists_t": 0.042809642560266, "csscore_t": 0.7406483790523691, "teamgold_t": 65.24812967581047, "vision_score_t": 1.0825246389503032, "wards_placed_t": 0.07273482959268496, "gold_graph_diffs_t": 15.248960931005819}