{"id": "EUN1_3556372492", "lvl": 1400, "literal level": "GOLD II", "time": 2228, "solokills_t": 0.00718132854578097, "kills_t": 0.03321364452423698, "kp": 0.42745098039215684, "deaths_t": 0.03321364452423698, "assists_t": 0.03949730700179533, "csscore_t": 0.7692998204667864, "teamgold_t": 62.37208258527828, "vision_score_t": 1.0434549924837682, "wards_placed_t": 0.07675044883303411, "gold_graph_diffs_t": 12.68806104129264}