{"id": "EUN1_3550322699", "lvl": 1200, "literal level": "GOLD IV", "time": 2065, "solokills_t": 0.006295399515738499, "kills_t": 0.029055690072639227, "kp": 0.531924360400445, "deaths_t": 0.02953995157384988, "assists_t": 0.048426150121065374, "csscore_t": 0.8164648910411623, "teamgold_t": 61.42130750605327, "vision_score_t": 0.8426142412489532, "wards_placed_t": 0.06053268765133172, "gold_graph_diffs_t": 11.360290556900726}