{"id": "EUN1_3553843542", "lvl": 1000, "literal level": "SILVER II", "time": 1544, "solokills_t": 0.016191709844559584, "kills_t": 0.04987046632124352, "kp": 0.39642857142857146, "deaths_t": 0.04987046632124352, "assists_t": 0.04922279792746114, "csscore_t": 0.6923575129533679, "teamgold_t": 68.76683937823834, "vision_score_t": 0.773182024100672, "wards_placed_t": 0.05764248704663212, "gold_graph_diffs_t": 11.983160621761659}