{"id": "EUN1_3563617432", "lvl": 1000, "literal level": "SILVER II", "time": 1234, "solokills_t": 0.01539708265802269, "kills_t": 0.03403565640194489, "kp": 0.31785714285714284, "deaths_t": 0.03403565640194489, "assists_t": 0.022690437601296597, "csscore_t": 0.8460291734197731, "teamgold_t": 64.17990275526742, "vision_score_t": 0.8195126181140535, "wards_placed_t": 0.0640194489465154, "gold_graph_diffs_t": 14.419773095623986}