{"id": "EUN1_3550796635", "lvl": 1400, "literal level": "GOLD II", "time": 3087, "solokills_t": 0.012633624878522837, "kills_t": 0.03984450923226433, "kp": 0.4240084611316764, "deaths_t": 0.03984450923226433, "assists_t": 0.04470359572400389, "csscore_t": 0.7113702623906706, "teamgold_t": 67.70651117589892, "vision_score_t": 0.803008122155153, "wards_placed_t": 0.05604146420472951, "gold_graph_diffs_t": 14.881762228701005}