{"id": "EUN1_3558694732", "lvl": 1400, "literal level": "GOLD II", "time": 2582, "solokills_t": 0.008133230054221533, "kills_t": 0.04221533694810225, "kp": 0.4744897959183674, "deaths_t": 0.04221533694810225, "assists_t": 0.05848179705654531, "csscore_t": 0.7323780015491866, "teamgold_t": 67.07900852052673, "vision_score_t": 0.9878951919906506, "wards_placed_t": 0.07397366382649109, "gold_graph_diffs_t": 16.292021688613477}