{"id": "EUN1_3532709023", "lvl": 1200, "literal level": "GOLD IV", "time": 1460, "solokills_t": 0.010273972602739725, "kills_t": 0.03356164383561644, "kp": 0.42590090090090094, "deaths_t": 0.03356164383561644, "assists_t": 0.030136986301369864, "csscore_t": 0.7315068493150685, "teamgold_t": 62.6486301369863, "vision_score_t": 0.9506913185897374, "wards_placed_t": 0.0684931506849315, "gold_graph_diffs_t": 11.352739726027398}