{"id": "EUN1_3530700656", "lvl": 1700, "literal level": "PLATINUM III", "time": 2315, "solokills_t": 0.006047516198704104, "kills_t": 0.031101511879049675, "kp": 0.553405572755418, "deaths_t": 0.03153347732181425, "assists_t": 0.05572354211663067, "csscore_t": 0.7300215982721382, "teamgold_t": 63.207343412526996, "vision_score_t": 1.0842876139399074, "wards_placed_t": 0.07775377969762419, "gold_graph_diffs_t": 14.550755939524837}