{"id": "EUN1_3564335144", "lvl": 1600, "literal level": "PLATINUM IV", "time": 1700, "solokills_t": 0.007058823529411765, "kills_t": 0.027058823529411764, "kp": 0.4538011695906432, "deaths_t": 0.027058823529411764, "assists_t": 0.03411764705882353, "csscore_t": 0.8482352941176471, "teamgold_t": 61.64, "vision_score_t": 1.0884887656070643, "wards_placed_t": 0.07705882352941176, "gold_graph_diffs_t": 11.308235294117647}