{"id": "EUN1_3539916783", "lvl": 1100, "literal level": "SILVER I", "time": 1654, "solokills_t": 0.012696493349455865, "kills_t": 0.03688029020556227, "kp": 0.4217391304347826, "deaths_t": 0.03688029020556227, "assists_t": 0.03990326481257558, "csscore_t": 0.7750906892382105, "teamgold_t": 64.41837968561065, "vision_score_t": 0.7640983131721703, "wards_placed_t": 0.0562273276904474, "gold_graph_diffs_t": 11.853688029020557}