{"id": "EUN1_3567470338", "lvl": 900, "literal level": "SILVER III", "time": 2543, "solokills_t": 0.010224144710971293, "kills_t": 0.048368069209594966, "kp": 0.4764285714285714, "deaths_t": 0.048368069209594966, "assists_t": 0.06685017695635077, "csscore_t": 0.624852536374361, "teamgold_t": 67.43098702320094, "vision_score_t": 0.9395940070088482, "wards_placed_t": 0.06645694062131341, "gold_graph_diffs_t": 14.756193472276838}