{"id": "EUN1_3559539877", "lvl": 1400, "literal level": "GOLD II", "time": 1943, "solokills_t": 0.011322696860524962, "kills_t": 0.0391147709727226, "kp": 0.43690476190476185, "deaths_t": 0.03962943901183737, "assists_t": 0.04529078744209985, "csscore_t": 0.8095728255275347, "teamgold_t": 66.80185280494081, "vision_score_t": 0.7622146019475001, "wards_placed_t": 0.056098816263510036, "gold_graph_diffs_t": 13.402985074626866}