{"id": "EUN1_3558752456", "lvl": 1400, "literal level": "GOLD II", "time": 935, "solokills_t": 0.006417112299465241, "kills_t": 0.0213903743315508, "kp": 0.32857142857142857, "deaths_t": 0.0213903743315508, "assists_t": 0.014973262032085561, "csscore_t": 0.7422459893048128, "teamgold_t": 54.196791443850266, "vision_score_t": 0.7239908210150462, "wards_placed_t": 0.05668449197860963, "gold_graph_diffs_t": 8.245989304812834}