{"id": "EUN1_3537996270", "lvl": 1100, "literal level": "SILVER I", "time": 1218, "solokills_t": 0.007389162561576354, "kills_t": 0.03201970443349754, "kp": 0.4321052631578947, "deaths_t": 0.03201970443349754, "assists_t": 0.03694581280788178, "csscore_t": 0.7077175697865353, "teamgold_t": 61.364532019704434, "vision_score_t": 0.5085233748300394, "wards_placed_t": 0.04351395730706076, "gold_graph_diffs_t": 12.443349753694582}