{"id": "EUN1_3582470755", "lvl": 1600, "literal level": "PLATINUM IV", "time": 1614, "solokills_t": 0.010532837670384139, "kills_t": 0.03903345724907063, "kp": 0.4154233870967742, "deaths_t": 0.03903345724907063, "assists_t": 0.042131350681536554, "csscore_t": 0.8828996282527881, "teamgold_t": 70.06815365551425, "vision_score_t": 0.9345270286404027, "wards_placed_t": 0.06691449814126393, "gold_graph_diffs_t": 13.023543990086742}