{"id": "EUN1_3530657632", "lvl": 1800, "literal level": "PLATINUM II", "time": 1871, "solokills_t": 0.012827365045430252, "kills_t": 0.03848209513629075, "kp": 0.40232558139534885, "deaths_t": 0.03848209513629075, "assists_t": 0.039016568679850344, "csscore_t": 0.8284339925173704, "teamgold_t": 67.53233564938536, "vision_score_t": 1.0004191124291144, "wards_placed_t": 0.07268840192410475, "gold_graph_diffs_t": 10.949759486905398}