{"id": "EUN1_3553727592", "lvl": 1100, "literal level": "SILVER I", "time": 2097, "solokills_t": 0.01335240820219361, "kills_t": 0.04148783977110158, "kp": 0.4261904761904762, "deaths_t": 0.04196471149260849, "assists_t": 0.04721030042918455, "csscore_t": 0.8121125417262757, "teamgold_t": 68.41535526943252, "vision_score_t": 0.8956341328037054, "wards_placed_t": 0.06866952789699571, "gold_graph_diffs_t": 11.850739151168336}