{"id": "EUN1_3580113722", "lvl": 1500, "literal level": "GOLD I", "time": 1781, "solokills_t": 0.010106681639528355, "kills_t": 0.03705783267827063, "kp": 0.4216165413533834, "deaths_t": 0.03705783267827063, "assists_t": 0.03986524424480629, "csscore_t": 0.8085345311622684, "teamgold_t": 65.68163952835485, "vision_score_t": 0.909379900814192, "wards_placed_t": 0.05951712521055587, "gold_graph_diffs_t": 12.655249859629421}