{"id": "EUN1_3572307376", "lvl": 1600, "literal level": "PLATINUM IV", "time": 1694, "solokills_t": 0.0070838252656434475, "kills_t": 0.03423848878394333, "kp": 0.46218181818181814, "deaths_t": 0.03423848878394333, "assists_t": 0.04427390791027155, "csscore_t": 0.8447461629279811, "teamgold_t": 65.5608028335301, "vision_score_t": 0.8553426301204908, "wards_placed_t": 0.06493506493506493, "gold_graph_diffs_t": 11.36835891381346}