{"id": "EUN1_3555320285", "lvl": 1100, "literal level": "SILVER I", "time": 1576, "solokills_t": 0.006345177664974619, "kills_t": 0.02918781725888325, "kp": 0.41611111111111104, "deaths_t": 0.02918781725888325, "assists_t": 0.03616751269035533, "csscore_t": 0.7703045685279187, "teamgold_t": 58.25761421319797, "vision_score_t": 0.8120068042579429, "wards_placed_t": 0.061548223350253804, "gold_graph_diffs_t": 13.437817258883248}