{"id": "EUN1_3558940795", "lvl": 900, "literal level": "SILVER III", "time": 2154, "solokills_t": 0.012999071494893221, "kills_t": 0.04735376044568245, "kp": 0.4396491228070175, "deaths_t": 0.04735376044568245, "assists_t": 0.057103064066852366, "csscore_t": 0.7103064066852368, "teamgold_t": 67.97307335190344, "vision_score_t": 0.6060136662335194, "wards_placed_t": 0.04503249767873723, "gold_graph_diffs_t": 15.720519962859795}