{"id": "EUN1_3560585812", "lvl": 1100, "literal level": "SILVER I", "time": 1800, "solokills_t": 0.007222222222222222, "kills_t": 0.03611111111111111, "kp": 0.4666666666666667, "deaths_t": 0.03611111111111111, "assists_t": 0.04777777777777778, "csscore_t": 0.8472222222222222, "teamgold_t": 66.58222222222223, "vision_score_t": 0.9471992372911127, "wards_placed_t": 0.06444444444444444, "gold_graph_diffs_t": 13.17}