{"id": "EUN1_3584791220", "lvl": 1300, "literal level": "GOLD III", "time": 1643, "solokills_t": 0.0036518563603164943, "kills_t": 0.026171637248934874, "kp": 0.4931034482758621, "deaths_t": 0.026171637248934874, "assists_t": 0.0426049908703591, "csscore_t": 0.888618381010347, "teamgold_t": 63.06329884357882, "vision_score_t": 0.8666436575387622, "wards_placed_t": 0.060255629945222156, "gold_graph_diffs_t": 12.94765672550213}