{"id": "EUN1_3560649422", "lvl": 1200, "literal level": "GOLD IV", "time": 2087, "solokills_t": 0.010541447053186392, "kills_t": 0.028749401054144707, "kp": 0.3977678571428571, "deaths_t": 0.028749401054144707, "assists_t": 0.02827024436990896, "csscore_t": 0.8629611883085769, "teamgold_t": 62.972688068998565, "vision_score_t": 1.0943215425692572, "wards_placed_t": 0.07474844274077623, "gold_graph_diffs_t": 13.816962146621945}