{"id": "EUN1_3549877663", "lvl": 1200, "literal level": "GOLD IV", "time": 1625, "solokills_t": 0.009846153846153846, "kills_t": 0.03446153846153846, "kp": 0.4229166666666667, "deaths_t": 0.03446153846153846, "assists_t": 0.03876923076923077, "csscore_t": 0.7913846153846154, "teamgold_t": 64.03630769230769, "vision_score_t": 0.6563190781464529, "wards_placed_t": 0.048615384615384616, "gold_graph_diffs_t": 12.714461538461538}