{"id": "EUN1_3546402424", "lvl": 1200, "literal level": "GOLD IV", "time": 1979, "solokills_t": 0.012632642748863061, "kills_t": 0.05255179383527034, "kp": 0.5002898550724638, "deaths_t": 0.05255179383527034, "assists_t": 0.07377463365336029, "csscore_t": 0.7049014653865588, "teamgold_t": 71.70540677109652, "vision_score_t": 0.8359206595835398, "wards_placed_t": 0.0651844365841334, "gold_graph_diffs_t": 13.553815058110157}