{"id": "EUN1_3576575982", "lvl": 1300, "literal level": "GOLD III", "time": 1654, "solokills_t": 0.011487303506650543, "kills_t": 0.045949214026602174, "kp": 0.4472463768115942, "deaths_t": 0.045949214026602174, "assists_t": 0.056831922611850064, "csscore_t": 0.7678355501813785, "teamgold_t": 68.48307134220073, "vision_score_t": 0.8214586421147729, "wards_placed_t": 0.060459492140266025, "gold_graph_diffs_t": 15.24123337363966}