{"id": "EUN1_3567495646", "lvl": 900, "literal level": "SILVER III", "time": 1849, "solokills_t": 0.01352082206598161, "kills_t": 0.04002163331530557, "kp": 0.3796969696969697, "deaths_t": 0.04002163331530557, "assists_t": 0.03569497025419145, "csscore_t": 0.826392644672796, "teamgold_t": 68.72796106003246, "vision_score_t": 0.8067355596587531, "wards_placed_t": 0.056246619794483504, "gold_graph_diffs_t": 11.974040021633316}