{"id": "EUN1_3561555429", "lvl": 1200, "literal level": "GOLD IV", "time": 2495, "solokills_t": 0.01002004008016032, "kills_t": 0.04088176352705411, "kp": 0.41592307692307695, "deaths_t": 0.04088176352705411, "assists_t": 0.04408817635270541, "csscore_t": 0.7783567134268538, "teamgold_t": 66.44248496993988, "vision_score_t": 0.7999531805086154, "wards_placed_t": 0.05771543086172345, "gold_graph_diffs_t": 14.718236472945891}