{"id": "EUN1_3574597720", "lvl": 1400, "literal level": "GOLD II", "time": 1447, "solokills_t": 0.023496890117484452, "kills_t": 0.053213545266067724, "kp": 0.3586524822695035, "deaths_t": 0.053213545266067724, "assists_t": 0.03939184519695923, "csscore_t": 0.8030407740152039, "teamgold_t": 73.81962681409813, "vision_score_t": 0.615277300409128, "wards_placed_t": 0.04837595024187975, "gold_graph_diffs_t": 14.271596406357983}