{"id": "EUN1_3531945523", "lvl": 1600, "literal level": "PLATINUM IV", "time": 1793, "solokills_t": 0.006134969325153374, "kills_t": 0.03067484662576687, "kp": 0.46025641025641023, "deaths_t": 0.03067484662576687, "assists_t": 0.0373675404350251, "csscore_t": 0.8544339096486335, "teamgold_t": 63.65699944227551, "vision_score_t": 1.1148583507432601, "wards_placed_t": 0.07083100948131622, "gold_graph_diffs_t": 13.137200223089794}