{"id": "EUN1_3575440175", "lvl": 1500, "literal level": "GOLD I", "time": 1555, "solokills_t": 0.005787781350482315, "kills_t": 0.03536977491961415, "kp": 0.4757309941520468, "deaths_t": 0.036655948553054665, "assists_t": 0.04887459807073955, "csscore_t": 0.735048231511254, "teamgold_t": 63.89389067524116, "vision_score_t": 0.6643857595122669, "wards_placed_t": 0.043086816720257236, "gold_graph_diffs_t": 12.000643086816721}