{"id": "EUN1_3536008280", "lvl": 1000, "literal level": "SILVER II", "time": 1955, "solokills_t": 0.012276214833759591, "kills_t": 0.05012787723785166, "kp": 0.44657190635451505, "deaths_t": 0.05012787723785166, "assists_t": 0.061381074168797956, "csscore_t": 0.6930946291560103, "teamgold_t": 69.72787723785166, "vision_score_t": 0.829653793347601, "wards_placed_t": 0.05780051150895141, "gold_graph_diffs_t": 18.84910485933504}