{"id": "EUN1_3549348150", "lvl": 1300, "literal level": "GOLD III", "time": 1618, "solokills_t": 0.009270704573547589, "kills_t": 0.0407911001236094, "kp": 0.4553846153846154, "deaths_t": 0.0407911001236094, "assists_t": 0.05315203955500618, "csscore_t": 0.8275648949320148, "teamgold_t": 67.69653893695921, "vision_score_t": 0.8575157297580732, "wards_placed_t": 0.06489493201483312, "gold_graph_diffs_t": 14.313349814585909}