{"id": "EUN1_3574583611", "lvl": 1200, "literal level": "GOLD IV", "time": 2274, "solokills_t": 0.013192612137203167, "kills_t": 0.03825857519788918, "kp": 0.41131868131868127, "deaths_t": 0.03825857519788918, "assists_t": 0.03913808267370272, "csscore_t": 0.8707124010554089, "teamgold_t": 69.10246262093227, "vision_score_t": 0.8668434499265807, "wards_placed_t": 0.0633245382585752, "gold_graph_diffs_t": 15.399736147757256}