{"id": "EUN1_3576190092", "lvl": 1400, "literal level": "GOLD II", "time": 1365, "solokills_t": 0.010256410256410256, "kills_t": 0.04249084249084249, "kp": 0.41101190476190474, "deaths_t": 0.04249084249084249, "assists_t": 0.04468864468864469, "csscore_t": 0.7882783882783883, "teamgold_t": 69.17655677655678, "vision_score_t": 0.7260701800174167, "wards_placed_t": 0.05347985347985348, "gold_graph_diffs_t": 12.918681318681319}