{"id": "EUN1_3576475654", "lvl": 1200, "literal level": "GOLD IV", "time": 1456, "solokills_t": 0.015796703296703296, "kills_t": 0.046703296703296704, "kp": 0.41815252416756177, "deaths_t": 0.046703296703296704, "assists_t": 0.04739010989010989, "csscore_t": 0.7644230769230769, "teamgold_t": 68.33585164835165, "vision_score_t": 0.8816768536900114, "wards_placed_t": 0.061126373626373624, "gold_graph_diffs_t": 14.470467032967033}