{"id": "EUN1_3565573158", "lvl": 1100, "literal level": "SILVER I", "time": 658, "solokills_t": 0.010638297872340425, "kills_t": 0.02127659574468085, "kp": 0.26363636363636367, "deaths_t": 0.022796352583586626, "assists_t": 0.010638297872340425, "csscore_t": 0.7659574468085106, "teamgold_t": 54.889057750759875, "vision_score_t": 0.5244603335243148, "wards_placed_t": 0.0486322188449848, "gold_graph_diffs_t": 10.281155015197568}