{"id": "EUN1_3551042648", "lvl": 1000, "literal level": "SILVER II", "time": 2139, "solokills_t": 0.008415147265077139, "kills_t": 0.04394576905095839, "kp": 0.4442727272727273, "deaths_t": 0.04394576905095839, "assists_t": 0.05423094904160823, "csscore_t": 0.7395979429640018, "teamgold_t": 69.09209911173446, "vision_score_t": 0.6462849040272836, "wards_placed_t": 0.047218326320710616, "gold_graph_diffs_t": 16.083216456287985}