{"id": "EUN1_3537318864", "lvl": 1500, "literal level": "GOLD I", "time": 1428, "solokills_t": 0.023109243697478993, "kills_t": 0.04481792717086835, "kp": 0.355, "deaths_t": 0.04481792717086835, "assists_t": 0.03081232492997199, "csscore_t": 0.7752100840336135, "teamgold_t": 68.0126050420168, "vision_score_t": 0.7576371840902809, "wards_placed_t": 0.052521008403361345, "gold_graph_diffs_t": 13.789915966386555}