{"id": "EUN1_3576372425", "lvl": 1100, "literal level": "SILVER I", "time": 1280, "solokills_t": 0.01015625, "kills_t": 0.03125, "kp": 0.3698924731182796, "deaths_t": 0.03125, "assists_t": 0.0296875, "csscore_t": 0.85546875, "teamgold_t": 61.690625, "vision_score_t": 0.786443571365927, "wards_placed_t": 0.06328125, "gold_graph_diffs_t": 16.9875}