{"id": "EUN1_3582223164", "lvl": 1300, "literal level": "GOLD III", "time": 1870, "solokills_t": 0.008021390374331552, "kills_t": 0.045454545454545456, "kp": 0.4648631029986962, "deaths_t": 0.045454545454545456, "assists_t": 0.06524064171122995, "csscore_t": 0.7320855614973262, "teamgold_t": 68.0331550802139, "vision_score_t": 0.6873462148712215, "wards_placed_t": 0.04385026737967915, "gold_graph_diffs_t": 13.904812834224598}