{"id": "EUN1_3559809448", "lvl": 1100, "literal level": "SILVER I", "time": 1863, "solokills_t": 0.005904455179817499, "kills_t": 0.02200751476113795, "kp": 0.39717948717948715, "deaths_t": 0.02200751476113795, "assists_t": 0.02200751476113795, "csscore_t": 0.9001610305958132, "teamgold_t": 61.27321524422974, "vision_score_t": 0.8517773021159082, "wards_placed_t": 0.0644122383252818, "gold_graph_diffs_t": 10.848094471282877}