{"id": "EUN1_3567350711", "lvl": 1400, "literal level": "GOLD II", "time": 1143, "solokills_t": 0.008748906386701663, "kills_t": 0.04374453193350831, "kp": 0.4100877192982456, "deaths_t": 0.04374453193350831, "assists_t": 0.048993875765529306, "csscore_t": 0.7305336832895888, "teamgold_t": 67.86964129483815, "vision_score_t": 0.7731348629214088, "wards_placed_t": 0.05249343832020997, "gold_graph_diffs_t": 17.323709536307963}