{"id": "EUN1_3566018956", "lvl": 1100, "literal level": "SILVER I", "time": 1598, "solokills_t": 0.008760951188986232, "kills_t": 0.030663329161451813, "kp": 0.4514035087719298, "deaths_t": 0.030663329161451813, "assists_t": 0.040675844806007506, "csscore_t": 0.7991239048811014, "teamgold_t": 62.789111389236545, "vision_score_t": 0.8759516709457749, "wards_placed_t": 0.060075093867334166, "gold_graph_diffs_t": 15.974342928660827}