{"id": "EUN1_3584264940", "lvl": 1300, "literal level": "GOLD III", "time": 641, "solokills_t": 0.0031201248049922, "kills_t": 0.014040561622464899, "kp": 0.35, "deaths_t": 0.014040561622464899, "assists_t": 0.0124804992199688, "csscore_t": 0.8143525741029641, "teamgold_t": 52.464898595943836, "vision_score_t": 0.46288060743574355, "wards_placed_t": 0.0436817472698908, "gold_graph_diffs_t": 9.72854914196568}