{"id": "EUN1_3553313820", "lvl": 1500, "literal level": "GOLD I", "time": 1895, "solokills_t": 0.01108179419525066, "kills_t": 0.04010554089709763, "kp": 0.43991596638655467, "deaths_t": 0.04116094986807388, "assists_t": 0.04696569920844327, "csscore_t": 0.8295514511873351, "teamgold_t": 67.29129287598944, "vision_score_t": 0.7926680434754596, "wards_placed_t": 0.06174142480211082, "gold_graph_diffs_t": 11.98047493403694}