{"id": "EUN1_3557625285", "lvl": 1400, "literal level": "GOLD II", "time": 1891, "solokills_t": 0.008989952406134321, "kills_t": 0.03437334743521946, "kp": 0.44448529411764703, "deaths_t": 0.034902168164992066, "assists_t": 0.047593865679534636, "csscore_t": 0.7731359069275515, "teamgold_t": 62.093072448439976, "vision_score_t": 0.735829022132741, "wards_placed_t": 0.05446853516657853, "gold_graph_diffs_t": 10.795346377578001}