{"id": "EUN1_3565126982", "lvl": 900, "literal level": "SILVER III", "time": 2343, "solokills_t": 0.00810926163038839, "kills_t": 0.03585147247119078, "kp": 0.4564102564102564, "deaths_t": 0.03585147247119078, "assists_t": 0.046094750320102434, "csscore_t": 0.8100725565514298, "teamgold_t": 64.88518992744345, "vision_score_t": 1.0732347461311478, "wards_placed_t": 0.07255655142979087, "gold_graph_diffs_t": 10.353393085787452}