{"id": "EUN1_3567323240", "lvl": 1500, "literal level": "GOLD I", "time": 2144, "solokills_t": 0.008861940298507462, "kills_t": 0.04337686567164179, "kp": 0.4566511627906976, "deaths_t": 0.04337686567164179, "assists_t": 0.05643656716417911, "csscore_t": 0.800839552238806, "teamgold_t": 71.0527052238806, "vision_score_t": 1.0407431620022305, "wards_placed_t": 0.07369402985074627, "gold_graph_diffs_t": 14.01259328358209}