{"id": "EUN1_3580761779", "lvl": 1400, "literal level": "GOLD II", "time": 2706, "solokills_t": 0.007390983000739098, "kills_t": 0.03473762010347376, "kp": 0.5312727272727272, "deaths_t": 0.03473762010347376, "assists_t": 0.058388765705838876, "csscore_t": 0.8089430894308943, "teamgold_t": 66.14116777531412, "vision_score_t": 0.9680851232649823, "wards_placed_t": 0.06836659275683665, "gold_graph_diffs_t": 14.517368810051737}