{"id": "EUN1_3576291597", "lvl": 1100, "literal level": "SILVER I", "time": 2165, "solokills_t": 0.012009237875288684, "kills_t": 0.03464203233256351, "kp": 0.43416422287390033, "deaths_t": 0.03464203233256351, "assists_t": 0.03926096997690531, "csscore_t": 0.7976905311778291, "teamgold_t": 63.939491916859126, "vision_score_t": 0.7548859502081132, "wards_placed_t": 0.04803695150115474, "gold_graph_diffs_t": 12.028175519630485}