{"id": "EUN1_3568223214", "lvl": 1700, "literal level": "PLATINUM III", "time": 1480, "solokills_t": 0.013513513513513514, "kills_t": 0.03648648648648649, "kp": 0.41142857142857137, "deaths_t": 0.03648648648648649, "assists_t": 0.03918918918918919, "csscore_t": 0.7277027027027027, "teamgold_t": 61.016891891891895, "vision_score_t": 0.6830204353852043, "wards_placed_t": 0.05337837837837838, "gold_graph_diffs_t": 12.638513513513514}