{"id": "EUN1_3563617669", "lvl": 1100, "literal level": "SILVER I", "time": 1927, "solokills_t": 0.01401141670991178, "kills_t": 0.03632589517384536, "kp": 0.3880571909167367, "deaths_t": 0.03632589517384536, "assists_t": 0.03528801245459263, "csscore_t": 0.7441619097042034, "teamgold_t": 63.15516346652828, "vision_score_t": 0.9945142289537292, "wards_placed_t": 0.065905552672548, "gold_graph_diffs_t": 15.335755059678256}