{"id": "EUN1_3559281231", "lvl": 1500, "literal level": "GOLD I", "time": 1691, "solokills_t": 0.00827912477823773, "kills_t": 0.03903015966883501, "kp": 0.4553571428571429, "deaths_t": 0.03903015966883501, "assists_t": 0.047900650502661145, "csscore_t": 0.7882909520993495, "teamgold_t": 67.89473684210526, "vision_score_t": 0.8990110724682244, "wards_placed_t": 0.06564163217031342, "gold_graph_diffs_t": 16.33116499112951}