{"id": "EUN1_3567618074", "lvl": 1600, "literal level": "PLATINUM IV", "time": 1746, "solokills_t": 0.011454753722794959, "kills_t": 0.03951890034364261, "kp": 0.4309481216457961, "deaths_t": 0.04009163802978236, "assists_t": 0.04639175257731959, "csscore_t": 0.738831615120275, "teamgold_t": 65.38545246277205, "vision_score_t": 0.8772271577762167, "wards_placed_t": 0.05555555555555555, "gold_graph_diffs_t": 15.187285223367697}