{"id": "EUN1_3568978059", "lvl": 1200, "literal level": "GOLD IV", "time": 2345, "solokills_t": 0.009381663113006396, "kills_t": 0.04051172707889126, "kp": 0.45505767524401064, "deaths_t": 0.04093816631130064, "assists_t": 0.05159914712153518, "csscore_t": 0.7906183368869936, "teamgold_t": 68.40767590618337, "vision_score_t": 0.8666875653747736, "wards_placed_t": 0.052452025586353944, "gold_graph_diffs_t": 12.488699360341151}