{"id": "EUN1_3543164712", "lvl": 1400, "literal level": "GOLD II", "time": 2339, "solokills_t": 0.007268063274903805, "kills_t": 0.029927319367250963, "kp": 0.45789909015715463, "deaths_t": 0.029927319367250963, "assists_t": 0.03847798204360838, "csscore_t": 0.8242838820008551, "teamgold_t": 64.44591705857204, "vision_score_t": 0.9467057632524691, "wards_placed_t": 0.06712270200940573, "gold_graph_diffs_t": 15.261650277896537}