{"id": "EUN1_3556759382", "lvl": 1400, "literal level": "GOLD II", "time": 1556, "solokills_t": 0.009640102827763496, "kills_t": 0.03984575835475578, "kp": 0.43813131313131315, "deaths_t": 0.03984575835475578, "assists_t": 0.04691516709511568, "csscore_t": 0.8451156812339332, "teamgold_t": 68.47172236503856, "vision_score_t": 0.8226919038634225, "wards_placed_t": 0.06555269922879177, "gold_graph_diffs_t": 15.56426735218509}