{"id": "EUN1_3550830732", "lvl": 900, "literal level": "SILVER III", "time": 2123, "solokills_t": 0.008478568064060292, "kills_t": 0.03203014601978332, "kp": 0.43923611111111105, "deaths_t": 0.03250117757889778, "assists_t": 0.038153556288271315, "csscore_t": 0.7941592086669806, "teamgold_t": 65.16062176165804, "vision_score_t": 0.9433945578251816, "wards_placed_t": 0.06029203956665097, "gold_graph_diffs_t": 14.831841733396137}