{"id": "EUN1_3566738667", "lvl": 700, "literal level": "BRONZE I", "time": 1183, "solokills_t": 0.0169061707523246, "kills_t": 0.03803888419273035, "kp": 0.32596153846153847, "deaths_t": 0.03803888419273035, "assists_t": 0.027895181741335588, "csscore_t": 0.7895181741335587, "teamgold_t": 63.67793744716822, "vision_score_t": 0.7376642670663853, "wards_placed_t": 0.058326289095519866, "gold_graph_diffs_t": 14.23753169907016}