{"id": "EUN1_3553011769", "lvl": 900, "literal level": "SILVER III", "time": 1938, "solokills_t": 0.015995872033023734, "kills_t": 0.04695562435500516, "kp": 0.4006191950464396, "deaths_t": 0.04695562435500516, "assists_t": 0.04643962848297214, "csscore_t": 0.7647058823529411, "teamgold_t": 72.01341589267285, "vision_score_t": 0.866302393555739, "wards_placed_t": 0.06707946336429309, "gold_graph_diffs_t": 17.640866873065015}