{"id": "EUN1_3564034787", "lvl": 1400, "literal level": "GOLD II", "time": 2471, "solokills_t": 0.009307972480777013, "kills_t": 0.042897612302711455, "kp": 0.48424242424242425, "deaths_t": 0.042897612302711455, "assists_t": 0.06110886280857952, "csscore_t": 0.6713881019830028, "teamgold_t": 63.80574666127074, "vision_score_t": 1.0057419356360944, "wards_placed_t": 0.07365439093484419, "gold_graph_diffs_t": 14.030756778632133}