{"id": "EUN1_3571187500", "lvl": 1100, "literal level": "SILVER I", "time": 1881, "solokills_t": 0.006911217437533227, "kills_t": 0.03561935140882509, "kp": 0.4381904761904762, "deaths_t": 0.03615098351940457, "assists_t": 0.0430622009569378, "csscore_t": 0.7937267410951622, "teamgold_t": 63.15204678362573, "vision_score_t": 0.6871675468940873, "wards_placed_t": 0.04837852206273259, "gold_graph_diffs_t": 13.160552897395002}