{"id": "EUN1_3550203262", "lvl": 1100, "literal level": "SILVER I", "time": 1384, "solokills_t": 0.013728323699421965, "kills_t": 0.03684971098265896, "kp": 0.3794117647058823, "deaths_t": 0.03684971098265896, "assists_t": 0.033236994219653176, "csscore_t": 0.6871387283236994, "teamgold_t": 61.28034682080925, "vision_score_t": 0.6033924466930743, "wards_placed_t": 0.0476878612716763, "gold_graph_diffs_t": 14.29335260115607}