{"id": "EUN1_3582009244", "lvl": 1400, "literal level": "GOLD II", "time": 1420, "solokills_t": 0.014788732394366197, "kills_t": 0.044366197183098595, "kp": 0.4039893617021276, "deaths_t": 0.044366197183098595, "assists_t": 0.04295774647887324, "csscore_t": 0.7626760563380282, "teamgold_t": 64.76267605633802, "vision_score_t": 0.8234985514239606, "wards_placed_t": 0.054225352112676053, "gold_graph_diffs_t": 16.21901408450704}