{"id": "EUN1_3544415585", "lvl": 1200, "literal level": "GOLD IV", "time": 1768, "solokills_t": 0.013009049773755657, "kills_t": 0.040158371040723985, "kp": 0.3747680890538034, "deaths_t": 0.04072398190045249, "assists_t": 0.03733031674208145, "csscore_t": 0.8438914027149321, "teamgold_t": 68.25339366515837, "vision_score_t": 0.8812904932429968, "wards_placed_t": 0.06108597285067873, "gold_graph_diffs_t": 13.057692307692308}