{"id": "EUN1_3568747426", "lvl": 800, "literal level": "SILVER IV", "time": 2129, "solokills_t": 0.010333489901362142, "kills_t": 0.035227806481916396, "kp": 0.441991341991342, "deaths_t": 0.035227806481916396, "assists_t": 0.04274307186472522, "csscore_t": 0.7999060591827148, "teamgold_t": 62.24800375763269, "vision_score_t": 0.6636757106156261, "wards_placed_t": 0.05307656176608737, "gold_graph_diffs_t": 11.90605918271489}