{"id": "EUN1_3532789178", "lvl": 1200, "literal level": "GOLD IV", "time": 1891, "solokills_t": 0.005288207297726071, "kills_t": 0.0370174510840825, "kp": 0.4822167080231595, "deaths_t": 0.0375462718138551, "assists_t": 0.05288207297726071, "csscore_t": 0.7461660497091486, "teamgold_t": 67.63987308302485, "vision_score_t": 1.0048545490478813, "wards_placed_t": 0.06821787414066631, "gold_graph_diffs_t": 17.522474881015334}