{"id": "EUN1_3545531014", "lvl": 1900, "literal level": "PLATINUM I", "time": 2048, "solokills_t": 0.0126953125, "kills_t": 0.04541015625, "kp": 0.4477777777777778, "deaths_t": 0.0458984375, "assists_t": 0.05419921875, "csscore_t": 0.8037109375, "teamgold_t": 70.201171875, "vision_score_t": 0.9317326997349511, "wards_placed_t": 0.06103515625, "gold_graph_diffs_t": 14.7578125}