{"id": "EUN1_3537487329", "lvl": 1800, "literal level": "PLATINUM II", "time": 1756, "solokills_t": 0.0056947608200455585, "kills_t": 0.03302961275626424, "kp": 0.4804062126642772, "deaths_t": 0.03302961275626424, "assists_t": 0.04612756264236902, "csscore_t": 0.7813211845102506, "teamgold_t": 62.497152619589976, "vision_score_t": 1.0361582412498054, "wards_placed_t": 0.07574031890660592, "gold_graph_diffs_t": 12.986902050113896}