{"id": "EUN1_3550391501", "lvl": 900, "literal level": "SILVER III", "time": 1952, "solokills_t": 0.017930327868852458, "kills_t": 0.04918032786885246, "kp": 0.37627118644067803, "deaths_t": 0.04918032786885246, "assists_t": 0.042008196721311473, "csscore_t": 0.829405737704918, "teamgold_t": 71.5876024590164, "vision_score_t": 0.6223822793349724, "wards_placed_t": 0.04969262295081967, "gold_graph_diffs_t": 15.242315573770492}