{"id": "EUN1_3546655551", "lvl": 1200, "literal level": "GOLD IV", "time": 2050, "solokills_t": 0.00975609756097561, "kills_t": 0.03121951219512195, "kp": 0.42004048582995945, "deaths_t": 0.03170731707317073, "assists_t": 0.03560975609756097, "csscore_t": 0.7653658536585366, "teamgold_t": 62.34292682926829, "vision_score_t": 0.9502328193026855, "wards_placed_t": 0.06536585365853659, "gold_graph_diffs_t": 9.045365853658536}