{"id": "EUN1_3545706909", "lvl": 1300, "literal level": "GOLD III", "time": 1112, "solokills_t": 0.006294964028776978, "kills_t": 0.025179856115107913, "kp": 0.4333333333333333, "deaths_t": 0.025179856115107913, "assists_t": 0.02697841726618705, "csscore_t": 0.8678057553956835, "teamgold_t": 59.117805755395686, "vision_score_t": 0.7855305150396896, "wards_placed_t": 0.05575539568345324, "gold_graph_diffs_t": 11.858812949640289}