{"id": "EUN1_3559839316", "lvl": 900, "literal level": "SILVER III", "time": 2163, "solokills_t": 0.005547850208044383, "kills_t": 0.03282478039759593, "kp": 0.4505892255892256, "deaths_t": 0.03282478039759593, "assists_t": 0.0425335182616736, "csscore_t": 0.7221451687471105, "teamgold_t": 61.539066111881645, "vision_score_t": 0.9058894844520277, "wards_placed_t": 0.06888580674988443, "gold_graph_diffs_t": 13.888580674988441}