{"id": "EUN1_3567523461", "lvl": 1400, "literal level": "GOLD II", "time": 1229, "solokills_t": 0.007323026851098454, "kills_t": 0.045565500406834825, "kp": 0.4736842105263158, "deaths_t": 0.045565500406834825, "assists_t": 0.060211554109031735, "csscore_t": 0.7331163547599675, "teamgold_t": 68.03905614320585, "vision_score_t": 0.6826388754121443, "wards_placed_t": 0.04800650935720097, "gold_graph_diffs_t": 16.183889340927582}