{"id": "EUN1_3563562314", "lvl": 1400, "literal level": "GOLD II", "time": 936, "solokills_t": 0.007478632478632479, "kills_t": 0.028846153846153848, "kp": 0.375, "deaths_t": 0.028846153846153848, "assists_t": 0.027777777777777776, "csscore_t": 0.7681623931623932, "teamgold_t": 56.40384615384615, "vision_score_t": 0.7292889092959888, "wards_placed_t": 0.05555555555555555, "gold_graph_diffs_t": 11.497863247863247}