{"id": "EUN1_3543847036", "lvl": 1100, "literal level": "SILVER I", "time": 978, "solokills_t": 0.02556237218813906, "kills_t": 0.034764826175869123, "kp": 0.3066666666666667, "deaths_t": 0.03578732106339468, "assists_t": 0.013292433537832311, "csscore_t": 0.8353783231083844, "teamgold_t": 66.26073619631902, "vision_score_t": 0.501345385606771, "wards_placed_t": 0.041922290388548056, "gold_graph_diffs_t": 11.82719836400818}