{"id": "EUN1_3575113742", "lvl": 1200, "literal level": "GOLD IV", "time": 1306, "solokills_t": 0.008422664624808576, "kills_t": 0.032924961715160794, "kp": 0.42102564102564105, "deaths_t": 0.032924961715160794, "assists_t": 0.036753445635528334, "csscore_t": 0.833843797856049, "teamgold_t": 64.65620214395099, "vision_score_t": 0.6915128978710994, "wards_placed_t": 0.05359877488514548, "gold_graph_diffs_t": 13.345329249617151}