{"id": "EUN1_3542525746", "lvl": 1900, "literal level": "PLATINUM I", "time": 1786, "solokills_t": 0.006718924972004479, "kills_t": 0.03135498320268757, "kp": 0.46436781609195404, "deaths_t": 0.03135498320268757, "assists_t": 0.04143337066069429, "csscore_t": 0.8947368421052632, "teamgold_t": 66.32306830907055, "vision_score_t": 1.11585090598401, "wards_placed_t": 0.06998880179171332, "gold_graph_diffs_t": 10.041993281075028}