{"id": "EUN1_3542499543", "lvl": 1800, "literal level": "PLATINUM II", "time": 1712, "solokills_t": 0.008761682242990653, "kills_t": 0.029789719626168224, "kp": 0.411764705882353, "deaths_t": 0.029789719626168224, "assists_t": 0.0344626168224299, "csscore_t": 0.8878504672897196, "teamgold_t": 64.18282710280374, "vision_score_t": 1.0907006608856462, "wards_placed_t": 0.06717289719626168, "gold_graph_diffs_t": 11.60338785046729}