{"id": "EUN1_3540949911", "lvl": 1600, "literal level": "PLATINUM IV", "time": 1332, "solokills_t": 0.006756756756756757, "kills_t": 0.02702702702702703, "kp": 0.42666666666666664, "deaths_t": 0.02702702702702703, "assists_t": 0.03303303303303303, "csscore_t": 0.8911411411411412, "teamgold_t": 59.169669669669666, "vision_score_t": 0.7269310316957591, "wards_placed_t": 0.0472972972972973, "gold_graph_diffs_t": 16.37237237237237}