{"id": "EUN1_3542529221", "lvl": 1300, "literal level": "GOLD III", "time": 2206, "solokills_t": 0.008159564823209429, "kills_t": 0.03399818676337262, "kp": 0.46409883720930234, "deaths_t": 0.03445149592021759, "assists_t": 0.04306436990027199, "csscore_t": 0.8300090661831369, "teamgold_t": 65.32547597461469, "vision_score_t": 0.915699964053335, "wards_placed_t": 0.06300997280145058, "gold_graph_diffs_t": 12.608340888485948}