{"id": "EUN1_3564711638", "lvl": 1100, "literal level": "SILVER I", "time": 1270, "solokills_t": 0.007874015748031496, "kills_t": 0.029921259842519685, "kp": 0.48646153846153845, "deaths_t": 0.029921259842519685, "assists_t": 0.04330708661417323, "csscore_t": 0.8015748031496063, "teamgold_t": 61.005511811023624, "vision_score_t": 0.7439114905386799, "wards_placed_t": 0.05826771653543307, "gold_graph_diffs_t": 8.896850393700788}