{"id": "EUN1_3567945123", "lvl": 1200, "literal level": "GOLD IV", "time": 1514, "solokills_t": 0.012549537648612946, "kills_t": 0.04095112285336856, "kp": 0.4083333333333333, "deaths_t": 0.04095112285336856, "assists_t": 0.04689564068692206, "csscore_t": 0.8091149273447821, "teamgold_t": 69.42668428005284, "vision_score_t": 0.9491858933879855, "wards_placed_t": 0.06869220607661823, "gold_graph_diffs_t": 13.717305151915456}