{"id": "EUN1_3536093365", "lvl": 1100, "literal level": "SILVER I", "time": 2174, "solokills_t": 0.008739650413983441, "kills_t": 0.03449862005519779, "kp": 0.4322222222222222, "deaths_t": 0.03449862005519779, "assists_t": 0.03955841766329347, "csscore_t": 0.7750689972401104, "teamgold_t": 64.3900643974241, "vision_score_t": 0.9299854367683433, "wards_placed_t": 0.06669733210671573, "gold_graph_diffs_t": 12.144434222631094}