{"id": "EUN1_3573294292", "lvl": 1200, "literal level": "GOLD IV", "time": 2485, "solokills_t": 0.013279678068410463, "kills_t": 0.04507042253521127, "kp": 0.46280780300607616, "deaths_t": 0.04507042253521127, "assists_t": 0.05875251509054326, "csscore_t": 0.7348088531187122, "teamgold_t": 68.97183098591549, "vision_score_t": 0.8284480008442069, "wards_placed_t": 0.06237424547283702, "gold_graph_diffs_t": 16.4897384305835}