{"id": "EUN1_3573977101", "lvl": 1200, "literal level": "GOLD IV", "time": 1240, "solokills_t": 0.0064516129032258064, "kills_t": 0.03225806451612903, "kp": 0.41666666666666663, "deaths_t": 0.03225806451612903, "assists_t": 0.036290322580645164, "csscore_t": 0.8540322580645161, "teamgold_t": 62.494354838709675, "vision_score_t": 0.766114182724996, "wards_placed_t": 0.056451612903225805, "gold_graph_diffs_t": 14.976612903225806}