{"id": "EUN1_3576191221", "lvl": 1200, "literal level": "GOLD IV", "time": 1378, "solokills_t": 0.006531204644412192, "kills_t": 0.041364296081277216, "kp": 0.4605555555555555, "deaths_t": 0.041364296081277216, "assists_t": 0.055152394775036286, "csscore_t": 0.6734397677793904, "teamgold_t": 64.59796806966618, "vision_score_t": 0.7502504399830935, "wards_placed_t": 0.05660377358490566, "gold_graph_diffs_t": 15.148040638606677}