{"id": "EUN1_3577161855", "lvl": 1500, "literal level": "GOLD I", "time": 2455, "solokills_t": 0.006517311608961304, "kills_t": 0.039103869653767824, "kp": 0.48313725490196074, "deaths_t": 0.039103869653767824, "assists_t": 0.05539714867617108, "csscore_t": 0.7824847250509165, "teamgold_t": 68.54460285132383, "vision_score_t": 1.0025231071898273, "wards_placed_t": 0.07169042769857434, "gold_graph_diffs_t": 14.365376782077393}