{"id": "EUN1_3557031878", "lvl": 1000, "literal level": "SILVER II", "time": 1834, "solokills_t": 0.007088331515812432, "kills_t": 0.03653217011995638, "kp": 0.4539426523297491, "deaths_t": 0.03653217011995638, "assists_t": 0.04580152671755725, "csscore_t": 0.7491821155943293, "teamgold_t": 67.6434023991276, "vision_score_t": 0.8987431358127159, "wards_placed_t": 0.06706652126499454, "gold_graph_diffs_t": 15.701199563794983}