{"id": "EUN1_3545885540", "lvl": 1700, "literal level": "PLATINUM III", "time": 1440, "solokills_t": 0.004861111111111111, "kills_t": 0.027777777777777776, "kp": 0.4533333333333333, "deaths_t": 0.027777777777777776, "assists_t": 0.034722222222222224, "csscore_t": 0.9166666666666666, "teamgold_t": 63.29236111111111, "vision_score_t": 0.9843471073133567, "wards_placed_t": 0.06944444444444445, "gold_graph_diffs_t": 14.502083333333333}