{"id": "EUN1_3545654602", "lvl": 1700, "literal level": "PLATINUM III", "time": 2425, "solokills_t": 0.004948453608247422, "kills_t": 0.04, "kp": 0.5197145405887601, "deaths_t": 0.04041237113402062, "assists_t": 0.0663917525773196, "csscore_t": 0.7121649484536082, "teamgold_t": 66.00371134020618, "vision_score_t": 0.8158717157951016, "wards_placed_t": 0.05855670103092783, "gold_graph_diffs_t": 16.0919587628866}