{"id": "EUN1_3550373790", "lvl": 1100, "literal level": "SILVER I", "time": 1310, "solokills_t": 0.003816793893129771, "kills_t": 0.025954198473282442, "kp": 0.5102766798418973, "deaths_t": 0.026717557251908396, "assists_t": 0.04198473282442748, "csscore_t": 0.8312977099236641, "teamgold_t": 58.99236641221374, "vision_score_t": 0.8906288274050815, "wards_placed_t": 0.06641221374045801, "gold_graph_diffs_t": 10.673282442748091}