{"id": "EUN1_3578430242", "lvl": 1400, "literal level": "GOLD II", "time": 1772, "solokills_t": 0.012415349887133182, "kills_t": 0.04966139954853273, "kp": 0.4654385054488843, "deaths_t": 0.04966139954853273, "assists_t": 0.06602708803611738, "csscore_t": 0.7776523702031602, "teamgold_t": 72.6834085778781, "vision_score_t": 0.797333506760474, "wards_placed_t": 0.04683972911963882, "gold_graph_diffs_t": 16.052483069977427}