{"id": "EUN1_3562052459", "lvl": 1200, "literal level": "GOLD IV", "time": 2446, "solokills_t": 0.012264922322158627, "kills_t": 0.039247751430907606, "kp": 0.4458333333333333, "deaths_t": 0.039247751430907606, "assists_t": 0.0482420278004906, "csscore_t": 0.7726901062959934, "teamgold_t": 67.9300899427637, "vision_score_t": 0.8369736467206789, "wards_placed_t": 0.06050695012264922, "gold_graph_diffs_t": 11.876124284546197}