{"id": "EUN1_3568169296", "lvl": 1100, "literal level": "SILVER I", "time": 1689, "solokills_t": 0.013025458851391355, "kills_t": 0.04144464179988159, "kp": 0.38979591836734684, "deaths_t": 0.04144464179988159, "assists_t": 0.03848431024274719, "csscore_t": 0.8478389579632919, "teamgold_t": 68.90645352279455, "vision_score_t": 0.7638295946185961, "wards_placed_t": 0.05150976909413854, "gold_graph_diffs_t": 15.187092954410893}