{"id": "EUN1_3567905387", "lvl": 1200, "literal level": "GOLD IV", "time": 2458, "solokills_t": 0.006916192026037429, "kills_t": 0.03295362082994304, "kp": 0.46227106227106224, "deaths_t": 0.03295362082994304, "assists_t": 0.043124491456468676, "csscore_t": 0.7819365337672904, "teamgold_t": 64.59764035801464, "vision_score_t": 1.1256451229083893, "wards_placed_t": 0.07119609438567942, "gold_graph_diffs_t": 12.04353132628153}