{"id": "EUN1_3548726580", "lvl": 1200, "literal level": "GOLD IV", "time": 1487, "solokills_t": 0.01613987895090787, "kills_t": 0.0484196368527236, "kp": 0.3983766233766234, "deaths_t": 0.0484196368527236, "assists_t": 0.04640215198386012, "csscore_t": 0.7424344317417619, "teamgold_t": 69.38332212508406, "vision_score_t": 0.6183068739616464, "wards_placed_t": 0.05245460659045057, "gold_graph_diffs_t": 12.705447209145932}