{"id": "EUN1_3555151074", "lvl": 1200, "literal level": "GOLD IV", "time": 1870, "solokills_t": 0.012834224598930482, "kills_t": 0.047058823529411764, "kp": 0.4569696969696969, "deaths_t": 0.047058823529411764, "assists_t": 0.059893048128342244, "csscore_t": 0.7144385026737968, "teamgold_t": 68.76470588235294, "vision_score_t": 0.805089930147113, "wards_placed_t": 0.058823529411764705, "gold_graph_diffs_t": 11.697326203208556}