{"id": "EUN1_3579974833", "lvl": 1300, "literal level": "GOLD III", "time": 1282, "solokills_t": 0.00546021840873635, "kills_t": 0.044461778471138844, "kp": 0.47294117647058825, "deaths_t": 0.044461778471138844, "assists_t": 0.057722308892355696, "csscore_t": 0.8798751950078003, "teamgold_t": 70.03432137285492, "vision_score_t": 0.7492848089356313, "wards_placed_t": 0.05070202808112324, "gold_graph_diffs_t": 10.101404056162247}