{"id": "EUN1_3544410641", "lvl": 1900, "literal level": "PLATINUM I", "time": 1348, "solokills_t": 0.01112759643916914, "kills_t": 0.03635014836795252, "kp": 0.4297794117647059, "deaths_t": 0.03635014836795252, "assists_t": 0.04080118694362018, "csscore_t": 0.8864985163204748, "teamgold_t": 68.48367952522256, "vision_score_t": 0.9370760959346878, "wards_placed_t": 0.05934718100890208, "gold_graph_diffs_t": 13.388724035608309}