{"id": "EUN1_3538126583", "lvl": 1200, "literal level": "GOLD IV", "time": 1970, "solokills_t": 0.005076142131979695, "kills_t": 0.028426395939086295, "kp": 0.46117496807151986, "deaths_t": 0.028426395939086295, "assists_t": 0.03705583756345178, "csscore_t": 0.8157360406091371, "teamgold_t": 65.18629441624365, "vision_score_t": 0.9243716820248323, "wards_placed_t": 0.06548223350253807, "gold_graph_diffs_t": 13.798477157360406}