{"id": "EUN1_3573035048", "lvl": 1200, "literal level": "GOLD IV", "time": 1748, "solokills_t": 0.012585812356979404, "kills_t": 0.043478260869565216, "kp": 0.4246498599439776, "deaths_t": 0.043478260869565216, "assists_t": 0.04805491990846682, "csscore_t": 0.8409610983981693, "teamgold_t": 70.74427917620137, "vision_score_t": 0.8072212492503874, "wards_placed_t": 0.06064073226544622, "gold_graph_diffs_t": 12.86441647597254}