{"id": "EUN1_3560008627", "lvl": 1500, "literal level": "GOLD I", "time": 1727, "solokills_t": 0.016213086276780544, "kills_t": 0.04400694846554719, "kp": 0.43148148148148147, "deaths_t": 0.04400694846554719, "assists_t": 0.044585987261146494, "csscore_t": 0.7967573827446439, "teamgold_t": 68.38853503184713, "vision_score_t": 0.7866805766185241, "wards_placed_t": 0.05906195715112913, "gold_graph_diffs_t": 14.13375796178344}