{"id": "EUN1_3561914074", "lvl": 1400, "literal level": "GOLD II", "time": 1773, "solokills_t": 0.009024252679075015, "kills_t": 0.024252679075014102, "kp": 0.4223809523809524, "deaths_t": 0.024252679075014102, "assists_t": 0.028764805414551606, "csscore_t": 0.8437676254935138, "teamgold_t": 62.26621545403271, "vision_score_t": 0.9574759296669588, "wards_placed_t": 0.06373378454596729, "gold_graph_diffs_t": 10.439932318104907}