{"id": "EUN1_3541291825", "lvl": 1500, "literal level": "GOLD I", "time": 2348, "solokills_t": 0.010221465076660987, "kills_t": 0.0379045996592845, "kp": 0.398885511651469, "deaths_t": 0.0379045996592845, "assists_t": 0.03747870528109029, "csscore_t": 0.8181431005110733, "teamgold_t": 65.36584327086882, "vision_score_t": 0.874868745538685, "wards_placed_t": 0.06729131175468483, "gold_graph_diffs_t": 11.335178875638842}