{"id": "EUN1_3539889725", "lvl": 1400, "literal level": "GOLD II", "time": 2540, "solokills_t": 0.007480314960629921, "kills_t": 0.022440944881889763, "kp": 0.43425, "deaths_t": 0.022440944881889763, "assists_t": 0.025984251968503937, "csscore_t": 0.7724409448818897, "teamgold_t": 57.12283464566929, "vision_score_t": 1.0346731645017608, "wards_placed_t": 0.06811023622047244, "gold_graph_diffs_t": 8.536220472440945}