{"id": "EUN1_3570862494", "lvl": 1200, "literal level": "GOLD IV", "time": 2491, "solokills_t": 0.008028904054596548, "kills_t": 0.03693295865114412, "kp": 0.49781680113906024, "deaths_t": 0.03693295865114412, "assists_t": 0.05499799277398635, "csscore_t": 0.732637494981935, "teamgold_t": 64.60136491368928, "vision_score_t": 0.9012608914749516, "wards_placed_t": 0.06663990365315134, "gold_graph_diffs_t": 16.058610999598553}