{"id": "EUN1_3546667511", "lvl": 1500, "literal level": "GOLD I", "time": 2196, "solokills_t": 0.011839708561020037, "kills_t": 0.040983606557377046, "kp": 0.40124440019910407, "deaths_t": 0.040983606557377046, "assists_t": 0.04143897996357013, "csscore_t": 0.8046448087431693, "teamgold_t": 68.77550091074681, "vision_score_t": 0.7854560740014118, "wards_placed_t": 0.05919854280510018, "gold_graph_diffs_t": 14.867486338797814}