{"id": "EUN1_3568865135", "lvl": 1300, "literal level": "GOLD III", "time": 1693, "solokills_t": 0.009450679267572357, "kills_t": 0.04666272888363851, "kp": 0.45804521276595744, "deaths_t": 0.04666272888363851, "assists_t": 0.060838747784997045, "csscore_t": 0.7424689899586533, "teamgold_t": 69.83225044300059, "vision_score_t": 0.9738098656541145, "wards_placed_t": 0.07028942705256941, "gold_graph_diffs_t": 17.15298287064383}