{"id": "EUN1_3547222361", "lvl": 1400, "literal level": "GOLD II", "time": 1664, "solokills_t": 0.0078125, "kills_t": 0.037259615384615384, "kp": 0.44099883855981414, "deaths_t": 0.037259615384615384, "assists_t": 0.045072115384615384, "csscore_t": 0.7896634615384616, "teamgold_t": 65.11298076923077, "vision_score_t": 1.0943120864756128, "wards_placed_t": 0.07211538461538461, "gold_graph_diffs_t": 11.882211538461538}