{"id": "EUN1_3543298939", "lvl": 1700, "literal level": "PLATINUM III", "time": 1858, "solokills_t": 0.004305705059203444, "kills_t": 0.03283100107642627, "kp": 0.4947252747252747, "deaths_t": 0.03283100107642627, "assists_t": 0.04843918191603875, "csscore_t": 0.9117330462863293, "teamgold_t": 66.16146393972014, "vision_score_t": 1.0277743973354379, "wards_placed_t": 0.06673842841765339, "gold_graph_diffs_t": 12.461786867599569}