{"id": "EUN1_3543545512", "lvl": 1800, "literal level": "PLATINUM II", "time": 1570, "solokills_t": 0.0070063694267515925, "kills_t": 0.03503184713375796, "kp": 0.4231182795698925, "deaths_t": 0.03503184713375796, "assists_t": 0.038853503184713374, "csscore_t": 0.7853503184713376, "teamgold_t": 64.5624203821656, "vision_score_t": 0.8430194927667246, "wards_placed_t": 0.055414012738853505, "gold_graph_diffs_t": 12.103821656050956}