{"id": "EUN1_3543104557", "lvl": 1300, "literal level": "GOLD III", "time": 1730, "solokills_t": 0.009826589595375723, "kills_t": 0.03526011560693642, "kp": 0.4197619047619048, "deaths_t": 0.035838150289017344, "assists_t": 0.03930635838150289, "csscore_t": 0.8208092485549133, "teamgold_t": 64.69306358381503, "vision_score_t": 0.9601319302832426, "wards_placed_t": 0.05953757225433526, "gold_graph_diffs_t": 11.059537572254335}