{"id": "EUN1_3575130450", "lvl": 1000, "literal level": "SILVER II", "time": 1258, "solokills_t": 0.019077901430842606, "kills_t": 0.046104928457869634, "kp": 0.3336842105263158, "deaths_t": 0.04689984101748808, "assists_t": 0.03179650238473768, "csscore_t": 0.821939586645469, "teamgold_t": 72.33386327503975, "vision_score_t": 0.6563419809735717, "wards_placed_t": 0.04848966613672496, "gold_graph_diffs_t": 15.054054054054054}