{"id": "EUN1_3534492313", "lvl": 1000, "literal level": "SILVER II", "time": 2008, "solokills_t": 0.01195219123505976, "kills_t": 0.03286852589641434, "kp": 0.33460317460317457, "deaths_t": 0.03286852589641434, "assists_t": 0.02390438247011952, "csscore_t": 0.7609561752988048, "teamgold_t": 60.566235059760956, "vision_score_t": 0.8090169277147604, "wards_placed_t": 0.05627490039840637, "gold_graph_diffs_t": 10.92081673306773}