{"id": "EUN1_3582966803", "lvl": 1400, "literal level": "GOLD II", "time": 1659, "solokills_t": 0.0024110910186859553, "kills_t": 0.02591922845087402, "kp": 0.49000000000000005, "deaths_t": 0.02591922845087402, "assists_t": 0.0379746835443038, "csscore_t": 0.8270042194092827, "teamgold_t": 61.31163351416516, "vision_score_t": 0.8719653371116802, "wards_placed_t": 0.0644966847498493, "gold_graph_diffs_t": 11.82157926461724}