{"id": "EUN1_3559779004", "lvl": 1100, "literal level": "SILVER I", "time": 1562, "solokills_t": 0.015364916773367477, "kills_t": 0.04737516005121639, "kp": 0.4059003831417625, "deaths_t": 0.04737516005121639, "assists_t": 0.04801536491677337, "csscore_t": 0.7221510883482715, "teamgold_t": 69.4820742637644, "vision_score_t": 0.8014260333066737, "wards_placed_t": 0.06209987195902689, "gold_graph_diffs_t": 13.724071702944942}