{"id": "EUN1_3576495975", "lvl": 1400, "literal level": "GOLD II", "time": 1347, "solokills_t": 0.022271714922048998, "kills_t": 0.05196733481811433, "kp": 0.40068027210884355, "deaths_t": 0.05196733481811433, "assists_t": 0.04528582034149963, "csscore_t": 0.8121752041573868, "teamgold_t": 71.20786933927246, "vision_score_t": 0.636897266767102, "wards_placed_t": 0.054194506310319225, "gold_graph_diffs_t": 12.582776540460282}