{"id": "EUN1_3577033431", "lvl": 1500, "literal level": "GOLD I", "time": 1944, "solokills_t": 0.0102880658436214, "kills_t": 0.0360082304526749, "kp": 0.43006535947712415, "deaths_t": 0.0360082304526749, "assists_t": 0.0411522633744856, "csscore_t": 0.8739711934156379, "teamgold_t": 66.9948559670782, "vision_score_t": 1.028960064394338, "wards_placed_t": 0.07098765432098765, "gold_graph_diffs_t": 13.369341563786008}