{"id": "EUN1_3569072335", "lvl": 1100, "literal level": "SILVER I", "time": 1301, "solokills_t": 0.017678708685626442, "kills_t": 0.03920061491160646, "kp": 0.3445723684210526, "deaths_t": 0.03920061491160646, "assists_t": 0.027671022290545733, "csscore_t": 0.808608762490392, "teamgold_t": 60.54727132974635, "vision_score_t": 0.7166632443524221, "wards_placed_t": 0.0568793235972329, "gold_graph_diffs_t": 9.375864719446579}