{"id": "EUN1_3550795577", "lvl": 700, "literal level": "BRONZE I", "time": 934, "solokills_t": 0.011777301927194861, "kills_t": 0.028907922912205567, "kp": 0.34431818181818186, "deaths_t": 0.028907922912205567, "assists_t": 0.020342612419700215, "csscore_t": 0.7548179871520343, "teamgold_t": 58.61456102783726, "vision_score_t": 0.6658958460028777, "wards_placed_t": 0.05032119914346895, "gold_graph_diffs_t": 12.284796573875804}