{"id": "EUN1_3584806382", "lvl": 1300, "literal level": "GOLD III", "time": 1730, "solokills_t": 0.009248554913294798, "kills_t": 0.03121387283236994, "kp": 0.4096153846153846, "deaths_t": 0.03121387283236994, "assists_t": 0.032947976878612714, "csscore_t": 0.8803468208092485, "teamgold_t": 63.18728323699422, "vision_score_t": 0.8164100349921943, "wards_placed_t": 0.061849710982658956, "gold_graph_diffs_t": 13.413872832369941}