{"id": "EUN1_3553315017", "lvl": 1200, "literal level": "GOLD IV", "time": 1309, "solokills_t": 0.013750954927425516, "kills_t": 0.05042016806722689, "kp": 0.4318181818181818, "deaths_t": 0.05118411000763942, "assists_t": 0.053475935828877004, "csscore_t": 0.7310924369747899, "teamgold_t": 69.51489686783805, "vision_score_t": 0.8090472736137786, "wards_placed_t": 0.053475935828877004, "gold_graph_diffs_t": 15.608097784568372}