{"id": "EUN1_3543804835", "lvl": 1100, "literal level": "SILVER I", "time": 1832, "solokills_t": 0.010917030567685589, "kills_t": 0.04093886462882096, "kp": 0.4439285714285714, "deaths_t": 0.04093886462882096, "assists_t": 0.04912663755458515, "csscore_t": 0.7543668122270742, "teamgold_t": 66.52947598253274, "vision_score_t": 0.8696261155841573, "wards_placed_t": 0.0584061135371179, "gold_graph_diffs_t": 15.37772925764192}