{"id": "EUN1_3582672127", "lvl": 1400, "literal level": "GOLD II", "time": 2191, "solokills_t": 0.005933363760839799, "kills_t": 0.035600182565038795, "kp": 0.5318936877076411, "deaths_t": 0.03605659516202647, "assists_t": 0.058877225011410315, "csscore_t": 0.7539936102236422, "teamgold_t": 66.12825193975354, "vision_score_t": 1.09367726268143, "wards_placed_t": 0.07804655408489275, "gold_graph_diffs_t": 14.470561387494294}