{"id": "EUN1_3575892400", "lvl": 1200, "literal level": "GOLD IV", "time": 1513, "solokills_t": 0.01255783212161269, "kills_t": 0.029742233972240583, "kp": 0.3192513368983957, "deaths_t": 0.029742233972240583, "assists_t": 0.018506278916060808, "csscore_t": 0.8764044943820225, "teamgold_t": 59.13615333773959, "vision_score_t": 0.8564505684320631, "wards_placed_t": 0.061467283542630535, "gold_graph_diffs_t": 12.050892267019167}