{"id": "EUN1_3555148406", "lvl": 1000, "literal level": "SILVER II", "time": 913, "solokills_t": 0.014238773274917854, "kills_t": 0.025191675794085433, "kp": 0.3473684210526316, "deaths_t": 0.025191675794085433, "assists_t": 0.014238773274917854, "csscore_t": 0.8116100766703176, "teamgold_t": 58.923329682365825, "vision_score_t": 0.6989719922950062, "wards_placed_t": 0.060240963855421686, "gold_graph_diffs_t": 10.907995618838992}