{"id": "EUN1_3563004276", "lvl": 1400, "literal level": "GOLD II", "time": 2050, "solokills_t": 0.005853658536585366, "kills_t": 0.0224390243902439, "kp": 0.48307692307692307, "deaths_t": 0.0224390243902439, "assists_t": 0.03121951219512195, "csscore_t": 0.8473170731707317, "teamgold_t": 59.24926829268293, "vision_score_t": 1.0044440702459947, "wards_placed_t": 0.07365853658536585, "gold_graph_diffs_t": 12.340975609756098}