{"id": "EUN1_3567263938", "lvl": 1300, "literal level": "GOLD III", "time": 1541, "solokills_t": 0.005840363400389357, "kills_t": 0.03244646333549643, "kp": 0.43860294117647064, "deaths_t": 0.03244646333549643, "assists_t": 0.04023361453601557, "csscore_t": 0.8429591174561972, "teamgold_t": 65.21349772874757, "vision_score_t": 0.8202756909532555, "wards_placed_t": 0.06164828033744322, "gold_graph_diffs_t": 11.499026606099935}