{"id": "EUN1_3551168139", "lvl": 900, "literal level": "SILVER III", "time": 1810, "solokills_t": 0.01712707182320442, "kills_t": 0.04861878453038674, "kp": 0.38, "deaths_t": 0.04861878453038674, "assists_t": 0.044751381215469614, "csscore_t": 0.9005524861878453, "teamgold_t": 73.80276243093923, "vision_score_t": 0.6743513904887372, "wards_placed_t": 0.05580110497237569, "gold_graph_diffs_t": 17.358563535911603}