{"id": "EUN1_3543787134", "lvl": 1000, "literal level": "SILVER II", "time": 1487, "solokills_t": 0.008069939475453935, "kills_t": 0.03026227303295225, "kp": 0.4193548387096774, "deaths_t": 0.03093476798924008, "assists_t": 0.03429724277067922, "csscore_t": 0.8090114324142569, "teamgold_t": 62.16879623402824, "vision_score_t": 0.7214915660180065, "wards_placed_t": 0.05648957632817754, "gold_graph_diffs_t": 14.367854741089442}