{"id": "EUN1_3572788355", "lvl": 1300, "literal level": "GOLD III", "time": 1886, "solokills_t": 0.007423117709437964, "kills_t": 0.04188759278897137, "kp": 0.4947402597402597, "deaths_t": 0.04188759278897137, "assists_t": 0.060445387062566275, "csscore_t": 0.7433722163308589, "teamgold_t": 66.77253446447509, "vision_score_t": 0.9249382847337934, "wards_placed_t": 0.06256627783669141, "gold_graph_diffs_t": 16.253976670201485}