{"id": "EUN1_3572885109", "lvl": 1300, "literal level": "GOLD III", "time": 1649, "solokills_t": 0.009096422073984234, "kills_t": 0.035779260157671314, "kp": 0.4383333333333333, "deaths_t": 0.035779260157671314, "assists_t": 0.044269254093389936, "csscore_t": 0.8156458459672529, "teamgold_t": 63.91873862947241, "vision_score_t": 0.6959697238411314, "wards_placed_t": 0.05154639175257732, "gold_graph_diffs_t": 11.836264402668284}