{"id": "EUN1_3580095723", "lvl": 1400, "literal level": "GOLD II", "time": 1625, "solokills_t": 0.0043076923076923075, "kills_t": 0.028923076923076923, "kp": 0.46628352490421454, "deaths_t": 0.028923076923076923, "assists_t": 0.04, "csscore_t": 0.7563076923076923, "teamgold_t": 61.049846153846154, "vision_score_t": 0.7695928742825224, "wards_placed_t": 0.05476923076923077, "gold_graph_diffs_t": 12.488615384615384}