{"id": "EUN1_3536033031", "lvl": 1700, "literal level": "PLATINUM III", "time": 1927, "solokills_t": 0.008303061754021795, "kills_t": 0.03788271925272444, "kp": 0.48204508856682776, "deaths_t": 0.03788271925272444, "assists_t": 0.05345096004151531, "csscore_t": 0.8562532433834976, "teamgold_t": 67.57343020238713, "vision_score_t": 1.1429797535795183, "wards_placed_t": 0.08147379346133887, "gold_graph_diffs_t": 15.537104307213285}