{"id": "EUN1_3537753601", "lvl": 1000, "literal level": "SILVER II", "time": 2891, "solokills_t": 0.011068834313386372, "kills_t": 0.03770321687997233, "kp": 0.433502024291498, "deaths_t": 0.03770321687997233, "assists_t": 0.04427533725354549, "csscore_t": 0.7858872362504323, "teamgold_t": 67.65409892770667, "vision_score_t": 0.9121715132018313, "wards_placed_t": 0.06018678657903839, "gold_graph_diffs_t": 13.243168453822207}