{"id": "EUN1_3538669495", "lvl": 1700, "literal level": "PLATINUM III", "time": 1569, "solokills_t": 0.009560229445506692, "kills_t": 0.036966220522625874, "kp": 0.4583333333333333, "deaths_t": 0.03760356915232632, "assists_t": 0.045889101338432124, "csscore_t": 0.7635436583811345, "teamgold_t": 66.31803696622052, "vision_score_t": 0.775132881885091, "wards_placed_t": 0.05098789037603569, "gold_graph_diffs_t": 15.41555130656469}