{"id": "EUN1_3570833374", "lvl": 1200, "literal level": "GOLD IV", "time": 2075, "solokills_t": 0.004819277108433735, "kills_t": 0.03180722891566265, "kp": 0.5373161764705883, "deaths_t": 0.03180722891566265, "assists_t": 0.05397590361445783, "csscore_t": 0.7412048192771085, "teamgold_t": 62.53975903614458, "vision_score_t": 1.0732253555016433, "wards_placed_t": 0.07036144578313253, "gold_graph_diffs_t": 16.83180722891566}