{"id": "EUN1_3557563694", "lvl": 1400, "literal level": "GOLD II", "time": 1627, "solokills_t": 0.01290719114935464, "kills_t": 0.034419176398279044, "kp": 0.39384615384615385, "deaths_t": 0.034419176398279044, "assists_t": 0.03318992009834051, "csscore_t": 0.7904118008604795, "teamgold_t": 62.12907191149355, "vision_score_t": 0.8816688607859696, "wards_placed_t": 0.06576521204671174, "gold_graph_diffs_t": 14.156115550092194}