{"id": "EUN1_3579031635", "lvl": 1600, "literal level": "PLATINUM IV", "time": 2626, "solokills_t": 0.00913937547600914, "kills_t": 0.04226961157654227, "kp": 0.49077574967405485, "deaths_t": 0.04226961157654227, "assists_t": 0.06169078446306169, "csscore_t": 0.7943640517897944, "teamgold_t": 68.86747905559787, "vision_score_t": 0.8279726233334095, "wards_placed_t": 0.05140898705255141, "gold_graph_diffs_t": 14.006092916984006}