{"id": "EUN1_3540708506", "lvl": 700, "literal level": "BRONZE I", "time": 1922, "solokills_t": 0.01664932362122789, "kills_t": 0.037460978147762745, "kp": 0.37476190476190474, "deaths_t": 0.037460978147762745, "assists_t": 0.03173777315296566, "csscore_t": 0.8189386056191468, "teamgold_t": 65.68002081165453, "vision_score_t": 0.7356007623541754, "wards_placed_t": 0.058792924037460975, "gold_graph_diffs_t": 11.527055150884495}