{"id": "EUN1_3566777092", "lvl": 1400, "literal level": "GOLD II", "time": 1636, "solokills_t": 0.006112469437652812, "kills_t": 0.029951100244498777, "kp": 0.4585714285714285, "deaths_t": 0.029951100244498777, "assists_t": 0.04156479217603912, "csscore_t": 0.7542787286063569, "teamgold_t": 60.53239608801956, "vision_score_t": 0.9525990485599568, "wards_placed_t": 0.06907090464547677, "gold_graph_diffs_t": 10.499388753056234}