{"id": "EUN1_3533021260", "lvl": 900, "literal level": "SILVER III", "time": 1845, "solokills_t": 0.012466124661246613, "kills_t": 0.04227642276422764, "kp": 0.3919389978213507, "deaths_t": 0.04227642276422764, "assists_t": 0.03956639566395664, "csscore_t": 0.7181571815718157, "teamgold_t": 69.14254742547425, "vision_score_t": 0.7542228156927271, "wards_placed_t": 0.05582655826558266, "gold_graph_diffs_t": 14.550677506775068}