{"id": "EUN1_3530667031", "lvl": 1800, "literal level": "PLATINUM II", "time": 2140, "solokills_t": 0.008411214953271028, "kills_t": 0.03878504672897196, "kp": 0.47073170731707314, "deaths_t": 0.03925233644859813, "assists_t": 0.052336448598130844, "csscore_t": 0.7841121495327102, "teamgold_t": 65.33598130841122, "vision_score_t": 0.8845638671128435, "wards_placed_t": 0.06495327102803738, "gold_graph_diffs_t": 10.301401869158878}