{"id": "EUN1_3539402873", "lvl": 900, "literal level": "SILVER III", "time": 1745, "solokills_t": 0.004584527220630372, "kills_t": 0.02349570200573066, "kp": 0.5125, "deaths_t": 0.02349570200573066, "assists_t": 0.03896848137535817, "csscore_t": 0.7524355300859599, "teamgold_t": 58.55644699140401, "vision_score_t": 0.6829258133065516, "wards_placed_t": 0.0492836676217765, "gold_graph_diffs_t": 11.129512893982808}