{"id": "EUN1_3565571119", "lvl": 1000, "literal level": "SILVER II", "time": 986, "solokills_t": 0.014198782961460446, "kills_t": 0.02636916835699797, "kp": 0.261904761904762, "deaths_t": 0.02636916835699797, "assists_t": 0.013184584178498986, "csscore_t": 0.7647058823529411, "teamgold_t": 56.54056795131846, "vision_score_t": 0.5399431914538605, "wards_placed_t": 0.03955375253549696, "gold_graph_diffs_t": 9.692697768762677}