{"id": "EUN1_3543218427", "lvl": 2000, "literal level": "EMERALD IV", "time": 2118, "solokills_t": 0.003777148253068933, "kills_t": 0.036827195467422094, "kp": 0.5414550446122168, "deaths_t": 0.036827195467422094, "assists_t": 0.060906515580736544, "csscore_t": 0.8541076487252125, "teamgold_t": 69.41926345609065, "vision_score_t": 0.9061152812967869, "wards_placed_t": 0.06232294617563739, "gold_graph_diffs_t": 13.165250236071765}