{"id": "EUN1_3573618449", "lvl": 1200, "literal level": "GOLD IV", "time": 1831, "solokills_t": 0.0070999453850355, "kills_t": 0.0409612233752048, "kp": 0.5274748923959829, "deaths_t": 0.0409612233752048, "assists_t": 0.06826870562534135, "csscore_t": 0.659202621518296, "teamgold_t": 65.43801201529219, "vision_score_t": 0.7693387979325754, "wards_placed_t": 0.05188421627525942, "gold_graph_diffs_t": 14.575095576187875}