{"id": "EUN1_3577038408", "lvl": 1400, "literal level": "GOLD II", "time": 1669, "solokills_t": 0.01018573996405033, "kills_t": 0.04373876572798083, "kp": 0.44269841269841265, "deaths_t": 0.04373876572798083, "assists_t": 0.05452366686638706, "csscore_t": 0.7537447573397243, "teamgold_t": 68.0611144397843, "vision_score_t": 0.7874720858739502, "wards_placed_t": 0.061713600958657876, "gold_graph_diffs_t": 14.612342720191732}