{"id": "EUN1_3561143569", "lvl": 900, "literal level": "SILVER III", "time": 1716, "solokills_t": 0.008741258741258742, "kills_t": 0.04487179487179487, "kp": 0.49438775510204075, "deaths_t": 0.04487179487179487, "assists_t": 0.06351981351981352, "csscore_t": 0.6567599067599068, "teamgold_t": 68.98368298368298, "vision_score_t": 0.5919527859213692, "wards_placed_t": 0.04428904428904429, "gold_graph_diffs_t": 13.854312354312354}