{"id": "EUN1_3580075714", "lvl": 1600, "literal level": "PLATINUM IV", "time": 1362, "solokills_t": 0.010279001468428781, "kills_t": 0.027165932452276064, "kp": 0.4325925925925926, "deaths_t": 0.027165932452276064, "assists_t": 0.028634361233480177, "csscore_t": 0.9948604992657856, "teamgold_t": 66.22026431718062, "vision_score_t": 0.8320951819432445, "wards_placed_t": 0.05506607929515418, "gold_graph_diffs_t": 14.7856093979442}