{"id": "EUN1_3561629526", "lvl": 1400, "literal level": "GOLD II", "time": 2130, "solokills_t": 0.006572769953051643, "kills_t": 0.03286384976525822, "kp": 0.46573426573426585, "deaths_t": 0.03333333333333333, "assists_t": 0.0431924882629108, "csscore_t": 0.7859154929577464, "teamgold_t": 65.1300469483568, "vision_score_t": 0.9975512990585464, "wards_placed_t": 0.059154929577464786, "gold_graph_diffs_t": 10.188262910798121}