{"id": "EUN1_3544628888", "lvl": 1100, "literal level": "SILVER I", "time": 1596, "solokills_t": 0.014411027568922305, "kills_t": 0.05639097744360902, "kp": 0.4523109243697479, "deaths_t": 0.05639097744360902, "assists_t": 0.06704260651629072, "csscore_t": 0.6923558897243107, "teamgold_t": 75.06265664160401, "vision_score_t": 0.691355209527666, "wards_placed_t": 0.05325814536340852, "gold_graph_diffs_t": 15.716791979949875}