{"id": "EUN1_3556286573", "lvl": 1100, "literal level": "SILVER I", "time": 925, "solokills_t": 0.008648648648648649, "kills_t": 0.015135135135135135, "kp": 0.2692307692307693, "deaths_t": 0.015135135135135135, "assists_t": 0.00972972972972973, "csscore_t": 0.8075675675675675, "teamgold_t": 52.76756756756757, "vision_score_t": 0.6362511797943083, "wards_placed_t": 0.05621621621621622, "gold_graph_diffs_t": 8.633513513513513}