{"id": "EUN1_3559515540", "lvl": 1200, "literal level": "GOLD IV", "time": 1498, "solokills_t": 0.0033377837116154874, "kills_t": 0.029372496662216287, "kp": 0.48213507625272334, "deaths_t": 0.029372496662216287, "assists_t": 0.043391188251001335, "csscore_t": 0.822429906542056, "teamgold_t": 62.308411214953274, "vision_score_t": 0.8083967876962778, "wards_placed_t": 0.05740987983978638, "gold_graph_diffs_t": 11.428571428571429}