{"id": "EUN1_3550357123", "lvl": 1600, "literal level": "PLATINUM IV", "time": 1344, "solokills_t": 0.017857142857142856, "kills_t": 0.03869047619047619, "kp": 0.3293939393939394, "deaths_t": 0.03869047619047619, "assists_t": 0.024553571428571428, "csscore_t": 0.8117559523809523, "teamgold_t": 65.5610119047619, "vision_score_t": 0.55779762295352, "wards_placed_t": 0.04538690476190476, "gold_graph_diffs_t": 13.683035714285714}