{"id": "EUN1_3582943906", "lvl": 1500, "literal level": "GOLD I", "time": 1686, "solokills_t": 0.022538552787663108, "kills_t": 0.05693950177935943, "kp": 0.3591487494515138, "deaths_t": 0.05693950177935943, "assists_t": 0.0468564650059312, "csscore_t": 0.7775800711743772, "teamgold_t": 74.73606168446027, "vision_score_t": 0.906074535613198, "wards_placed_t": 0.05931198102016608, "gold_graph_diffs_t": 11.819098457888494}