{"id": "EUN1_3554952627", "lvl": 1100, "literal level": "SILVER I", "time": 3176, "solokills_t": 0.010390428211586901, "kills_t": 0.036838790931989926, "kp": 0.47116402116402123, "deaths_t": 0.0371536523929471, "assists_t": 0.05069269521410579, "csscore_t": 0.7034005037783375, "teamgold_t": 63.01227959697733, "vision_score_t": 0.9052928980990638, "wards_placed_t": 0.052267002518891686, "gold_graph_diffs_t": 13.79817380352645}