{"id": "EUN1_3572352717", "lvl": 1300, "literal level": "GOLD III", "time": 2534, "solokills_t": 0.010260457774269928, "kills_t": 0.036306235201262825, "kp": 0.44233188195452355, "deaths_t": 0.036306235201262825, "assists_t": 0.04459352801894238, "csscore_t": 0.7932123125493291, "teamgold_t": 67.36069455406472, "vision_score_t": 0.8918932575642866, "wards_placed_t": 0.07300710339384373, "gold_graph_diffs_t": 16.613259668508288}