{"id": "EUN1_3559926149", "lvl": 900, "literal level": "SILVER III", "time": 2454, "solokills_t": 0.008557457212713936, "kills_t": 0.041972290138549306, "kp": 0.4988301886792453, "deaths_t": 0.041972290138549306, "assists_t": 0.06275468622656886, "csscore_t": 0.7347188264058679, "teamgold_t": 67.1882640586797, "vision_score_t": 0.8985995572056945, "wards_placed_t": 0.06601466992665037, "gold_graph_diffs_t": 15.422167889160555}