{"id": "EUN1_3556331013", "lvl": 1400, "literal level": "GOLD II", "time": 1875, "solokills_t": 0.0096, "kills_t": 0.039466666666666664, "kp": 0.43495873968492127, "deaths_t": 0.039466666666666664, "assists_t": 0.0448, "csscore_t": 0.8256, "teamgold_t": 67.81866666666667, "vision_score_t": 0.6651072647071967, "wards_placed_t": 0.05333333333333334, "gold_graph_diffs_t": 15.104}