{"id": "EUN1_3538924668", "lvl": 1000, "literal level": "SILVER II", "time": 1671, "solokills_t": 0.014961101137043686, "kills_t": 0.036505086774386596, "kp": 0.393859649122807, "deaths_t": 0.036505086774386596, "assists_t": 0.033512866546977854, "csscore_t": 0.7803710353081987, "teamgold_t": 64.15798922800718, "vision_score_t": 0.7936379166389333, "wards_placed_t": 0.061639736684619986, "gold_graph_diffs_t": 10.907241172950329}