{"id": "EUN1_3554743941", "lvl": 1400, "literal level": "GOLD II", "time": 1389, "solokills_t": 0.014398848092152628, "kills_t": 0.03455723542116631, "kp": 0.4084656084656085, "deaths_t": 0.03455723542116631, "assists_t": 0.037437005039596835, "csscore_t": 0.7580993520518359, "teamgold_t": 61.38372930165587, "vision_score_t": 0.8712470603872827, "wards_placed_t": 0.059755219582433405, "gold_graph_diffs_t": 11.840172786177106}