{"id": "EUN1_3580155109", "lvl": 1400, "literal level": "GOLD II", "time": 1582, "solokills_t": 0.008849557522123894, "kills_t": 0.03982300884955752, "kp": 0.4618589743589744, "deaths_t": 0.03982300884955752, "assists_t": 0.05309734513274336, "csscore_t": 0.6877370417193426, "teamgold_t": 63.79835651074589, "vision_score_t": 0.7648097545164827, "wards_placed_t": 0.05246523388116309, "gold_graph_diffs_t": 11.63653603034134}