{"id": "EUN1_3554627526", "lvl": 1100, "literal level": "SILVER I", "time": 1541, "solokills_t": 0.018170019467878003, "kills_t": 0.045425048669695, "kp": 0.434, "deaths_t": 0.045425048669695, "assists_t": 0.04866969500324465, "csscore_t": 0.6924075275794939, "teamgold_t": 66.20376378974692, "vision_score_t": 0.75136045195066, "wards_placed_t": 0.05710577547047372, "gold_graph_diffs_t": 13.924724205061649}