{"id": "EUN1_3557719706", "lvl": 1300, "literal level": "GOLD III", "time": 917, "solokills_t": 0.015267175572519083, "kills_t": 0.03598691384950927, "kp": 0.3511538461538462, "deaths_t": 0.03598691384950927, "assists_t": 0.029443838604143947, "csscore_t": 0.8745910577971646, "teamgold_t": 64.06543075245365, "vision_score_t": 0.6487978898090402, "wards_placed_t": 0.05670665212649945, "gold_graph_diffs_t": 11.088331515812431}