{"id": "EUN1_3575384990", "lvl": 1500, "literal level": "GOLD I", "time": 1660, "solokills_t": 0.00963855421686747, "kills_t": 0.04096385542168675, "kp": 0.4257575757575758, "deaths_t": 0.04096385542168675, "assists_t": 0.04578313253012048, "csscore_t": 0.8710843373493976, "teamgold_t": 70.93734939759037, "vision_score_t": 0.9631489302575915, "wards_placed_t": 0.06566265060240964, "gold_graph_diffs_t": 12.534939759036144}