{"id": "EUN1_3544415784", "lvl": 1900, "literal level": "PLATINUM I", "time": 1792, "solokills_t": 0.010602678571428572, "kills_t": 0.04799107142857143, "kp": 0.45055555555555565, "deaths_t": 0.04799107142857143, "assists_t": 0.05970982142857143, "csscore_t": 0.7645089285714286, "teamgold_t": 70.38727678571429, "vision_score_t": 0.8620964548582289, "wards_placed_t": 0.05915178571428571, "gold_graph_diffs_t": 16.232142857142858}