{"id": "EUN1_3559031872", "lvl": 1000, "literal level": "SILVER II", "time": 1750, "solokills_t": 0.012, "kills_t": 0.037714285714285714, "kp": 0.4149999999999999, "deaths_t": 0.037714285714285714, "assists_t": 0.03942857142857143, "csscore_t": 0.7297142857142858, "teamgold_t": 62.73942857142857, "vision_score_t": 0.6466402784088607, "wards_placed_t": 0.048, "gold_graph_diffs_t": 9.934857142857142}