{"id": "EUN1_3550460086", "lvl": 900, "literal level": "SILVER III", "time": 2421, "solokills_t": 0.014456836018174308, "kills_t": 0.04378356051218505, "kp": 0.4140714285714286, "deaths_t": 0.04378356051218505, "assists_t": 0.04584882280049566, "csscore_t": 0.6129698471705907, "teamgold_t": 63.899215200330445, "vision_score_t": 0.7958115755785669, "wards_placed_t": 0.06484923585295332, "gold_graph_diffs_t": 12.860801321767864}