{"id": "EUN1_3576386032", "lvl": 1300, "literal level": "GOLD III", "time": 1145, "solokills_t": 0.01222707423580786, "kills_t": 0.039301310043668124, "kp": 0.4138888888888889, "deaths_t": 0.039301310043668124, "assists_t": 0.03318777292576419, "csscore_t": 0.9091703056768559, "teamgold_t": 66.18951965065501, "vision_score_t": 0.8085425394820639, "wards_placed_t": 0.06637554585152838, "gold_graph_diffs_t": 12.781659388646288}