{"id": "EUN1_3571768618", "lvl": 1300, "literal level": "GOLD III", "time": 2103, "solokills_t": 0.011412268188302425, "kills_t": 0.03946742748454589, "kp": 0.4425245098039216, "deaths_t": 0.03946742748454589, "assists_t": 0.0446980504041845, "csscore_t": 0.8174037089871612, "teamgold_t": 67.12030432715169, "vision_score_t": 0.9452876578939249, "wards_placed_t": 0.05943889681407513, "gold_graph_diffs_t": 14.308131241084165}