{"id": "EUN1_3585968130", "lvl": 1300, "literal level": "GOLD III", "time": 1970, "solokills_t": 0.005583756345177665, "kills_t": 0.03350253807106599, "kp": 0.4957603686635944, "deaths_t": 0.03350253807106599, "assists_t": 0.048223350253807105, "csscore_t": 0.7736040609137056, "teamgold_t": 62.531472081218276, "vision_score_t": 0.8411145018330094, "wards_placed_t": 0.05736040609137056, "gold_graph_diffs_t": 11.855329949238579}