{"id": "EUN1_3576575866", "lvl": 1400, "literal level": "GOLD II", "time": 2252, "solokills_t": 0.007104795737122558, "kills_t": 0.04129662522202487, "kp": 0.5009803921568629, "deaths_t": 0.04129662522202487, "assists_t": 0.06216696269982238, "csscore_t": 0.7264653641207816, "teamgold_t": 68.3525754884547, "vision_score_t": 0.8319944320936379, "wards_placed_t": 0.06261101243339254, "gold_graph_diffs_t": 10.58614564831261}