{"id": "EUN1_3576749980", "lvl": 1500, "literal level": "GOLD I", "time": 1838, "solokills_t": 0.009249183895538629, "kills_t": 0.03862894450489663, "kp": 0.44767441860465107, "deaths_t": 0.03862894450489663, "assists_t": 0.04570184983677911, "csscore_t": 0.8068552774755169, "teamgold_t": 69.3335146898803, "vision_score_t": 0.7094074897027696, "wards_placed_t": 0.051686615886833515, "gold_graph_diffs_t": 12.817736670293797}