{"id": "EUN1_3549624061", "lvl": 1600, "literal level": "PLATINUM IV", "time": 1858, "solokills_t": 0.006458557588805167, "kills_t": 0.03552206673842842, "kp": 0.49530075187969924, "deaths_t": 0.03552206673842842, "assists_t": 0.053283100107642624, "csscore_t": 0.8094725511302476, "teamgold_t": 66.45909580193756, "vision_score_t": 1.0723720966104975, "wards_placed_t": 0.06620021528525297, "gold_graph_diffs_t": 13.543057050592035}