{"id": "EUN1_3536836914", "lvl": 1100, "literal level": "SILVER I", "time": 1965, "solokills_t": 0.010178117048346057, "kills_t": 0.037659033078880404, "kp": 0.41221434200157603, "deaths_t": 0.03816793893129771, "assists_t": 0.04020356234096692, "csscore_t": 0.7353689567430025, "teamgold_t": 63.57506361323155, "vision_score_t": 0.6587488793792429, "wards_placed_t": 0.058524173027989825, "gold_graph_diffs_t": 12.963358778625954}