{"id": "EUN1_3581223032", "lvl": 1500, "literal level": "GOLD I", "time": 2186, "solokills_t": 0.00777676120768527, "kills_t": 0.04071363220494053, "kp": 0.5287878787878787, "deaths_t": 0.04071363220494053, "assists_t": 0.06541628545288197, "csscore_t": 0.7612076852698993, "teamgold_t": 68.3540713632205, "vision_score_t": 0.9217758664286848, "wards_placed_t": 0.06953339432753888, "gold_graph_diffs_t": 21.029277218664227}