{"id": "EUN1_3558561021", "lvl": 1200, "literal level": "GOLD IV", "time": 1982, "solokills_t": 0.011099899091826439, "kills_t": 0.04490413723511604, "kp": 0.4465306122448979, "deaths_t": 0.045408678102926335, "assists_t": 0.055499495459132187, "csscore_t": 0.7608476286579213, "teamgold_t": 70.401614530777, "vision_score_t": 0.7274856831772106, "wards_placed_t": 0.0549949545913219, "gold_graph_diffs_t": 12.745711402623613}