{"id": "EUN1_3580607468", "lvl": 1400, "literal level": "GOLD II", "time": 3175, "solokills_t": 0.009448818897637795, "kills_t": 0.03464566929133858, "kp": 0.42526525198938997, "deaths_t": 0.03464566929133858, "assists_t": 0.03937007874015748, "csscore_t": 0.8573228346456693, "teamgold_t": 68.00157480314961, "vision_score_t": 1.1998002567536659, "wards_placed_t": 0.0831496062992126, "gold_graph_diffs_t": 10.33228346456693}