{"id": "EUN1_3559863038", "lvl": 1100, "literal level": "SILVER I", "time": 2208, "solokills_t": 0.010416666666666666, "kills_t": 0.04076086956521739, "kp": 0.4674901185770751, "deaths_t": 0.04076086956521739, "assists_t": 0.05434782608695652, "csscore_t": 0.7703804347826086, "teamgold_t": 69.36367753623189, "vision_score_t": 0.9811887363084267, "wards_placed_t": 0.06567028985507246, "gold_graph_diffs_t": 16.046648550724637}