{"id": "EUN1_3541822954", "lvl": 1900, "literal level": "PLATINUM I", "time": 1795, "solokills_t": 0.010027855153203343, "kills_t": 0.036211699164345405, "kp": 0.4450191570881226, "deaths_t": 0.036211699164345405, "assists_t": 0.04456824512534819, "csscore_t": 0.8467966573816156, "teamgold_t": 67.82228412256268, "vision_score_t": 0.8259352170132324, "wards_placed_t": 0.06128133704735376, "gold_graph_diffs_t": 12.949860724233984}