{"id": "EUN1_3572170082", "lvl": 1100, "literal level": "SILVER I", "time": 2367, "solokills_t": 0.011829319814110688, "kills_t": 0.035910435149978874, "kp": 0.41372549019607846, "deaths_t": 0.03633291085762569, "assists_t": 0.03802281368821293, "csscore_t": 0.875369666244191, "teamgold_t": 67.16856780735108, "vision_score_t": 0.9899442396046805, "wards_placed_t": 0.0739332488381918, "gold_graph_diffs_t": 9.909590198563583}