{"id": "EUN1_3546895079", "lvl": 2000, "literal level": "EMERALD IV", "time": 929, "solokills_t": 0.008611410118406888, "kills_t": 0.02691065662002153, "kp": 0.37142857142857144, "deaths_t": 0.02691065662002153, "assists_t": 0.02045209903121636, "csscore_t": 0.9085037674919269, "teamgold_t": 63.18514531754575, "vision_score_t": 0.5266655634404036, "wards_placed_t": 0.03982777179763186, "gold_graph_diffs_t": 15.165769644779333}