{"id": "EUN1_3568202436", "lvl": 1200, "literal level": "GOLD IV", "time": 2486, "solokills_t": 0.008045052292839904, "kills_t": 0.03580048270313757, "kp": 0.4772448979591838, "deaths_t": 0.03580048270313757, "assists_t": 0.048672566371681415, "csscore_t": 0.6846339501206757, "teamgold_t": 63.18785197103781, "vision_score_t": 0.8539133243136486, "wards_placed_t": 0.05148833467417538, "gold_graph_diffs_t": 13.684231697506034}