{"id": "EUN1_3564831964", "lvl": 1300, "literal level": "GOLD III", "time": 1862, "solokills_t": 0.01020408163265306, "kills_t": 0.03866809881847476, "kp": 0.41127413127413126, "deaths_t": 0.03866809881847476, "assists_t": 0.04081632653061224, "csscore_t": 0.8866809881847476, "teamgold_t": 69.35660580021482, "vision_score_t": 0.7639102183490453, "wards_placed_t": 0.054242749731471536, "gold_graph_diffs_t": 12.52094522019334}