{"id": "EUN1_3550171388", "lvl": 1100, "literal level": "SILVER I", "time": 2343, "solokills_t": 0.011096884336320957, "kills_t": 0.04524114383269313, "kp": 0.46148575549945914, "deaths_t": 0.04524114383269313, "assists_t": 0.06017925736235595, "csscore_t": 0.6867264191207854, "teamgold_t": 66.93000426803243, "vision_score_t": 0.8944482991432195, "wards_placed_t": 0.07127614169867691, "gold_graph_diffs_t": 11.641058472044387}