{"id": "EUN1_3540899557", "lvl": 1800, "literal level": "PLATINUM II", "time": 2335, "solokills_t": 0.008137044967880086, "kills_t": 0.044967880085653104, "kp": 0.4643640350877193, "deaths_t": 0.044967880085653104, "assists_t": 0.059957173447537475, "csscore_t": 0.7083511777301927, "teamgold_t": 67.81156316916488, "vision_score_t": 0.9771667655618426, "wards_placed_t": 0.06466809421841542, "gold_graph_diffs_t": 12.089935760171306}