{"id": "EUN1_3551122850", "lvl": 800, "literal level": "SILVER IV", "time": 1911, "solokills_t": 0.011512297226582941, "kills_t": 0.04081632653061224, "kp": 0.3898989898989899, "deaths_t": 0.04081632653061224, "assists_t": 0.03976975405546834, "csscore_t": 0.8215593929879644, "teamgold_t": 66.18158032443746, "vision_score_t": 0.780901259716385, "wards_placed_t": 0.05703819989534275, "gold_graph_diffs_t": 10.631606488749346}