{"id": "EUN1_3574253975", "lvl": 1100, "literal level": "SILVER I", "time": 2064, "solokills_t": 0.012112403100775194, "kills_t": 0.03682170542635659, "kp": 0.40672268907563025, "deaths_t": 0.03682170542635659, "assists_t": 0.03875968992248062, "csscore_t": 0.877422480620155, "teamgold_t": 69.68798449612403, "vision_score_t": 0.8179336654394234, "wards_placed_t": 0.061046511627906974, "gold_graph_diffs_t": 16.906976744186046}