{"id": "EUN1_3581269170", "lvl": 1300, "literal level": "GOLD III", "time": 1831, "solokills_t": 0.004915346805024577, "kills_t": 0.034953577280174765, "kp": 0.4969962453066333, "deaths_t": 0.034953577280174765, "assists_t": 0.05406881485527035, "csscore_t": 0.801201529219006, "teamgold_t": 63.52758055707264, "vision_score_t": 0.7598782421848048, "wards_placed_t": 0.05789186237028946, "gold_graph_diffs_t": 13.292736209721463}