{"id": "EUN1_3550265791", "lvl": 1400, "literal level": "GOLD II", "time": 3038, "solokills_t": 0.015799868334430547, "kills_t": 0.050362080315997364, "kp": 0.43705882352941183, "deaths_t": 0.050362080315997364, "assists_t": 0.05924950625411455, "csscore_t": 0.7100065832784727, "teamgold_t": 72.31435154707044, "vision_score_t": 1.0820454128849977, "wards_placed_t": 0.07603686635944701, "gold_graph_diffs_t": 14.41968400263331}