{"id": "EUN1_3557230551", "lvl": 1300, "literal level": "GOLD III", "time": 1772, "solokills_t": 0.006207674943566591, "kills_t": 0.025959367945823927, "kp": 0.46078431372549017, "deaths_t": 0.025959367945823927, "assists_t": 0.035553047404063204, "csscore_t": 0.863431151241535, "teamgold_t": 60.51805869074492, "vision_score_t": 0.8472004081935159, "wards_placed_t": 0.06489841986455983, "gold_graph_diffs_t": 11.353273137697517}