{"id": "EUN1_3562847847", "lvl": 1400, "literal level": "GOLD II", "time": 2301, "solokills_t": 0.010430247718383311, "kills_t": 0.03824424163407214, "kp": 0.4442265795206972, "deaths_t": 0.03911342894393742, "assists_t": 0.04606692742285962, "csscore_t": 0.7974793568013907, "teamgold_t": 65.5819209039548, "vision_score_t": 0.8896158555004675, "wards_placed_t": 0.06040851803563668, "gold_graph_diffs_t": 13.847023033463712}