{"id": "EUN1_3557233753", "lvl": 1400, "literal level": "GOLD II", "time": 2459, "solokills_t": 0.004473363155754371, "kills_t": 0.037820252135014235, "kp": 0.5373265494912118, "deaths_t": 0.037820252135014235, "assists_t": 0.06384709231394876, "csscore_t": 0.7950386335908906, "teamgold_t": 67.00366002440016, "vision_score_t": 0.8047255056477658, "wards_placed_t": 0.05774705164701098, "gold_graph_diffs_t": 17.395689304595365}