{"id": "EUN1_3579454016", "lvl": 1200, "literal level": "GOLD IV", "time": 1212, "solokills_t": 0.00825082508250825, "kills_t": 0.028052805280528052, "kp": 0.3497354497354498, "deaths_t": 0.028052805280528052, "assists_t": 0.02392739273927393, "csscore_t": 0.8226072607260726, "teamgold_t": 58.67656765676568, "vision_score_t": 0.7578141192051, "wards_placed_t": 0.057755775577557754, "gold_graph_diffs_t": 11.975247524752476}