{"id": "EUN1_3584586025", "lvl": 1400, "literal level": "GOLD II", "time": 1764, "solokills_t": 0.01020408163265306, "kills_t": 0.03798185941043084, "kp": 0.4494824016563147, "deaths_t": 0.03798185941043084, "assists_t": 0.0481859410430839, "csscore_t": 0.8253968253968254, "teamgold_t": 66.25453514739229, "vision_score_t": 0.8106397912354492, "wards_placed_t": 0.05952380952380952, "gold_graph_diffs_t": 13.318027210884354}