{"id": "EUN1_3560293682", "lvl": 1300, "literal level": "GOLD III", "time": 2197, "solokills_t": 0.005461993627674101, "kills_t": 0.02867546654528903, "kp": 0.5166666666666667, "deaths_t": 0.02867546654528903, "assists_t": 0.045061447428311335, "csscore_t": 0.7182521620391443, "teamgold_t": 60.5425580336823, "vision_score_t": 0.8443525027113286, "wards_placed_t": 0.06417842512517069, "gold_graph_diffs_t": 11.31360946745562}