{"id": "EUN1_3557152655", "lvl": 1900, "literal level": "PLATINUM I", "time": 2028, "solokills_t": 0.007889546351084813, "kills_t": 0.03599605522682446, "kp": 0.48248847926267285, "deaths_t": 0.03648915187376726, "assists_t": 0.05325443786982249, "csscore_t": 0.8308678500986193, "teamgold_t": 66.55325443786982, "vision_score_t": 0.8729405814856366, "wards_placed_t": 0.06607495069033531, "gold_graph_diffs_t": 10.715976331360947}