{"id": "EUN1_3563383690", "lvl": 1600, "literal level": "PLATINUM IV", "time": 1683, "solokills_t": 0.0106951871657754, "kills_t": 0.040998217468805706, "kp": 0.4672727272727272, "deaths_t": 0.041592394533571005, "assists_t": 0.0540701128936423, "csscore_t": 0.7789661319073083, "teamgold_t": 67.53891859774212, "vision_score_t": 0.6991635751218099, "wards_placed_t": 0.05763517528223411, "gold_graph_diffs_t": 14.461081402257873}