{"id": "EUN1_3549303184", "lvl": 1800, "literal level": "PLATINUM II", "time": 1840, "solokills_t": 0.00923913043478261, "kills_t": 0.051086956521739134, "kp": 0.4818057455540356, "deaths_t": 0.051086956521739134, "assists_t": 0.07173913043478261, "csscore_t": 0.7581521739130435, "teamgold_t": 71.65054347826087, "vision_score_t": 0.9204778121681647, "wards_placed_t": 0.06684782608695652, "gold_graph_diffs_t": 13.470108695652174}