{"id": "EUN1_3555665452", "lvl": 1400, "literal level": "GOLD II", "time": 1966, "solokills_t": 0.009155645981688708, "kills_t": 0.03814852492370295, "kp": 0.44321428571428567, "deaths_t": 0.03814852492370295, "assists_t": 0.045269582909460836, "csscore_t": 0.7965412004069176, "teamgold_t": 66.21363173957273, "vision_score_t": 1.0415164177073992, "wards_placed_t": 0.07019328585961343, "gold_graph_diffs_t": 13.722278738555442}