{"id": "EUN1_3550208567", "lvl": 1500, "literal level": "GOLD I", "time": 1877, "solokills_t": 0.014384656366542355, "kills_t": 0.04635055940330314, "kp": 0.39807692307692305, "deaths_t": 0.046883324453915826, "assists_t": 0.04635055940330314, "csscore_t": 0.8028769312733085, "teamgold_t": 71.15716568993074, "vision_score_t": 0.8822412362863805, "wards_placed_t": 0.05700586041555674, "gold_graph_diffs_t": 12.19499200852424}