{"id": "EUN1_3561937317", "lvl": 1500, "literal level": "GOLD I", "time": 1623, "solokills_t": 0.010474430067775724, "kills_t": 0.03450400492914356, "kp": 0.47937411095305826, "deaths_t": 0.03450400492914356, "assists_t": 0.04559457794208256, "csscore_t": 0.7812692544670363, "teamgold_t": 64.85089340727049, "vision_score_t": 0.7861202801691921, "wards_placed_t": 0.05545286506469501, "gold_graph_diffs_t": 14.137399876771411}