{"id": "EUN1_3566600192", "lvl": 1100, "literal level": "SILVER I", "time": 1484, "solokills_t": 0.006738544474393531, "kills_t": 0.029649595687331536, "kp": 0.41428571428571426, "deaths_t": 0.029649595687331536, "assists_t": 0.03436657681940701, "csscore_t": 0.889487870619946, "teamgold_t": 63.00539083557951, "vision_score_t": 0.8838460622765355, "wards_placed_t": 0.05997304582210242, "gold_graph_diffs_t": 12.653638814016173}