{"id": "EUN1_3536900910", "lvl": 1400, "literal level": "GOLD II", "time": 1284, "solokills_t": 0.007009345794392523, "kills_t": 0.03660436137071651, "kp": 0.391991341991342, "deaths_t": 0.037383177570093455, "assists_t": 0.03348909657320872, "csscore_t": 0.7998442367601246, "teamgold_t": 65.31697819314641, "vision_score_t": 0.6575644546106867, "wards_placed_t": 0.048286604361370715, "gold_graph_diffs_t": 14.583333333333334}