{"id": "EUN1_3553853391", "lvl": 1000, "literal level": "SILVER II", "time": 1476, "solokills_t": 0.015582655826558265, "kills_t": 0.052845528455284556, "kp": 0.3766361717100633, "deaths_t": 0.052845528455284556, "assists_t": 0.04742547425474255, "csscore_t": 0.7357723577235772, "teamgold_t": 71.43834688346884, "vision_score_t": 0.7652939272750936, "wards_placed_t": 0.06639566395663957, "gold_graph_diffs_t": 17.321815718157183}