{"id": "EUN1_3543913520", "lvl": 1100, "literal level": "SILVER I", "time": 2284, "solokills_t": 0.009632224168126095, "kills_t": 0.03371278458844133, "kp": 0.4341836734693878, "deaths_t": 0.03371278458844133, "assists_t": 0.040718038528896675, "csscore_t": 0.7609457092819615, "teamgold_t": 62.01050788091068, "vision_score_t": 0.9110731352532241, "wards_placed_t": 0.06873905429071804, "gold_graph_diffs_t": 7.677758318739055}