{"id": "EUN1_3569174511", "lvl": 1200, "literal level": "GOLD IV", "time": 1129, "solokills_t": 0.00974313551815766, "kills_t": 0.047829937998228524, "kp": 0.43888888888888883, "deaths_t": 0.048715677590788306, "assists_t": 0.05934455270150576, "csscore_t": 0.7245349867139061, "teamgold_t": 68.85385296722764, "vision_score_t": 0.4578627079955607, "wards_placed_t": 0.04074402125775022, "gold_graph_diffs_t": 17.229406554472984}