{"id": "EUN1_3550528912", "lvl": 1500, "literal level": "GOLD I", "time": 2652, "solokills_t": 0.012443438914027148, "kills_t": 0.05203619909502263, "kp": 0.4389219015280135, "deaths_t": 0.05203619909502263, "assists_t": 0.06259426847662142, "csscore_t": 0.7379336349924586, "teamgold_t": 71.69155354449472, "vision_score_t": 0.9485789271481024, "wards_placed_t": 0.06636500754147813, "gold_graph_diffs_t": 11.588235294117647}