{"id": "EUN1_3568668564", "lvl": 1100, "literal level": "SILVER I", "time": 2035, "solokills_t": 0.013759213759213759, "kills_t": 0.03832923832923833, "kp": 0.4167676767676767, "deaths_t": 0.03882063882063882, "assists_t": 0.04078624078624079, "csscore_t": 0.7208845208845209, "teamgold_t": 62.95577395577396, "vision_score_t": 0.8606760676819315, "wards_placed_t": 0.05454545454545454, "gold_graph_diffs_t": 15.496314496314497}