{"id": "EUN1_3575403064", "lvl": 1500, "literal level": "GOLD I", "time": 1883, "solokills_t": 0.013276686139139671, "kills_t": 0.04142326075411577, "kp": 0.39231297185998626, "deaths_t": 0.04142326075411577, "assists_t": 0.04142326075411577, "csscore_t": 0.8428040361125863, "teamgold_t": 65.30536378120021, "vision_score_t": 0.7151738765157624, "wards_placed_t": 0.048327137546468404, "gold_graph_diffs_t": 13.028146574614976}