{"id": "EUN1_3584031853", "lvl": 1500, "literal level": "GOLD I", "time": 1471, "solokills_t": 0.006798096532970768, "kills_t": 0.027192386131883073, "kp": 0.456980056980057, "deaths_t": 0.027192386131883073, "assists_t": 0.03399048266485384, "csscore_t": 0.8721957851801495, "teamgold_t": 62.662814411964646, "vision_score_t": 0.6528375732031514, "wards_placed_t": 0.04758667573079538, "gold_graph_diffs_t": 11.549286199864039}