{"id": "EUN1_3572274666", "lvl": 1400, "literal level": "GOLD II", "time": 2084, "solokills_t": 0.005758157389635317, "kills_t": 0.029750479846449136, "kp": 0.4766550522648084, "deaths_t": 0.029750479846449136, "assists_t": 0.03934740882917467, "csscore_t": 0.8450095969289827, "teamgold_t": 66.53214971209214, "vision_score_t": 0.9110393178879972, "wards_placed_t": 0.06957773512476008, "gold_graph_diffs_t": 15.852687140115163}