{"id": "EUN1_3559896662", "lvl": 1000, "literal level": "SILVER II", "time": 1107, "solokills_t": 0.00993676603432701, "kills_t": 0.044263775971093045, "kp": 0.42243589743589743, "deaths_t": 0.044263775971093045, "assists_t": 0.045167118337850046, "csscore_t": 0.7931345980126467, "teamgold_t": 70.37759710930443, "vision_score_t": 0.7255531228247336, "wards_placed_t": 0.05600722673893405, "gold_graph_diffs_t": 19.427280939476063}