{"id": "EUN1_3572900230", "lvl": 1400, "literal level": "GOLD II", "time": 2217, "solokills_t": 0.007216959855660803, "kills_t": 0.036535859269282815, "kp": 0.46578624078624087, "deaths_t": 0.036535859269282815, "assists_t": 0.04916553901668922, "csscore_t": 0.7965719440685611, "teamgold_t": 67.4700045105999, "vision_score_t": 0.8926034766817823, "wards_placed_t": 0.06224627875507442, "gold_graph_diffs_t": 13.126296797474064}