{"id": "EUN1_3574712931", "lvl": 1500, "literal level": "GOLD I", "time": 2465, "solokills_t": 0.008519269776876268, "kills_t": 0.04178498985801217, "kp": 0.5021656534954408, "deaths_t": 0.04178498985801217, "assists_t": 0.06328600405679513, "csscore_t": 0.7460446247464503, "teamgold_t": 69.06450304259634, "vision_score_t": 1.0247970723787838, "wards_placed_t": 0.07626774847870182, "gold_graph_diffs_t": 17.26653144016227}