{"id": "EUN1_3566702622", "lvl": 600, "literal level": "BRONZE II", "time": 1481, "solokills_t": 0.01012829169480081, "kills_t": 0.035111411208642807, "kp": 0.4270676691729324, "deaths_t": 0.03578663065496286, "assists_t": 0.04321404456448346, "csscore_t": 0.712356515867657, "teamgold_t": 61.96353814989872, "vision_score_t": 0.6461817181993903, "wards_placed_t": 0.053342336259284265, "gold_graph_diffs_t": 12.469952734638758}