{"id": "EUN1_3572758457", "lvl": 1200, "literal level": "GOLD IV", "time": 1533, "solokills_t": 0.015003261578604044, "kills_t": 0.0410958904109589, "kp": 0.3878048780487805, "deaths_t": 0.0410958904109589, "assists_t": 0.037834311806914545, "csscore_t": 0.8884540117416829, "teamgold_t": 68.21852576647098, "vision_score_t": 0.8773253808113072, "wards_placed_t": 0.06196999347684279, "gold_graph_diffs_t": 11.540117416829746}