{"id": "EUN1_3553771510", "lvl": 800, "literal level": "SILVER IV", "time": 1398, "solokills_t": 0.015021459227467811, "kills_t": 0.04148783977110158, "kp": 0.3522222222222222, "deaths_t": 0.04148783977110158, "assists_t": 0.032188841201716736, "csscore_t": 0.8397711015736766, "teamgold_t": 65.35336194563662, "vision_score_t": 0.7860599548392571, "wards_placed_t": 0.059370529327610874, "gold_graph_diffs_t": 14.40200286123033}