{"id": "EUN1_3544460169", "lvl": 1200, "literal level": "GOLD IV", "time": 2286, "solokills_t": 0.011373578302712161, "kills_t": 0.0389326334208224, "kp": 0.4668693009118541, "deaths_t": 0.0389326334208224, "assists_t": 0.05205599300087489, "csscore_t": 0.5590551181102362, "teamgold_t": 61.36920384951881, "vision_score_t": 0.7753028133174317, "wards_placed_t": 0.06167979002624672, "gold_graph_diffs_t": 14.746281714785653}