{"id": "EUN1_3546859104", "lvl": 1800, "literal level": "PLATINUM II", "time": 1349, "solokills_t": 0.010378057820607857, "kills_t": 0.04002965159377316, "kp": 0.46307692307692305, "deaths_t": 0.040770941438102296, "assists_t": 0.05114899925871016, "csscore_t": 0.8806523350630097, "teamgold_t": 71.69607116382505, "vision_score_t": 1.040614789802569, "wards_placed_t": 0.0770941438102298, "gold_graph_diffs_t": 18.529280948851}