{"id": "EUN1_3548726408", "lvl": 1400, "literal level": "GOLD II", "time": 2408, "solokills_t": 0.009966777408637873, "kills_t": 0.03488372093023256, "kp": 0.4238095238095238, "deaths_t": 0.03488372093023256, "assists_t": 0.03903654485049834, "csscore_t": 0.9227574750830565, "teamgold_t": 70.57142857142857, "vision_score_t": 0.7318979817098967, "wards_placed_t": 0.04609634551495016, "gold_graph_diffs_t": 14.829734219269103}