{"id": "EUN1_3543561348", "lvl": 2000, "literal level": "EMERALD IV", "time": 2346, "solokills_t": 0.005967604433077579, "kills_t": 0.023870417732310314, "kp": 0.4990476190476191, "deaths_t": 0.024296675191815855, "assists_t": 0.03410059676044331, "csscore_t": 0.8405797101449275, "teamgold_t": 63.05839727195226, "vision_score_t": 1.0918597627804605, "wards_placed_t": 0.07161125319693094, "gold_graph_diffs_t": 12.961210571184996}