{"id": "EUN1_3568112842", "lvl": 1100, "literal level": "SILVER I", "time": 1875, "solokills_t": 0.0192, "kills_t": 0.047466666666666664, "kp": 0.34400406504065034, "deaths_t": 0.047466666666666664, "assists_t": 0.034133333333333335, "csscore_t": 0.7968, "teamgold_t": 71.53226666666667, "vision_score_t": 0.7339833820074076, "wards_placed_t": 0.054933333333333334, "gold_graph_diffs_t": 11.0128}