{"id": "EUN1_3568096206", "lvl": 1100, "literal level": "SILVER I", "time": 1572, "solokills_t": 0.00826972010178117, "kills_t": 0.04262086513994911, "kp": 0.45838383838383834, "deaths_t": 0.04262086513994911, "assists_t": 0.05534351145038168, "csscore_t": 0.8199745547073791, "teamgold_t": 69.12531806615776, "vision_score_t": 1.0061096129920672, "wards_placed_t": 0.06615776081424936, "gold_graph_diffs_t": 16.092239185750635}