{"id": "EUN1_3541008635", "lvl": 1700, "literal level": "PLATINUM III", "time": 2293, "solokills_t": 0.006977758395115569, "kills_t": 0.04012211077191452, "kp": 0.5324815724815725, "deaths_t": 0.040558220671609246, "assists_t": 0.06977758395115569, "csscore_t": 0.7893589184474488, "teamgold_t": 68.2398604448321, "vision_score_t": 1.0533268708953736, "wards_placed_t": 0.07021369385085041, "gold_graph_diffs_t": 14.404709986916703}