{"id": "EUN1_3557554112", "lvl": 1300, "literal level": "GOLD III", "time": 1563, "solokills_t": 0.01215611004478567, "kills_t": 0.04094689699296225, "kp": 0.3868717948717949, "deaths_t": 0.04094689699296225, "assists_t": 0.03838771593090211, "csscore_t": 0.8106206014075495, "teamgold_t": 65.20473448496482, "vision_score_t": 0.8441606740051256, "wards_placed_t": 0.05502239283429303, "gold_graph_diffs_t": 14.566218809980807}