{"id": "EUN1_3577608905", "lvl": 1400, "literal level": "GOLD II", "time": 1878, "solokills_t": 0.010117145899893504, "kills_t": 0.038338658146964855, "kp": 0.445, "deaths_t": 0.03887113951011715, "assists_t": 0.04739084132055378, "csscore_t": 0.7055378061767839, "teamgold_t": 62.960063897763575, "vision_score_t": 0.6884519767829469, "wards_placed_t": 0.052715654952076675, "gold_graph_diffs_t": 12.552183173588924}