{"id": "EUN1_3575125131", "lvl": 1300, "literal level": "GOLD III", "time": 2194, "solokills_t": 0.007292616226071103, "kills_t": 0.0300820419325433, "kp": 0.4383333333333333, "deaths_t": 0.0300820419325433, "assists_t": 0.03555150410209663, "csscore_t": 0.9070191431175935, "teamgold_t": 64.8404740200547, "vision_score_t": 0.8180423014928788, "wards_placed_t": 0.06198723792160438, "gold_graph_diffs_t": 10.535095715587968}