{"id": "EUN1_3538799909", "lvl": 1100, "literal level": "SILVER I", "time": 1618, "solokills_t": 0.009270704573547589, "kills_t": 0.0315203955500618, "kp": 0.44064516129032255, "deaths_t": 0.0315203955500618, "assists_t": 0.03522867737948084, "csscore_t": 0.8213844252163165, "teamgold_t": 63.01297898640296, "vision_score_t": 0.9025082525619915, "wards_placed_t": 0.0580964153275649, "gold_graph_diffs_t": 9.743510506798517}