{"id": "EUN1_3567277577", "lvl": 400, "literal level": "BRONZE IV", "time": 1787, "solokills_t": 0.021264689423614997, "kills_t": 0.05316172355903749, "kp": 0.38716457960644, "deaths_t": 0.053721320649132626, "assists_t": 0.05036373810856184, "csscore_t": 0.5993284834918858, "teamgold_t": 64.44208170117516, "vision_score_t": 0.6135046868352213, "wards_placed_t": 0.041969781757134866, "gold_graph_diffs_t": 16.026860660324566}