{"id": "EUN1_3531964371", "lvl": 1900, "literal level": "PLATINUM I", "time": 1833, "solokills_t": 0.006546644844517185, "kills_t": 0.0425531914893617, "kp": 0.5731313131313132, "deaths_t": 0.0430987452264048, "assists_t": 0.07910529187124932, "csscore_t": 0.851063829787234, "teamgold_t": 72.8494271685761, "vision_score_t": 1.028215395426431, "wards_placed_t": 0.07146753955264594, "gold_graph_diffs_t": 17.358974358974358}