{"id": "EUN1_3584961695", "lvl": 1200, "literal level": "GOLD IV", "time": 1763, "solokills_t": 0.005672149744753261, "kills_t": 0.03970504821327283, "kp": 0.4944055944055944, "deaths_t": 0.03970504821327283, "assists_t": 0.06012478729438457, "csscore_t": 0.6948383437322745, "teamgold_t": 65.64095292115712, "vision_score_t": 0.8123490269470534, "wards_placed_t": 0.05728871242200794, "gold_graph_diffs_t": 16.823028927963698}