{"id": "EUN1_3556676243", "lvl": 1500, "literal level": "GOLD I", "time": 1846, "solokills_t": 0.004333694474539545, "kills_t": 0.023293607800650054, "kp": 0.4757142857142857, "deaths_t": 0.023293607800650054, "assists_t": 0.031960996749729145, "csscore_t": 0.8873239436619719, "teamgold_t": 62.17713976164681, "vision_score_t": 0.885888701326387, "wards_placed_t": 0.06825568797399784, "gold_graph_diffs_t": 11.831527627302275}