{"id": "EUN1_3558202820", "lvl": 1500, "literal level": "GOLD I", "time": 1845, "solokills_t": 0.008130081300813009, "kills_t": 0.02926829268292683, "kp": 0.475, "deaths_t": 0.02926829268292683, "assists_t": 0.04010840108401084, "csscore_t": 0.8341463414634146, "teamgold_t": 63.488346883468836, "vision_score_t": 0.8130069180831597, "wards_placed_t": 0.05799457994579946, "gold_graph_diffs_t": 11.331165311653116}