{"id": "EUN1_3575622699", "lvl": 1500, "literal level": "GOLD I", "time": 2282, "solokills_t": 0.009640666082383873, "kills_t": 0.04425942156003506, "kp": 0.4720518867924528, "deaths_t": 0.044697633654688866, "assists_t": 0.0600350569675723, "csscore_t": 0.78965819456617, "teamgold_t": 71.53374233128834, "vision_score_t": 0.7685555227901439, "wards_placed_t": 0.05521472392638037, "gold_graph_diffs_t": 15.185801928133216}