{"id": "EUN1_3550227293", "lvl": 1200, "literal level": "GOLD IV", "time": 739, "solokills_t": 0.013531799729364006, "kills_t": 0.04059539918809202, "kp": 0.3607655502392344, "deaths_t": 0.04194857916102842, "assists_t": 0.03247631935047361, "csscore_t": 0.706359945872801, "teamgold_t": 61.554803788903925, "vision_score_t": 0.524555751865196, "wards_placed_t": 0.05006765899864682, "gold_graph_diffs_t": 9.0297699594046}