{"id": "EUN1_3550111766", "lvl": 700, "literal level": "BRONZE I", "time": 2133, "solokills_t": 0.009845288326300985, "kills_t": 0.04453820909517112, "kp": 0.41836007130124775, "deaths_t": 0.04453820909517112, "assists_t": 0.04922644163150492, "csscore_t": 0.802625410220347, "teamgold_t": 69.73792780121894, "vision_score_t": 0.7537796079803256, "wards_placed_t": 0.06282231598687295, "gold_graph_diffs_t": 15.603844350679793}