{"id": "EUN1_3554276725", "lvl": 1000, "literal level": "SILVER II", "time": 1920, "solokills_t": 0.0078125, "kills_t": 0.040625, "kp": 0.45210526315789473, "deaths_t": 0.040625, "assists_t": 0.051041666666666666, "csscore_t": 0.7645833333333333, "teamgold_t": 69.0421875, "vision_score_t": 0.7993736239639265, "wards_placed_t": 0.059895833333333336, "gold_graph_diffs_t": 12.566145833333334}