{"id": "EUN1_3557376472", "lvl": 1100, "literal level": "SILVER I", "time": 3011, "solokills_t": 0.004317502490866822, "kills_t": 0.034207904350714045, "kp": 0.4911854103343466, "deaths_t": 0.034540019926934576, "assists_t": 0.05014945200929924, "csscore_t": 0.758884091663899, "teamgold_t": 64.39388907339755, "vision_score_t": 0.7964391916359769, "wards_placed_t": 0.05645964795748921, "gold_graph_diffs_t": 15.456658917303221}