{"id": "EUN1_3562631719", "lvl": 1000, "literal level": "SILVER II", "time": 831, "solokills_t": 0.01444043321299639, "kills_t": 0.03489771359807461, "kp": 0.405050505050505, "deaths_t": 0.03489771359807461, "assists_t": 0.03369434416365824, "csscore_t": 0.7292418772563177, "teamgold_t": 59.7352587244284, "vision_score_t": 0.491410718968799, "wards_placed_t": 0.04332129963898917, "gold_graph_diffs_t": 10.086642599277978}