{"id": "EUN1_3532523666", "lvl": 800, "literal level": "SILVER IV", "time": 2051, "solokills_t": 0.005850804485616773, "kills_t": 0.040468064358849344, "kp": 0.4704069767441861, "deaths_t": 0.040468064358849344, "assists_t": 0.05460750853242321, "csscore_t": 0.7815699658703071, "teamgold_t": 68.71867381764993, "vision_score_t": 0.6836427255200207, "wards_placed_t": 0.04680643588493418, "gold_graph_diffs_t": 12.444661140906875}