{"id": "EUN1_3575158640", "lvl": 1000, "literal level": "SILVER II", "time": 2246, "solokills_t": 0.004897595725734639, "kills_t": 0.03383793410507569, "kp": 0.5222222222222223, "deaths_t": 0.03383793410507569, "assists_t": 0.054764024933214604, "csscore_t": 0.707479964381122, "teamgold_t": 62.70703472840606, "vision_score_t": 0.7993015979780653, "wards_placed_t": 0.06010685663401603, "gold_graph_diffs_t": 12.880676758682101}