{"id": "EUN1_3584156072", "lvl": 800, "literal level": "SILVER IV", "time": 2112, "solokills_t": 0.010416666666666666, "kills_t": 0.03598484848484849, "kp": 0.4236559139784946, "deaths_t": 0.036458333333333336, "assists_t": 0.041666666666666664, "csscore_t": 0.8702651515151515, "teamgold_t": 67.0184659090909, "vision_score_t": 0.9113847636953196, "wards_placed_t": 0.06581439393939394, "gold_graph_diffs_t": 10.874526515151516}