{"id": "EUN1_3569940604", "lvl": 1100, "literal level": "SILVER I", "time": 1808, "solokills_t": 0.010508849557522125, "kills_t": 0.03761061946902655, "kp": 0.42941176470588244, "deaths_t": 0.03761061946902655, "assists_t": 0.04314159292035398, "csscore_t": 0.7605088495575221, "teamgold_t": 66.45132743362832, "vision_score_t": 0.8134588814387396, "wards_placed_t": 0.06471238938053098, "gold_graph_diffs_t": 14.780973451327434}