{"id": "EUN1_3562597182", "lvl": 1000, "literal level": "SILVER II", "time": 1883, "solokills_t": 0.013276686139139671, "kills_t": 0.03186404673393521, "kp": 0.37710437710437705, "deaths_t": 0.03186404673393521, "assists_t": 0.027615507169410514, "csscore_t": 0.9006903876792353, "teamgold_t": 64.00106213489113, "vision_score_t": 0.8315173592878891, "wards_placed_t": 0.0605416887944769, "gold_graph_diffs_t": 10.84121083377589}