{"id": "EUN1_3563326694", "lvl": 600, "literal level": "BRONZE II", "time": 2326, "solokills_t": 0.012467755803955288, "kills_t": 0.04514187446259673, "kp": 0.4408290535583272, "deaths_t": 0.04557179707652623, "assists_t": 0.05331040412725709, "csscore_t": 0.6827171109200344, "teamgold_t": 67.57652622527945, "vision_score_t": 0.6287401846462634, "wards_placed_t": 0.04557179707652623, "gold_graph_diffs_t": 14.031384350816852}