{"id": "EUN1_3562590518", "lvl": 1100, "literal level": "SILVER I", "time": 2010, "solokills_t": 0.013930348258706468, "kills_t": 0.05223880597014925, "kp": 0.4033333333333333, "deaths_t": 0.05223880597014925, "assists_t": 0.0527363184079602, "csscore_t": 0.7706467661691542, "teamgold_t": 73.90646766169154, "vision_score_t": 0.7950237418075787, "wards_placed_t": 0.059203980099502486, "gold_graph_diffs_t": 14.853731343283583}