{"id": "EUN1_3548599321", "lvl": 800, "literal level": "SILVER IV", "time": 2253, "solokills_t": 0.005326231691078562, "kills_t": 0.033732800710164226, "kp": 0.4929616724738676, "deaths_t": 0.033732800710164226, "assists_t": 0.048823790501553485, "csscore_t": 0.8131380381713271, "teamgold_t": 68.07012871726587, "vision_score_t": 0.7935550725801535, "wards_placed_t": 0.060363959165557035, "gold_graph_diffs_t": 18.719041278295606}