{"id": "EUN1_3534810775", "lvl": 1300, "literal level": "GOLD III", "time": 962, "solokills_t": 0.011434511434511435, "kills_t": 0.033264033264033266, "kp": 0.42857142857142855, "deaths_t": 0.033264033264033266, "assists_t": 0.035343035343035345, "csscore_t": 0.8108108108108109, "teamgold_t": 63.33056133056133, "vision_score_t": 0.9138074817930114, "wards_placed_t": 0.07276507276507277, "gold_graph_diffs_t": 14.615384615384615}