{"id": "EUN1_3567992392", "lvl": 600, "literal level": "BRONZE II", "time": 1267, "solokills_t": 0.0055248618784530384, "kills_t": 0.037884767166535126, "kp": 0.40614250614250613, "deaths_t": 0.037884767166535126, "assists_t": 0.043409629044988164, "csscore_t": 0.7056037884767167, "teamgold_t": 63.3756906077348, "vision_score_t": 0.6031970822609642, "wards_placed_t": 0.04814522494080505, "gold_graph_diffs_t": 16.611681136543016}