{"id": "EUN1_3567520583", "lvl": 1100, "literal level": "SILVER I", "time": 1625, "solokills_t": 0.006153846153846154, "kills_t": 0.033846153846153845, "kp": 0.44909909909909906, "deaths_t": 0.033846153846153845, "assists_t": 0.043076923076923075, "csscore_t": 0.8498461538461538, "teamgold_t": 64.61476923076923, "vision_score_t": 0.7222777688996316, "wards_placed_t": 0.05415384615384616, "gold_graph_diffs_t": 16.464615384615385}