{"id": "EUN1_3535992217", "lvl": 1200, "literal level": "GOLD IV", "time": 1363, "solokills_t": 0.012472487160674981, "kills_t": 0.03301540719002201, "kp": 0.35748987854251013, "deaths_t": 0.034482758620689655, "assists_t": 0.027879677182685254, "csscore_t": 0.7718268525311812, "teamgold_t": 58.09904622157006, "vision_score_t": 0.7347865998600639, "wards_placed_t": 0.05575935436537051, "gold_graph_diffs_t": 10.467351430667645}