{"id": "EUN1_3582735263", "lvl": 800, "literal level": "SILVER IV", "time": 2139, "solokills_t": 0.007947639083683964, "kills_t": 0.03506311360448808, "kp": 0.46782407407407406, "deaths_t": 0.03506311360448808, "assists_t": 0.04628330995792426, "csscore_t": 0.7956989247311828, "teamgold_t": 65.70967741935483, "vision_score_t": 0.9265346989289208, "wards_placed_t": 0.06545114539504442, "gold_graph_diffs_t": 14.092099111734456}