{"id": "EUN1_3540315121", "lvl": 700, "literal level": "BRONZE I", "time": 1943, "solokills_t": 0.008749356664951106, "kills_t": 0.035512094698919194, "kp": 0.4056363636363637, "deaths_t": 0.035512094698919194, "assists_t": 0.03757076685537828, "csscore_t": 0.6803911477097272, "teamgold_t": 62.29027277406073, "vision_score_t": 0.8199073710123399, "wards_placed_t": 0.06278950077200206, "gold_graph_diffs_t": 12.1811631497684}