{"id": "EUN1_3547822628", "lvl": 800, "literal level": "SILVER IV", "time": 1682, "solokills_t": 0.002972651605231867, "kills_t": 0.03329369797859691, "kp": 0.571345029239766, "deaths_t": 0.03329369797859691, "assists_t": 0.06539833531510107, "csscore_t": 0.6504161712247325, "teamgold_t": 61.57074910820452, "vision_score_t": 0.7934427051032066, "wards_placed_t": 0.06064209274673008, "gold_graph_diffs_t": 19.86682520808561}