{"id": "EUN1_3530257181", "lvl": 1000, "literal level": "SILVER II", "time": 1130, "solokills_t": 0.007964601769911504, "kills_t": 0.04070796460176991, "kp": 0.4461538461538462, "deaths_t": 0.04070796460176991, "assists_t": 0.04601769911504425, "csscore_t": 0.7663716814159292, "teamgold_t": 63.85486725663717, "vision_score_t": 0.7423792684944772, "wards_placed_t": 0.05929203539823009, "gold_graph_diffs_t": 14.253097345132744}