{"id": "EUN1_3572433974", "lvl": 1100, "literal level": "SILVER I", "time": 1961, "solokills_t": 0.009688934217236104, "kills_t": 0.03263640999490056, "kp": 0.440625, "deaths_t": 0.03263640999490056, "assists_t": 0.03926568077511474, "csscore_t": 0.8082610912799592, "teamgold_t": 64.45130035696073, "vision_score_t": 0.8958503545316991, "wards_placed_t": 0.07139214686384497, "gold_graph_diffs_t": 14.989801121876594}