{"id": "EUN1_3582788044", "lvl": 1400, "literal level": "GOLD II", "time": 2071, "solokills_t": 0.012554321583775953, "kills_t": 0.042008691453404155, "kp": 0.424918918918919, "deaths_t": 0.042008691453404155, "assists_t": 0.046837276677933366, "csscore_t": 0.8029937228392081, "teamgold_t": 68.35152100434573, "vision_score_t": 1.1931225136262495, "wards_placed_t": 0.0816030902945437, "gold_graph_diffs_t": 15.439884113954612}