{"id": "EUN1_3535846293", "lvl": 1600, "literal level": "PLATINUM IV", "time": 2420, "solokills_t": 0.007851239669421488, "kills_t": 0.02768595041322314, "kp": 0.460351966873706, "deaths_t": 0.02768595041322314, "assists_t": 0.0371900826446281, "csscore_t": 0.8297520661157025, "teamgold_t": 62.45661157024794, "vision_score_t": 0.9524735808818864, "wards_placed_t": 0.06776859504132231, "gold_graph_diffs_t": 14.570661157024793}