{"id": "EUN1_3567505157", "lvl": 900, "literal level": "SILVER III", "time": 1596, "solokills_t": 0.010025062656641603, "kills_t": 0.03759398496240601, "kp": 0.39285714285714285, "deaths_t": 0.03759398496240601, "assists_t": 0.03696741854636591, "csscore_t": 0.7963659147869674, "teamgold_t": 67.781328320802, "vision_score_t": 0.6972886838440077, "wards_placed_t": 0.05137844611528822, "gold_graph_diffs_t": 13.265037593984962}