{"id": "EUN1_3566577954", "lvl": 800, "literal level": "SILVER IV", "time": 3152, "solokills_t": 0.018718274111675128, "kills_t": 0.04282994923857868, "kp": 0.37733717323881255, "deaths_t": 0.04282994923857868, "assists_t": 0.038388324873096444, "csscore_t": 0.7243020304568528, "teamgold_t": 66.74587563451777, "vision_score_t": 1.0261860269694818, "wards_placed_t": 0.0675761421319797, "gold_graph_diffs_t": 13.354378172588833}