{"id": "EUN1_3546007866", "lvl": 1300, "literal level": "GOLD III", "time": 2102, "solokills_t": 0.007136060894386299, "kills_t": 0.03853472882968601, "kp": 0.4716666666666667, "deaths_t": 0.03853472882968601, "assists_t": 0.051855375832540435, "csscore_t": 0.813035204567079, "teamgold_t": 68.7930542340628, "vision_score_t": 0.9006920074087607, "wards_placed_t": 0.05566127497621313, "gold_graph_diffs_t": 15.16698382492864}