{"id": "EUN1_3535138531", "lvl": 1500, "literal level": "GOLD I", "time": 1650, "solokills_t": 0.006666666666666667, "kills_t": 0.027878787878787878, "kp": 0.43538461538461537, "deaths_t": 0.027878787878787878, "assists_t": 0.03272727272727273, "csscore_t": 0.8121212121212121, "teamgold_t": 64.02484848484849, "vision_score_t": 0.8323832734681751, "wards_placed_t": 0.06121212121212121, "gold_graph_diffs_t": 9.784848484848485}