{"id": "EUN1_3537023210", "lvl": 800, "literal level": "SILVER IV", "time": 2477, "solokills_t": 0.006055712555510699, "kills_t": 0.03189341945902301, "kp": 0.46189542483660134, "deaths_t": 0.03189341945902301, "assists_t": 0.041178845377472746, "csscore_t": 0.6088009689140089, "teamgold_t": 58.10375454178442, "vision_score_t": 0.7786356803954014, "wards_placed_t": 0.055712555510698425, "gold_graph_diffs_t": 8.551877270892208}