{"id": "EUN1_3574227445", "lvl": 900, "literal level": "SILVER III", "time": 2995, "solokills_t": 0.011018363939899833, "kills_t": 0.04273789649415693, "kp": 0.4134482758620689, "deaths_t": 0.04273789649415693, "assists_t": 0.04574290484140234, "csscore_t": 0.7629382303839732, "teamgold_t": 66.5212020033389, "vision_score_t": 0.88550595832568, "wards_placed_t": 0.0674457429048414, "gold_graph_diffs_t": 14.414357262103506}