{"id": "EUN1_3550075036", "lvl": 1200, "literal level": "GOLD IV", "time": 2153, "solokills_t": 0.006967022758941012, "kills_t": 0.03158383650719926, "kp": 0.46215277777777775, "deaths_t": 0.03158383650719926, "assists_t": 0.041337668369716675, "csscore_t": 0.8351137947050628, "teamgold_t": 64.5638643752903, "vision_score_t": 0.8444503772274772, "wards_placed_t": 0.057594054807245706, "gold_graph_diffs_t": 13.85973060845332}