{"id": "EUN1_3564317471", "lvl": 700, "literal level": "BRONZE I", "time": 2532, "solokills_t": 0.01066350710900474, "kills_t": 0.0339652448657188, "kp": 0.44574525745257454, "deaths_t": 0.034360189573459717, "assists_t": 0.04186413902053712, "csscore_t": 0.7792259083728278, "teamgold_t": 62.77646129541864, "vision_score_t": 1.014759832697629, "wards_placed_t": 0.06516587677725119, "gold_graph_diffs_t": 11.9391785150079}