{"id": "EUN1_3567290244", "lvl": 600, "literal level": "BRONZE II", "time": 2630, "solokills_t": 0.012547528517110267, "kills_t": 0.0467680608365019, "kp": 0.4682302771855011, "deaths_t": 0.0467680608365019, "assists_t": 0.0623574144486692, "csscore_t": 0.688212927756654, "teamgold_t": 67.82699619771863, "vision_score_t": 0.6760114825700518, "wards_placed_t": 0.050190114068441066, "gold_graph_diffs_t": 15.979847908745247}