{"id": "EUN1_3556758644", "lvl": 1100, "literal level": "SILVER I", "time": 1381, "solokills_t": 0.00941346850108617, "kills_t": 0.03258508327299059, "kp": 0.42764423076923075, "deaths_t": 0.03258508327299059, "assists_t": 0.03475742215785663, "csscore_t": 0.782766111513396, "teamgold_t": 61.80883417813179, "vision_score_t": 0.8304823643140994, "wards_placed_t": 0.0608254887762491, "gold_graph_diffs_t": 10.692251991310645}