{"id": "EUN1_3551326344", "lvl": 1300, "literal level": "GOLD III", "time": 1754, "solokills_t": 0.01539338654503991, "kills_t": 0.03876852907639681, "kp": 0.41098484848484845, "deaths_t": 0.03876852907639681, "assists_t": 0.03534777651083238, "csscore_t": 0.838654503990878, "teamgold_t": 66.39680729760548, "vision_score_t": 0.6410137448318123, "wards_placed_t": 0.05872291904218928, "gold_graph_diffs_t": 12.64994298745724}