{"id": "EUN1_3566279242", "lvl": 700, "literal level": "BRONZE I", "time": 1651, "solokills_t": 0.008479709267110842, "kills_t": 0.043609933373712904, "kp": 0.4791666666666667, "deaths_t": 0.043609933373712904, "assists_t": 0.06117504542701393, "csscore_t": 0.7334948516050879, "teamgold_t": 68.77165354330708, "vision_score_t": 0.6811282987017726, "wards_placed_t": 0.049061175045427015, "gold_graph_diffs_t": 14.373107207752877}