{"id": "EUN1_3570584608", "lvl": 1100, "literal level": "SILVER I", "time": 3090, "solokills_t": 0.016828478964401296, "kills_t": 0.040129449838187704, "kp": 0.35903520208604955, "deaths_t": 0.040129449838187704, "assists_t": 0.03203883495145631, "csscore_t": 0.8488673139158576, "teamgold_t": 70.56019417475729, "vision_score_t": 1.0202842934676064, "wards_placed_t": 0.06634304207119741, "gold_graph_diffs_t": 16.89611650485437}