{"id": "EUN1_3566246278", "lvl": 700, "literal level": "BRONZE I", "time": 1674, "solokills_t": 0.012544802867383513, "kills_t": 0.04121863799283154, "kp": 0.38690476190476186, "deaths_t": 0.04181600955794504, "assists_t": 0.04360812425328554, "csscore_t": 0.6642771804062126, "teamgold_t": 63.33094384707288, "vision_score_t": 0.6462423164173826, "wards_placed_t": 0.04838709677419355, "gold_graph_diffs_t": 13.528076463560334}