{"id": "EUN1_3535150860", "lvl": 1500, "literal level": "GOLD I", "time": 917, "solokills_t": 0.017448200654307525, "kills_t": 0.03271537622682661, "kp": 0.325, "deaths_t": 0.03271537622682661, "assists_t": 0.019629225736095966, "csscore_t": 0.7938931297709924, "teamgold_t": 60.06215921483097, "vision_score_t": 0.6305820840273507, "wards_placed_t": 0.05125408942202835, "gold_graph_diffs_t": 8.541984732824428}