{"id": "EUN1_3550643026", "lvl": 1200, "literal level": "GOLD IV", "time": 2234, "solokills_t": 0.005819158460161146, "kills_t": 0.02999104744852283, "kp": 0.4808080808080809, "deaths_t": 0.02999104744852283, "assists_t": 0.04252461951656222, "csscore_t": 0.8272157564905999, "teamgold_t": 64.98746642793196, "vision_score_t": 1.1085640745926983, "wards_placed_t": 0.07341092211280215, "gold_graph_diffs_t": 13.849597135183528}