{"id": "EUN1_3581695594", "lvl": 1000, "literal level": "SILVER II", "time": 1789, "solokills_t": 0.012297372833985467, "kills_t": 0.03633314700950251, "kp": 0.38, "deaths_t": 0.03633314700950251, "assists_t": 0.03465623253214086, "csscore_t": 0.6797093348239239, "teamgold_t": 61.88149804359978, "vision_score_t": 0.7784429040924923, "wards_placed_t": 0.06036892118501956, "gold_graph_diffs_t": 13.190609278926775}