{"id": "EUN1_3580205925", "lvl": 700, "literal level": "BRONZE I", "time": 1773, "solokills_t": 0.007896221094190638, "kills_t": 0.04230118443316413, "kp": 0.47444444444444434, "deaths_t": 0.04230118443316413, "assists_t": 0.05865764241398759, "csscore_t": 0.7732656514382402, "teamgold_t": 67.28257191201354, "vision_score_t": 1.0025492772338143, "wards_placed_t": 0.07388606880992668, "gold_graph_diffs_t": 11.834179357021997}