{"id": "EUN1_3541499764", "lvl": 900, "literal level": "SILVER III", "time": 2086, "solokills_t": 0.00862895493767977, "kills_t": 0.03211888782358581, "kp": 0.4067765567765568, "deaths_t": 0.03211888782358581, "assists_t": 0.03451581975071908, "csscore_t": 0.7737296260786194, "teamgold_t": 62.578139980824545, "vision_score_t": 0.9099789379953961, "wards_placed_t": 0.06903163950143816, "gold_graph_diffs_t": 10.38255033557047}