{"id": "EUN1_3566536254", "lvl": 1000, "literal level": "SILVER II", "time": 1916, "solokills_t": 0.014091858037578288, "kills_t": 0.04384133611691023, "kp": 0.3894670846394984, "deaths_t": 0.04384133611691023, "assists_t": 0.04175365344467641, "csscore_t": 0.7265135699373695, "teamgold_t": 68.05427974947808, "vision_score_t": 0.7303036213364337, "wards_placed_t": 0.05793319415448852, "gold_graph_diffs_t": 13.808977035490605}