{"id": "EUN1_3556614214", "lvl": 1200, "literal level": "GOLD IV", "time": 1809, "solokills_t": 0.008291873963515755, "kills_t": 0.03814262023217247, "kp": 0.40965517241379307, "deaths_t": 0.03814262023217247, "assists_t": 0.04090657822001106, "csscore_t": 0.7484798231066888, "teamgold_t": 63.32780541735766, "vision_score_t": 0.9328493081485727, "wards_placed_t": 0.0652294085129906, "gold_graph_diffs_t": 10.374792703150913}