{"id": "EUN1_3553177542", "lvl": 1000, "literal level": "SILVER II", "time": 1127, "solokills_t": 0.01064773735581189, "kills_t": 0.02839396628216504, "kp": 0.4256410256410256, "deaths_t": 0.02839396628216504, "assists_t": 0.02839396628216504, "csscore_t": 0.7763975155279503, "teamgold_t": 58.338952972493345, "vision_score_t": 0.6646561760945967, "wards_placed_t": 0.04702750665483585, "gold_graph_diffs_t": 13.272404614019521}