{"id": "EUN1_3555380469", "lvl": 700, "literal level": "BRONZE I", "time": 1308, "solokills_t": 0.011467889908256881, "kills_t": 0.027522935779816515, "kp": 0.3666666666666666, "deaths_t": 0.028287461773700305, "assists_t": 0.02217125382262997, "csscore_t": 0.8188073394495413, "teamgold_t": 58.59327217125382, "vision_score_t": 0.6851593075212363, "wards_placed_t": 0.05657492354740061, "gold_graph_diffs_t": 10.507645259938839}