{"id": "EUN1_3575155125", "lvl": 1200, "literal level": "GOLD IV", "time": 2005, "solokills_t": 0.006483790523690773, "kills_t": 0.0344139650872818, "kp": 0.4923076923076922, "deaths_t": 0.0344139650872818, "assists_t": 0.04937655860349127, "csscore_t": 0.8224438902743142, "teamgold_t": 66.68827930174564, "vision_score_t": 0.8344690901129631, "wards_placed_t": 0.05785536159600998, "gold_graph_diffs_t": 15.771571072319203}