{"id": "EUN1_3566517807", "lvl": 700, "literal level": "BRONZE I", "time": 1221, "solokills_t": 0.005733005733005733, "kills_t": 0.019656019656019656, "kp": 0.3989473684210526, "deaths_t": 0.020475020475020474, "assists_t": 0.0171990171990172, "csscore_t": 0.7125307125307125, "teamgold_t": 54.581490581490584, "vision_score_t": 0.373703928783039, "wards_placed_t": 0.0343980343980344, "gold_graph_diffs_t": 14.658476658476658}