{"id": "EUN1_3583282732", "lvl": 1600, "literal level": "PLATINUM IV", "time": 1854, "solokills_t": 0.008090614886731391, "kills_t": 0.03128371089536138, "kp": 0.43103448275862066, "deaths_t": 0.03128371089536138, "assists_t": 0.036138079827400214, "csscore_t": 0.860302049622438, "teamgold_t": 62.45145631067961, "vision_score_t": 0.8492064336092856, "wards_placed_t": 0.06634304207119741, "gold_graph_diffs_t": 11.056634304207119}