{"id": "EUN1_3557913121", "lvl": 1200, "literal level": "GOLD IV", "time": 2235, "solokills_t": 0.006263982102908278, "kills_t": 0.03803131991051454, "kp": 0.45588235294117646, "deaths_t": 0.03803131991051454, "assists_t": 0.04742729306487696, "csscore_t": 0.7906040268456376, "teamgold_t": 65.834451901566, "vision_score_t": 0.8547516138153524, "wards_placed_t": 0.05503355704697987, "gold_graph_diffs_t": 13.403131991051454}