{"id": "EUN1_3566680869", "lvl": 400, "literal level": "BRONZE IV", "time": 1343, "solokills_t": 0.01340282948622487, "kills_t": 0.049143708116157855, "kp": 0.4178571428571428, "deaths_t": 0.049143708116157855, "assists_t": 0.05584512285927029, "csscore_t": 0.6366344005956813, "teamgold_t": 65.93894266567386, "vision_score_t": 0.765366144249952, "wards_placed_t": 0.05956813104988831, "gold_graph_diffs_t": 15.447505584512285}