{"id": "EUN1_3575690610", "lvl": 1200, "literal level": "GOLD IV", "time": 2139, "solokills_t": 0.011220196353436185, "kills_t": 0.03740065451145395, "kp": 0.3996825396825397, "deaths_t": 0.03740065451145395, "assists_t": 0.037868162692847124, "csscore_t": 0.7246376811594203, "teamgold_t": 64.64936886395512, "vision_score_t": 0.899430303550402, "wards_placed_t": 0.06545114539504442, "gold_graph_diffs_t": 11.21505376344086}