{"id": "EUN1_3555498609", "lvl": 900, "literal level": "SILVER III", "time": 1598, "solokills_t": 0.015018773466833541, "kills_t": 0.04505632040050062, "kp": 0.3756493506493507, "deaths_t": 0.04505632040050062, "assists_t": 0.039424280350438046, "csscore_t": 0.8654568210262829, "teamgold_t": 72.15957446808511, "vision_score_t": 0.7133248633090823, "wards_placed_t": 0.05068836045056321, "gold_graph_diffs_t": 14.100750938673341}