{"id": "EUN1_3556784235", "lvl": 1200, "literal level": "GOLD IV", "time": 1587, "solokills_t": 0.006931316950220542, "kills_t": 0.030245746691871456, "kp": 0.4551515151515152, "deaths_t": 0.03087586641461878, "assists_t": 0.037177063642092, "csscore_t": 0.7296786389413988, "teamgold_t": 60.26149968494014, "vision_score_t": 0.7504817974067507, "wards_placed_t": 0.05040957781978576, "gold_graph_diffs_t": 10.891619407687461}