{"id": "EUN1_3574387483", "lvl": 900, "literal level": "SILVER III", "time": 1074, "solokills_t": 0.0111731843575419, "kills_t": 0.032588454376163874, "kp": 0.40681818181818186, "deaths_t": 0.032588454376163874, "assists_t": 0.036312849162011177, "csscore_t": 0.7951582867783985, "teamgold_t": 60.28491620111732, "vision_score_t": 0.6257223836120147, "wards_placed_t": 0.05772811918063315, "gold_graph_diffs_t": 9.746741154562384}