{"id": "EUN1_3537281104", "lvl": 1100, "literal level": "SILVER I", "time": 1382, "solokills_t": 0.006512301013024602, "kills_t": 0.023154848046309694, "kp": 0.3666666666666667, "deaths_t": 0.023154848046309694, "assists_t": 0.01881331403762663, "csscore_t": 0.874095513748191, "teamgold_t": 61.404486251808976, "vision_score_t": 0.8515406902955887, "wards_placed_t": 0.05788712011577424, "gold_graph_diffs_t": 13.783646888567294}