{"id": "EUN1_3556795561", "lvl": 800, "literal level": "SILVER IV", "time": 1636, "solokills_t": 0.011002444987775062, "kills_t": 0.044009779951100246, "kp": 0.42675585284280937, "deaths_t": 0.044009779951100246, "assists_t": 0.05012224938875306, "csscore_t": 0.71760391198044, "teamgold_t": 66.71638141809291, "vision_score_t": 0.5895370966515102, "wards_placed_t": 0.04339853300733496, "gold_graph_diffs_t": 15.487775061124694}