{"id": "EUN1_3575775632", "lvl": 700, "literal level": "BRONZE I", "time": 2084, "solokills_t": 0.010076775431861805, "kills_t": 0.03838771593090211, "kp": 0.44180381830151416, "deaths_t": 0.03838771593090211, "assists_t": 0.04654510556621881, "csscore_t": 0.739443378119002, "teamgold_t": 65.15834932821497, "vision_score_t": 0.8037502930634725, "wards_placed_t": 0.0609404990403071, "gold_graph_diffs_t": 13.667946257197697}