{"id": "EUN1_3535610936", "lvl": 1300, "literal level": "GOLD III", "time": 1824, "solokills_t": 0.013706140350877192, "kills_t": 0.048793859649122806, "kp": 0.4133658008658009, "deaths_t": 0.048793859649122806, "assists_t": 0.05098684210526316, "csscore_t": 0.7944078947368421, "teamgold_t": 69.9407894736842, "vision_score_t": 0.8181480309257761, "wards_placed_t": 0.05975877192982456, "gold_graph_diffs_t": 15.611842105263158}