{"id": "EUN1_3566076079", "lvl": 600, "literal level": "BRONZE II", "time": 1590, "solokills_t": 0.009433962264150943, "kills_t": 0.04654088050314465, "kp": 0.44636734693877556, "deaths_t": 0.04654088050314465, "assists_t": 0.05660377358490566, "csscore_t": 0.720125786163522, "teamgold_t": 69.74276729559749, "vision_score_t": 0.6223434075167239, "wards_placed_t": 0.050314465408805034, "gold_graph_diffs_t": 16.344025157232704}