{"id": "EUN1_3554183060", "lvl": 1400, "literal level": "GOLD II", "time": 1835, "solokills_t": 0.008719346049046322, "kills_t": 0.04087193460490463, "kp": 0.47476851851851853, "deaths_t": 0.04141689373297003, "assists_t": 0.058310626702997276, "csscore_t": 0.7095367847411445, "teamgold_t": 63.610899182561305, "vision_score_t": 0.8140906770922953, "wards_placed_t": 0.05667574931880109, "gold_graph_diffs_t": 12.08283378746594}