{"id": "EUN1_3550284539", "lvl": 1100, "literal level": "SILVER I", "time": 1909, "solokills_t": 0.00995285489785228, "kills_t": 0.045049764274489264, "kp": 0.5070601213458356, "deaths_t": 0.045049764274489264, "assists_t": 0.06862231534834992, "csscore_t": 0.7527501309586171, "teamgold_t": 72.69460450497643, "vision_score_t": 1.0832243146866518, "wards_placed_t": 0.0822420115243583, "gold_graph_diffs_t": 16.305919329491882}