{"id": "EUN1_3566373158", "lvl": 600, "literal level": "BRONZE II", "time": 1966, "solokills_t": 0.005595116988809766, "kills_t": 0.037131230925737536, "kp": 0.5174418604651162, "deaths_t": 0.037131230925737536, "assists_t": 0.0595116988809766, "csscore_t": 0.7695829094608342, "teamgold_t": 64.9354018311292, "vision_score_t": 0.7663245643333914, "wards_placed_t": 0.0595116988809766, "gold_graph_diffs_t": 15.022889114954221}