{"id": "EUN1_3567740367", "lvl": 800, "literal level": "SILVER IV", "time": 1415, "solokills_t": 0.009893992932862191, "kills_t": 0.026148409893992933, "kp": 0.3630434782608695, "deaths_t": 0.026148409893992933, "assists_t": 0.023321554770318022, "csscore_t": 0.8212014134275618, "teamgold_t": 57.20989399293286, "vision_score_t": 0.887102117070944, "wards_placed_t": 0.058657243816254416, "gold_graph_diffs_t": 10.55547703180212}