{"id": "EUN1_3558298657", "lvl": 1200, "literal level": "GOLD IV", "time": 2859, "solokills_t": 0.005596362364463099, "kills_t": 0.03217908359566282, "kp": 0.5103846153846155, "deaths_t": 0.03217908359566282, "assists_t": 0.05036726128016789, "csscore_t": 0.720881427072403, "teamgold_t": 62.12137110877929, "vision_score_t": 0.9547322217044322, "wards_placed_t": 0.06505771248688352, "gold_graph_diffs_t": 13.924099335431968}