{"id": "EUN1_3568874136", "lvl": 1000, "literal level": "SILVER II", "time": 2025, "solokills_t": 0.012345679012345678, "kills_t": 0.03950617283950617, "kp": 0.4104166666666667, "deaths_t": 0.03950617283950617, "assists_t": 0.04395061728395062, "csscore_t": 0.7081481481481482, "teamgold_t": 63.205925925925925, "vision_score_t": 0.9815221275414464, "wards_placed_t": 0.06419753086419754, "gold_graph_diffs_t": 11.665185185185186}