{"id": "EUN1_3555327911", "lvl": 1000, "literal level": "SILVER II", "time": 1620, "solokills_t": 0.009876543209876543, "kills_t": 0.037037037037037035, "kp": 0.41428571428571426, "deaths_t": 0.037037037037037035, "assists_t": 0.03950617283950617, "csscore_t": 0.8345679012345679, "teamgold_t": 66.19814814814815, "vision_score_t": 0.8184991603649194, "wards_placed_t": 0.05925925925925926, "gold_graph_diffs_t": 12.729012345679012}