{"id": "EUN1_3566484746", "lvl": 1400, "literal level": "GOLD II", "time": 1675, "solokills_t": 0.00955223880597015, "kills_t": 0.03880597014925373, "kp": 0.4948717948717949, "deaths_t": 0.03880597014925373, "assists_t": 0.05432835820895522, "csscore_t": 0.7958208955223881, "teamgold_t": 67.05731343283583, "vision_score_t": 0.7968575084922919, "wards_placed_t": 0.056716417910447764, "gold_graph_diffs_t": 15.952835820895523}