{"id": "EUN1_3572177903", "lvl": 900, "literal level": "SILVER III", "time": 1757, "solokills_t": 0.011383039271485486, "kills_t": 0.0398406374501992, "kp": 0.4301075268817204, "deaths_t": 0.0398406374501992, "assists_t": 0.0466704610130905, "csscore_t": 0.7558338076266363, "teamgold_t": 66.03585657370517, "vision_score_t": 0.8943385915482374, "wards_placed_t": 0.06488332384746727, "gold_graph_diffs_t": 13.866249288560045}