{"id": "EUN1_3556053536", "lvl": 900, "literal level": "SILVER III", "time": 1370, "solokills_t": 0.010948905109489052, "kills_t": 0.040875912408759124, "kp": 0.4294452347083926, "deaths_t": 0.040875912408759124, "assists_t": 0.04744525547445255, "csscore_t": 0.827007299270073, "teamgold_t": 71.37299270072992, "vision_score_t": 0.8792888708183819, "wards_placed_t": 0.06569343065693431, "gold_graph_diffs_t": 15.555474452554744}