{"id": "EUN1_3562600352", "lvl": 1100, "literal level": "SILVER I", "time": 2026, "solokills_t": 0.013820335636722606, "kills_t": 0.041954590325765054, "kp": 0.423669623059867, "deaths_t": 0.041954590325765054, "assists_t": 0.04738400789733465, "csscore_t": 0.8089832181638696, "teamgold_t": 69.00987166831194, "vision_score_t": 0.7948203639013176, "wards_placed_t": 0.060217176702862786, "gold_graph_diffs_t": 13.200394866732477}