{"id": "EUN1_3554606949", "lvl": 800, "literal level": "SILVER IV", "time": 1556, "solokills_t": 0.010925449871465296, "kills_t": 0.03920308483290488, "kp": 0.4446341463414634, "deaths_t": 0.03920308483290488, "assists_t": 0.04691516709511568, "csscore_t": 0.7043701799485861, "teamgold_t": 64.09897172236504, "vision_score_t": 0.9951060185492222, "wards_placed_t": 0.07069408740359898, "gold_graph_diffs_t": 10.974293059125964}