{"id": "EUN1_3536411157", "lvl": 1000, "literal level": "SILVER II", "time": 1230, "solokills_t": 0.013821138211382113, "kills_t": 0.046341463414634146, "kp": 0.44857142857142857, "deaths_t": 0.04715447154471545, "assists_t": 0.05121951219512195, "csscore_t": 0.7471544715447155, "teamgold_t": 70.62032520325204, "vision_score_t": 0.6853259854725204, "wards_placed_t": 0.04878048780487805, "gold_graph_diffs_t": 18.18780487804878}