{"id": "EUN1_3566480149", "lvl": 900, "literal level": "SILVER III", "time": 940, "solokills_t": 0.013829787234042552, "kills_t": 0.03723404255319149, "kp": 0.38007246376811593, "deaths_t": 0.03829787234042553, "assists_t": 0.03723404255319149, "csscore_t": 0.7925531914893617, "teamgold_t": 61.77340425531915, "vision_score_t": 0.571878228639245, "wards_placed_t": 0.045744680851063826, "gold_graph_diffs_t": 10.37340425531915}