{"id": "EUN1_3578913531", "lvl": 800, "literal level": "SILVER IV", "time": 1397, "solokills_t": 0.01145311381531854, "kills_t": 0.03650680028632784, "kp": 0.38277777777777783, "deaths_t": 0.03722261989978525, "assists_t": 0.03507516105941303, "csscore_t": 0.7730851825340014, "teamgold_t": 64.26700071581962, "vision_score_t": 0.7849913209534706, "wards_placed_t": 0.05798138869005011, "gold_graph_diffs_t": 15.618468146027201}