{"id": "EUN1_3573253818", "lvl": 1000, "literal level": "SILVER II", "time": 2031, "solokills_t": 0.015755785327424915, "kills_t": 0.05268340718857706, "kp": 0.3907212885154062, "deaths_t": 0.05366814377154111, "assists_t": 0.050221565731166914, "csscore_t": 0.8242245199409158, "teamgold_t": 76.38798621368784, "vision_score_t": 0.8512743207297524, "wards_placed_t": 0.060561299852289516, "gold_graph_diffs_t": 17.43180699162974}