{"id": "EUN1_3568617874", "lvl": 700, "literal level": "BRONZE I", "time": 1690, "solokills_t": 0.008875739644970414, "kills_t": 0.03964497041420118, "kp": 0.4680124223602484, "deaths_t": 0.03964497041420118, "assists_t": 0.04970414201183432, "csscore_t": 0.7130177514792899, "teamgold_t": 65.12899408284024, "vision_score_t": 0.7219610202927154, "wards_placed_t": 0.047337278106508875, "gold_graph_diffs_t": 14.497041420118343}