{"id": "EUN1_3576830876", "lvl": 900, "literal level": "SILVER III", "time": 2545, "solokills_t": 0.014145383104125737, "kills_t": 0.04282907662082515, "kp": 0.38923959827833576, "deaths_t": 0.04282907662082515, "assists_t": 0.040471512770137524, "csscore_t": 0.8106090373280943, "teamgold_t": 69.5909626719057, "vision_score_t": 0.9892319840094024, "wards_placed_t": 0.06797642436149312, "gold_graph_diffs_t": 13.348133595284873}