{"id": "EUN1_3557358486", "lvl": 700, "literal level": "BRONZE I", "time": 1916, "solokills_t": 0.006784968684759917, "kills_t": 0.04279749478079332, "kp": 0.5424567680381635, "deaths_t": 0.04279749478079332, "assists_t": 0.07359081419624217, "csscore_t": 0.7348643006263048, "teamgold_t": 67.40970772442589, "vision_score_t": 0.6729153209234598, "wards_placed_t": 0.05010438413361169, "gold_graph_diffs_t": 14.627870563674321}