{"id": "EUN1_3582775592", "lvl": 1200, "literal level": "GOLD IV", "time": 1895, "solokills_t": 0.01108179419525066, "kills_t": 0.04643799472295514, "kp": 0.4384615384615385, "deaths_t": 0.04696569920844327, "assists_t": 0.05488126649076517, "csscore_t": 0.8094986807387863, "teamgold_t": 71.45171503957783, "vision_score_t": 0.8909691863586812, "wards_placed_t": 0.06860158311345646, "gold_graph_diffs_t": 15.945646437994723}