{"id": "EUN1_3574081578", "lvl": 1100, "literal level": "SILVER I", "time": 1584, "solokills_t": 0.013257575757575758, "kills_t": 0.04292929292929293, "kp": 0.3837121212121212, "deaths_t": 0.04292929292929293, "assists_t": 0.03787878787878788, "csscore_t": 0.7525252525252525, "teamgold_t": 66.16161616161617, "vision_score_t": 0.9855321761551462, "wards_placed_t": 0.07133838383838384, "gold_graph_diffs_t": 13.7739898989899}