{"id": "EUN1_3535135284", "lvl": 1500, "literal level": "GOLD I", "time": 1724, "solokills_t": 0.009860788863109048, "kills_t": 0.04582366589327146, "kp": 0.4581317204301076, "deaths_t": 0.04640371229698376, "assists_t": 0.06264501160092807, "csscore_t": 0.771461716937355, "teamgold_t": 69.07424593967518, "vision_score_t": 0.8130095040857226, "wards_placed_t": 0.049303944315545245, "gold_graph_diffs_t": 14.900232018561486}