{"id": "EUN1_3572973109", "lvl": 1200, "literal level": "GOLD IV", "time": 1819, "solokills_t": 0.007146783947223749, "kills_t": 0.029136888400219902, "kp": 0.44818181818181824, "deaths_t": 0.029136888400219902, "assists_t": 0.035733919736118745, "csscore_t": 0.8537658053875756, "teamgold_t": 62.477185266630016, "vision_score_t": 0.8845286216550872, "wards_placed_t": 0.06377130291368883, "gold_graph_diffs_t": 12.299065420560748}