{"id": "EUN1_3573436507", "lvl": 1100, "literal level": "SILVER I", "time": 1692, "solokills_t": 0.014775413711583925, "kills_t": 0.051418439716312055, "kp": 0.37241379310344824, "deaths_t": 0.051418439716312055, "assists_t": 0.04550827423167849, "csscore_t": 0.7943262411347518, "teamgold_t": 71.09397163120568, "vision_score_t": 0.7660441555104877, "wards_placed_t": 0.05969267139479906, "gold_graph_diffs_t": 17.8031914893617}