{"id": "EUN1_3550987984", "lvl": 1200, "literal level": "GOLD IV", "time": 1655, "solokills_t": 0.01027190332326284, "kills_t": 0.045921450151057405, "kp": 0.4340336134453781, "deaths_t": 0.045921450151057405, "assists_t": 0.05498489425981873, "csscore_t": 0.7250755287009063, "teamgold_t": 70.34924471299094, "vision_score_t": 0.9607532741476653, "wards_placed_t": 0.07009063444108761, "gold_graph_diffs_t": 13.227794561933536}