{"id": "EUN1_3566546217", "lvl": 800, "literal level": "SILVER IV", "time": 2615, "solokills_t": 0.007265774378585086, "kills_t": 0.03326959847036329, "kp": 0.4855851063829787, "deaths_t": 0.03365200764818355, "assists_t": 0.048183556405353725, "csscore_t": 0.7640535372848949, "teamgold_t": 61.2565965583174, "vision_score_t": 1.0216259815086306, "wards_placed_t": 0.06386233269598471, "gold_graph_diffs_t": 9.584703632887189}