{"id": "EUN1_3567616311", "lvl": 800, "literal level": "SILVER IV", "time": 1826, "solokills_t": 0.012595837897042717, "kills_t": 0.038335158817086525, "kp": 0.4184210526315789, "deaths_t": 0.038335158817086525, "assists_t": 0.04216867469879518, "csscore_t": 0.7102957283680176, "teamgold_t": 62.33242059145674, "vision_score_t": 0.8520700792083421, "wards_placed_t": 0.0624315443592552, "gold_graph_diffs_t": 10.931544359255202}