{"id": "EUN1_3577867994", "lvl": 800, "literal level": "SILVER IV", "time": 3206, "solokills_t": 0.004366812227074236, "kills_t": 0.03867747972551466, "kp": 0.5296874999999999, "deaths_t": 0.03898939488459139, "assists_t": 0.06363069245165315, "csscore_t": 0.6453524641297567, "teamgold_t": 64.04990642545228, "vision_score_t": 0.9720073037735416, "wards_placed_t": 0.06425452276980662, "gold_graph_diffs_t": 16.218964441671865}