{"id": "EUN1_3577970477", "lvl": 800, "literal level": "SILVER IV", "time": 1670, "solokills_t": 0.008982035928143712, "kills_t": 0.03413173652694611, "kp": 0.38, "deaths_t": 0.03473053892215569, "assists_t": 0.032335329341317366, "csscore_t": 0.8263473053892215, "teamgold_t": 64.4874251497006, "vision_score_t": 0.7976686020683432, "wards_placed_t": 0.05748502994011976, "gold_graph_diffs_t": 15.446706586826346}