{"id": "EUN1_3578168670", "lvl": 1000, "literal level": "SILVER II", "time": 1758, "solokills_t": 0.01080773606370876, "kills_t": 0.04152445961319681, "kp": 0.4415000000000001, "deaths_t": 0.04152445961319681, "assists_t": 0.05233219567690557, "csscore_t": 0.7337883959044369, "teamgold_t": 62.00568828213879, "vision_score_t": 0.7857808928008861, "wards_placed_t": 0.05460750853242321, "gold_graph_diffs_t": 10.878270762229807}