{"id": "EUN1_3577652051", "lvl": 900, "literal level": "SILVER III", "time": 1963, "solokills_t": 0.020376974019358125, "kills_t": 0.048395313295975545, "kp": 0.3614973262032085, "deaths_t": 0.048395313295975545, "assists_t": 0.03871625063678044, "csscore_t": 0.7906265919510953, "teamgold_t": 70.86551197147223, "vision_score_t": 0.837414797172143, "wards_placed_t": 0.06316861946001019, "gold_graph_diffs_t": 14.184921039225674}