{"id": "EUN1_3571874272", "lvl": 1300, "literal level": "GOLD III", "time": 2587, "solokills_t": 0.011596443757247778, "kills_t": 0.03749516814843448, "kp": 0.4067948717948718, "deaths_t": 0.03788171627367607, "assists_t": 0.03904136064940085, "csscore_t": 0.8074990336296869, "teamgold_t": 65.03865481252416, "vision_score_t": 1.0168550638250575, "wards_placed_t": 0.07576343254735214, "gold_graph_diffs_t": 13.207189795129494}