{"id": "EUN1_3566309725", "lvl": 700, "literal level": "BRONZE I", "time": 2257, "solokills_t": 0.007089056269384138, "kills_t": 0.03677447939743022, "kp": 0.448499399759904, "deaths_t": 0.03677447939743022, "assists_t": 0.04652193176783341, "csscore_t": 0.7377049180327869, "teamgold_t": 61.22862206468764, "vision_score_t": 0.9169193911866852, "wards_placed_t": 0.05848471422241914, "gold_graph_diffs_t": 13.027470093043863}