{"id": "EUN1_3566734425", "lvl": 600, "literal level": "BRONZE II", "time": 2703, "solokills_t": 0.009618941916389198, "kills_t": 0.03810580836108028, "kp": 0.44805491990846685, "deaths_t": 0.03810580836108028, "assists_t": 0.04735479097299297, "csscore_t": 0.7850536440991491, "teamgold_t": 65.14909359970403, "vision_score_t": 0.5593686427581785, "wards_placed_t": 0.04291527931927488, "gold_graph_diffs_t": 12.921198668146504}