{"id": "EUN1_3571861050", "lvl": 1100, "literal level": "SILVER I", "time": 1396, "solokills_t": 0.01862464183381089, "kills_t": 0.05157593123209169, "kp": 0.38105263157894737, "deaths_t": 0.05157593123209169, "assists_t": 0.045845272206303724, "csscore_t": 0.7256446991404012, "teamgold_t": 65.76790830945559, "vision_score_t": 0.8405170029199074, "wards_placed_t": 0.05873925501432665, "gold_graph_diffs_t": 15.520057306590259}