{"id": "EUN1_3569938482", "lvl": 1100, "literal level": "SILVER I", "time": 1617, "solokills_t": 0.013605442176870748, "kills_t": 0.04081632653061224, "kp": 0.3904347826086957, "deaths_t": 0.04081632653061224, "assists_t": 0.036487322201607914, "csscore_t": 0.8051948051948052, "teamgold_t": 65.90599876314162, "vision_score_t": 0.83676111587043, "wards_placed_t": 0.0655534941249227, "gold_graph_diffs_t": 12.717377860235002}