{"id": "EUN1_3566348663", "lvl": 800, "literal level": "SILVER IV", "time": 927, "solokills_t": 0.006472491909385114, "kills_t": 0.021574973031283712, "kp": 0.37333333333333335, "deaths_t": 0.021574973031283712, "assists_t": 0.017259978425026967, "csscore_t": 0.732470334412082, "teamgold_t": 56.27831715210356, "vision_score_t": 0.63818906421364, "wards_placed_t": 0.045307443365695796, "gold_graph_diffs_t": 11.857605177993527}