{"id": "EUN1_3540503694", "lvl": 800, "literal level": "SILVER IV", "time": 2008, "solokills_t": 0.007470119521912351, "kills_t": 0.04332669322709164, "kp": 0.5349416755037114, "deaths_t": 0.04332669322709164, "assists_t": 0.07320717131474104, "csscore_t": 0.6757968127490039, "teamgold_t": 65.7988047808765, "vision_score_t": 1.054181081562343, "wards_placed_t": 0.07270916334661355, "gold_graph_diffs_t": 15.2898406374502}