{"id": "EUN1_3576588420", "lvl": 900, "literal level": "SILVER III", "time": 2102, "solokills_t": 0.010941960038058992, "kills_t": 0.03948620361560418, "kp": 0.41172619047619047, "deaths_t": 0.039961941008563276, "assists_t": 0.042340627973358705, "csscore_t": 0.7530922930542341, "teamgold_t": 64.99952426260704, "vision_score_t": 0.815809819738732, "wards_placed_t": 0.06803044719314938, "gold_graph_diffs_t": 16.342055185537582}