{"id": "EUN1_3568333477", "lvl": 900, "literal level": "SILVER III", "time": 1964, "solokills_t": 0.008655804480651732, "kills_t": 0.031568228105906315, "kp": 0.4393513513513513, "deaths_t": 0.03207739307535642, "assists_t": 0.03971486761710794, "csscore_t": 0.8584521384928717, "teamgold_t": 65.7265784114053, "vision_score_t": 0.8017682123008669, "wards_placed_t": 0.06415478615071284, "gold_graph_diffs_t": 11.10234215885947}