{"id": "EUN1_3577896994", "lvl": 700, "literal level": "BRONZE I", "time": 1692, "solokills_t": 0.01773049645390071, "kills_t": 0.04846335697399527, "kp": 0.36451612903225805, "deaths_t": 0.04846335697399527, "assists_t": 0.04196217494089834, "csscore_t": 0.7257683215130024, "teamgold_t": 67.64598108747045, "vision_score_t": 0.8395815222803948, "wards_placed_t": 0.057919621749408984, "gold_graph_diffs_t": 14.222813238770685}