{"id": "EUN1_3567462887", "lvl": 1200, "literal level": "GOLD IV", "time": 921, "solokills_t": 0.013029315960912053, "kills_t": 0.04017372421281216, "kp": 0.34741379310344833, "deaths_t": 0.04017372421281216, "assists_t": 0.029315960912052116, "csscore_t": 0.7991313789359392, "teamgold_t": 66.32790445168295, "vision_score_t": 0.41759606379068026, "wards_placed_t": 0.038002171552660155, "gold_graph_diffs_t": 20.295331161780673}