{"id": "EUN1_3577462763", "lvl": 1100, "literal level": "SILVER I", "time": 2160, "solokills_t": 0.006944444444444444, "kills_t": 0.04259259259259259, "kp": 0.44019047619047613, "deaths_t": 0.04259259259259259, "assists_t": 0.05092592592592592, "csscore_t": 0.7759259259259259, "teamgold_t": 68.20694444444445, "vision_score_t": 0.8258749990348138, "wards_placed_t": 0.06898148148148148, "gold_graph_diffs_t": 15.168981481481481}