{"id": "EUN1_3573554034", "lvl": 1100, "literal level": "SILVER I", "time": 2414, "solokills_t": 0.008285004142502071, "kills_t": 0.03976801988400994, "kp": 0.5016521739130434, "deaths_t": 0.04018227009113504, "assists_t": 0.06006628003314002, "csscore_t": 0.7212096106048053, "teamgold_t": 62.987986743993375, "vision_score_t": 1.0483514792776112, "wards_placed_t": 0.07332228666114333, "gold_graph_diffs_t": 10.474316487158244}