{"id": "EUN1_3567035279", "lvl": 800, "literal level": "SILVER IV", "time": 1643, "solokills_t": 0.007912355447352405, "kills_t": 0.04077906269020085, "kp": 0.45230263157894735, "deaths_t": 0.04077906269020085, "assists_t": 0.05234327449786975, "csscore_t": 0.7997565429093122, "teamgold_t": 65.19902617163724, "vision_score_t": 0.5816699431325968, "wards_placed_t": 0.04017041996348144, "gold_graph_diffs_t": 13.09433962264151}