{"id": "EUN1_3583381613", "lvl": 600, "literal level": "BRONZE II", "time": 2108, "solokills_t": 0.015180265654648957, "kills_t": 0.04459203036053131, "kp": 0.4299589603283174, "deaths_t": 0.04459203036053131, "assists_t": 0.04981024667931689, "csscore_t": 0.74573055028463, "teamgold_t": 66.82779886148008, "vision_score_t": 0.7806728841269047, "wards_placed_t": 0.06499051233396584, "gold_graph_diffs_t": 12.925521821631879}