{"id": "EUN1_3536036605", "lvl": 1000, "literal level": "SILVER II", "time": 2064, "solokills_t": 0.015019379844961241, "kills_t": 0.044573643410852716, "kp": 0.4102821616451459, "deaths_t": 0.044573643410852716, "assists_t": 0.04699612403100775, "csscore_t": 0.813953488372093, "teamgold_t": 70.05765503875969, "vision_score_t": 0.7479064732697827, "wards_placed_t": 0.060077519379844964, "gold_graph_diffs_t": 14.674903100775193}