{"id": "EUN1_3564229139", "lvl": 1200, "literal level": "GOLD IV", "time": 1550, "solokills_t": 0.008387096774193548, "kills_t": 0.02838709677419355, "kp": 0.43647642679900744, "deaths_t": 0.02838709677419355, "assists_t": 0.03032258064516129, "csscore_t": 0.8212903225806452, "teamgold_t": 61.21935483870968, "vision_score_t": 0.8500908128132414, "wards_placed_t": 0.05935483870967742, "gold_graph_diffs_t": 12.477419354838709}