{"id": "EUN1_3578682778", "lvl": 900, "literal level": "SILVER III", "time": 1757, "solokills_t": 0.011383039271485486, "kills_t": 0.04154809334092203, "kp": 0.41992481203007526, "deaths_t": 0.04154809334092203, "assists_t": 0.04610130904951622, "csscore_t": 0.7006260671599317, "teamgold_t": 66.48491747296528, "vision_score_t": 0.7955211877339474, "wards_placed_t": 0.06374501992031872, "gold_graph_diffs_t": 13.809903244166192}