{"id": "EUN1_3581006728", "lvl": 700, "literal level": "BRONZE I", "time": 1510, "solokills_t": 0.005298013245033113, "kills_t": 0.030463576158940398, "kp": 0.46276803118908383, "deaths_t": 0.031125827814569535, "assists_t": 0.039735099337748346, "csscore_t": 0.7496688741721854, "teamgold_t": 60.890728476821195, "vision_score_t": 0.7246003139727616, "wards_placed_t": 0.05496688741721854, "gold_graph_diffs_t": 13.819205298013244}