{"id": "EUN1_3566314867", "lvl": 800, "literal level": "SILVER IV", "time": 1572, "solokills_t": 0.008905852417302799, "kills_t": 0.03689567430025445, "kp": 0.42523616734143055, "deaths_t": 0.03689567430025445, "assists_t": 0.045165394402035625, "csscore_t": 0.7296437659033079, "teamgold_t": 63.412213740458014, "vision_score_t": 0.8693385355034522, "wards_placed_t": 0.05725190839694656, "gold_graph_diffs_t": 13.092875318066158}