{"id": "EUN1_3568430909", "lvl": 800, "literal level": "SILVER IV", "time": 774, "solokills_t": 0.0103359173126615, "kills_t": 0.023255813953488372, "kp": 0.29333333333333333, "deaths_t": 0.023255813953488372, "assists_t": 0.012919896640826873, "csscore_t": 0.7377260981912145, "teamgold_t": 51.611111111111114, "vision_score_t": 0.6500288143150215, "wards_placed_t": 0.056847545219638244, "gold_graph_diffs_t": 9.12532299741602}