{"id": "EUN1_3583275097", "lvl": 1400, "literal level": "GOLD II", "time": 2060, "solokills_t": 0.008737864077669903, "kills_t": 0.0383495145631068, "kp": 0.49012987012987014, "deaths_t": 0.0383495145631068, "assists_t": 0.054854368932038836, "csscore_t": 0.8300970873786407, "teamgold_t": 67.55582524271844, "vision_score_t": 0.9429383504008658, "wards_placed_t": 0.07475728155339806, "gold_graph_diffs_t": 13.378155339805826}