{"id": "EUN1_3572429398", "lvl": 1200, "literal level": "GOLD IV", "time": 1899, "solokills_t": 0.00421274354923644, "kills_t": 0.03264876250658241, "kp": 0.4725877192982456, "deaths_t": 0.03264876250658241, "assists_t": 0.0468667719852554, "csscore_t": 0.817798841495524, "teamgold_t": 63.96735123749342, "vision_score_t": 0.7952781330388701, "wards_placed_t": 0.06477093206951026, "gold_graph_diffs_t": 10.86466561348078}