{"id": "EUN1_3536077161", "lvl": 900, "literal level": "SILVER III", "time": 1684, "solokills_t": 0.009501187648456057, "kills_t": 0.03622327790973872, "kp": 0.4775609756097562, "deaths_t": 0.03622327790973872, "assists_t": 0.04513064133016627, "csscore_t": 0.7422802850356295, "teamgold_t": 61.46080760095012, "vision_score_t": 0.6971210017862488, "wards_placed_t": 0.0510688836104513, "gold_graph_diffs_t": 12.102137767220903}