{"id": "EUN1_3550689353", "lvl": 1200, "literal level": "GOLD IV", "time": 1114, "solokills_t": 0.008976660682226212, "kills_t": 0.026032315978456014, "kp": 0.3836842105263158, "deaths_t": 0.026032315978456014, "assists_t": 0.02244165170556553, "csscore_t": 0.8132854578096947, "teamgold_t": 60.629263913824055, "vision_score_t": 0.7662193966156545, "wards_placed_t": 0.05745062836624776, "gold_graph_diffs_t": 9.555655296229803}