{"id": "EUN1_3567042350", "lvl": 700, "literal level": "BRONZE I", "time": 1694, "solokills_t": 0.00885478158205431, "kills_t": 0.03896103896103896, "kp": 0.4129699248120301, "deaths_t": 0.03896103896103896, "assists_t": 0.04250295159386069, "csscore_t": 0.7674144037780402, "teamgold_t": 64.01475796930342, "vision_score_t": 0.8001471010162027, "wards_placed_t": 0.06257378984651712, "gold_graph_diffs_t": 13.75974025974026}