{"id": "EUN1_3580521631", "lvl": 1100, "literal level": "SILVER I", "time": 2169, "solokills_t": 0.00875979714153988, "kills_t": 0.0396496081143384, "kp": 0.4469298245614035, "deaths_t": 0.0396496081143384, "assists_t": 0.04979253112033195, "csscore_t": 0.7676348547717843, "teamgold_t": 67.69017980636238, "vision_score_t": 1.112170078471064, "wards_placed_t": 0.07284462886122638, "gold_graph_diffs_t": 16.501613646841864}