{"id": "EUN1_3585819004", "lvl": 1300, "literal level": "GOLD III", "time": 1750, "solokills_t": 0.012571428571428572, "kills_t": 0.04171428571428572, "kp": 0.4331029185867895, "deaths_t": 0.04171428571428572, "assists_t": 0.04742857142857143, "csscore_t": 0.8834285714285715, "teamgold_t": 70.74514285714285, "vision_score_t": 0.7520847160392614, "wards_placed_t": 0.052, "gold_graph_diffs_t": 13.72}