{"id": "EUN1_3555416975", "lvl": 900, "literal level": "SILVER III", "time": 1932, "solokills_t": 0.008799171842650104, "kills_t": 0.03571428571428571, "kp": 0.48657094594594597, "deaths_t": 0.03571428571428571, "assists_t": 0.05124223602484472, "csscore_t": 0.6837474120082816, "teamgold_t": 63.46790890269151, "vision_score_t": 0.8311528544108508, "wards_placed_t": 0.06314699792960662, "gold_graph_diffs_t": 12.191511387163562}