{"id": "EUN1_3536397732", "lvl": 800, "literal level": "SILVER IV", "time": 1365, "solokills_t": 0.01684981684981685, "kills_t": 0.041758241758241756, "kp": 0.3758620689655172, "deaths_t": 0.041758241758241756, "assists_t": 0.03663003663003663, "csscore_t": 0.7648351648351648, "teamgold_t": 66.26666666666667, "vision_score_t": 0.6728512297546656, "wards_placed_t": 0.05567765567765568, "gold_graph_diffs_t": 11.80952380952381}