{"id": "EUN1_3585844405", "lvl": 1500, "literal level": "GOLD I", "time": 1896, "solokills_t": 0.006856540084388186, "kills_t": 0.04008438818565401, "kp": 0.6038888888888889, "deaths_t": 0.04008438818565401, "assists_t": 0.08122362869198312, "csscore_t": 0.7795358649789029, "teamgold_t": 68.60443037974683, "vision_score_t": 0.8552977057326772, "wards_placed_t": 0.06065400843881857, "gold_graph_diffs_t": 13.568565400843882}