{"id": "EUN1_3566469614", "lvl": 1000, "literal level": "SILVER II", "time": 2285, "solokills_t": 0.01225382932166302, "kills_t": 0.04463894967177243, "kp": 0.42833333333333334, "deaths_t": 0.04463894967177243, "assists_t": 0.052078774617067836, "csscore_t": 0.7356673960612692, "teamgold_t": 69.5164113785558, "vision_score_t": 1.0705206245918613, "wards_placed_t": 0.07221006564551423, "gold_graph_diffs_t": 14.183369803063457}