{"id": "EUN1_3558389834", "lvl": 900, "literal level": "SILVER III", "time": 2103, "solokills_t": 0.009510223490252021, "kills_t": 0.038991916310033285, "kp": 0.39920634920634923, "deaths_t": 0.038991916310033285, "assists_t": 0.04232049453162149, "csscore_t": 0.7836424155967665, "teamgold_t": 64.01141226818831, "vision_score_t": 0.8110484040217898, "wards_placed_t": 0.05420827389443652, "gold_graph_diffs_t": 11.523537803138375}