{"id": "EUN1_3581701272", "lvl": 800, "literal level": "SILVER IV", "time": 1943, "solokills_t": 0.011322696860524962, "kills_t": 0.04323211528564076, "kp": 0.44310833806012484, "deaths_t": 0.04323211528564076, "assists_t": 0.05249613998970664, "csscore_t": 0.7606793618116315, "teamgold_t": 68.65414307771488, "vision_score_t": 0.8057618682325819, "wards_placed_t": 0.06536284096757591, "gold_graph_diffs_t": 13.687596500257333}