{"id": "EUN1_3554827717", "lvl": 1100, "literal level": "SILVER I", "time": 1823, "solokills_t": 0.01151947339550192, "kills_t": 0.03455842018650576, "kp": 0.46571428571428575, "deaths_t": 0.03455842018650576, "assists_t": 0.04662643993417444, "csscore_t": 0.7164015359297861, "teamgold_t": 63.43993417443774, "vision_score_t": 0.7240580589215739, "wards_placed_t": 0.06198573779484366, "gold_graph_diffs_t": 16.031267142073506}