{"id": "EUN1_3582284712", "lvl": 1200, "literal level": "GOLD IV", "time": 1717, "solokills_t": 0.0052417006406523005, "kills_t": 0.037274315666860805, "kp": 0.4890256410256411, "deaths_t": 0.037274315666860805, "assists_t": 0.05358182877111241, "csscore_t": 0.8782760629004077, "teamgold_t": 67.71228887594641, "vision_score_t": 0.792980576082952, "wards_placed_t": 0.0629004076878276, "gold_graph_diffs_t": 14.842166569598136}