{"id": "EUN1_3557923950", "lvl": 1100, "literal level": "SILVER I", "time": 2434, "solokills_t": 0.009449465899753493, "kills_t": 0.03245686113393591, "kp": 0.5112820512820513, "deaths_t": 0.03245686113393591, "assists_t": 0.050534100246507806, "csscore_t": 0.7999178307313065, "teamgold_t": 62.80279375513558, "vision_score_t": 0.7174333905722362, "wards_placed_t": 0.051766639276910435, "gold_graph_diffs_t": 13.374691865242399}