{"id": "EUN1_3574561338", "lvl": 700, "literal level": "BRONZE I", "time": 2006, "solokills_t": 0.00847457627118644, "kills_t": 0.045363908275174475, "kp": 0.5156462585034014, "deaths_t": 0.045862412761714856, "assists_t": 0.07228315054835494, "csscore_t": 0.6550348953140578, "teamgold_t": 65.76370887337985, "vision_score_t": 0.6906763146269143, "wards_placed_t": 0.054336989032901295, "gold_graph_diffs_t": 15.296111665004984}