{"id": "EUN1_3554334937", "lvl": 1100, "literal level": "SILVER I", "time": 2605, "solokills_t": 0.009213051823416507, "kills_t": 0.034932821497120924, "kp": 0.4257575757575758, "deaths_t": 0.03570057581573896, "assists_t": 0.03915547024952015, "csscore_t": 0.8794625719769674, "teamgold_t": 68.90556621880998, "vision_score_t": 0.9414919422944472, "wards_placed_t": 0.06257197696737044, "gold_graph_diffs_t": 13.043761996161228}