{"id": "EUN1_3584471655", "lvl": 1200, "literal level": "GOLD IV", "time": 1956, "solokills_t": 0.015337423312883436, "kills_t": 0.041922290388548056, "kp": 0.393974358974359, "deaths_t": 0.041922290388548056, "assists_t": 0.04294478527607362, "csscore_t": 0.7494887525562373, "teamgold_t": 65.87576687116564, "vision_score_t": 0.745982155686459, "wards_placed_t": 0.05214723926380368, "gold_graph_diffs_t": 11.328732106339467}