{"id": "EUN1_3532785813", "lvl": 700, "literal level": "BRONZE I", "time": 2441, "solokills_t": 0.013109381401065138, "kills_t": 0.043424825891028265, "kp": 0.3889296187683285, "deaths_t": 0.043424825891028265, "assists_t": 0.04178615321589513, "csscore_t": 0.7849242113887751, "teamgold_t": 71.00901269971324, "vision_score_t": 0.8202251064738331, "wards_placed_t": 0.06554690700532569, "gold_graph_diffs_t": 11.405571487095452}