{"id": "EUN1_3572423666", "lvl": 1100, "literal level": "SILVER I", "time": 1627, "solokills_t": 0.014136447449293177, "kills_t": 0.03933620159803319, "kp": 0.3897536945812808, "deaths_t": 0.03933620159803319, "assists_t": 0.03687768899815612, "csscore_t": 0.7068223724646588, "teamgold_t": 62.95513214505225, "vision_score_t": 0.9180586362670823, "wards_placed_t": 0.06023355869698832, "gold_graph_diffs_t": 11.617701290719115}