{"id": "EUN1_3567069886", "lvl": 500, "literal level": "BRONZE III", "time": 1625, "solokills_t": 0.005538461538461538, "kills_t": 0.035076923076923075, "kp": 0.475, "deaths_t": 0.03569230769230769, "assists_t": 0.048, "csscore_t": 0.7421538461538462, "teamgold_t": 62.74523076923077, "vision_score_t": 0.8628403344706665, "wards_placed_t": 0.07076923076923076, "gold_graph_diffs_t": 14.187692307692307}