{"id": "EUN1_3550176338", "lvl": 1300, "literal level": "GOLD III", "time": 2119, "solokills_t": 0.011326097215667769, "kills_t": 0.039169419537517694, "kp": 0.4148051948051948, "deaths_t": 0.039169419537517694, "assists_t": 0.04483246814535158, "csscore_t": 0.7862199150542709, "teamgold_t": 66.93109957527136, "vision_score_t": 0.7464793884020869, "wards_placed_t": 0.060405851816894764, "gold_graph_diffs_t": 14.202453987730062}