{"id": "EUN1_3578733186", "lvl": 1000, "literal level": "SILVER II", "time": 1441, "solokills_t": 0.015961138098542677, "kills_t": 0.04302567661346287, "kp": 0.39190476190476187, "deaths_t": 0.04302567661346287, "assists_t": 0.04371963913948647, "csscore_t": 0.7182512144344205, "teamgold_t": 65.88410825815406, "vision_score_t": 0.796766826207458, "wards_placed_t": 0.054823039555863984, "gold_graph_diffs_t": 12.276891047883414}