{"id": "EUN1_3584282076", "lvl": 500, "literal level": "BRONZE III", "time": 1760, "solokills_t": 0.009659090909090909, "kills_t": 0.04090909090909091, "kp": 0.39334516415261755, "deaths_t": 0.04090909090909091, "assists_t": 0.040340909090909094, "csscore_t": 0.7863636363636364, "teamgold_t": 65.85909090909091, "vision_score_t": 0.7646321881949556, "wards_placed_t": 0.05795454545454545, "gold_graph_diffs_t": 16.672727272727272}