{"id": "EUN1_3553342360", "lvl": 800, "literal level": "SILVER IV", "time": 979, "solokills_t": 0.006128702757916241, "kills_t": 0.0449438202247191, "kp": 0.4333333333333333, "deaths_t": 0.0449438202247191, "assists_t": 0.05005107252298264, "csscore_t": 0.6659856996935649, "teamgold_t": 68.93973442288049, "vision_score_t": 0.7288848427227277, "wards_placed_t": 0.06230847803881512, "gold_graph_diffs_t": 19.06843718079673}