{"id": "EUN1_3584795348", "lvl": 800, "literal level": "SILVER IV", "time": 1636, "solokills_t": 0.007946210268948655, "kills_t": 0.03178484107579462, "kp": 0.44602698650674666, "deaths_t": 0.03178484107579462, "assists_t": 0.03850855745721271, "csscore_t": 0.7542787286063569, "teamgold_t": 61.048288508557455, "vision_score_t": 1.0252432863180272, "wards_placed_t": 0.0678484107579462, "gold_graph_diffs_t": 13.413814180929096}