{"id": "EUN1_3558892854", "lvl": 1200, "literal level": "GOLD IV", "time": 1284, "solokills_t": 0.011682242990654205, "kills_t": 0.03271028037383177, "kp": 0.3628571428571429, "deaths_t": 0.03271028037383177, "assists_t": 0.02881619937694704, "csscore_t": 0.807632398753894, "teamgold_t": 59.666666666666664, "vision_score_t": 0.7205233917687874, "wards_placed_t": 0.0514018691588785, "gold_graph_diffs_t": 15.552959501557632}