{"id": "EUN1_3568410970", "lvl": 800, "literal level": "SILVER IV", "time": 2033, "solokills_t": 0.015248401377274963, "kills_t": 0.03344810624692573, "kp": 0.37399267399267394, "deaths_t": 0.033939990162321694, "assists_t": 0.026561731431382195, "csscore_t": 0.9070339399901624, "teamgold_t": 65.7186424003935, "vision_score_t": 0.6422143954611783, "wards_placed_t": 0.04476143630103296, "gold_graph_diffs_t": 13.749139203148058}