{"id": "EUN1_3533921433", "lvl": 800, "literal level": "SILVER IV", "time": 1286, "solokills_t": 0.01166407465007776, "kills_t": 0.03576982892690513, "kp": 0.41521298174442195, "deaths_t": 0.03654743390357698, "assists_t": 0.038102643856920686, "csscore_t": 0.7838258164852255, "teamgold_t": 66.52021772939347, "vision_score_t": 0.7019908318990058, "wards_placed_t": 0.04743390357698289, "gold_graph_diffs_t": 16.01788491446345}