{"id": "EUN1_3575849560", "lvl": 800, "literal level": "SILVER IV", "time": 1511, "solokills_t": 0.009927200529450696, "kills_t": 0.03970880211780278, "kp": 0.4468571428571429, "deaths_t": 0.03970880211780278, "assists_t": 0.05029781601588352, "csscore_t": 0.7491727332892124, "teamgold_t": 67.89013898080741, "vision_score_t": 0.8155922195041395, "wards_placed_t": 0.062210456651224356, "gold_graph_diffs_t": 13.036399735274653}