{"id": "EUN1_3584934385", "lvl": 600, "literal level": "BRONZE II", "time": 1350, "solokills_t": 0.005925925925925926, "kills_t": 0.04148148148148148, "kp": 0.5089591567852437, "deaths_t": 0.042222222222222223, "assists_t": 0.06296296296296296, "csscore_t": 0.6711111111111111, "teamgold_t": 62.681481481481484, "vision_score_t": 0.8729699160883984, "wards_placed_t": 0.061481481481481484, "gold_graph_diffs_t": 14.423703703703703}