{"id": "EUN1_3568400497", "lvl": 900, "literal level": "SILVER III", "time": 1789, "solokills_t": 0.012297372833985467, "kills_t": 0.03018446059250978, "kp": 0.3939285714285714, "deaths_t": 0.03018446059250978, "assists_t": 0.025712688652878703, "csscore_t": 0.8440469536053661, "teamgold_t": 63.544438233650084, "vision_score_t": 0.7100300328478302, "wards_placed_t": 0.05477920626048072, "gold_graph_diffs_t": 11.37562884292901}