{"id": "EUN1_3551307223", "lvl": 1100, "literal level": "SILVER I", "time": 1657, "solokills_t": 0.006035003017501509, "kills_t": 0.032589016294508145, "kp": 0.4351351351351352, "deaths_t": 0.032589016294508145, "assists_t": 0.04043452021726011, "csscore_t": 0.7797223898611949, "teamgold_t": 63.55884127942064, "vision_score_t": 0.8486642528351188, "wards_placed_t": 0.056729028364514184, "gold_graph_diffs_t": 14.590826795413397}