{"id": "EUN1_3564341222", "lvl": 800, "literal level": "SILVER IV", "time": 2678, "solokills_t": 0.00784167289021658, "kills_t": 0.036221060492905154, "kp": 0.4705029838022165, "deaths_t": 0.036221060492905154, "assists_t": 0.04891710231516057, "csscore_t": 0.6325616131441374, "teamgold_t": 62.040702016430174, "vision_score_t": 0.9651833430058335, "wards_placed_t": 0.0720687079910381, "gold_graph_diffs_t": 15.93764002987304}