{"id": "EUN1_3580923236", "lvl": 800, "literal level": "SILVER IV", "time": 1663, "solokills_t": 0.010222489476849068, "kills_t": 0.030667468430547205, "kp": 0.43032258064516127, "deaths_t": 0.030667468430547205, "assists_t": 0.03367408298256164, "csscore_t": 0.7949488875526157, "teamgold_t": 62.856885147324114, "vision_score_t": 0.6534587281642011, "wards_placed_t": 0.05351773902585689, "gold_graph_diffs_t": 12.528562838244136}