{"id": "EUN1_3569938651", "lvl": 1200, "literal level": "GOLD IV", "time": 1463, "solokills_t": 0.012987012987012988, "kills_t": 0.03896103896103896, "kp": 0.37761904761904763, "deaths_t": 0.03896103896103896, "assists_t": 0.036226930963773066, "csscore_t": 0.8181818181818182, "teamgold_t": 65.61722488038278, "vision_score_t": 0.7668912485650486, "wards_placed_t": 0.05741626794258373, "gold_graph_diffs_t": 14.889952153110048}