{"id": "EUN1_3580934912", "lvl": 1200, "literal level": "GOLD IV", "time": 1551, "solokills_t": 0.0070921985815602835, "kills_t": 0.036105738233397806, "kp": 0.522051282051282, "deaths_t": 0.0367504835589942, "assists_t": 0.05931656995486783, "csscore_t": 0.7530625402965828, "teamgold_t": 63.63056092843327, "vision_score_t": 0.7931771819609332, "wards_placed_t": 0.058027079303675046, "gold_graph_diffs_t": 11.135396518375241}