{"id": "EUN1_3571512602", "lvl": 700, "literal level": "BRONZE I", "time": 1836, "solokills_t": 0.009259259259259259, "kills_t": 0.04030501089324619, "kp": 0.4724358974358974, "deaths_t": 0.04030501089324619, "assists_t": 0.05555555555555555, "csscore_t": 0.6655773420479303, "teamgold_t": 61.65305010893246, "vision_score_t": 0.9495430492768915, "wards_placed_t": 0.06862745098039216, "gold_graph_diffs_t": 11.58442265795207}