{"id": "EUN1_3567694464", "lvl": 900, "literal level": "SILVER III", "time": 1836, "solokills_t": 0.013071895424836602, "kills_t": 0.042483660130718956, "kp": 0.39442934782608696, "deaths_t": 0.042483660130718956, "assists_t": 0.04084967320261438, "csscore_t": 0.8306100217864923, "teamgold_t": 70.67374727668846, "vision_score_t": 0.8618928460065394, "wards_placed_t": 0.0664488017429194, "gold_graph_diffs_t": 12.314270152505447}