{"id": "EUN1_3557909738", "lvl": 1200, "literal level": "GOLD IV", "time": 2172, "solokills_t": 0.010128913443830571, "kills_t": 0.03959484346224678, "kp": 0.43662280701754386, "deaths_t": 0.03959484346224678, "assists_t": 0.04696132596685083, "csscore_t": 0.819060773480663, "teamgold_t": 67.52302025782689, "vision_score_t": 0.8702931657147147, "wards_placed_t": 0.05939226519337017, "gold_graph_diffs_t": 12.237569060773481}