{"id": "EUN1_3576192060", "lvl": 1300, "literal level": "GOLD III", "time": 1648, "solokills_t": 0.009101941747572815, "kills_t": 0.030946601941747573, "kp": 0.4276190476190476, "deaths_t": 0.030946601941747573, "assists_t": 0.03519417475728155, "csscore_t": 0.7220873786407767, "teamgold_t": 60.199029126213595, "vision_score_t": 0.8623589362030432, "wards_placed_t": 0.06614077669902912, "gold_graph_diffs_t": 11.04611650485437}