{"id": "EUN1_3547065964", "lvl": 1000, "literal level": "SILVER II", "time": 3100, "solokills_t": 0.00967741935483871, "kills_t": 0.036774193548387096, "kp": 0.46286945812807884, "deaths_t": 0.036774193548387096, "assists_t": 0.04838709677419355, "csscore_t": 0.7080645161290322, "teamgold_t": 63.63516129032258, "vision_score_t": 0.9160698945129624, "wards_placed_t": 0.0635483870967742, "gold_graph_diffs_t": 13.55258064516129}