{"id": "EUN1_3534636232", "lvl": 1300, "literal level": "GOLD III", "time": 349, "solokills_t": 0.0028653295128939827, "kills_t": 0.017191977077363897, "kp": 0.375, "deaths_t": 0.017191977077363897, "assists_t": 0.014326647564469915, "csscore_t": 0.673352435530086, "teamgold_t": 53.10315186246418, "vision_score_t": 0.1890035550229012, "wards_placed_t": 0.022922636103151862, "gold_graph_diffs_t": 10.375358166189113}