{"id": "EUN1_3567518114", "lvl": 1100, "literal level": "SILVER I", "time": 1331, "solokills_t": 0.012021036814425245, "kills_t": 0.04432757325319309, "kp": 0.4045454545454546, "deaths_t": 0.04432757325319309, "assists_t": 0.045078888054094664, "csscore_t": 0.8151765589782118, "teamgold_t": 71.20060105184072, "vision_score_t": 0.6538234739848648, "wards_placed_t": 0.04432757325319309, "gold_graph_diffs_t": 11.996994740796394}