{"id": "EUN1_3555544390", "lvl": 1400, "literal level": "GOLD II", "time": 1497, "solokills_t": 0.012692050768203072, "kills_t": 0.049432197728790914, "kp": 0.42868400315208816, "deaths_t": 0.049432197728790914, "assists_t": 0.05744822979291917, "csscore_t": 0.7835671342685371, "teamgold_t": 71.03206412825651, "vision_score_t": 0.7443294127188318, "wards_placed_t": 0.055444221776887105, "gold_graph_diffs_t": 13.499665998663994}