{"id": "EUN1_3555353059", "lvl": 1000, "literal level": "SILVER II", "time": 915, "solokills_t": 0.01092896174863388, "kills_t": 0.03278688524590164, "kp": 0.37613636363636366, "deaths_t": 0.03278688524590164, "assists_t": 0.025136612021857924, "csscore_t": 0.825136612021858, "teamgold_t": 62.54754098360656, "vision_score_t": 0.471570699601709, "wards_placed_t": 0.03934426229508197, "gold_graph_diffs_t": 11.4}