{"id": "EUN1_3535406570", "lvl": 800, "literal level": "SILVER IV", "time": 1676, "solokills_t": 0.008949880668257757, "kills_t": 0.03758949880668258, "kp": 0.44757575757575757, "deaths_t": 0.03758949880668258, "assists_t": 0.04713603818615752, "csscore_t": 0.711217183770883, "teamgold_t": 63.18377088305489, "vision_score_t": 0.7729674898940216, "wards_placed_t": 0.0477326968973747, "gold_graph_diffs_t": 15.780429594272077}