{"id": "EUN1_3575045569", "lvl": 1100, "literal level": "SILVER I", "time": 1595, "solokills_t": 0.012539184952978056, "kills_t": 0.0445141065830721, "kp": 0.3863492063492064, "deaths_t": 0.0445141065830721, "assists_t": 0.041379310344827586, "csscore_t": 0.799373040752351, "teamgold_t": 70.77115987460814, "vision_score_t": 0.8915293205526209, "wards_placed_t": 0.07084639498432602, "gold_graph_diffs_t": 12.863949843260189}