{"id": "EUN1_3546278787", "lvl": 700, "literal level": "BRONZE I", "time": 1550, "solokills_t": 0.00903225806451613, "kills_t": 0.03806451612903226, "kp": 0.39592105263157895, "deaths_t": 0.03870967741935484, "assists_t": 0.04129032258064516, "csscore_t": 0.7393548387096774, "teamgold_t": 63.73290322580645, "vision_score_t": 0.7895681757276906, "wards_placed_t": 0.056129032258064517, "gold_graph_diffs_t": 13.76258064516129}