{"id": "EUN1_3536113081", "lvl": 1100, "literal level": "SILVER I", "time": 1845, "solokills_t": 0.011382113821138212, "kills_t": 0.042818428184281845, "kp": 0.4129844961240311, "deaths_t": 0.042818428184281845, "assists_t": 0.04552845528455285, "csscore_t": 0.7528455284552845, "teamgold_t": 67.9360433604336, "vision_score_t": 0.8669500933411889, "wards_placed_t": 0.06124661246612466, "gold_graph_diffs_t": 11.765853658536585}