{"id": "EUN1_3573385493", "lvl": 1000, "literal level": "SILVER II", "time": 946, "solokills_t": 0.013742071881606765, "kills_t": 0.040169133192389, "kp": 0.3528735632183908, "deaths_t": 0.040169133192389, "assists_t": 0.03276955602536998, "csscore_t": 0.7790697674418605, "teamgold_t": 61.204016913319236, "vision_score_t": 0.6163574172862639, "wards_placed_t": 0.05496828752642706, "gold_graph_diffs_t": 11.711416490486258}