{"id": "EUN1_3562567055", "lvl": 1100, "literal level": "SILVER I", "time": 1672, "solokills_t": 0.017344497607655503, "kills_t": 0.04007177033492823, "kp": 0.3817857142857143, "deaths_t": 0.04007177033492823, "assists_t": 0.03648325358851675, "csscore_t": 0.8133971291866029, "teamgold_t": 67.05263157894737, "vision_score_t": 0.6150633459434214, "wards_placed_t": 0.04126794258373206, "gold_graph_diffs_t": 10.7811004784689}