{"id": "EUN1_3565230967", "lvl": 700, "literal level": "BRONZE I", "time": 1658, "solokills_t": 0.007237635705669481, "kills_t": 0.030759951749095297, "kp": 0.4427777777777777, "deaths_t": 0.030759951749095297, "assists_t": 0.039203860072376355, "csscore_t": 0.7171290711700844, "teamgold_t": 58.08624849215923, "vision_score_t": 0.6663214181877708, "wards_placed_t": 0.047044632086851626, "gold_graph_diffs_t": 12.128468033775633}