{"id": "EUN1_3582947311", "lvl": 700, "literal level": "BRONZE I", "time": 1585, "solokills_t": 0.011356466876971609, "kills_t": 0.04668769716088328, "kp": 0.44018912529550824, "deaths_t": 0.04668769716088328, "assists_t": 0.05299684542586751, "csscore_t": 0.7602523659305994, "teamgold_t": 70.98233438485805, "vision_score_t": 0.8479013030667195, "wards_placed_t": 0.05930599369085174, "gold_graph_diffs_t": 19.460567823343847}