{"id": "EUN1_3571037043", "lvl": 800, "literal level": "SILVER IV", "time": 2134, "solokills_t": 0.009840674789128397, "kills_t": 0.03233364573570759, "kp": 0.42871621621621625, "deaths_t": 0.03233364573570759, "assists_t": 0.037019681349578254, "csscore_t": 0.7371134020618557, "teamgold_t": 61.94423617619494, "vision_score_t": 0.8226560617725263, "wards_placed_t": 0.05810684161199625, "gold_graph_diffs_t": 12.228209934395501}