{"id": "EUN1_3572970134", "lvl": 900, "literal level": "SILVER III", "time": 2031, "solokills_t": 0.011816838995568686, "kills_t": 0.0448055145248646, "kp": 0.4386792452830188, "deaths_t": 0.0448055145248646, "assists_t": 0.05120630231413097, "csscore_t": 0.6730674544559331, "teamgold_t": 65.83702609551945, "vision_score_t": 0.7325334280784165, "wards_placed_t": 0.06105366814377154, "gold_graph_diffs_t": 15.608567208271788}