{"id": "EUN1_3557306671", "lvl": 900, "literal level": "SILVER III", "time": 1775, "solokills_t": 0.008450704225352112, "kills_t": 0.044507042253521124, "kp": 0.4540558510638298, "deaths_t": 0.044507042253521124, "assists_t": 0.05802816901408451, "csscore_t": 0.7622535211267606, "teamgold_t": 67.06422535211267, "vision_score_t": 0.7331461948985509, "wards_placed_t": 0.06816901408450704, "gold_graph_diffs_t": 12.908732394366197}