{"id": "EUN1_3578884268", "lvl": 1100, "literal level": "SILVER I", "time": 1296, "solokills_t": 0.016975308641975308, "kills_t": 0.029320987654320986, "kp": 0.32727272727272727, "deaths_t": 0.029320987654320986, "assists_t": 0.016975308641975308, "csscore_t": 0.8572530864197531, "teamgold_t": 61.42206790123457, "vision_score_t": 0.4719890188170049, "wards_placed_t": 0.036265432098765434, "gold_graph_diffs_t": 10.070216049382717}