{"id": "EUN1_3581455044", "lvl": 800, "literal level": "SILVER IV", "time": 1428, "solokills_t": 0.007703081232492998, "kills_t": 0.03431372549019608, "kp": 0.45714285714285713, "deaths_t": 0.03431372549019608, "assists_t": 0.03991596638655462, "csscore_t": 0.7514005602240896, "teamgold_t": 62.07773109243698, "vision_score_t": 0.6453241906294381, "wards_placed_t": 0.056022408963585436, "gold_graph_diffs_t": 10.21498599439776}