{"id": "EUN1_3554230162", "lvl": 1100, "literal level": "SILVER I", "time": 1125, "solokills_t": 0.012444444444444444, "kills_t": 0.03288888888888889, "kp": 0.3367132867132867, "deaths_t": 0.03288888888888889, "assists_t": 0.02311111111111111, "csscore_t": 0.7822222222222223, "teamgold_t": 62.75288888888889, "vision_score_t": 0.877579430302448, "wards_placed_t": 0.06844444444444445, "gold_graph_diffs_t": 10.845333333333333}