{"id": "EUN1_3550528598", "lvl": 1100, "literal level": "SILVER I", "time": 1349, "solokills_t": 0.02001482579688658, "kills_t": 0.04744255003706449, "kp": 0.37729468599033816, "deaths_t": 0.04744255003706449, "assists_t": 0.0385470719051149, "csscore_t": 0.7857672349888807, "teamgold_t": 68.90214974054855, "vision_score_t": 0.6943457868736524, "wards_placed_t": 0.05559673832468495, "gold_graph_diffs_t": 16.082283172720533}