{"id": "EUN1_3550714574", "lvl": 1100, "literal level": "SILVER I", "time": 1429, "solokills_t": 0.006997900629811057, "kills_t": 0.02799160251924423, "kp": 0.4262108262108263, "deaths_t": 0.02799160251924423, "assists_t": 0.03219034289713086, "csscore_t": 0.8320503848845346, "teamgold_t": 61.22673198040588, "vision_score_t": 0.8663927686688992, "wards_placed_t": 0.06438068579426172, "gold_graph_diffs_t": 12.532540237928622}