{"id": "EUN1_3550716463", "lvl": 700, "literal level": "BRONZE I", "time": 1901, "solokills_t": 0.009468700683850605, "kills_t": 0.03156233561283535, "kp": 0.41978021978021973, "deaths_t": 0.03156233561283535, "assists_t": 0.034718569174118884, "csscore_t": 0.8653340347185692, "teamgold_t": 65.73803261441347, "vision_score_t": 0.9200532195775285, "wards_placed_t": 0.06102051551814834, "gold_graph_diffs_t": 9.514992109416097}