{"id": "EUN1_3568996368", "lvl": 1000, "literal level": "SILVER II", "time": 2144, "solokills_t": 0.01166044776119403, "kills_t": 0.03731343283582089, "kp": 0.4008558262014483, "deaths_t": 0.03731343283582089, "assists_t": 0.037779850746268655, "csscore_t": 0.8507462686567164, "teamgold_t": 67.62033582089552, "vision_score_t": 1.0683924196097356, "wards_placed_t": 0.07602611940298508, "gold_graph_diffs_t": 11.492537313432836}