{"id": "EUN1_3568847337", "lvl": 1000, "literal level": "SILVER II", "time": 1866, "solokills_t": 0.006966773847802787, "kills_t": 0.03751339764201501, "kp": 0.5056244830438379, "deaths_t": 0.03751339764201501, "assists_t": 0.05627009646302251, "csscore_t": 0.7743837084673098, "teamgold_t": 67.41693461950696, "vision_score_t": 0.774554202233326, "wards_placed_t": 0.05144694533762058, "gold_graph_diffs_t": 12.9989281886388}