{"id": "EUN1_3582922151", "lvl": 900, "literal level": "SILVER III", "time": 991, "solokills_t": 0.006054490413723511, "kills_t": 0.020181634712411706, "kp": 0.38686868686868686, "deaths_t": 0.020181634712411706, "assists_t": 0.01917255297679112, "csscore_t": 0.7013118062563067, "teamgold_t": 53.71745711402624, "vision_score_t": 0.5102743216327787, "wards_placed_t": 0.04641775983854692, "gold_graph_diffs_t": 7.995963673057518}