{"id": "EUN1_3563965451", "lvl": 700, "literal level": "BRONZE I", "time": 2223, "solokills_t": 0.007197480881691408, "kills_t": 0.033288349077822764, "kp": 0.48327081770442604, "deaths_t": 0.033288349077822764, "assists_t": 0.04678362573099415, "csscore_t": 0.7498875393612235, "teamgold_t": 62.3544759334233, "vision_score_t": 0.8530333050333055, "wards_placed_t": 0.06027890238416554, "gold_graph_diffs_t": 12.645973909131804}