{"id": "EUN1_3561037890", "lvl": 1000, "literal level": "SILVER II", "time": 2086, "solokills_t": 0.016299137104506232, "kills_t": 0.038350910834132314, "kp": 0.396875, "deaths_t": 0.03883029721955897, "assists_t": 0.03547459252157239, "csscore_t": 0.7176414189837008, "teamgold_t": 63.171140939597315, "vision_score_t": 0.6355020568699359, "wards_placed_t": 0.0436241610738255, "gold_graph_diffs_t": 12.566155321188878}