{"id": "EUN1_3568403007", "lvl": 400, "literal level": "BRONZE IV", "time": 2082, "solokills_t": 0.012968299711815562, "kills_t": 0.03170028818443804, "kp": 0.3695852534562212, "deaths_t": 0.03170028818443804, "assists_t": 0.026897214217098942, "csscore_t": 0.7512007684918348, "teamgold_t": 60.363112391930834, "vision_score_t": 0.5840640368018881, "wards_placed_t": 0.0494716618635927, "gold_graph_diffs_t": 10.131604226705091}