{"id": "EUN1_3557942794", "lvl": 1300, "literal level": "GOLD III", "time": 2372, "solokills_t": 0.01011804384485666, "kills_t": 0.03962900505902192, "kp": 0.43505434782608693, "deaths_t": 0.03962900505902192, "assists_t": 0.046374367622259695, "csscore_t": 0.7107925801011804, "teamgold_t": 65.72428330522766, "vision_score_t": 0.8814087404035957, "wards_placed_t": 0.05902192242833052, "gold_graph_diffs_t": 14.295109612141653}