{"id": "EUN1_3554803616", "lvl": 1100, "literal level": "SILVER I", "time": 1343, "solokills_t": 0.014147431124348473, "kills_t": 0.035740878629932984, "kp": 0.3433333333333333, "deaths_t": 0.035740878629932984, "assists_t": 0.026061057334326135, "csscore_t": 0.7170513775130305, "teamgold_t": 58.57632166790767, "vision_score_t": 0.6080623783984119, "wards_placed_t": 0.04988830975428146, "gold_graph_diffs_t": 7.265822784810126}