{"id": "EUN1_3530652257", "lvl": 800, "literal level": "SILVER IV", "time": 2086, "solokills_t": 0.012464046021093002, "kills_t": 0.034036433365292426, "kp": 0.3954761904761905, "deaths_t": 0.034036433365292426, "assists_t": 0.03307766059443912, "csscore_t": 0.724352828379674, "teamgold_t": 61.419463087248324, "vision_score_t": 0.6725524588609664, "wards_placed_t": 0.055129434324065196, "gold_graph_diffs_t": 10.245925215723874}