{"id": "EUN1_3577505516", "lvl": 1200, "literal level": "GOLD IV", "time": 1814, "solokills_t": 0.009371554575523704, "kills_t": 0.040793825799338476, "kp": 0.4808573540280857, "deaths_t": 0.041345093715545754, "assists_t": 0.05733186328555678, "csscore_t": 0.7353914002205072, "teamgold_t": 65.66041896361632, "vision_score_t": 0.8374313308918101, "wards_placed_t": 0.06504961411245866, "gold_graph_diffs_t": 17.950385887541344}