{"id": "EUN1_3585137183", "lvl": 900, "literal level": "SILVER III", "time": 2465, "solokills_t": 0.00973630831643002, "kills_t": 0.04016227180527383, "kp": 0.45, "deaths_t": 0.04016227180527383, "assists_t": 0.05152129817444219, "csscore_t": 0.7237322515212982, "teamgold_t": 67.01460446247465, "vision_score_t": 0.9884803951504125, "wards_placed_t": 0.08316430020283976, "gold_graph_diffs_t": 15.265314401622717}