{"id": "EUN1_3549623508", "lvl": 900, "literal level": "SILVER III", "time": 1917, "solokills_t": 0.017214397496087636, "kills_t": 0.04538341158059468, "kp": 0.4067147613762486, "deaths_t": 0.04538341158059468, "assists_t": 0.046948356807511735, "csscore_t": 0.8069900886802295, "teamgold_t": 68.05738132498696, "vision_score_t": 0.8596989605596006, "wards_placed_t": 0.056859676577986434, "gold_graph_diffs_t": 10.063641105894627}