{"id": "EUN1_3551315547", "lvl": 1100, "literal level": "SILVER I", "time": 1641, "solokills_t": 0.003656307129798903, "kills_t": 0.024984765386959172, "kp": 0.47174999999999995, "deaths_t": 0.024984765386959172, "assists_t": 0.03351614868982328, "csscore_t": 0.7769652650822669, "teamgold_t": 58.42961608775137, "vision_score_t": 0.9858933788818396, "wards_placed_t": 0.08043875685557587, "gold_graph_diffs_t": 12.540524070688605}