{"id": "EUN1_3567182788", "lvl": 1000, "literal level": "SILVER II", "time": 2458, "solokills_t": 0.00935720097640358, "kills_t": 0.03580146460537022, "kp": 0.47867494824016565, "deaths_t": 0.03580146460537022, "assists_t": 0.04963384865744508, "csscore_t": 0.7628152969894223, "teamgold_t": 65.1586655817738, "vision_score_t": 0.9626391924673907, "wards_placed_t": 0.06550040683482507, "gold_graph_diffs_t": 13.550854353132628}