{"id": "EUN1_3550698122", "lvl": 1000, "literal level": "SILVER II", "time": 1655, "solokills_t": 0.018731117824773415, "kills_t": 0.04652567975830816, "kp": 0.36673850574712646, "deaths_t": 0.04652567975830816, "assists_t": 0.038066465256797584, "csscore_t": 0.7667673716012084, "teamgold_t": 71.25740181268883, "vision_score_t": 0.5515064784641398, "wards_placed_t": 0.04229607250755287, "gold_graph_diffs_t": 13.221148036253776}