{"id": "EUN1_3578903504", "lvl": 1200, "literal level": "GOLD IV", "time": 2022, "solokills_t": 0.006429277942631058, "kills_t": 0.037091988130563795, "kp": 0.5065934065934067, "deaths_t": 0.037091988130563795, "assists_t": 0.05242334322453017, "csscore_t": 0.8580613254203758, "teamgold_t": 68.16419386745797, "vision_score_t": 0.9502653017284631, "wards_placed_t": 0.06726013847675569, "gold_graph_diffs_t": 13.54104846686449}