{"id": "EUN1_3567285020", "lvl": 1000, "literal level": "SILVER II", "time": 917, "solokills_t": 0.007633587786259542, "kills_t": 0.03271537622682661, "kp": 0.36136363636363633, "deaths_t": 0.03271537622682661, "assists_t": 0.027262813522355506, "csscore_t": 0.8462377317339149, "teamgold_t": 63.148309705561616, "vision_score_t": 0.5056152013709673, "wards_placed_t": 0.04362050163576881, "gold_graph_diffs_t": 16.797164667393677}