{"id": "EUN1_3535674172", "lvl": 1600, "literal level": "PLATINUM IV", "time": 2279, "solokills_t": 0.013602457218078104, "kills_t": 0.041246160596752963, "kp": 0.4048838311996207, "deaths_t": 0.04168494953927161, "assists_t": 0.040807371654234315, "csscore_t": 0.8187801667397981, "teamgold_t": 67.47169811320755, "vision_score_t": 1.1272959972391292, "wards_placed_t": 0.06976744186046512, "gold_graph_diffs_t": 14.232558139534884}