{"id": "EUN1_3577504582", "lvl": 600, "literal level": "BRONZE II", "time": 1533, "solokills_t": 0.010437051532941943, "kills_t": 0.0365296803652968, "kp": 0.42434782608695654, "deaths_t": 0.0365296803652968, "assists_t": 0.03913894324853229, "csscore_t": 0.7234181343770385, "teamgold_t": 63.968688845401175, "vision_score_t": 0.6203203946352216, "wards_placed_t": 0.04435746901500326, "gold_graph_diffs_t": 17.073711676451403}