{"id": "EUN1_3557368458", "lvl": 1300, "literal level": "GOLD III", "time": 2229, "solokills_t": 0.010767160161507403, "kills_t": 0.03633916554508748, "kp": 0.4652334152334152, "deaths_t": 0.036787797218483624, "assists_t": 0.04845222072678331, "csscore_t": 0.686855091969493, "teamgold_t": 65.49708389412292, "vision_score_t": 0.7913733414442017, "wards_placed_t": 0.05877074921489457, "gold_graph_diffs_t": 15.42440556303275}