{"id": "EUN1_3571290657", "lvl": 1200, "literal level": "GOLD IV", "time": 1725, "solokills_t": 0.01217391304347826, "kills_t": 0.042898550724637684, "kp": 0.4270833333333333, "deaths_t": 0.042898550724637684, "assists_t": 0.044057971014492756, "csscore_t": 0.8353623188405798, "teamgold_t": 67.54898550724637, "vision_score_t": 0.8373087935099053, "wards_placed_t": 0.05391304347826087, "gold_graph_diffs_t": 12.697971014492754}