{"id": "EUN1_3575945314", "lvl": 500, "literal level": "BRONZE III", "time": 2176, "solokills_t": 0.007352941176470588, "kills_t": 0.03125, "kp": 0.4859683794466404, "deaths_t": 0.03125, "assists_t": 0.04090073529411765, "csscore_t": 0.7380514705882353, "teamgold_t": 62.673713235294116, "vision_score_t": 0.7435591179401304, "wards_placed_t": 0.05514705882352941, "gold_graph_diffs_t": 11.288602941176471}