{"id": "EUN1_3571001332", "lvl": 800, "literal level": "SILVER IV", "time": 2190, "solokills_t": 0.014155251141552512, "kills_t": 0.0410958904109589, "kp": 0.4261857707509882, "deaths_t": 0.0410958904109589, "assists_t": 0.04657534246575343, "csscore_t": 0.819634703196347, "teamgold_t": 68.71552511415526, "vision_score_t": 0.8698238695430855, "wards_placed_t": 0.06803652968036529, "gold_graph_diffs_t": 12.973972602739726}