{"id": "EUN1_3550671488", "lvl": 1000, "literal level": "SILVER II", "time": 1074, "solokills_t": 0.013966480446927373, "kills_t": 0.04189944134078212, "kp": 0.3888888888888889, "deaths_t": 0.04189944134078212, "assists_t": 0.035381750465549346, "csscore_t": 0.8817504655493482, "teamgold_t": 66.16201117318435, "vision_score_t": 0.7136876741090159, "wards_placed_t": 0.054003724394785846, "gold_graph_diffs_t": 13.07635009310987}