{"id": "EUN1_3540922109", "lvl": 800, "literal level": "SILVER IV", "time": 1939, "solokills_t": 0.0046415678184631255, "kills_t": 0.022692109334708613, "kp": 0.4511387163561077, "deaths_t": 0.022692109334708613, "assists_t": 0.028365136668385766, "csscore_t": 0.7555440948942754, "teamgold_t": 56.883960804538425, "vision_score_t": 0.8989155294244074, "wards_placed_t": 0.06188757091284167, "gold_graph_diffs_t": 13.000515729757607}