{"id": "EUN1_3568567656", "lvl": 800, "literal level": "SILVER IV", "time": 1926, "solokills_t": 0.005711318795430945, "kills_t": 0.03790238836967809, "kp": 0.49615975422427033, "deaths_t": 0.03842159916926272, "assists_t": 0.05555555555555555, "csscore_t": 0.7076843198338525, "teamgold_t": 63.62928348909657, "vision_score_t": 0.8188671203094872, "wards_placed_t": 0.05347871235721703, "gold_graph_diffs_t": 14.503634475597092}