{"id": "EUN1_3562644708", "lvl": 800, "literal level": "SILVER IV", "time": 1999, "solokills_t": 0.018009004502251125, "kills_t": 0.04202101050525263, "kp": 0.34783653846153845, "deaths_t": 0.04202101050525263, "assists_t": 0.03251625812906453, "csscore_t": 0.8234117058529264, "teamgold_t": 66.79689844922461, "vision_score_t": 0.7715459356554414, "wards_placed_t": 0.062031015507753876, "gold_graph_diffs_t": 12.549774887443721}