{"id": "EUN1_3532153901", "lvl": 1100, "literal level": "SILVER I", "time": 1408, "solokills_t": 0.011363636363636364, "kills_t": 0.03622159090909091, "kp": 0.4702439024390245, "deaths_t": 0.03622159090909091, "assists_t": 0.0390625, "csscore_t": 0.7514204545454546, "teamgold_t": 61.40269886363637, "vision_score_t": 0.6613371474104761, "wards_placed_t": 0.04616477272727273, "gold_graph_diffs_t": 14.730823863636363}