{"id": "EUN1_3550820300", "lvl": 900, "literal level": "SILVER III", "time": 1719, "solokills_t": 0.013379872018615475, "kills_t": 0.04886561954624782, "kp": 0.3951871657754011, "deaths_t": 0.04886561954624782, "assists_t": 0.04712041884816754, "csscore_t": 0.7446189645142525, "teamgold_t": 70.54973821989529, "vision_score_t": 0.8730195945150184, "wards_placed_t": 0.06864456079115765, "gold_graph_diffs_t": 14.022687609075044}