{"id": "EUN1_3546896783", "lvl": 800, "literal level": "SILVER IV", "time": 1824, "solokills_t": 0.008223684210526315, "kills_t": 0.044407894736842105, "kp": 0.42037037037037034, "deaths_t": 0.044407894736842105, "assists_t": 0.049890350877192985, "csscore_t": 0.7576754385964912, "teamgold_t": 68.64035087719299, "vision_score_t": 0.7787601998389333, "wards_placed_t": 0.0625, "gold_graph_diffs_t": 13.323464912280702}