{"id": "EUN1_3568147802", "lvl": 600, "literal level": "BRONZE II", "time": 1687, "solokills_t": 0.008298755186721992, "kills_t": 0.04267931238885596, "kp": 0.5016233766233766, "deaths_t": 0.04267931238885596, "assists_t": 0.06342620035566093, "csscore_t": 0.7291049199762892, "teamgold_t": 66.45168938944873, "vision_score_t": 0.727320228897344, "wards_placed_t": 0.053349140486069944, "gold_graph_diffs_t": 17.66804979253112}