{"id": "EUN1_3550699885", "lvl": 1100, "literal level": "SILVER I", "time": 1994, "solokills_t": 0.009528585757271816, "kills_t": 0.04012036108324975, "kp": 0.4326984126984127, "deaths_t": 0.04012036108324975, "assists_t": 0.04663991975927784, "csscore_t": 0.8279839518555667, "teamgold_t": 68.62387161484453, "vision_score_t": 0.7466732235988234, "wards_placed_t": 0.051654964894684054, "gold_graph_diffs_t": 14.714142427281846}