{"id": "EUN1_3557305748", "lvl": 800, "literal level": "SILVER IV", "time": 1471, "solokills_t": 0.01563562202583277, "kills_t": 0.03942895989123046, "kp": 0.3568452380952381, "deaths_t": 0.03942895989123046, "assists_t": 0.03263086335825969, "csscore_t": 0.7416723317471108, "teamgold_t": 62.0462270564242, "vision_score_t": 0.5991617202910132, "wards_placed_t": 0.04078857919782461, "gold_graph_diffs_t": 14.407885791978247}