{"id": "EUN1_3568972262", "lvl": 900, "literal level": "SILVER III", "time": 1727, "solokills_t": 0.009264620729588882, "kills_t": 0.02721482339316734, "kp": 0.4112554112554112, "deaths_t": 0.02721482339316734, "assists_t": 0.027793862188766647, "csscore_t": 0.9102489866821077, "teamgold_t": 62.086855819339895, "vision_score_t": 0.6113337008000809, "wards_placed_t": 0.04806022003474233, "gold_graph_diffs_t": 11.547191661841344}