{"id": "EUN1_3568398795", "lvl": 1200, "literal level": "GOLD IV", "time": 1339, "solokills_t": 0.002987303958177745, "kills_t": 0.02912621359223301, "kp": 0.47333333333333333, "deaths_t": 0.02912621359223301, "assists_t": 0.041822255414488425, "csscore_t": 0.7647498132935027, "teamgold_t": 58.78267363704257, "vision_score_t": 0.7714434779007396, "wards_placed_t": 0.05601194921583271, "gold_graph_diffs_t": 10.479462285287529}