{"id": "EUN1_3577228112", "lvl": 800, "literal level": "SILVER IV", "time": 2044, "solokills_t": 0.007827788649706457, "kills_t": 0.030821917808219176, "kp": 0.4889112903225807, "deaths_t": 0.03131115459882583, "assists_t": 0.04452054794520548, "csscore_t": 0.735812133072407, "teamgold_t": 61.77005870841487, "vision_score_t": 0.9147079981721647, "wards_placed_t": 0.07093933463796477, "gold_graph_diffs_t": 11.136986301369863}