{"id": "EUN1_3584401267", "lvl": 700, "literal level": "BRONZE I", "time": 2178, "solokills_t": 0.008264462809917356, "kills_t": 0.03856749311294766, "kp": 0.45, "deaths_t": 0.03856749311294766, "assists_t": 0.048209366391184574, "csscore_t": 0.7874196510560147, "teamgold_t": 68.42148760330579, "vision_score_t": 0.8603499656278986, "wards_placed_t": 0.06703397612488522, "gold_graph_diffs_t": 13.72910927456382}