{"id": "EUN1_3568826971", "lvl": 900, "literal level": "SILVER III", "time": 1464, "solokills_t": 0.012295081967213115, "kills_t": 0.03825136612021858, "kp": 0.395, "deaths_t": 0.03825136612021858, "assists_t": 0.03756830601092896, "csscore_t": 0.7971311475409836, "teamgold_t": 63.989754098360656, "vision_score_t": 0.8154686969101974, "wards_placed_t": 0.06693989071038252, "gold_graph_diffs_t": 10.544398907103826}