{"id": "EUN1_3550598396", "lvl": 900, "literal level": "SILVER III", "time": 2372, "solokills_t": 0.006323777403035413, "kills_t": 0.03246205733558179, "kp": 0.5163793103448275, "deaths_t": 0.03246205733558179, "assists_t": 0.05269814502529511, "csscore_t": 0.7225969645868465, "teamgold_t": 63.463322091062395, "vision_score_t": 0.9736172754797732, "wards_placed_t": 0.06871838111298482, "gold_graph_diffs_t": 13.866357504215852}