{"id": "EUN1_3576610292", "lvl": 800, "literal level": "SILVER IV", "time": 1919, "solokills_t": 0.007295466388744137, "kills_t": 0.030224075039082855, "kp": 0.46368421052631587, "deaths_t": 0.030224075039082855, "assists_t": 0.03908285565398645, "csscore_t": 0.7587285044293903, "teamgold_t": 59.42313705054716, "vision_score_t": 0.6141526097791838, "wards_placed_t": 0.04377279833246483, "gold_graph_diffs_t": 13.551328817092235}