{"id": "EUN1_3568573519", "lvl": 600, "literal level": "BRONZE II", "time": 1289, "solokills_t": 0.009309542280837859, "kills_t": 0.04654771140418929, "kp": 0.4726402188782489, "deaths_t": 0.047323506594259115, "assists_t": 0.0612878200155159, "csscore_t": 0.674166020170675, "teamgold_t": 68.29712955779674, "vision_score_t": 0.6132214884124529, "wards_placed_t": 0.048875096974398756, "gold_graph_diffs_t": 16.455391776570984}