{"id": "EUN1_3564130312", "lvl": 1400, "literal level": "GOLD II", "time": 2216, "solokills_t": 0.009025270758122744, "kills_t": 0.03564981949458484, "kp": 0.4185400516795865, "deaths_t": 0.03564981949458484, "assists_t": 0.0388086642599278, "csscore_t": 0.8416064981949458, "teamgold_t": 68.59070397111914, "vision_score_t": 0.9924957763798453, "wards_placed_t": 0.07355595667870037, "gold_graph_diffs_t": 13.375}