{"id": "EUN1_3575112347", "lvl": 1000, "literal level": "SILVER II", "time": 1801, "solokills_t": 0.010549694614103275, "kills_t": 0.04553026096612993, "kp": 0.43487179487179484, "deaths_t": 0.04553026096612993, "assists_t": 0.05274847307051638, "csscore_t": 0.7890061077179344, "teamgold_t": 70.58800666296501, "vision_score_t": 0.7768677473389265, "wards_placed_t": 0.054969461410327596, "gold_graph_diffs_t": 15.89505830094392}