{"id": "EUN1_3573949249", "lvl": 1000, "literal level": "SILVER II", "time": 1390, "solokills_t": 0.010071942446043165, "kills_t": 0.04244604316546763, "kp": 0.416304347826087, "deaths_t": 0.04244604316546763, "assists_t": 0.04748201438848921, "csscore_t": 0.7597122302158273, "teamgold_t": 66.58561151079137, "vision_score_t": 0.7722144961049561, "wards_placed_t": 0.06690647482014389, "gold_graph_diffs_t": 11.941007194244603}