{"id": "EUN1_3582181038", "lvl": 2200, "literal level": "EMERALD II", "time": 1839, "solokills_t": 0.0076128330614464385, "kills_t": 0.03317020119630234, "kp": 0.4716216216216216, "deaths_t": 0.03371397498640565, "assists_t": 0.04404567699836868, "csscore_t": 0.8749320282762371, "teamgold_t": 65.60032626427406, "vision_score_t": 1.02288213429684, "wards_placed_t": 0.06797172376291463, "gold_graph_diffs_t": 13.940728656878738}