{"id": "EUN1_3562919689", "lvl": 2200, "literal level": "EMERALD II", "time": 1894, "solokills_t": 0.009503695881731784, "kills_t": 0.038542766631467794, "kp": 0.45388719512195125, "deaths_t": 0.038542766631467794, "assists_t": 0.048574445617740235, "csscore_t": 0.7745512143611405, "teamgold_t": 66.25290390707498, "vision_score_t": 0.9134790087270444, "wards_placed_t": 0.059134107708553325, "gold_graph_diffs_t": 15.403907074973601}