{"id": "EUN1_3576602589", "lvl": 1900, "literal level": "PLATINUM I", "time": 1752, "solokills_t": 0.01141552511415525, "kills_t": 0.048515981735159815, "kp": 0.4336111111111111, "deaths_t": 0.048515981735159815, "assists_t": 0.05650684931506849, "csscore_t": 0.8281963470319634, "teamgold_t": 73.95091324200914, "vision_score_t": 0.9652540771953081, "wards_placed_t": 0.06735159817351598, "gold_graph_diffs_t": 11.151826484018265}