{"id": "EUN1_3584346207", "lvl": 2000, "literal level": "EMERALD IV", "time": 352, "solokills_t": 0.002840909090909091, "kills_t": 0.019886363636363636, "kp": 0.4, "deaths_t": 0.019886363636363636, "assists_t": 0.019886363636363636, "csscore_t": 0.6789772727272727, "teamgold_t": 53.29545454545455, "vision_score_t": 0.3676939184330149, "wards_placed_t": 0.03125, "gold_graph_diffs_t": 10.551136363636363}