{"id": "EUN1_3549969617", "lvl": 2500, "literal level": "DIAMOND III", "time": 1391, "solokills_t": 0.012221423436376708, "kills_t": 0.04241552839683681, "kp": 0.42107558139534884, "deaths_t": 0.04241552839683681, "assists_t": 0.04529115744069015, "csscore_t": 0.8835370237239396, "teamgold_t": 70.23220704529116, "vision_score_t": 0.7406614642971825, "wards_placed_t": 0.04744787922358016, "gold_graph_diffs_t": 17.149532710280372}