{"id": "EUN1_3570771568", "lvl": 2200, "literal level": "EMERALD II", "time": 1643, "solokills_t": 0.006695069993913573, "kills_t": 0.03773584905660377, "kp": 0.5185061315496099, "deaths_t": 0.03773584905660377, "assists_t": 0.05782105903834449, "csscore_t": 0.8575776019476568, "teamgold_t": 67.52160681679854, "vision_score_t": 1.004631160746918, "wards_placed_t": 0.05782105903834449, "gold_graph_diffs_t": 10.51004260499087}