{"id": "EUN1_3583697028", "lvl": 1700, "literal level": "PLATINUM III", "time": 1883, "solokills_t": 0.01009028146574615, "kills_t": 0.04248539564524695, "kp": 0.5035087719298245, "deaths_t": 0.04248539564524695, "assists_t": 0.0647902283590016, "csscore_t": 0.8279341476367499, "teamgold_t": 70.46680828465215, "vision_score_t": 0.8565401621890274, "wards_placed_t": 0.0605416887944769, "gold_graph_diffs_t": 19.105151354221988}