{"id": "EUN1_3549615251", "lvl": 2500, "literal level": "DIAMOND III", "time": 1851, "solokills_t": 0.007023230686115613, "kills_t": 0.037817396002161, "kp": 0.5059553349875929, "deaths_t": 0.037817396002161, "assists_t": 0.05888708806050783, "csscore_t": 0.873581847649919, "teamgold_t": 68.7622906537007, "vision_score_t": 1.0158921633908655, "wards_placed_t": 0.06969205834683954, "gold_graph_diffs_t": 15.763911399243652}