{"id": "EUN1_3565631291", "lvl": 1900, "literal level": "PLATINUM I", "time": 1990, "solokills_t": 0.006030150753768844, "kills_t": 0.02512562814070352, "kp": 0.4958333333333334, "deaths_t": 0.02512562814070352, "assists_t": 0.034673366834170855, "csscore_t": 0.9185929648241206, "teamgold_t": 62.539698492462314, "vision_score_t": 0.9783451138527279, "wards_placed_t": 0.05728643216080402, "gold_graph_diffs_t": 11.660301507537689}