{"id": "EUN1_3554260352", "lvl": 2100, "literal level": "EMERALD III", "time": 1826, "solokills_t": 0.01588170865279299, "kills_t": 0.050383351588170866, "kp": 0.390711175616836, "deaths_t": 0.050383351588170866, "assists_t": 0.047097480832420595, "csscore_t": 0.843921139101862, "teamgold_t": 72.39047097480832, "vision_score_t": 0.7871775808798563, "wards_placed_t": 0.05640744797371303, "gold_graph_diffs_t": 13.823110624315444}