{"id": "EUN1_3581146079", "lvl": 1800, "literal level": "PLATINUM II", "time": 2075, "solokills_t": 0.010602409638554217, "kills_t": 0.047228915662650604, "kp": 0.45266666666666666, "deaths_t": 0.047228915662650604, "assists_t": 0.059759036144578316, "csscore_t": 0.8255421686746988, "teamgold_t": 74.66506024096385, "vision_score_t": 1.0495492320330206, "wards_placed_t": 0.07566265060240963, "gold_graph_diffs_t": 14.828915662650603}