{"id": "EUN1_3584288332", "lvl": 2000, "literal level": "EMERALD IV", "time": 1898, "solokills_t": 0.007903055848261328, "kills_t": 0.0458377239199157, "kp": 0.5045744680851064, "deaths_t": 0.0458377239199157, "assists_t": 0.07007376185458378, "csscore_t": 0.7144362486828241, "teamgold_t": 66.88356164383562, "vision_score_t": 1.067554033753522, "wards_placed_t": 0.07850368809272919, "gold_graph_diffs_t": 14.81822971548999}