{"id": "EUN1_3576915425", "lvl": 2100, "literal level": "EMERALD III", "time": 1362, "solokills_t": 0.011013215859030838, "kills_t": 0.035976505139500736, "kp": 0.40901960784313723, "deaths_t": 0.035976505139500736, "assists_t": 0.03450807635829662, "csscore_t": 0.9008810572687225, "teamgold_t": 68.19750367107196, "vision_score_t": 0.7872632546230568, "wards_placed_t": 0.05726872246696035, "gold_graph_diffs_t": 12.555800293685756}