{"id": "EUN1_3565548912", "lvl": 2100, "literal level": "EMERALD III", "time": 2298, "solokills_t": 0.006092254134029591, "kills_t": 0.033942558746736295, "kp": 0.5085526315789474, "deaths_t": 0.034377719756309835, "assists_t": 0.05221932114882506, "csscore_t": 0.8468233246301131, "teamgold_t": 66.48912097476067, "vision_score_t": 0.9454082257984198, "wards_placed_t": 0.06222802436901654, "gold_graph_diffs_t": 14.490861618798956}