{"id": "EUN1_3563299161", "lvl": 2100, "literal level": "EMERALD III", "time": 1969, "solokills_t": 0.010665312341289994, "kills_t": 0.038598273235144746, "kp": 0.45777777777777773, "deaths_t": 0.038598273235144746, "assists_t": 0.04977145759268664, "csscore_t": 0.845606907059421, "teamgold_t": 67.534281361097, "vision_score_t": 1.07762162881623, "wards_placed_t": 0.07313357034027425, "gold_graph_diffs_t": 12.981716607414931}