{"id": "EUN1_3549373860", "lvl": 1900, "literal level": "PLATINUM I", "time": 1743, "solokills_t": 0.011474469305794608, "kills_t": 0.02983362019506598, "kp": 0.3878787878787878, "deaths_t": 0.02983362019506598, "assists_t": 0.027538726333907058, "csscore_t": 0.9300057372346529, "teamgold_t": 65.855421686747, "vision_score_t": 0.8473402190897403, "wards_placed_t": 0.06368330464716007, "gold_graph_diffs_t": 14.299483648881239}