{"id": "EUN1_3564766867", "lvl": 2200, "literal level": "EMERALD II", "time": 1825, "solokills_t": 0.009863013698630137, "kills_t": 0.06027397260273973, "kp": 0.46074279763970843, "deaths_t": 0.060821917808219175, "assists_t": 0.0789041095890411, "csscore_t": 0.7720547945205479, "teamgold_t": 76.22356164383562, "vision_score_t": 0.7959352844543108, "wards_placed_t": 0.055342465753424656, "gold_graph_diffs_t": 16.487671232876714}