{"id": "EUN1_3568436042", "lvl": 2100, "literal level": "EMERALD III", "time": 1716, "solokills_t": 0.007575757575757576, "kills_t": 0.03205128205128205, "kp": 0.4734234234234235, "deaths_t": 0.03205128205128205, "assists_t": 0.04603729603729604, "csscore_t": 0.912004662004662, "teamgold_t": 67.76981351981352, "vision_score_t": 1.0180394837592825, "wards_placed_t": 0.06876456876456877, "gold_graph_diffs_t": 11.974941724941726}