{"id": "EUN1_3573250258", "lvl": 2400, "literal level": "DIAMOND IV", "time": 1946, "solokills_t": 0.008735868448098663, "kills_t": 0.04316546762589928, "kp": 0.4604705882352942, "deaths_t": 0.04316546762589928, "assists_t": 0.0565262076053443, "csscore_t": 0.7980472764645427, "teamgold_t": 69.93216855087358, "vision_score_t": 1.131474523415622, "wards_placed_t": 0.07194244604316546, "gold_graph_diffs_t": 14.680369989722507}