{"id": "EUN1_3564282754", "lvl": 1600, "literal level": "PLATINUM IV", "time": 1434, "solokills_t": 0.006276150627615063, "kills_t": 0.038354253835425386, "kp": 0.465, "deaths_t": 0.038354253835425386, "assists_t": 0.04951185495118549, "csscore_t": 0.8110181311018131, "teamgold_t": 67.28103207810321, "vision_score_t": 0.754683025983819, "wards_placed_t": 0.05509065550906555, "gold_graph_diffs_t": 11.52092050209205}