{"id": "EUN1_3547809393", "lvl": 2400, "literal level": "DIAMOND IV", "time": 1701, "solokills_t": 0.00940623162845385, "kills_t": 0.03821281599059377, "kp": 0.44279176201372994, "deaths_t": 0.03880070546737213, "assists_t": 0.04644326866549089, "csscore_t": 0.7807172251616696, "teamgold_t": 64.78012933568489, "vision_score_t": 1.0195148537500298, "wards_placed_t": 0.07172251616696061, "gold_graph_diffs_t": 14.40623162845385}