{"id": "EUN1_3562558485", "lvl": 2000, "literal level": "EMERALD IV", "time": 1559, "solokills_t": 0.010262989095574085, "kills_t": 0.0391276459268762, "kp": 0.45995670995671, "deaths_t": 0.0391276459268762, "assists_t": 0.05067350865939705, "csscore_t": 0.9134060295060936, "teamgold_t": 69.70173187940988, "vision_score_t": 0.9294058284729101, "wards_placed_t": 0.059012187299550996, "gold_graph_diffs_t": 14.168697883258499}