{"id": "EUN1_3578801464", "lvl": 2000, "literal level": "EMERALD IV", "time": 1418, "solokills_t": 0.012693935119887164, "kills_t": 0.03526093088857546, "kp": 0.3676470588235293, "deaths_t": 0.03526093088857546, "assists_t": 0.03385049365303244, "csscore_t": 0.8575458392101551, "teamgold_t": 64.83568406205924, "vision_score_t": 0.8480699126805362, "wards_placed_t": 0.056417489421720736, "gold_graph_diffs_t": 12.193935119887165}