{"id": "EUN1_3561720853", "lvl": 2200, "literal level": "EMERALD II", "time": 2208, "solokills_t": 0.006793478260869565, "kills_t": 0.0384963768115942, "kp": 0.44607843137254904, "deaths_t": 0.03894927536231884, "assists_t": 0.04710144927536232, "csscore_t": 0.8432971014492754, "teamgold_t": 71.76721014492753, "vision_score_t": 0.7592871438930051, "wards_placed_t": 0.04891304347826087, "gold_graph_diffs_t": 14.233695652173912}