{"id": "EUN1_3573374564", "lvl": 2100, "literal level": "EMERALD III", "time": 1548, "solokills_t": 0.011627906976744186, "kills_t": 0.03682170542635659, "kp": 0.42310606060606054, "deaths_t": 0.03682170542635659, "assists_t": 0.04392764857881137, "csscore_t": 0.8791989664082688, "teamgold_t": 67.2642118863049, "vision_score_t": 0.9190068860498194, "wards_placed_t": 0.060723514211886306, "gold_graph_diffs_t": 13.601421188630491}