{"id": "EUN1_3570086807", "lvl": 1800, "literal level": "PLATINUM II", "time": 2559, "solokills_t": 0.008987885892926924, "kills_t": 0.04337631887456037, "kp": 0.43967532467532466, "deaths_t": 0.04337631887456037, "assists_t": 0.05197342711996874, "csscore_t": 0.8378272762797968, "teamgold_t": 70.16060961313013, "vision_score_t": 1.0894328546776912, "wards_placed_t": 0.07502930832356389, "gold_graph_diffs_t": 10.632669011332553}