{"id": "EUN1_3575564013", "lvl": 2100, "literal level": "EMERALD III", "time": 2386, "solokills_t": 0.008801341156747695, "kills_t": 0.039396479463537304, "kp": 0.4988181818181818, "deaths_t": 0.040234702430846606, "assists_t": 0.0586756077116513, "csscore_t": 0.805951383067896, "teamgold_t": 68.30678960603521, "vision_score_t": 0.9602777086095038, "wards_placed_t": 0.06957250628667226, "gold_graph_diffs_t": 13.844928751047778}