{"id": "EUN1_3576702659", "lvl": 2000, "literal level": "EMERALD IV", "time": 2169, "solokills_t": 0.005071461502996773, "kills_t": 0.039188566159520516, "kp": 0.5964523281596452, "deaths_t": 0.039188566159520516, "assists_t": 0.07745504840940526, "csscore_t": 0.764407561088059, "teamgold_t": 69.49930843706777, "vision_score_t": 1.027296325540977, "wards_placed_t": 0.06224066390041494, "gold_graph_diffs_t": 15.424619640387276}