{"id": "EUN1_3584451328", "lvl": 1700, "literal level": "PLATINUM III", "time": 2264, "solokills_t": 0.0088339222614841, "kills_t": 0.04328621908127209, "kp": 0.47424242424242424, "deaths_t": 0.04328621908127209, "assists_t": 0.05918727915194346, "csscore_t": 0.7623674911660777, "teamgold_t": 69.28312720848056, "vision_score_t": 0.795487150702147, "wards_placed_t": 0.05609540636042403, "gold_graph_diffs_t": 17.572879858657245}