{"id": "EUN1_3572595613", "lvl": 2400, "literal level": "DIAMOND IV", "time": 1450, "solokills_t": 0.011034482758620689, "kills_t": 0.034482758620689655, "kp": 0.4333333333333333, "deaths_t": 0.034482758620689655, "assists_t": 0.038620689655172416, "csscore_t": 0.86, "teamgold_t": 65.2848275862069, "vision_score_t": 0.9534953583210608, "wards_placed_t": 0.06551724137931035, "gold_graph_diffs_t": 16.178620689655173}