{"id": "EUN1_3557256977", "lvl": 2200, "literal level": "EMERALD II", "time": 1385, "solokills_t": 0.007220216606498195, "kills_t": 0.038267148014440436, "kp": 0.5053160919540229, "deaths_t": 0.038267148014440436, "assists_t": 0.05776173285198556, "csscore_t": 0.8779783393501805, "teamgold_t": 70.10974729241877, "vision_score_t": 0.9314327180537054, "wards_placed_t": 0.06570397111913358, "gold_graph_diffs_t": 12.11985559566787}