{"id": "EUN1_3565118247", "lvl": 2100, "literal level": "EMERALD III", "time": 2053, "solokills_t": 0.006819288845591817, "kills_t": 0.03263516804676084, "kp": 0.4957407407407407, "deaths_t": 0.03263516804676084, "assists_t": 0.04870920603994155, "csscore_t": 0.824159766195811, "teamgold_t": 66.42864101315149, "vision_score_t": 0.9133333735096745, "wards_placed_t": 0.06137359961032635, "gold_graph_diffs_t": 12.30004870920604}