{"id": "EUN1_3577800634", "lvl": 2300, "literal level": "EMERALD I", "time": 2206, "solokills_t": 0.016319129646418858, "kills_t": 0.04487760652765186, "kp": 0.42211864406779664, "deaths_t": 0.04487760652765186, "assists_t": 0.05122393472348141, "csscore_t": 0.8032638259292838, "teamgold_t": 68.10516772438804, "vision_score_t": 0.9371550071230313, "wards_placed_t": 0.06074342701722575, "gold_graph_diffs_t": 13.796917497733455}