{"id": "EUN1_3582922628", "lvl": 2200, "literal level": "EMERALD II", "time": 1323, "solokills_t": 0.0045351473922902496, "kills_t": 0.025699168556311415, "kp": 0.5126482213438734, "deaths_t": 0.025699168556311415, "assists_t": 0.037037037037037035, "csscore_t": 0.8949357520786092, "teamgold_t": 60.70597127739985, "vision_score_t": 0.7514364359022336, "wards_placed_t": 0.05442176870748299, "gold_graph_diffs_t": 12.447467876039305}