{"id": "EUN1_3586051647", "lvl": 2100, "literal level": "EMERALD III", "time": 1579, "solokills_t": 0.006333122229259025, "kills_t": 0.02786573780873971, "kp": 0.42735042735042733, "deaths_t": 0.02786573780873971, "assists_t": 0.032932235592146926, "csscore_t": 0.9411019632678911, "teamgold_t": 64.09689677010766, "vision_score_t": 1.002135547655924, "wards_placed_t": 0.07093096896770108, "gold_graph_diffs_t": 11.738442051931603}