{"id": "EUN1_3582836422", "lvl": 2300, "literal level": "EMERALD I", "time": 1612, "solokills_t": 0.008064516129032258, "kills_t": 0.03784119106699752, "kp": 0.4228571428571429, "deaths_t": 0.03784119106699752, "assists_t": 0.042803970223325064, "csscore_t": 0.8995037220843672, "teamgold_t": 67.18858560794045, "vision_score_t": 0.9098721845202438, "wards_placed_t": 0.05893300248138958, "gold_graph_diffs_t": 13.650124069478908}