{"id": "EUN1_3583145111", "lvl": 2200, "literal level": "EMERALD II", "time": 1453, "solokills_t": 0.008947006194081212, "kills_t": 0.035788024776324846, "kp": 0.47777777777777775, "deaths_t": 0.035788024776324846, "assists_t": 0.04542326221610461, "csscore_t": 0.9091534755677908, "teamgold_t": 66.41637990364762, "vision_score_t": 0.8480190267946561, "wards_placed_t": 0.06125258086717137, "gold_graph_diffs_t": 13.158293186510667}