{"id": "EUN1_3568215237", "lvl": 2100, "literal level": "EMERALD III", "time": 1873, "solokills_t": 0.002135611318739989, "kills_t": 0.025093432995194873, "kp": 0.4855555555555555, "deaths_t": 0.025093432995194873, "assists_t": 0.036305392418579815, "csscore_t": 0.9455419113721303, "teamgold_t": 64.77629471436198, "vision_score_t": 1.0075634443733452, "wards_placed_t": 0.06887346502936466, "gold_graph_diffs_t": 12.086492258408969}