{"id": "EUN1_3586517806", "lvl": 2100, "literal level": "EMERALD III", "time": 1496, "solokills_t": 0.009358288770053475, "kills_t": 0.0374331550802139, "kp": 0.4322775263951734, "deaths_t": 0.0374331550802139, "assists_t": 0.04411764705882353, "csscore_t": 0.9251336898395722, "teamgold_t": 68.44117647058823, "vision_score_t": 0.8218501670276013, "wards_placed_t": 0.05481283422459893, "gold_graph_diffs_t": 11.63903743315508}