{"id": "EUN1_3564786467", "lvl": 2200, "literal level": "EMERALD II", "time": 1629, "solokills_t": 0.01289134438305709, "kills_t": 0.03806015960712093, "kp": 0.3456209150326797, "deaths_t": 0.03806015960712093, "assists_t": 0.03314917127071823, "csscore_t": 0.8852056476365868, "teamgold_t": 66.87415592387968, "vision_score_t": 0.8857136676009316, "wards_placed_t": 0.055248618784530384, "gold_graph_diffs_t": 12.623695518723142}