{"id": "EUN1_3581991671", "lvl": 2200, "literal level": "EMERALD II", "time": 1470, "solokills_t": 0.01292517006802721, "kills_t": 0.03945578231292517, "kp": 0.4408333333333333, "deaths_t": 0.04013605442176871, "assists_t": 0.04557823129251701, "csscore_t": 0.8326530612244898, "teamgold_t": 65.0904761904762, "vision_score_t": 0.8117265202766104, "wards_placed_t": 0.05782312925170068, "gold_graph_diffs_t": 10.595238095238095}