{"id": "EUN1_3568114777", "lvl": 2100, "literal level": "EMERALD III", "time": 1684, "solokills_t": 0.010095011876484561, "kills_t": 0.04156769596199525, "kp": 0.4327165685449958, "deaths_t": 0.04156769596199525, "assists_t": 0.04928741092636579, "csscore_t": 0.830166270783848, "teamgold_t": 67.65736342042756, "vision_score_t": 1.0151658610745726, "wards_placed_t": 0.06947743467933491, "gold_graph_diffs_t": 15.729809976247031}