{"id": "EUN1_3585541710", "lvl": 2000, "literal level": "EMERALD IV", "time": 2174, "solokills_t": 0.0068997240110395585, "kills_t": 0.03955841766329347, "kp": 0.4604651162790698, "deaths_t": 0.04001839926402944, "assists_t": 0.051517939282428704, "csscore_t": 0.8178472861085556, "teamgold_t": 67.78794848206071, "vision_score_t": 1.1202128302075347, "wards_placed_t": 0.07865685372585096, "gold_graph_diffs_t": 11.382244710211591}