{"id": "EUN1_3580837486", "lvl": 2200, "literal level": "EMERALD II", "time": 2008, "solokills_t": 0.0049800796812749, "kills_t": 0.037350597609561755, "kp": 0.5195590327169274, "deaths_t": 0.037848605577689244, "assists_t": 0.05976095617529881, "csscore_t": 0.7534860557768924, "teamgold_t": 65.13496015936255, "vision_score_t": 0.8492556620010333, "wards_placed_t": 0.05627490039840637, "gold_graph_diffs_t": 14.016434262948207}