{"id": "EUN1_3582915348", "lvl": 2300, "literal level": "EMERALD I", "time": 1416, "solokills_t": 0.006355932203389831, "kills_t": 0.021892655367231638, "kp": 0.4227272727272727, "deaths_t": 0.021892655367231638, "assists_t": 0.026836158192090395, "csscore_t": 0.9703389830508474, "teamgold_t": 62.353813559322035, "vision_score_t": 0.844005103485082, "wards_placed_t": 0.06426553672316385, "gold_graph_diffs_t": 12.918785310734464}