{"id": "EUN1_3568932745", "lvl": 1800, "literal level": "PLATINUM II", "time": 1534, "solokills_t": 0.018904823989569754, "kills_t": 0.05084745762711865, "kp": 0.3926470588235294, "deaths_t": 0.05084745762711865, "assists_t": 0.04758800521512386, "csscore_t": 0.8383311603650587, "teamgold_t": 73.2457627118644, "vision_score_t": 0.8237518808341353, "wards_placed_t": 0.05215123859191656, "gold_graph_diffs_t": 11.248370273794002}