{"id": "EUN1_3579379420", "lvl": 2200, "literal level": "EMERALD II", "time": 1670, "solokills_t": 0.008383233532934131, "kills_t": 0.03832335329341317, "kp": 0.46031280547409575, "deaths_t": 0.03832335329341317, "assists_t": 0.04970059880239521, "csscore_t": 0.8682634730538922, "teamgold_t": 68.55508982035929, "vision_score_t": 1.1007571318771698, "wards_placed_t": 0.07904191616766468, "gold_graph_diffs_t": 11.841317365269461}