{"id": "EUN1_3586366244", "lvl": 2100, "literal level": "EMERALD III", "time": 1527, "solokills_t": 0.009823182711198428, "kills_t": 0.030124426981008513, "kp": 0.3858064516129032, "deaths_t": 0.030124426981008513, "assists_t": 0.03143418467583497, "csscore_t": 0.9201047806155861, "teamgold_t": 63.48984937786509, "vision_score_t": 0.7682994165205442, "wards_placed_t": 0.05762933857236411, "gold_graph_diffs_t": 13.601178781925343}