{"id": "EUN1_3570265923", "lvl": 2300, "literal level": "EMERALD I", "time": 1635, "solokills_t": 0.007339449541284404, "kills_t": 0.031192660550458717, "kp": 0.5419191919191919, "deaths_t": 0.031192660550458717, "assists_t": 0.05321100917431193, "csscore_t": 0.8721712538226299, "teamgold_t": 64.02385321100917, "vision_score_t": 0.9247709701106906, "wards_placed_t": 0.05749235474006116, "gold_graph_diffs_t": 12.959633027522935}