{"id": "EUN1_3574987648", "lvl": 2100, "literal level": "EMERALD III", "time": 1823, "solokills_t": 0.010970927043335162, "kills_t": 0.041689522764673616, "kp": 0.43000755857898715, "deaths_t": 0.042238069116840374, "assists_t": 0.04662643993417444, "csscore_t": 0.8776741634668129, "teamgold_t": 70.76522216127263, "vision_score_t": 0.8546609094480726, "wards_placed_t": 0.061437191442676904, "gold_graph_diffs_t": 15.24684585847504}