{"id": "EUN1_3577509486", "lvl": 2100, "literal level": "EMERALD III", "time": 1669, "solokills_t": 0.011384062312762133, "kills_t": 0.03714799281006591, "kp": 0.45221621621621616, "deaths_t": 0.03714799281006591, "assists_t": 0.046135410425404436, "csscore_t": 0.8579988016776513, "teamgold_t": 66.94367884961055, "vision_score_t": 0.8314417602945117, "wards_placed_t": 0.05212702216896345, "gold_graph_diffs_t": 13.293588975434393}