{"id": "EUN1_3569464519", "lvl": 2300, "literal level": "EMERALD I", "time": 1497, "solokills_t": 0.011356045424181697, "kills_t": 0.038744154976619906, "kp": 0.45267857142857143, "deaths_t": 0.038744154976619906, "assists_t": 0.04809619238476954, "csscore_t": 0.8797595190380761, "teamgold_t": 66.37207748830996, "vision_score_t": 0.695341074831469, "wards_placed_t": 0.04876419505678023, "gold_graph_diffs_t": 13.595858383433534}