{"id": "EUN1_3566990406", "lvl": 2000, "literal level": "EMERALD IV", "time": 1778, "solokills_t": 0.010123734533183352, "kills_t": 0.04105736782902137, "kp": 0.43449612403100774, "deaths_t": 0.04105736782902137, "assists_t": 0.05061867266591676, "csscore_t": 0.8053993250843644, "teamgold_t": 68.2289088863892, "vision_score_t": 1.0035814955651756, "wards_placed_t": 0.07311586051743532, "gold_graph_diffs_t": 15.106299212598426}