{"id": "EUN1_3573331823", "lvl": 2300, "literal level": "EMERALD I", "time": 1835, "solokills_t": 0.006539509536784741, "kills_t": 0.03596730245231607, "kp": 0.48154761904761906, "deaths_t": 0.03596730245231607, "assists_t": 0.048501362397820165, "csscore_t": 0.9362397820163487, "teamgold_t": 71.87574931880108, "vision_score_t": 1.0126655583238713, "wards_placed_t": 0.06485013623978202, "gold_graph_diffs_t": 15.55640326975477}