{"id": "EUN1_3586636127", "lvl": 2000, "literal level": "EMERALD IV", "time": 1827, "solokills_t": 0.0060207991242474, "kills_t": 0.03557744937055282, "kp": 0.4340909090909091, "deaths_t": 0.03557744937055282, "assists_t": 0.043787629994526546, "csscore_t": 0.8817733990147784, "teamgold_t": 67.08155446086481, "vision_score_t": 0.8626623176752372, "wards_placed_t": 0.054187192118226604, "gold_graph_diffs_t": 13.682539682539682}