{"id": "EUN1_3552735259", "lvl": 2100, "literal level": "EMERALD III", "time": 2800, "solokills_t": 0.005, "kills_t": 0.03642857142857143, "kp": 0.48615087040618954, "deaths_t": 0.03642857142857143, "assists_t": 0.0525, "csscore_t": 0.8378571428571429, "teamgold_t": 67.71535714285714, "vision_score_t": 0.9454877307323534, "wards_placed_t": 0.06535714285714286, "gold_graph_diffs_t": 13.129642857142857}