{"id": "EUN1_3570560319", "lvl": 1800, "literal level": "PLATINUM II", "time": 2322, "solokills_t": 0.008613264427217916, "kills_t": 0.050818260120585705, "kp": 0.4935353535353535, "deaths_t": 0.050818260120585705, "assists_t": 0.07450473729543497, "csscore_t": 0.711024978466839, "teamgold_t": 75.5297157622739, "vision_score_t": 0.9018500153349016, "wards_placed_t": 0.06589147286821706, "gold_graph_diffs_t": 18.344530577088715}