{"id": "EUN1_3578194491", "lvl": 2000, "literal level": "EMERALD IV", "time": 2012, "solokills_t": 0.005964214711729622, "kills_t": 0.033797216699801194, "kp": 0.5128472222222221, "deaths_t": 0.033797216699801194, "assists_t": 0.053180914512922464, "csscore_t": 0.8444333996023857, "teamgold_t": 67.04075546719682, "vision_score_t": 0.9961666443717204, "wards_placed_t": 0.06759443339960239, "gold_graph_diffs_t": 14.773359840954274}