{"id": "EUN1_3577024729", "lvl": 2300, "literal level": "EMERALD I", "time": 2340, "solokills_t": 0.00811965811965812, "kills_t": 0.03076923076923077, "kp": 0.43123543123543123, "deaths_t": 0.03076923076923077, "assists_t": 0.035897435897435895, "csscore_t": 0.8846153846153846, "teamgold_t": 65.19615384615385, "vision_score_t": 1.1264773121836504, "wards_placed_t": 0.07478632478632478, "gold_graph_diffs_t": 11.712393162393163}