{"id": "EUN1_3574242390", "lvl": 2100, "literal level": "EMERALD III", "time": 1362, "solokills_t": 0.008076358296622614, "kills_t": 0.027900146842878122, "kp": 0.3986531986531986, "deaths_t": 0.027900146842878122, "assists_t": 0.030837004405286344, "csscore_t": 0.9434654919236417, "teamgold_t": 65.31644640234948, "vision_score_t": 0.891446113796859, "wards_placed_t": 0.06167400881057269, "gold_graph_diffs_t": 14.34287812041116}