{"id": "EUN1_3575887846", "lvl": 2000, "literal level": "EMERALD IV", "time": 1640, "solokills_t": 0.007317073170731708, "kills_t": 0.029878048780487804, "kp": 0.4563793103448276, "deaths_t": 0.031097560975609756, "assists_t": 0.03902439024390244, "csscore_t": 1.0073170731707317, "teamgold_t": 65.72073170731707, "vision_score_t": 0.8121447839334122, "wards_placed_t": 0.061585365853658536, "gold_graph_diffs_t": 12.00609756097561}