{"id": "EUN1_3557961152", "lvl": 1900, "literal level": "PLATINUM I", "time": 2367, "solokills_t": 0.01436417405999155, "kills_t": 0.04393747359526827, "kp": 0.4150674662668665, "deaths_t": 0.04393747359526827, "assists_t": 0.04773975496408957, "csscore_t": 0.819602872834812, "teamgold_t": 70.34305027460921, "vision_score_t": 0.9865533580470366, "wards_placed_t": 0.07266582171525138, "gold_graph_diffs_t": 16.20025348542459}