{"id": "EUN1_3567856276", "lvl": 2100, "literal level": "EMERALD III", "time": 1791, "solokills_t": 0.006700167504187605, "kills_t": 0.03461753210496929, "kp": 0.4258064516129032, "deaths_t": 0.03461753210496929, "assists_t": 0.03908431044109436, "csscore_t": 0.9787828029034059, "teamgold_t": 69.05080960357343, "vision_score_t": 0.8803902409009282, "wards_placed_t": 0.05806811836962591, "gold_graph_diffs_t": 10.360692350642099}