{"id": "EUN1_3565234441", "lvl": 1700, "literal level": "PLATINUM III", "time": 2167, "solokills_t": 0.01338255652976465, "kills_t": 0.04568527918781726, "kp": 0.43454545454545457, "deaths_t": 0.04568527918781726, "assists_t": 0.05491462851868943, "csscore_t": 0.864328564836179, "teamgold_t": 71.66497461928934, "vision_score_t": 1.1377633316284559, "wards_placed_t": 0.08629441624365482, "gold_graph_diffs_t": 16.339640055376098}