{"id": "EUN1_3583421117", "lvl": 2000, "literal level": "EMERALD IV", "time": 2655, "solokills_t": 0.00903954802259887, "kills_t": 0.04519774011299435, "kp": 0.4589807852965747, "deaths_t": 0.04519774011299435, "assists_t": 0.05875706214689266, "csscore_t": 0.7536723163841808, "teamgold_t": 72.0045197740113, "vision_score_t": 0.8201830831656975, "wards_placed_t": 0.05310734463276836, "gold_graph_diffs_t": 15.796610169491526}