{"id": "EUN1_3568910868", "lvl": 1900, "literal level": "PLATINUM I", "time": 2078, "solokills_t": 0.0038498556304138597, "kills_t": 0.030798845043310877, "kp": 0.5289682539682541, "deaths_t": 0.030798845043310877, "assists_t": 0.04956689124157844, "csscore_t": 0.8108758421559191, "teamgold_t": 62.91337824831569, "vision_score_t": 0.9161016820518325, "wards_placed_t": 0.07025986525505294, "gold_graph_diffs_t": 14.158806544754572}