{"id": "EUN1_3550743734", "lvl": 2200, "literal level": "EMERALD II", "time": 1993, "solokills_t": 0.004515805318615153, "kills_t": 0.025589563472152535, "kp": 0.49802631578947365, "deaths_t": 0.025589563472152535, "assists_t": 0.040642247867536375, "csscore_t": 0.9769192172604114, "teamgold_t": 64.45208228800803, "vision_score_t": 1.2410964164984233, "wards_placed_t": 0.10035122930255895, "gold_graph_diffs_t": 9.89212242849975}