{"id": "EUN1_3586447439", "lvl": 2100, "literal level": "EMERALD III", "time": 1801, "solokills_t": 0.006107717934480844, "kills_t": 0.03331482509716824, "kp": 0.4833333333333333, "deaths_t": 0.03331482509716824, "assists_t": 0.04553026096612993, "csscore_t": 0.8961687951138256, "teamgold_t": 67.31371460299833, "vision_score_t": 0.905783651872255, "wards_placed_t": 0.05108273181565797, "gold_graph_diffs_t": 15.58023320377568}