{"id": "EUN1_3538244313", "lvl": 2100, "literal level": "EMERALD III", "time": 2542, "solokills_t": 0.011801730920535013, "kills_t": 0.034225019669551535, "kp": 0.40395604395604395, "deaths_t": 0.03461841070023604, "assists_t": 0.035798583792289534, "csscore_t": 0.9059795436664044, "teamgold_t": 65.9645948072384, "vision_score_t": 1.0025973335427616, "wards_placed_t": 0.07356412273800157, "gold_graph_diffs_t": 8.727773406766326}