{"id": "EUN1_3565098189", "lvl": 2000, "literal level": "EMERALD IV", "time": 1581, "solokills_t": 0.006325110689437065, "kills_t": 0.03478810879190386, "kp": 0.48303303303303313, "deaths_t": 0.03478810879190386, "assists_t": 0.04554079696394687, "csscore_t": 0.8387096774193549, "teamgold_t": 65.57685009487666, "vision_score_t": 0.698163394999113, "wards_placed_t": 0.04996837444655281, "gold_graph_diffs_t": 12.801391524351676}