{"id": "EUN1_3578807730", "lvl": 2100, "literal level": "EMERALD III", "time": 1657, "solokills_t": 0.010863005431502716, "kills_t": 0.04103802051901026, "kp": 0.40798611111111105, "deaths_t": 0.04103802051901026, "assists_t": 0.04224502112251056, "csscore_t": 0.8219674109837055, "teamgold_t": 68.71031985515992, "vision_score_t": 0.8998118602277992, "wards_placed_t": 0.06216053108026554, "gold_graph_diffs_t": 9.904043452021726}