{"id": "EUN1_3578962241", "lvl": 2100, "literal level": "EMERALD III", "time": 1845, "solokills_t": 0.012466124661246613, "kills_t": 0.03523035230352303, "kp": 0.3786749482401656, "deaths_t": 0.03523035230352303, "assists_t": 0.033062330623306234, "csscore_t": 0.8552845528455284, "teamgold_t": 66.6449864498645, "vision_score_t": 1.0554800693934265, "wards_placed_t": 0.07696476964769648, "gold_graph_diffs_t": 14.49430894308943}