{"id": "EUN1_3538546842", "lvl": 2000, "literal level": "EMERALD IV", "time": 2646, "solokills_t": 0.006802721088435374, "kills_t": 0.0291005291005291, "kp": 0.45868055555555554, "deaths_t": 0.0291005291005291, "assists_t": 0.03892668178382464, "csscore_t": 0.9391534391534392, "teamgold_t": 65.54761904761905, "vision_score_t": 1.018058120180595, "wards_placed_t": 0.0710506424792139, "gold_graph_diffs_t": 14.125094482237339}