{"id": "EUN1_3573606772", "lvl": 2400, "literal level": "DIAMOND IV", "time": 1989, "solokills_t": 0.003519356460532931, "kills_t": 0.03167420814479638, "kp": 0.5485714285714285, "deaths_t": 0.03167420814479638, "assists_t": 0.0563097033685269, "csscore_t": 0.8386123680241327, "teamgold_t": 66.5771744595274, "vision_score_t": 1.0608700922102077, "wards_placed_t": 0.06787330316742081, "gold_graph_diffs_t": 16.358974358974358}