{"id": "EUN1_3580083658", "lvl": 2200, "literal level": "EMERALD II", "time": 2241, "solokills_t": 0.008032128514056224, "kills_t": 0.04060687193217314, "kp": 0.5375490196078431, "deaths_t": 0.04060687193217314, "assists_t": 0.06871932173136992, "csscore_t": 0.8157072735385988, "teamgold_t": 68.8879964301651, "vision_score_t": 0.9612951304829828, "wards_placed_t": 0.06247211066488175, "gold_graph_diffs_t": 12.946006247211066}