{"id": "EUN1_3585098800", "lvl": 1600, "literal level": "PLATINUM IV", "time": 1951, "solokills_t": 0.006150691952844695, "kills_t": 0.03485392106611994, "kp": 0.4914285714285714, "deaths_t": 0.03485392106611994, "assists_t": 0.051255766273705795, "csscore_t": 0.8206048180420298, "teamgold_t": 67.90415171706817, "vision_score_t": 1.0308808522528854, "wards_placed_t": 0.06714505381855458, "gold_graph_diffs_t": 16.19015889287545}