{"id": "EUN1_3579917316", "lvl": 2100, "literal level": "EMERALD III", "time": 1142, "solokills_t": 0.014010507880910683, "kills_t": 0.03590192644483362, "kp": 0.3675287356321839, "deaths_t": 0.03590192644483362, "assists_t": 0.028896672504378284, "csscore_t": 0.9500875656742557, "teamgold_t": 67.76269702276707, "vision_score_t": 0.8160761269203703, "wards_placed_t": 0.04903677758318739, "gold_graph_diffs_t": 14.041155866900175}