{"id": "EUN1_3576902719", "lvl": 2000, "literal level": "EMERALD IV", "time": 1596, "solokills_t": 0.012531328320802004, "kills_t": 0.046992481203007516, "kp": 0.4273314203730273, "deaths_t": 0.046992481203007516, "assists_t": 0.05388471177944862, "csscore_t": 0.7788220551378446, "teamgold_t": 69.44360902255639, "vision_score_t": 0.7998528919078811, "wards_placed_t": 0.05576441102756892, "gold_graph_diffs_t": 11.223057644110275}