{"id": "EUN1_3581082222", "lvl": 2100, "literal level": "EMERALD III", "time": 1090, "solokills_t": 0.007339449541284404, "kills_t": 0.029357798165137616, "kp": 0.4038647342995169, "deaths_t": 0.029357798165137616, "assists_t": 0.03302752293577982, "csscore_t": 0.9715596330275229, "teamgold_t": 65.19816513761468, "vision_score_t": 0.6175265687386623, "wards_placed_t": 0.047706422018348627, "gold_graph_diffs_t": 9.902752293577981}