{"id": "EUN1_3582418053", "lvl": 1900, "literal level": "PLATINUM I", "time": 1786, "solokills_t": 0.006718924972004479, "kills_t": 0.03863381858902576, "kp": 0.483752417794971, "deaths_t": 0.03863381858902576, "assists_t": 0.05431131019036954, "csscore_t": 0.7458006718924972, "teamgold_t": 65.78331466965285, "vision_score_t": 0.9014826216012741, "wards_placed_t": 0.059910414333706606, "gold_graph_diffs_t": 15.206606942889138}