{"id": "EUN1_3563451681", "lvl": 2200, "literal level": "EMERALD II", "time": 2024, "solokills_t": 0.005928853754940711, "kills_t": 0.033102766798418976, "kp": 0.48090090090090093, "deaths_t": 0.033102766798418976, "assists_t": 0.04743083003952569, "csscore_t": 0.8700592885375494, "teamgold_t": 67.3661067193676, "vision_score_t": 0.9614790040768171, "wards_placed_t": 0.06175889328063241, "gold_graph_diffs_t": 13.942193675889328}