{"id": "EUN1_3548519684", "lvl": 2200, "literal level": "EMERALD II", "time": 1939, "solokills_t": 0.008767405879319236, "kills_t": 0.032490974729241874, "kp": 0.45999999999999996, "deaths_t": 0.032490974729241874, "assists_t": 0.043837029396596186, "csscore_t": 0.9561629706034038, "teamgold_t": 70.05673027333677, "vision_score_t": 1.198128397770586, "wards_placed_t": 0.07271789582258896, "gold_graph_diffs_t": 16.67870036101083}