{"id": "EUN1_3575128997", "lvl": 2100, "literal level": "EMERALD III", "time": 1218, "solokills_t": 0.009852216748768473, "kills_t": 0.04433497536945813, "kp": 0.4743421052631579, "deaths_t": 0.04433497536945813, "assists_t": 0.060755336617405585, "csscore_t": 0.8366174055829229, "teamgold_t": 71.20114942528735, "vision_score_t": 0.8100567273366529, "wards_placed_t": 0.06321839080459771, "gold_graph_diffs_t": 17.45566502463054}