{"id": "EUN1_3574568825", "lvl": 2200, "literal level": "EMERALD II", "time": 2368, "solokills_t": 0.010135135135135136, "kills_t": 0.03547297297297297, "kp": 0.41719378953421504, "deaths_t": 0.03589527027027027, "assists_t": 0.03842905405405406, "csscore_t": 0.9683277027027027, "teamgold_t": 69.6389358108108, "vision_score_t": 1.0389621266337044, "wards_placed_t": 0.07516891891891891, "gold_graph_diffs_t": 12.498733108108109}