{"id": "EUN1_3547775002", "lvl": 2200, "literal level": "EMERALD II", "time": 1699, "solokills_t": 0.007651559741024131, "kills_t": 0.034137728075338436, "kp": 0.49411764705882355, "deaths_t": 0.034137728075338436, "assists_t": 0.050029429075927015, "csscore_t": 0.8540317834020011, "teamgold_t": 62.60270747498529, "vision_score_t": 0.934736175263301, "wards_placed_t": 0.06356680400235433, "gold_graph_diffs_t": 10.74043555032372}