{"id": "EUN1_3578576748", "lvl": 2200, "literal level": "EMERALD II", "time": 1722, "solokills_t": 0.010452961672473868, "kills_t": 0.047038327526132406, "kp": 0.4885749385749385, "deaths_t": 0.047038327526132406, "assists_t": 0.06736353077816493, "csscore_t": 0.8397212543554007, "teamgold_t": 73.8507549361208, "vision_score_t": 0.9230976432903188, "wards_placed_t": 0.06910569105691057, "gold_graph_diffs_t": 16.373403019744483}