{"id": "EUN1_3586178830", "lvl": 2100, "literal level": "EMERALD III", "time": 1682, "solokills_t": 0.008323424494649227, "kills_t": 0.03388822829964328, "kp": 0.44857142857142857, "deaths_t": 0.034482758620689655, "assists_t": 0.03745541022592152, "csscore_t": 0.929845422116528, "teamgold_t": 67.53626634958383, "vision_score_t": 0.908613898546917, "wards_placed_t": 0.06361474435196195, "gold_graph_diffs_t": 15.35077288941736}