{"id": "EUN1_3560877741", "lvl": 2300, "literal level": "EMERALD I", "time": 1766, "solokills_t": 0.009060022650056626, "kills_t": 0.035107587768969425, "kp": 0.4384864864864865, "deaths_t": 0.035107587768969425, "assists_t": 0.039637599093997736, "csscore_t": 0.8714609286523216, "teamgold_t": 66.91845979614949, "vision_score_t": 1.018501583844438, "wards_placed_t": 0.07134767836919592, "gold_graph_diffs_t": 9.77123442808607}