{"id": "EUN1_3581157434", "lvl": 2100, "literal level": "EMERALD III", "time": 1834, "solokills_t": 0.008178844056706653, "kills_t": 0.04034896401308615, "kp": 0.48117647058823526, "deaths_t": 0.04089422028353326, "assists_t": 0.05670665212649945, "csscore_t": 0.8309705561613958, "teamgold_t": 67.79607415485277, "vision_score_t": 0.8881192266304339, "wards_placed_t": 0.06597600872410032, "gold_graph_diffs_t": 14.585605234460196}