{"id": "EUN1_3585279129", "lvl": 1900, "literal level": "PLATINUM I", "time": 1729, "solokills_t": 0.00578368999421631, "kills_t": 0.031231925968768073, "kp": 0.43178571428571433, "deaths_t": 0.031231925968768073, "assists_t": 0.03643724696356275, "csscore_t": 0.8646616541353384, "teamgold_t": 62.285135916714864, "vision_score_t": 0.921696292303485, "wards_placed_t": 0.06015037593984962, "gold_graph_diffs_t": 12.45054945054945}