{"id": "EUN1_3577141855", "lvl": 2100, "literal level": "EMERALD III", "time": 936, "solokills_t": 0.016025641025641024, "kills_t": 0.03632478632478633, "kp": 0.32651515151515154, "deaths_t": 0.03632478632478633, "assists_t": 0.023504273504273504, "csscore_t": 0.813034188034188, "teamgold_t": 61.52564102564103, "vision_score_t": 0.8182216544925529, "wards_placed_t": 0.0673076923076923, "gold_graph_diffs_t": 15.600427350427351}