{"id": "EUN1_3544485676", "lvl": 1900, "literal level": "PLATINUM I", "time": 1797, "solokills_t": 0.011129660545353366, "kills_t": 0.0439621591541458, "kp": 0.42065359477124187, "deaths_t": 0.0439621591541458, "assists_t": 0.048414023372287146, "csscore_t": 0.8363939899833055, "teamgold_t": 70.10461880912632, "vision_score_t": 0.7489403430051963, "wards_placed_t": 0.05564830272676683, "gold_graph_diffs_t": 12.15025041736227}