{"id": "EUN1_3584956612", "lvl": 1700, "literal level": "PLATINUM III", "time": 1975, "solokills_t": 0.008607594936708861, "kills_t": 0.029873417721518986, "kp": 0.41255760368663597, "deaths_t": 0.030379746835443037, "assists_t": 0.03189873417721519, "csscore_t": 0.8739240506329113, "teamgold_t": 63.795443037974685, "vision_score_t": 0.9514905115171957, "wards_placed_t": 0.06987341772151899, "gold_graph_diffs_t": 15.721518987341772}