{"id": "EUN1_3569869164", "lvl": 1900, "literal level": "PLATINUM I", "time": 944, "solokills_t": 0.012711864406779662, "kills_t": 0.03072033898305085, "kp": 0.3783333333333334, "deaths_t": 0.03177966101694915, "assists_t": 0.0211864406779661, "csscore_t": 0.8983050847457628, "teamgold_t": 60.360169491525426, "vision_score_t": 0.7355542457922117, "wards_placed_t": 0.05614406779661017, "gold_graph_diffs_t": 12.779661016949152}