{"id": "EUN1_3586023923", "lvl": 2100, "literal level": "EMERALD III", "time": 2045, "solokills_t": 0.006356968215158924, "kills_t": 0.033251833740831294, "kp": 0.5056277056277055, "deaths_t": 0.033251833740831294, "assists_t": 0.05085574572127139, "csscore_t": 0.8679706601466992, "teamgold_t": 68.10317848410757, "vision_score_t": 0.9267399708603292, "wards_placed_t": 0.06405867970660147, "gold_graph_diffs_t": 10.353545232273838}