{"id": "EUN1_3586492317", "lvl": 2000, "literal level": "EMERALD IV", "time": 2229, "solokills_t": 0.012113055181695828, "kills_t": 0.05069537909376402, "kp": 0.4661442006269592, "deaths_t": 0.05069537909376402, "assists_t": 0.06729475100942127, "csscore_t": 0.8079856437864513, "teamgold_t": 73.75414984297892, "vision_score_t": 0.920765436980654, "wards_placed_t": 0.05338716913414087, "gold_graph_diffs_t": 17.075818752803947}