{"id": "EUN1_3585242271", "lvl": 1700, "literal level": "PLATINUM III", "time": 950, "solokills_t": 0.00631578947368421, "kills_t": 0.03894736842105263, "kp": 0.4352380952380952, "deaths_t": 0.04, "assists_t": 0.0431578947368421, "csscore_t": 0.78, "teamgold_t": 63.05684210526316, "vision_score_t": 0.6973255110328213, "wards_placed_t": 0.05578947368421053, "gold_graph_diffs_t": 15.913684210526316}