{"id": "EUN1_3580662918", "lvl": 1700, "literal level": "PLATINUM III", "time": 2236, "solokills_t": 0.011627906976744186, "kills_t": 0.04203935599284436, "kp": 0.41375977910722506, "deaths_t": 0.04203935599284436, "assists_t": 0.04516994633273703, "csscore_t": 0.932468694096601, "teamgold_t": 75.04830053667263, "vision_score_t": 0.7831137509613463, "wards_placed_t": 0.05813953488372093, "gold_graph_diffs_t": 12.344364937388193}