{"id": "EUN1_3557688289", "lvl": 2300, "literal level": "EMERALD I", "time": 1831, "solokills_t": 0.010922992900054615, "kills_t": 0.02785363189513927, "kp": 0.3751012145748988, "deaths_t": 0.02785363189513927, "assists_t": 0.030038230475150193, "csscore_t": 0.8891316220644456, "teamgold_t": 65.0398689240852, "vision_score_t": 1.1644249011458319, "wards_placed_t": 0.0764609503003823, "gold_graph_diffs_t": 14.445658110322228}