{"id": "EUN1_3570844864", "lvl": 2400, "literal level": "DIAMOND IV", "time": 2816, "solokills_t": 0.005326704545454545, "kills_t": 0.03515625, "kp": 0.5355392156862745, "deaths_t": 0.03515625, "assists_t": 0.05894886363636364, "csscore_t": 0.7386363636363636, "teamgold_t": 64.60333806818181, "vision_score_t": 1.042115539681062, "wards_placed_t": 0.06782670454545454, "gold_graph_diffs_t": 13.599786931818182}