{"id": "EUN1_3580496875", "lvl": 2100, "literal level": "EMERALD III", "time": 1831, "solokills_t": 0.006553795740032769, "kills_t": 0.04423812124522119, "kp": 0.4579081632653061, "deaths_t": 0.04423812124522119, "assists_t": 0.056253413435281265, "csscore_t": 0.8732932823593664, "teamgold_t": 71.62971054068815, "vision_score_t": 0.9106473862741084, "wards_placed_t": 0.061714909885308575, "gold_graph_diffs_t": 16.470780993992353}