{"id": "EUN1_3570227519", "lvl": 2200, "literal level": "EMERALD II", "time": 2068, "solokills_t": 0.008704061895551257, "kills_t": 0.03916827852998066, "kp": 0.4333333333333334, "deaths_t": 0.03916827852998066, "assists_t": 0.04690522243713733, "csscore_t": 0.8283365570599613, "teamgold_t": 66.7335589941973, "vision_score_t": 1.0148225325136253, "wards_placed_t": 0.06769825918762089, "gold_graph_diffs_t": 14.240328820116055}