{"id": "EUN1_3569563410", "lvl": 1900, "literal level": "PLATINUM I", "time": 1481, "solokills_t": 0.008102633355840648, "kills_t": 0.03713706954760297, "kp": 0.4638655462184874, "deaths_t": 0.03713706954760297, "assists_t": 0.04929101958136394, "csscore_t": 0.8224172856178258, "teamgold_t": 64.46522619851451, "vision_score_t": 0.8102538286901526, "wards_placed_t": 0.06279540850776502, "gold_graph_diffs_t": 16.239702903443618}