{"id": "EUN1_3561689366", "lvl": 2200, "literal level": "EMERALD II", "time": 1992, "solokills_t": 0.00853413654618474, "kills_t": 0.03263052208835342, "kp": 0.43368725868725877, "deaths_t": 0.03263052208835342, "assists_t": 0.04066265060240964, "csscore_t": 0.8288152610441767, "teamgold_t": 63.44226907630522, "vision_score_t": 1.0134693682445204, "wards_placed_t": 0.0677710843373494, "gold_graph_diffs_t": 15.282630522088354}