{"id": "EUN1_3567455434", "lvl": 1900, "literal level": "PLATINUM I", "time": 2103, "solokills_t": 0.014740846409890632, "kills_t": 0.0461245839277223, "kp": 0.40599489795918364, "deaths_t": 0.0461245839277223, "assists_t": 0.0475511174512601, "csscore_t": 0.8815977175463623, "teamgold_t": 73.66333808844507, "vision_score_t": 1.03704829558637, "wards_placed_t": 0.07845934379457917, "gold_graph_diffs_t": 14.854969091773656}