{"id": "EUN1_3544135978", "lvl": 1900, "literal level": "PLATINUM I", "time": 1502, "solokills_t": 0.007323568575233023, "kills_t": 0.03595206391478029, "kp": 0.4909090909090909, "deaths_t": 0.03595206391478029, "assists_t": 0.0525965379494008, "csscore_t": 0.7909454061251664, "teamgold_t": 67.13848202396804, "vision_score_t": 0.902635604653066, "wards_placed_t": 0.06657789613848203, "gold_graph_diffs_t": 10.846870838881491}