{"id": "EUN1_3580939996", "lvl": 2100, "literal level": "EMERALD III", "time": 1539, "solokills_t": 0.005847953216374269, "kills_t": 0.025341130604288498, "kp": 0.4225, "deaths_t": 0.025341130604288498, "assists_t": 0.02729044834307992, "csscore_t": 0.8680961663417803, "teamgold_t": 63.55620532813515, "vision_score_t": 0.7462104237697641, "wards_placed_t": 0.04808317089018843, "gold_graph_diffs_t": 9.988953866146849}