{"id": "EUN1_3581141991", "lvl": 2200, "literal level": "EMERALD II", "time": 1655, "solokills_t": 0.00906344410876133, "kills_t": 0.045317220543806644, "kp": 0.49423076923076925, "deaths_t": 0.045921450151057405, "assists_t": 0.06706948640483383, "csscore_t": 0.7468277945619335, "teamgold_t": 67.42175226586103, "vision_score_t": 1.0818628238310501, "wards_placed_t": 0.0755287009063444, "gold_graph_diffs_t": 15.275528700906344}