{"id": "EUN1_3564254176", "lvl": 1900, "literal level": "PLATINUM I", "time": 2227, "solokills_t": 0.00898069151324652, "kills_t": 0.038616973506960035, "kp": 0.49277310924369744, "deaths_t": 0.038616973506960035, "assists_t": 0.05657835653345308, "csscore_t": 0.8257745846430176, "teamgold_t": 67.551863493489, "vision_score_t": 0.9135043255606539, "wards_placed_t": 0.05657835653345308, "gold_graph_diffs_t": 15.985630893578806}