{"id": "EUN1_3578857139", "lvl": 2300, "literal level": "EMERALD I", "time": 1663, "solokills_t": 0.010222489476849068, "kills_t": 0.04630186410102225, "kp": 0.4775510204081632, "deaths_t": 0.04690318701142514, "assists_t": 0.06554419723391461, "csscore_t": 0.809380637402285, "teamgold_t": 71.00300661455202, "vision_score_t": 0.8478853638503983, "wards_placed_t": 0.05532170775706555, "gold_graph_diffs_t": 15.619963920625375}