{"id": "EUN1_3586254188", "lvl": 2100, "literal level": "EMERALD III", "time": 1450, "solokills_t": 0.018620689655172412, "kills_t": 0.05586206896551724, "kp": 0.4301658163265306, "deaths_t": 0.05586206896551724, "assists_t": 0.06275862068965517, "csscore_t": 0.7786206896551724, "teamgold_t": 75.03862068965518, "vision_score_t": 0.7598273103728175, "wards_placed_t": 0.057931034482758624, "gold_graph_diffs_t": 14.335172413793103}