{"id": "EUN1_3550454407", "lvl": 2300, "literal level": "EMERALD I", "time": 2159, "solokills_t": 0.009263547938860583, "kills_t": 0.036591014358499305, "kp": 0.4771505376344086, "deaths_t": 0.036591014358499305, "assists_t": 0.05094951366373321, "csscore_t": 0.8837424733672997, "teamgold_t": 68.79527559055119, "vision_score_t": 1.0554996693903498, "wards_placed_t": 0.06623436776285317, "gold_graph_diffs_t": 13.134321445113478}