{"id": "EUN1_3572312585", "lvl": 2200, "literal level": "EMERALD II", "time": 1458, "solokills_t": 0.010973936899862825, "kills_t": 0.045953360768175584, "kp": 0.4312380952380953, "deaths_t": 0.045953360768175584, "assists_t": 0.05075445816186557, "csscore_t": 0.8319615912208504, "teamgold_t": 70.91015089163237, "vision_score_t": 1.172000793414968, "wards_placed_t": 0.07544581618655692, "gold_graph_diffs_t": 13.1159122085048}