{"id": "EUN1_3579772405", "lvl": 1900, "literal level": "PLATINUM I", "time": 1774, "solokills_t": 0.005636978579481398, "kills_t": 0.043968432919954906, "kp": 0.5114973262032085, "deaths_t": 0.043968432919954906, "assists_t": 0.06764374295377677, "csscore_t": 0.8235625704622322, "teamgold_t": 71.20574971815107, "vision_score_t": 0.9606650598393625, "wards_placed_t": 0.060879368658399095, "gold_graph_diffs_t": 13.528184892897407}