{"id": "EUN1_3546978645", "lvl": 2000, "literal level": "EMERALD IV", "time": 1264, "solokills_t": 0.00870253164556962, "kills_t": 0.03322784810126582, "kp": 0.465, "deaths_t": 0.03322784810126582, "assists_t": 0.04272151898734177, "csscore_t": 0.8876582278481012, "teamgold_t": 66.47784810126582, "vision_score_t": 0.8818725785565711, "wards_placed_t": 0.0625, "gold_graph_diffs_t": 13.373417721518987}