{"id": "EUN1_3563267581", "lvl": 1800, "literal level": "PLATINUM II", "time": 2166, "solokills_t": 0.012003693444136657, "kills_t": 0.041089566020313946, "kp": 0.4242424242424243, "deaths_t": 0.041089566020313946, "assists_t": 0.046168051708217916, "csscore_t": 0.7585410895660203, "teamgold_t": 66.82502308402586, "vision_score_t": 0.865618418180472, "wards_placed_t": 0.057248384118190214, "gold_graph_diffs_t": 14.06602031394275}