{"id": "EUN1_3583782019", "lvl": 2100, "literal level": "EMERALD III", "time": 1403, "solokills_t": 0.009978617248752673, "kills_t": 0.040627227369921595, "kp": 0.418235294117647, "deaths_t": 0.040627227369921595, "assists_t": 0.04775481111903065, "csscore_t": 0.8766928011404134, "teamgold_t": 69.52815395580897, "vision_score_t": 0.9262687698152089, "wards_placed_t": 0.0691375623663578, "gold_graph_diffs_t": 15.485388453314327}