{"id": "EUN1_3584231452", "lvl": 2200, "literal level": "EMERALD II", "time": 1861, "solokills_t": 0.006985491671144546, "kills_t": 0.035464803868887694, "kp": 0.505, "deaths_t": 0.035464803868887694, "assists_t": 0.05427189682966147, "csscore_t": 0.8516926383664697, "teamgold_t": 66.68242880171951, "vision_score_t": 0.9081129899521538, "wards_placed_t": 0.05588393336915637, "gold_graph_diffs_t": 13.54862976894143}