{"id": "EUN1_3572334644", "lvl": 2200, "literal level": "EMERALD II", "time": 1623, "solokills_t": 0.009242144177449169, "kills_t": 0.041281577325939615, "kp": 0.44102564102564107, "deaths_t": 0.041281577325939615, "assists_t": 0.051139864448552064, "csscore_t": 0.7972889710412816, "teamgold_t": 68.89587184226741, "vision_score_t": 0.8928270408720678, "wards_placed_t": 0.06284658040665435, "gold_graph_diffs_t": 15.06223043746149}