{"id": "EUN1_3585938191", "lvl": 2100, "literal level": "EMERALD III", "time": 2076, "solokills_t": 0.007707129094412331, "kills_t": 0.036608863198458574, "kp": 0.4814658210007047, "deaths_t": 0.036608863198458574, "assists_t": 0.05202312138728324, "csscore_t": 0.7726396917148363, "teamgold_t": 65.82321772639692, "vision_score_t": 1.0775125783324362, "wards_placed_t": 0.06936416184971098, "gold_graph_diffs_t": 15.695086705202312}