{"id": "EUN1_3586891430", "lvl": 2000, "literal level": "EMERALD IV", "time": 1844, "solokills_t": 0.014642082429501085, "kills_t": 0.05151843817787419, "kp": 0.43016858917480033, "deaths_t": 0.052060737527114966, "assists_t": 0.05911062906724512, "csscore_t": 0.7733188720173536, "teamgold_t": 72.89479392624729, "vision_score_t": 0.9454505283185923, "wards_placed_t": 0.06832971800433839, "gold_graph_diffs_t": 20.7234273318872}