{"id": "EUN1_3564237494", "lvl": 1800, "literal level": "PLATINUM II", "time": 2435, "solokills_t": 0.004928131416837783, "kills_t": 0.03367556468172485, "kp": 0.5127380952380952, "deaths_t": 0.03367556468172485, "assists_t": 0.05297741273100616, "csscore_t": 0.8008213552361396, "teamgold_t": 67.43655030800821, "vision_score_t": 1.046900158095746, "wards_placed_t": 0.08090349075975359, "gold_graph_diffs_t": 14.371252566735112}