{"id": "EUN1_3584502771", "lvl": 1700, "literal level": "PLATINUM III", "time": 1806, "solokills_t": 0.010520487264673311, "kills_t": 0.03322259136212625, "kp": 0.4356051703877791, "deaths_t": 0.03322259136212625, "assists_t": 0.04152823920265781, "csscore_t": 0.810077519379845, "teamgold_t": 63.094130675526024, "vision_score_t": 0.9967853086170744, "wards_placed_t": 0.0592469545957918, "gold_graph_diffs_t": 13.03765227021041}