{"id": "EUN1_3564808805", "lvl": 1900, "literal level": "PLATINUM I", "time": 1712, "solokills_t": 0.007009345794392523, "kills_t": 0.02511682242990654, "kp": 0.44400000000000006, "deaths_t": 0.02511682242990654, "assists_t": 0.03154205607476635, "csscore_t": 0.9339953271028038, "teamgold_t": 63.86623831775701, "vision_score_t": 0.9766514405781782, "wards_placed_t": 0.0689252336448598, "gold_graph_diffs_t": 9.647780373831775}