{"id": "EUN1_3562132061", "lvl": 1700, "literal level": "PLATINUM III", "time": 1845, "solokills_t": 0.00975609756097561, "kills_t": 0.03523035230352303, "kp": 0.4504999999999999, "deaths_t": 0.03523035230352303, "assists_t": 0.04552845528455285, "csscore_t": 0.8834688346883469, "teamgold_t": 66.6970189701897, "vision_score_t": 0.9114121256960368, "wards_placed_t": 0.06341463414634146, "gold_graph_diffs_t": 14.222222222222221}