{"id": "EUN1_3552916750", "lvl": 2300, "literal level": "EMERALD I", "time": 1767, "solokills_t": 0.01245048104131296, "kills_t": 0.03904923599320883, "kp": 0.42126315789473684, "deaths_t": 0.03904923599320883, "assists_t": 0.044142614601018676, "csscore_t": 0.8754951895868704, "teamgold_t": 66.73401245048105, "vision_score_t": 1.042995310311874, "wards_placed_t": 0.0724391624221845, "gold_graph_diffs_t": 15.237691001697792}