{"id": "EUN1_3574157389", "lvl": 2000, "literal level": "EMERALD IV", "time": 2640, "solokills_t": 0.004924242424242424, "kills_t": 0.028409090909090908, "kp": 0.5135581061692971, "deaths_t": 0.028409090909090908, "assists_t": 0.04393939393939394, "csscore_t": 0.8924242424242425, "teamgold_t": 66.83825757575758, "vision_score_t": 1.0496411746618652, "wards_placed_t": 0.0625, "gold_graph_diffs_t": 14.539772727272727}