{"id": "EUN1_3585133874", "lvl": 1800, "literal level": "PLATINUM II", "time": 2440, "solokills_t": 0.012704918032786885, "kills_t": 0.04836065573770492, "kp": 0.4317361727299615, "deaths_t": 0.04836065573770492, "assists_t": 0.055327868852459015, "csscore_t": 0.7495901639344262, "teamgold_t": 72.90163934426229, "vision_score_t": 0.9346084623259909, "wards_placed_t": 0.06434426229508197, "gold_graph_diffs_t": 12.71311475409836}