{"id": "EUN1_3584254140", "lvl": 2200, "literal level": "EMERALD II", "time": 1656, "solokills_t": 0.007246376811594203, "kills_t": 0.03864734299516908, "kp": 0.4508333333333333, "deaths_t": 0.03864734299516908, "assists_t": 0.04891304347826087, "csscore_t": 0.8351449275362319, "teamgold_t": 69.67451690821257, "vision_score_t": 0.7540426712852197, "wards_placed_t": 0.05495169082125604, "gold_graph_diffs_t": 15.771135265700483}