{"id": "EUN1_3587250029", "lvl": 1700, "literal level": "PLATINUM III", "time": 2298, "solokills_t": 0.010443864229765013, "kills_t": 0.04264577893820714, "kp": 0.45714285714285713, "deaths_t": 0.04264577893820714, "assists_t": 0.05352480417754569, "csscore_t": 0.768059181897302, "teamgold_t": 68.26457789382071, "vision_score_t": 0.7709452230451792, "wards_placed_t": 0.05483028720626632, "gold_graph_diffs_t": 15.595300261096606}