{"id": "EUN1_3571413252", "lvl": 2100, "literal level": "EMERALD III", "time": 2148, "solokills_t": 0.0148975791433892, "kills_t": 0.04748603351955307, "kp": 0.47071428571428575, "deaths_t": 0.04748603351955307, "assists_t": 0.06843575418994413, "csscore_t": 0.8640595903165735, "teamgold_t": 71.78957169459963, "vision_score_t": 0.954777100390376, "wards_placed_t": 0.0633147113594041, "gold_graph_diffs_t": 14.534450651769088}