{"id": "EUN1_3587251430", "lvl": 1600, "literal level": "PLATINUM IV", "time": 1649, "solokills_t": 0.01212856276531231, "kills_t": 0.04063068526379624, "kp": 0.3745945945945946, "deaths_t": 0.04063068526379624, "assists_t": 0.035779260157671314, "csscore_t": 0.8987265009096422, "teamgold_t": 69.56458459672528, "vision_score_t": 0.8507136548713344, "wards_placed_t": 0.049120679199514856, "gold_graph_diffs_t": 16.910855063674955}