{"id": "EUN1_3586907249", "lvl": 2200, "literal level": "EMERALD II", "time": 2000, "solokills_t": 0.01, "kills_t": 0.0425, "kp": 0.48006644518272423, "deaths_t": 0.0425, "assists_t": 0.0595, "csscore_t": 0.828, "teamgold_t": 73.1955, "vision_score_t": 0.9773437545062533, "wards_placed_t": 0.064, "gold_graph_diffs_t": 16.2615}