{"id": "EUN1_3550013888", "lvl": 2100, "literal level": "EMERALD III", "time": 2321, "solokills_t": 0.008186126669538992, "kills_t": 0.03360620422231796, "kp": 0.4577540106951871, "deaths_t": 0.03360620422231796, "assists_t": 0.04265402843601896, "csscore_t": 0.940973718224903, "teamgold_t": 68.84618698836708, "vision_score_t": 1.0545825290068582, "wards_placed_t": 0.07152089616544594, "gold_graph_diffs_t": 13.166738474795347}