{"id": "EUN1_3585270761", "lvl": 2100, "literal level": "EMERALD III", "time": 1919, "solokills_t": 0.014069828035435123, "kills_t": 0.041688379364252216, "kp": 0.37407407407407406, "deaths_t": 0.041688379364252216, "assists_t": 0.03804064616988015, "csscore_t": 0.8796248045857217, "teamgold_t": 68.90932777488275, "vision_score_t": 0.9162718932869192, "wards_placed_t": 0.06670140698280354, "gold_graph_diffs_t": 13.782699322563836}