{"id": "EUN1_3548359493", "lvl": 2000, "literal level": "EMERALD IV", "time": 1979, "solokills_t": 0.009095502779181405, "kills_t": 0.03840323395654371, "kp": 0.4227177700348432, "deaths_t": 0.03840323395654371, "assists_t": 0.04345629105608893, "csscore_t": 0.9019706922688226, "teamgold_t": 69.70237493683679, "vision_score_t": 0.7215216998151976, "wards_placed_t": 0.05255179383527034, "gold_graph_diffs_t": 16.30065689742294}