{"id": "EUN1_3578300124", "lvl": 2100, "literal level": "EMERALD III", "time": 1839, "solokills_t": 0.0070690592713431215, "kills_t": 0.03915171288743882, "kp": 0.5003246753246753, "deaths_t": 0.03915171288743882, "assists_t": 0.05600870038064165, "csscore_t": 0.9342033713974986, "teamgold_t": 71.76726481783578, "vision_score_t": 1.1908037376803358, "wards_placed_t": 0.07558455682436106, "gold_graph_diffs_t": 16.603588907014682}