{"id": "EUN1_3586405248", "lvl": 2000, "literal level": "EMERALD IV", "time": 1903, "solokills_t": 0.004203888596952181, "kills_t": 0.027850761954808196, "kp": 0.4920977011494253, "deaths_t": 0.027850761954808196, "assists_t": 0.04046242774566474, "csscore_t": 0.8360483447188649, "teamgold_t": 63.90961639516553, "vision_score_t": 1.1753024934907117, "wards_placed_t": 0.0767209668943773, "gold_graph_diffs_t": 12.873357856016815}