{"id": "EUN1_3543705559", "lvl": 1900, "literal level": "PLATINUM I", "time": 2341, "solokills_t": 0.011533532678342588, "kills_t": 0.038017941050832976, "kp": 0.4152947154471544, "deaths_t": 0.038017941050832976, "assists_t": 0.04100811618966254, "csscore_t": 0.8611704399829133, "teamgold_t": 67.98504912430585, "vision_score_t": 0.9079319551323645, "wards_placed_t": 0.05766766339171294, "gold_graph_diffs_t": 12.187526697992311}