{"id": "EUN1_3582471402", "lvl": 2000, "literal level": "EMERALD IV", "time": 1547, "solokills_t": 0.009696186166774402, "kills_t": 0.025856496444731737, "kp": 0.4125, "deaths_t": 0.025856496444731737, "assists_t": 0.026502908855850032, "csscore_t": 0.885585003232062, "teamgold_t": 64.16548157724628, "vision_score_t": 0.7339837661689746, "wards_placed_t": 0.055591467356173235, "gold_graph_diffs_t": 12.248222365869424}