{"id": "EUN1_3585236842", "lvl": 2200, "literal level": "EMERALD II", "time": 1698, "solokills_t": 0.0076560659599528855, "kills_t": 0.032391048292108364, "kp": 0.45835543766578246, "deaths_t": 0.032391048292108364, "assists_t": 0.04181389870435807, "csscore_t": 0.928150765606596, "teamgold_t": 64.2155477031802, "vision_score_t": 1.0175928221056938, "wards_placed_t": 0.05830388692579505, "gold_graph_diffs_t": 9.90341578327444}