{"id": "EUN1_3581475592", "lvl": 2100, "literal level": "EMERALD III", "time": 1707, "solokills_t": 0.005272407732864675, "kills_t": 0.022261277094317515, "kp": 0.47942028985507246, "deaths_t": 0.022261277094317515, "assists_t": 0.03046280023432923, "csscore_t": 0.9279437609841827, "teamgold_t": 61.27709431751611, "vision_score_t": 0.9317158554393545, "wards_placed_t": 0.06678383128295255, "gold_graph_diffs_t": 11.994141769185706}