{"id": "EUN1_3549512358", "lvl": 2300, "literal level": "EMERALD I", "time": 1908, "solokills_t": 0.007861635220125786, "kills_t": 0.03773584905660377, "kp": 0.46153191489361706, "deaths_t": 0.03773584905660377, "assists_t": 0.04874213836477988, "csscore_t": 0.8752620545073375, "teamgold_t": 71.05241090146751, "vision_score_t": 1.0603660250112572, "wards_placed_t": 0.0639412997903564, "gold_graph_diffs_t": 15.970649895178196}