{"id": "EUN1_3548715788", "lvl": 2000, "literal level": "EMERALD IV", "time": 1980, "solokills_t": 0.0035353535353535356, "kills_t": 0.03383838383838384, "kp": 0.6166666666666666, "deaths_t": 0.03383838383838384, "assists_t": 0.0707070707070707, "csscore_t": 0.8378787878787879, "teamgold_t": 68.72121212121212, "vision_score_t": 1.0485297976747323, "wards_placed_t": 0.06212121212121212, "gold_graph_diffs_t": 14.190909090909091}