{"id": "EUN1_3544178361", "lvl": 2000, "literal level": "EMERALD IV", "time": 2169, "solokills_t": 0.011065006915629323, "kills_t": 0.04149377593360996, "kp": 0.4284221005475361, "deaths_t": 0.04149377593360996, "assists_t": 0.04656523743660673, "csscore_t": 0.867680958967266, "teamgold_t": 69.84739511295528, "vision_score_t": 1.055069627492692, "wards_placed_t": 0.07976025818349469, "gold_graph_diffs_t": 16.496542185338864}