{"id": "EUN1_3586085019", "lvl": 2100, "literal level": "EMERALD III", "time": 2189, "solokills_t": 0.009136592051164915, "kills_t": 0.03243490178163545, "kp": 0.4722764227642277, "deaths_t": 0.03243490178163545, "assists_t": 0.046139789858382824, "csscore_t": 0.9246231155778895, "teamgold_t": 67.5536774783006, "vision_score_t": 0.9983582314751483, "wards_placed_t": 0.06212882594792143, "gold_graph_diffs_t": 14.219735038830516}