{"id": "EUN1_3582502169", "lvl": 2200, "literal level": "EMERALD II", "time": 1933, "solokills_t": 0.011381272633212623, "kills_t": 0.0429384376616658, "kp": 0.4547872340425532, "deaths_t": 0.0429384376616658, "assists_t": 0.05483704086911537, "csscore_t": 0.8753233316088981, "teamgold_t": 72.08587687532334, "vision_score_t": 1.0852489340026097, "wards_placed_t": 0.08122090015519917, "gold_graph_diffs_t": 12.48629073978272}