{"id": "EUN1_3585010671", "lvl": 1600, "literal level": "PLATINUM IV", "time": 1595, "solokills_t": 0.00877742946708464, "kills_t": 0.038871473354231974, "kp": 0.4506818181818182, "deaths_t": 0.038871473354231974, "assists_t": 0.049529780564263326, "csscore_t": 0.754858934169279, "teamgold_t": 64.87586206896552, "vision_score_t": 0.7199665476196443, "wards_placed_t": 0.04827586206896552, "gold_graph_diffs_t": 11.758620689655173}