{"id": "EUN1_3538651617", "lvl": 2000, "literal level": "EMERALD IV", "time": 1599, "solokills_t": 0.013758599124452783, "kills_t": 0.04690431519699812, "kp": 0.3891025641025641, "deaths_t": 0.04690431519699812, "assists_t": 0.04440275171982489, "csscore_t": 0.7867417135709819, "teamgold_t": 71.54409005628519, "vision_score_t": 0.6619830670376083, "wards_placed_t": 0.05065666041275797, "gold_graph_diffs_t": 15.235146966854284}