{"id": "EUN1_3570690043", "lvl": 2300, "literal level": "EMERALD I", "time": 2274, "solokills_t": 0.008795074758135445, "kills_t": 0.0395778364116095, "kp": 0.47722473604826554, "deaths_t": 0.0395778364116095, "assists_t": 0.05364995602462621, "csscore_t": 0.8016710642040458, "teamgold_t": 67.13060686015831, "vision_score_t": 0.9761016085238268, "wards_placed_t": 0.07080035180299032, "gold_graph_diffs_t": 13.860598065083554}