{"id": "EUN1_3562950002", "lvl": 2000, "literal level": "EMERALD IV", "time": 1980, "solokills_t": 0.009595959595959595, "kills_t": 0.03737373737373737, "kp": 0.4248397435897435, "deaths_t": 0.03737373737373737, "assists_t": 0.04040404040404041, "csscore_t": 0.9035353535353535, "teamgold_t": 69.3439393939394, "vision_score_t": 0.972636262557941, "wards_placed_t": 0.06717171717171717, "gold_graph_diffs_t": 15.857070707070706}