{"id": "EUN1_3581703119", "lvl": 2000, "literal level": "EMERALD IV", "time": 1601, "solokills_t": 0.005621486570893191, "kills_t": 0.02560899437851343, "kp": 0.45502392344497605, "deaths_t": 0.02560899437851343, "assists_t": 0.03247970018738289, "csscore_t": 0.9212991880074953, "teamgold_t": 62.77264209868832, "vision_score_t": 1.0581996141085703, "wards_placed_t": 0.06683322923173017, "gold_graph_diffs_t": 12.09681449094316}