{"id": "EUN1_3566009895", "lvl": 2000, "literal level": "EMERALD IV", "time": 2126, "solokills_t": 0.00658513640639699, "kills_t": 0.03527751646284102, "kp": 0.47155049786628733, "deaths_t": 0.03527751646284102, "assists_t": 0.04797742238946378, "csscore_t": 0.8095014111006585, "teamgold_t": 65.49059266227657, "vision_score_t": 0.8213613930313851, "wards_placed_t": 0.05973659454374412, "gold_graph_diffs_t": 11.171683913452492}