{"id": "EUN1_3572512447", "lvl": 2100, "literal level": "EMERALD III", "time": 1651, "solokills_t": 0.008479709267110842, "kills_t": 0.04784978800726832, "kp": 0.48957528957528956, "deaths_t": 0.04784978800726832, "assists_t": 0.06965475469412477, "csscore_t": 0.7419745608721987, "teamgold_t": 70.02604482132041, "vision_score_t": 1.0593557574559487, "wards_placed_t": 0.06965475469412477, "gold_graph_diffs_t": 11.569351907934585}