{"id": "EUN1_3551590145", "lvl": 2200, "literal level": "EMERALD II", "time": 1354, "solokills_t": 0.014032496307237814, "kills_t": 0.04874446085672083, "kp": 0.4184523809523809, "deaths_t": 0.04874446085672083, "assists_t": 0.05391432791728213, "csscore_t": 0.8870014771048744, "teamgold_t": 73.96307237813885, "vision_score_t": 0.7547702651336988, "wards_placed_t": 0.051698670605613, "gold_graph_diffs_t": 15.661742983751846}