{"id": "EUN1_3567273440", "lvl": 2000, "literal level": "EMERALD IV", "time": 1985, "solokills_t": 0.00906801007556675, "kills_t": 0.035768261964735516, "kp": 0.4288617886178862, "deaths_t": 0.035768261964735516, "assists_t": 0.040806045340050376, "csscore_t": 0.8659949622166246, "teamgold_t": 67.80302267002519, "vision_score_t": 0.8733808574379645, "wards_placed_t": 0.05692695214105793, "gold_graph_diffs_t": 14.074055415617128}