{"id": "EUN1_3571392544", "lvl": 2200, "literal level": "EMERALD II", "time": 1879, "solokills_t": 0.007450771687067589, "kills_t": 0.03991484832357637, "kp": 0.4729651162790697, "deaths_t": 0.03991484832357637, "assists_t": 0.05588078765300692, "csscore_t": 0.8366152208621607, "teamgold_t": 66.80521554018095, "vision_score_t": 0.7664543998084432, "wards_placed_t": 0.05055880787653007, "gold_graph_diffs_t": 11.436402341671101}