{"id": "EUN1_3576708920", "lvl": 1900, "literal level": "PLATINUM I", "time": 1569, "solokills_t": 0.017208413001912046, "kills_t": 0.04079031230082855, "kp": 0.3976608187134503, "deaths_t": 0.041427660930529, "assists_t": 0.0331421287444232, "csscore_t": 0.8164435946462715, "teamgold_t": 66.51115360101976, "vision_score_t": 0.8093448616241444, "wards_placed_t": 0.05672402804333971, "gold_graph_diffs_t": 17.019757807520715}