{"id": "EUN1_3586263038", "lvl": 2000, "literal level": "EMERALD IV", "time": 1598, "solokills_t": 0.009386733416770964, "kills_t": 0.036921151439299124, "kp": 0.4023076923076923, "deaths_t": 0.036921151439299124, "assists_t": 0.03629536921151439, "csscore_t": 0.8110137672090113, "teamgold_t": 64.93554443053817, "vision_score_t": 0.9660156018032205, "wards_placed_t": 0.0607008760951189, "gold_graph_diffs_t": 14.875469336670838}