{"id": "EUN1_3562892939", "lvl": 2300, "literal level": "EMERALD I", "time": 1610, "solokills_t": 0.008074534161490683, "kills_t": 0.04720496894409938, "kp": 0.46927536231884065, "deaths_t": 0.04720496894409938, "assists_t": 0.06335403726708075, "csscore_t": 0.8204968944099379, "teamgold_t": 68.7335403726708, "vision_score_t": 0.9430125857087542, "wards_placed_t": 0.06397515527950311, "gold_graph_diffs_t": 10.039130434782608}