{"id": "EUN1_3548299401", "lvl": 2100, "literal level": "EMERALD III", "time": 2439, "solokills_t": 0.00943009430094301, "kills_t": 0.04100041000410004, "kp": 0.472, "deaths_t": 0.04100041000410004, "assists_t": 0.05576055760557606, "csscore_t": 0.8774087740877409, "teamgold_t": 71.8749487494875, "vision_score_t": 0.9578143590647274, "wards_placed_t": 0.06519065190651907, "gold_graph_diffs_t": 15.374743747437474}