{"id": "EUN1_3583726275", "lvl": 2200, "literal level": "EMERALD II", "time": 2100, "solokills_t": 0.010952380952380953, "kills_t": 0.04238095238095238, "kp": 0.47957317073170735, "deaths_t": 0.04238095238095238, "assists_t": 0.06, "csscore_t": 0.819047619047619, "teamgold_t": 69.3452380952381, "vision_score_t": 1.0055547369441964, "wards_placed_t": 0.06476190476190476, "gold_graph_diffs_t": 15.104285714285714}