{"id": "EUN1_3582164311", "lvl": 2100, "literal level": "EMERALD III", "time": 1974, "solokills_t": 0.01165146909827761, "kills_t": 0.04356636271529889, "kp": 0.4504091653027823, "deaths_t": 0.04356636271529889, "assists_t": 0.05369807497467072, "csscore_t": 0.8181357649442755, "teamgold_t": 69.18895643363729, "vision_score_t": 0.9972334599792749, "wards_placed_t": 0.07041540020263425, "gold_graph_diffs_t": 12.649949341438703}