{"id": "EUN1_3563798575", "lvl": 2100, "literal level": "EMERALD III", "time": 2544, "solokills_t": 0.007861635220125786, "kills_t": 0.05227987421383648, "kp": 0.5004385964912281, "deaths_t": 0.05267295597484277, "assists_t": 0.07940251572327044, "csscore_t": 0.6988993710691824, "teamgold_t": 72.80542452830188, "vision_score_t": 1.0009892291163383, "wards_placed_t": 0.07783018867924528, "gold_graph_diffs_t": 14.996462264150944}