{"id": "EUN1_3544100097", "lvl": 1800, "literal level": "PLATINUM II", "time": 1718, "solokills_t": 0.011059371362048894, "kills_t": 0.04947613504074505, "kp": 0.43921568627450974, "deaths_t": 0.04947613504074505, "assists_t": 0.05820721769499418, "csscore_t": 0.7735739231664727, "teamgold_t": 74.95983701979046, "vision_score_t": 0.7733435151369503, "wards_placed_t": 0.05471478463329453, "gold_graph_diffs_t": 16.286961583236323}