{"id": "EUN1_3578832462", "lvl": 2200, "literal level": "EMERALD II", "time": 1780, "solokills_t": 0.0044943820224719105, "kills_t": 0.0348314606741573, "kp": 0.503125, "deaths_t": 0.0348314606741573, "assists_t": 0.052808988764044947, "csscore_t": 0.852808988764045, "teamgold_t": 64.8994382022472, "vision_score_t": 1.0285087152795103, "wards_placed_t": 0.07247191011235955, "gold_graph_diffs_t": 13.035393258426966}