{"id": "EUN1_3567318043", "lvl": 2100, "literal level": "EMERALD III", "time": 1531, "solokills_t": 0.011757021554539516, "kills_t": 0.046374918354016983, "kp": 0.454758064516129, "deaths_t": 0.046374918354016983, "assists_t": 0.05878510777269758, "csscore_t": 0.7785760940561725, "teamgold_t": 70.88438928804703, "vision_score_t": 0.8975579166541834, "wards_placed_t": 0.06270411495754409, "gold_graph_diffs_t": 16.003919007184848}