{"id": "EUN1_3576195904", "lvl": 2000, "literal level": "EMERALD IV", "time": 2679, "solokills_t": 0.0059723777528928705, "kills_t": 0.03546099290780142, "kp": 0.5300559179869524, "deaths_t": 0.03546099290780142, "assists_t": 0.055991041433370664, "csscore_t": 0.8297872340425532, "teamgold_t": 66.82829413960432, "vision_score_t": 1.1238378422543804, "wards_placed_t": 0.07764091078760732, "gold_graph_diffs_t": 15.768943635684957}