{"id": "EUN1_3550827511", "lvl": 2200, "literal level": "EMERALD II", "time": 1404, "solokills_t": 0.009971509971509971, "kills_t": 0.037037037037037035, "kp": 0.4212121212121212, "deaths_t": 0.037037037037037035, "assists_t": 0.04202279202279202, "csscore_t": 0.9843304843304843, "teamgold_t": 69.11894586894587, "vision_score_t": 0.9006993982924729, "wards_placed_t": 0.06552706552706553, "gold_graph_diffs_t": 16.3511396011396}