{"id": "EUN1_3582882912", "lvl": 2200, "literal level": "EMERALD II", "time": 1981, "solokills_t": 0.014134275618374558, "kills_t": 0.034326097930338216, "kp": 0.4047368421052632, "deaths_t": 0.034326097930338216, "assists_t": 0.03281171125694094, "csscore_t": 0.9439676930843008, "teamgold_t": 67.52801615345786, "vision_score_t": 0.9758538672871863, "wards_placed_t": 0.07117617364967188, "gold_graph_diffs_t": 10.854618879353861}