{"id": "EUN1_3567735945", "lvl": 2200, "literal level": "EMERALD II", "time": 2440, "solokills_t": 0.009836065573770493, "kills_t": 0.03401639344262295, "kp": 0.4657262905162064, "deaths_t": 0.03401639344262295, "assists_t": 0.046311475409836066, "csscore_t": 0.8045081967213115, "teamgold_t": 66.62745901639344, "vision_score_t": 1.282314966096399, "wards_placed_t": 0.0778688524590164, "gold_graph_diffs_t": 12.88155737704918}