{"id": "EUN1_3583781765", "lvl": 2100, "literal level": "EMERALD III", "time": 2159, "solokills_t": 0.006947660954145438, "kills_t": 0.02825382121352478, "kp": 0.47356979405034333, "deaths_t": 0.02825382121352478, "assists_t": 0.04029643353404354, "csscore_t": 0.9143121815655396, "teamgold_t": 63.48587308939324, "vision_score_t": 1.1080506356760083, "wards_placed_t": 0.0745715609078277, "gold_graph_diffs_t": 9.603520148216766}