{"id": "EUN1_3581998549", "lvl": 2200, "literal level": "EMERALD II", "time": 2269, "solokills_t": 0.010577346848832084, "kills_t": 0.040546496253856326, "kp": 0.46580583452893354, "deaths_t": 0.040546496253856326, "assists_t": 0.05200528867342442, "csscore_t": 0.9074482150727192, "teamgold_t": 72.56280299691494, "vision_score_t": 1.0388056804769312, "wards_placed_t": 0.07139709122961657, "gold_graph_diffs_t": 14.23843102688409}