{"id": "EUN1_3575450911", "lvl": 2200, "literal level": "EMERALD II", "time": 1351, "solokills_t": 0.008882309400444115, "kills_t": 0.037009622501850484, "kp": 0.4588235294117647, "deaths_t": 0.037009622501850484, "assists_t": 0.04441154700222058, "csscore_t": 0.8889711324944486, "teamgold_t": 67.97779422649889, "vision_score_t": 0.7244191233735467, "wards_placed_t": 0.056254626202812734, "gold_graph_diffs_t": 14.592153960029608}