{"id": "EUN1_3567244368", "lvl": 2100, "literal level": "EMERALD III", "time": 1686, "solokills_t": 0.012455516014234875, "kills_t": 0.036180308422301306, "kp": 0.4652222222222222, "deaths_t": 0.036180308422301306, "assists_t": 0.045670225385527875, "csscore_t": 0.8944246737841044, "teamgold_t": 68.2508896797153, "vision_score_t": 1.0110851587596392, "wards_placed_t": 0.066429418742586, "gold_graph_diffs_t": 12.412218268090154}