{"id": "EUN1_3580222350", "lvl": 1900, "literal level": "PLATINUM I", "time": 2202, "solokills_t": 0.005449591280653951, "kills_t": 0.045413260672116255, "kp": 0.534, "deaths_t": 0.04586739327883742, "assists_t": 0.07584014532243415, "csscore_t": 0.8505903723887375, "teamgold_t": 72.67938237965485, "vision_score_t": 1.0255799445620626, "wards_placed_t": 0.07266121707538602, "gold_graph_diffs_t": 15.612170753860127}