{"id": "EUN1_3563933811", "lvl": 1900, "literal level": "PLATINUM I", "time": 1497, "solokills_t": 0.014028056112224449, "kills_t": 0.035404141616566465, "kp": 0.3856037151702786, "deaths_t": 0.035404141616566465, "assists_t": 0.03740814963259853, "csscore_t": 0.7368069472277889, "teamgold_t": 62.72211088844355, "vision_score_t": 0.8203671386811158, "wards_placed_t": 0.058784235136940546, "gold_graph_diffs_t": 14.139612558450233}