{"id": "EUN1_3570066760", "lvl": 1900, "literal level": "PLATINUM I", "time": 1908, "solokills_t": 0.005765199161425576, "kills_t": 0.037211740041928724, "kp": 0.5072222222222222, "deaths_t": 0.03773584905660377, "assists_t": 0.05712788259958071, "csscore_t": 0.8679245283018868, "teamgold_t": 67.44182389937107, "vision_score_t": 0.9045031036340763, "wards_placed_t": 0.06708595387840671, "gold_graph_diffs_t": 14.421907756813416}