{"id": "EUN1_3586941836", "lvl": 2100, "literal level": "EMERALD III", "time": 2078, "solokills_t": 0.006737247353224254, "kills_t": 0.03849855630413859, "kp": 0.5121553884711779, "deaths_t": 0.03849855630413859, "assists_t": 0.060153994225216556, "csscore_t": 0.8026948989412896, "teamgold_t": 66.42829643888354, "vision_score_t": 0.9656933539454824, "wards_placed_t": 0.0697786333012512, "gold_graph_diffs_t": 14.831568816169394}