{"id": "EUN1_3579405138", "lvl": 2200, "literal level": "EMERALD II", "time": 2306, "solokills_t": 0.017346053772766695, "kills_t": 0.049436253252385085, "kp": 0.40345368916797486, "deaths_t": 0.049436253252385085, "assists_t": 0.04856895056374675, "csscore_t": 0.9163052905464006, "teamgold_t": 73.58542931483088, "vision_score_t": 0.9804829842868263, "wards_placed_t": 0.07025151777970512, "gold_graph_diffs_t": 13.563746747614918}