{"id": "EUN1_3569929751", "lvl": 2000, "literal level": "EMERALD IV", "time": 1867, "solokills_t": 0.010176754151044456, "kills_t": 0.049276914836636314, "kp": 0.4818577648766328, "deaths_t": 0.049276914836636314, "assists_t": 0.06963042313872522, "csscore_t": 0.824317086234601, "teamgold_t": 73.7830744509909, "vision_score_t": 0.7361158891620996, "wards_placed_t": 0.05088377075522228, "gold_graph_diffs_t": 16.205141938939477}