{"id": "EUN1_3563423206", "lvl": 2000, "literal level": "EMERALD IV", "time": 2100, "solokills_t": 0.004761904761904762, "kills_t": 0.02619047619047619, "kp": 0.5536036036036036, "deaths_t": 0.02619047619047619, "assists_t": 0.045714285714285714, "csscore_t": 0.9338095238095238, "teamgold_t": 64.85619047619048, "vision_score_t": 0.9981549409708321, "wards_placed_t": 0.0680952380952381, "gold_graph_diffs_t": 14.732380952380952}