{"id": "EUN1_3566383912", "lvl": 2000, "literal level": "EMERALD IV", "time": 1671, "solokills_t": 0.011370436864153202, "kills_t": 0.0466786355475763, "kp": 0.43235880398671095, "deaths_t": 0.0466786355475763, "assists_t": 0.054458408138839016, "csscore_t": 0.8420107719928187, "teamgold_t": 73.07301017354877, "vision_score_t": 0.7066850230892611, "wards_placed_t": 0.049072411729503294, "gold_graph_diffs_t": 14.370436864153202}