{"id": "EUN1_3568482109", "lvl": 2200, "literal level": "EMERALD II", "time": 1887, "solokills_t": 0.010068892421833599, "kills_t": 0.04080551139374669, "kp": 0.47462380300957596, "deaths_t": 0.04080551139374669, "assists_t": 0.054583995760466346, "csscore_t": 0.8669846316905141, "teamgold_t": 68.80975092739799, "vision_score_t": 0.9873528516564809, "wards_placed_t": 0.06518282988871224, "gold_graph_diffs_t": 13.907790143084261}