{"id": "EUN1_3553367884", "lvl": 2300, "literal level": "EMERALD I", "time": 1595, "solokills_t": 0.012539184952978056, "kills_t": 0.0438871473354232, "kp": 0.42253994953742635, "deaths_t": 0.0438871473354232, "assists_t": 0.04890282131661442, "csscore_t": 0.8332288401253919, "teamgold_t": 71.42382445141065, "vision_score_t": 0.9902953703740309, "wards_placed_t": 0.0677115987460815, "gold_graph_diffs_t": 14.852037617554858}