{"id": "EUN1_3578549799", "lvl": 2300, "literal level": "EMERALD I", "time": 1206, "solokills_t": 0.01077943615257048, "kills_t": 0.029850746268656716, "kp": 0.3936454849498328, "deaths_t": 0.03067993366500829, "assists_t": 0.02736318407960199, "csscore_t": 0.9286898839137645, "teamgold_t": 60.85737976782753, "vision_score_t": 0.8524189273319871, "wards_placed_t": 0.05887230514096186, "gold_graph_diffs_t": 9.248756218905474}