{"id": "EUN1_3573105044", "lvl": 2100, "literal level": "EMERALD III", "time": 1885, "solokills_t": 0.01220159151193634, "kills_t": 0.04509283819628647, "kp": 0.44654195011337866, "deaths_t": 0.04509283819628647, "assists_t": 0.05623342175066313, "csscore_t": 0.8503978779840848, "teamgold_t": 71.42758620689655, "vision_score_t": 0.9655455672828992, "wards_placed_t": 0.060477453580901855, "gold_graph_diffs_t": 12.059946949602121}