{"id": "EUN1_3586633309", "lvl": 2000, "literal level": "EMERALD IV", "time": 1852, "solokills_t": 0.014038876889848811, "kills_t": 0.04319654427645788, "kp": 0.40997150997151, "deaths_t": 0.04319654427645788, "assists_t": 0.04319654427645788, "csscore_t": 0.822354211663067, "teamgold_t": 70.40388768898488, "vision_score_t": 0.7000459411760301, "wards_placed_t": 0.05129589632829374, "gold_graph_diffs_t": 15.035637149028078}