{"id": "EUN1_3552610893", "lvl": 2100, "literal level": "EMERALD III", "time": 1631, "solokills_t": 0.011036174126302882, "kills_t": 0.039852851011649294, "kp": 0.4326638477801269, "deaths_t": 0.039852851011649294, "assists_t": 0.049049662783568364, "csscore_t": 0.862047823421214, "teamgold_t": 70.36480686695279, "vision_score_t": 0.7925468408356755, "wards_placed_t": 0.055793991416309016, "gold_graph_diffs_t": 12.733905579399142}