{"id": "EUN1_3567955770", "lvl": 2300, "literal level": "EMERALD I", "time": 1770, "solokills_t": 0.00903954802259887, "kills_t": 0.03785310734463277, "kp": 0.45116487455197135, "deaths_t": 0.03785310734463277, "assists_t": 0.04689265536723164, "csscore_t": 0.9186440677966101, "teamgold_t": 69.07344632768361, "vision_score_t": 0.8462539701535647, "wards_placed_t": 0.05819209039548023, "gold_graph_diffs_t": 13.141242937853107}