{"id": "EUN1_3550844524", "lvl": 2200, "literal level": "EMERALD II", "time": 1737, "solokills_t": 0.007484168105929764, "kills_t": 0.02475532527345999, "kp": 0.4559113300492611, "deaths_t": 0.02475532527345999, "assists_t": 0.03223949337938975, "csscore_t": 0.9032815198618307, "teamgold_t": 63.156591824985604, "vision_score_t": 1.005148226002597, "wards_placed_t": 0.06563039723661486, "gold_graph_diffs_t": 11.276338514680484}