{"id": "EUN1_3546828621", "lvl": 2200, "literal level": "EMERALD II", "time": 1617, "solokills_t": 0.010513296227581941, "kills_t": 0.039579468150896725, "kp": 0.4735949098621422, "deaths_t": 0.039579468150896725, "assists_t": 0.05194805194805195, "csscore_t": 0.8967223252937538, "teamgold_t": 70.88620902906617, "vision_score_t": 0.9518761649437752, "wards_placed_t": 0.06369820655534941, "gold_graph_diffs_t": 12.888682745825603}