{"id": "EUN1_3578770943", "lvl": 2000, "literal level": "EMERALD IV", "time": 1812, "solokills_t": 0.008278145695364239, "kills_t": 0.037527593818984545, "kp": 0.5079051383399209, "deaths_t": 0.037527593818984545, "assists_t": 0.06070640176600441, "csscore_t": 0.826710816777042, "teamgold_t": 65.57064017660043, "vision_score_t": 0.9593079073828882, "wards_placed_t": 0.06567328918322296, "gold_graph_diffs_t": 12.830022075055188}