{"id": "EUN1_3568469946", "lvl": 1800, "literal level": "PLATINUM II", "time": 2044, "solokills_t": 0.011252446183953033, "kills_t": 0.03767123287671233, "kp": 0.4463414634146342, "deaths_t": 0.03767123287671233, "assists_t": 0.046966731898238745, "csscore_t": 0.8967710371819961, "teamgold_t": 69.54109589041096, "vision_score_t": 0.7997995299160129, "wards_placed_t": 0.05430528375733855, "gold_graph_diffs_t": 13.912915851272016}