{"id": "EUN1_3546903244", "lvl": 2200, "literal level": "EMERALD II", "time": 1935, "solokills_t": 0.011369509043927648, "kills_t": 0.04599483204134367, "kp": 0.4295223577235772, "deaths_t": 0.04599483204134367, "assists_t": 0.053229974160206715, "csscore_t": 0.8439276485788114, "teamgold_t": 75.20206718346253, "vision_score_t": 1.0215753058203032, "wards_placed_t": 0.05891472868217054, "gold_graph_diffs_t": 15.803617571059432}