{"id": "EUN1_3567351544", "lvl": 2100, "literal level": "EMERALD III", "time": 1164, "solokills_t": 0.00859106529209622, "kills_t": 0.02577319587628866, "kp": 0.4134615384615385, "deaths_t": 0.02577319587628866, "assists_t": 0.024054982817869417, "csscore_t": 0.9201030927835051, "teamgold_t": 61.358247422680414, "vision_score_t": 0.7736448389136285, "wards_placed_t": 0.05326460481099656, "gold_graph_diffs_t": 10.573024054982818}