{"id": "EUN1_3549340568", "lvl": 2300, "literal level": "EMERALD I", "time": 1837, "solokills_t": 0.0065323897659227, "kills_t": 0.03647250952640174, "kp": 0.5032142857142856, "deaths_t": 0.03647250952640174, "assists_t": 0.05552531301034295, "csscore_t": 0.8649972781709309, "teamgold_t": 66.76973326075122, "vision_score_t": 0.9563207786053193, "wards_placed_t": 0.06859009254218836, "gold_graph_diffs_t": 12.99292324442025}