{"id": "EUN1_3548321083", "lvl": 2200, "literal level": "EMERALD II", "time": 2247, "solokills_t": 0.010680907877169559, "kills_t": 0.04539385847797063, "kp": 0.46187134502923977, "deaths_t": 0.04539385847797063, "assists_t": 0.059190031152647975, "csscore_t": 0.8161993769470405, "teamgold_t": 72.3898531375167, "vision_score_t": 1.0067606814658812, "wards_placed_t": 0.07120605251446373, "gold_graph_diffs_t": 16.34534935469515}