{"id": "EUN1_3571385299", "lvl": 2300, "literal level": "EMERALD I", "time": 1414, "solokills_t": 0.008486562942008486, "kills_t": 0.03323903818953324, "kp": 0.43568627450980396, "deaths_t": 0.03323903818953324, "assists_t": 0.042432814710042434, "csscore_t": 0.8097595473833098, "teamgold_t": 64.56718528995756, "vision_score_t": 0.909093624748262, "wards_placed_t": 0.06364922206506365, "gold_graph_diffs_t": 14.188118811881187}