{"id": "EUN1_3549011756", "lvl": 2300, "literal level": "EMERALD I", "time": 2421, "solokills_t": 0.004543577034283354, "kills_t": 0.03056588186699711, "kp": 0.5229532163742692, "deaths_t": 0.03139198678232136, "assists_t": 0.04956629491945477, "csscore_t": 0.8331268071045023, "teamgold_t": 64.66749277158199, "vision_score_t": 1.120035993380407, "wards_placed_t": 0.0735233374638579, "gold_graph_diffs_t": 14.643535729037588}