{"id": "EUN1_3556041464", "lvl": 2200, "literal level": "EMERALD II", "time": 1735, "solokills_t": 0.01095100864553314, "kills_t": 0.051296829971181554, "kp": 0.4273026315789473, "deaths_t": 0.051296829971181554, "assists_t": 0.05936599423631124, "csscore_t": 0.7965417867435158, "teamgold_t": 72.81268011527378, "vision_score_t": 0.7765602562763965, "wards_placed_t": 0.047838616714697406, "gold_graph_diffs_t": 15.352161383285303}