{"id": "EUN1_3551675127", "lvl": 2100, "literal level": "EMERALD III", "time": 1803, "solokills_t": 0.00887409872434831, "kills_t": 0.03105934553521908, "kp": 0.40464516129032263, "deaths_t": 0.03161397670549085, "assists_t": 0.03105934553521908, "csscore_t": 0.9356627842484747, "teamgold_t": 66.5246810870771, "vision_score_t": 1.0112508399580278, "wards_placed_t": 0.06766500277315585, "gold_graph_diffs_t": 13.717138103161398}