{"id": "EUN1_3563777978", "lvl": 2200, "literal level": "EMERALD II", "time": 1423, "solokills_t": 0.010541110330288124, "kills_t": 0.04427266338721012, "kp": 0.4295348837209302, "deaths_t": 0.04427266338721012, "assists_t": 0.054813773717498245, "csscore_t": 0.8411806043569923, "teamgold_t": 67.55094869992972, "vision_score_t": 0.9059502566388764, "wards_placed_t": 0.054813773717498245, "gold_graph_diffs_t": 11.140548137737175}