{"id": "EUN1_3579254346", "lvl": 2300, "literal level": "EMERALD I", "time": 1640, "solokills_t": 0.00548780487804878, "kills_t": 0.03231707317073171, "kp": 0.4821981424148607, "deaths_t": 0.032926829268292684, "assists_t": 0.04695121951219512, "csscore_t": 0.8140243902439024, "teamgold_t": 65.29756097560976, "vision_score_t": 0.8288214843909495, "wards_placed_t": 0.05975609756097561, "gold_graph_diffs_t": 13.382926829268293}