{"id": "EUN1_3549988842", "lvl": 2400, "literal level": "DIAMOND IV", "time": 2260, "solokills_t": 0.007079646017699115, "kills_t": 0.034070796460176994, "kp": 0.4360135135135135, "deaths_t": 0.034070796460176994, "assists_t": 0.04026548672566372, "csscore_t": 0.8831858407079646, "teamgold_t": 67.11504424778761, "vision_score_t": 1.0054281381683534, "wards_placed_t": 0.06991150442477877, "gold_graph_diffs_t": 14.35929203539823}