{"id": "EUN1_3574200560", "lvl": 2100, "literal level": "EMERALD III", "time": 1942, "solokills_t": 0.004119464469618949, "kills_t": 0.03038105046343975, "kp": 0.527536231884058, "deaths_t": 0.03038105046343975, "assists_t": 0.049948506694129764, "csscore_t": 0.880020597322348, "teamgold_t": 62.79763130792997, "vision_score_t": 0.888863450921256, "wards_placed_t": 0.061277033985581875, "gold_graph_diffs_t": 11.214727085478888}