{"id": "EUN1_3570632959", "lvl": 2200, "literal level": "EMERALD II", "time": 1815, "solokills_t": 0.005509641873278237, "kills_t": 0.03581267217630854, "kp": 0.5138257575757577, "deaths_t": 0.03581267217630854, "assists_t": 0.05619834710743802, "csscore_t": 0.8457300275482094, "teamgold_t": 67.31294765840221, "vision_score_t": 1.1504722063856794, "wards_placed_t": 0.08705234159779614, "gold_graph_diffs_t": 13.242424242424242}