{"id": "EUN1_3566973601", "lvl": 1900, "literal level": "PLATINUM I", "time": 2009, "solokills_t": 0.005973120955699353, "kills_t": 0.03633648581383773, "kp": 0.49954268292682924, "deaths_t": 0.03633648581383773, "assists_t": 0.055251368840219015, "csscore_t": 0.8377302140368342, "teamgold_t": 68.95918367346938, "vision_score_t": 1.1330854990276455, "wards_placed_t": 0.07615729218516674, "gold_graph_diffs_t": 15.921851667496266}