{"id": "EUN1_3567924808", "lvl": 2100, "literal level": "EMERALD III", "time": 1615, "solokills_t": 0.01609907120743034, "kills_t": 0.03715170278637771, "kp": 0.372400513478819, "deaths_t": 0.03715170278637771, "assists_t": 0.031578947368421054, "csscore_t": 0.8879256965944272, "teamgold_t": 65.67554179566564, "vision_score_t": 0.9037653187775163, "wards_placed_t": 0.060061919504643964, "gold_graph_diffs_t": 12.656346749226007}