{"id": "EUN1_3561698529", "lvl": 2400, "literal level": "DIAMOND IV", "time": 2293, "solokills_t": 0.011774967291757523, "kills_t": 0.041866550370693416, "kp": 0.49032679738562096, "deaths_t": 0.042302660270388134, "assists_t": 0.06149149585695595, "csscore_t": 0.7658089838639337, "teamgold_t": 68.17531617967728, "vision_score_t": 1.062968697196331, "wards_placed_t": 0.07152202354993459, "gold_graph_diffs_t": 16.435237679895334}