{"id": "EUN1_3579756481", "lvl": 2200, "literal level": "EMERALD II", "time": 1478, "solokills_t": 0.004736129905277402, "kills_t": 0.029769959404600813, "kp": 0.5177083333333333, "deaths_t": 0.029769959404600813, "assists_t": 0.04397834912043302, "csscore_t": 0.8843031123139378, "teamgold_t": 65.37956698240866, "vision_score_t": 0.887259874092004, "wards_placed_t": 0.061569688768606225, "gold_graph_diffs_t": 13.700270635994586}