{"id": "EUN1_3563023543", "lvl": 2000, "literal level": "EMERALD IV", "time": 1677, "solokills_t": 0.004770423375074538, "kills_t": 0.031007751937984496, "kp": 0.4969924812030075, "deaths_t": 0.031007751937984496, "assists_t": 0.04889683959451401, "csscore_t": 0.937984496124031, "teamgold_t": 64.46571258199165, "vision_score_t": 1.0353713379855412, "wards_placed_t": 0.07215265354800239, "gold_graph_diffs_t": 11.180083482409064}