{"id": "EUN1_3584265882", "lvl": 2100, "literal level": "EMERALD III", "time": 1519, "solokills_t": 0.01119157340355497, "kills_t": 0.03686635944700461, "kp": 0.413903743315508, "deaths_t": 0.037524687294272545, "assists_t": 0.03818301514154049, "csscore_t": 0.9104674127715603, "teamgold_t": 68.35483870967742, "vision_score_t": 0.9219214405066962, "wards_placed_t": 0.05793285055957867, "gold_graph_diffs_t": 14.233706385780119}