{"id": "EUN1_3552773920", "lvl": 2400, "literal level": "DIAMOND IV", "time": 1415, "solokills_t": 0.008480565371024734, "kills_t": 0.03250883392226148, "kp": 0.4627450980392157, "deaths_t": 0.033215547703180213, "assists_t": 0.04240282685512368, "csscore_t": 0.8522968197879859, "teamgold_t": 65.3399293286219, "vision_score_t": 0.9234203580321021, "wards_placed_t": 0.06925795053003533, "gold_graph_diffs_t": 13.35547703180212}