{"id": "EUN1_3586428823", "lvl": 2000, "literal level": "EMERALD IV", "time": 1712, "solokills_t": 0.0040887850467289715, "kills_t": 0.03271028037383177, "kp": 0.5275000000000001, "deaths_t": 0.03271028037383177, "assists_t": 0.05023364485981308, "csscore_t": 0.7926401869158879, "teamgold_t": 64.2178738317757, "vision_score_t": 0.9894059554671394, "wards_placed_t": 0.06542056074766354, "gold_graph_diffs_t": 14.497079439252337}