{"id": "EUN1_3552353803", "lvl": 2400, "literal level": "DIAMOND IV", "time": 1427, "solokills_t": 0.008409250175192713, "kills_t": 0.030833917309039945, "kp": 0.44401544401544396, "deaths_t": 0.030833917309039945, "assists_t": 0.039243167484232656, "csscore_t": 0.9873861247372109, "teamgold_t": 66.8969866853539, "vision_score_t": 0.8124192878974018, "wards_placed_t": 0.05606166783461808, "gold_graph_diffs_t": 13.67904695164681}