{"id": "EUN1_3582352487", "lvl": 2200, "literal level": "EMERALD II", "time": 2083, "solokills_t": 0.005760921747479597, "kills_t": 0.03504560729716755, "kp": 0.5447665056360709, "deaths_t": 0.03504560729716755, "assists_t": 0.0585693710993759, "csscore_t": 0.8809409505520883, "teamgold_t": 68.83533365338454, "vision_score_t": 1.1618409457678025, "wards_placed_t": 0.07633221315410466, "gold_graph_diffs_t": 13.509361497839654}