{"id": "EUN1_3581278496", "lvl": 2100, "literal level": "EMERALD III", "time": 1761, "solokills_t": 0.008517887563884156, "kills_t": 0.04258943781942078, "kp": 0.4995370370370371, "deaths_t": 0.04258943781942078, "assists_t": 0.0653038046564452, "csscore_t": 0.8290743895513912, "teamgold_t": 69.51277683134583, "vision_score_t": 0.984868054937501, "wards_placed_t": 0.07155025553662692, "gold_graph_diffs_t": 13.29358319136854}