{"id": "EUN1_3585040473", "lvl": 1700, "literal level": "PLATINUM III", "time": 1499, "solokills_t": 0.01467645096731154, "kills_t": 0.03268845897264843, "kp": 0.4070707070707071, "deaths_t": 0.03268845897264843, "assists_t": 0.0333555703802535, "csscore_t": 0.866577718478986, "teamgold_t": 62.63775850567045, "vision_score_t": 0.763552893021141, "wards_placed_t": 0.05670446964643095, "gold_graph_diffs_t": 8.94596397598399}