{"id": "EUN1_3578847545", "lvl": 1900, "literal level": "PLATINUM I", "time": 1973, "solokills_t": 0.013684744044602128, "kills_t": 0.044602128737962494, "kp": 0.41891891891891886, "deaths_t": 0.0451089711099848, "assists_t": 0.0481500253421186, "csscore_t": 0.9442473390775469, "teamgold_t": 74.60415610745058, "vision_score_t": 1.0009743044207917, "wards_placed_t": 0.06791687785098834, "gold_graph_diffs_t": 12.567663456664977}