{"id": "EUN1_3577165158", "lvl": 2200, "literal level": "EMERALD II", "time": 995, "solokills_t": 0.011055276381909548, "kills_t": 0.03919597989949749, "kp": 0.4115384615384615, "deaths_t": 0.03919597989949749, "assists_t": 0.044221105527638194, "csscore_t": 0.8110552763819096, "teamgold_t": 65.08241206030151, "vision_score_t": 0.6052663319427296, "wards_placed_t": 0.04723618090452261, "gold_graph_diffs_t": 14.39497487437186}