{"id": "EUN1_3579747443", "lvl": 2100, "literal level": "EMERALD III", "time": 1860, "solokills_t": 0.0064516129032258064, "kills_t": 0.03118279569892473, "kp": 0.4545454545454545, "deaths_t": 0.03118279569892473, "assists_t": 0.04139784946236559, "csscore_t": 0.874731182795699, "teamgold_t": 64.01989247311828, "vision_score_t": 0.9924605648956529, "wards_placed_t": 0.06559139784946237, "gold_graph_diffs_t": 11.814516129032258}