{"id": "EUN1_3580847746", "lvl": 2000, "literal level": "EMERALD IV", "time": 2009, "solokills_t": 0.010452961672473868, "kills_t": 0.04529616724738676, "kp": 0.4486394557823129, "deaths_t": 0.045793927327028375, "assists_t": 0.05674464907914385, "csscore_t": 0.8442010950721752, "teamgold_t": 72.21553011448482, "vision_score_t": 1.0491837665113413, "wards_placed_t": 0.07167745146839223, "gold_graph_diffs_t": 15.534594325535092}