{"id": "EUN1_3581596934", "lvl": 2200, "literal level": "EMERALD II", "time": 2138, "solokills_t": 0.007015902712815715, "kills_t": 0.03788587464920486, "kp": 0.46468531468531465, "deaths_t": 0.03788587464920486, "assists_t": 0.0519176800748363, "csscore_t": 0.7820392890551918, "teamgold_t": 67.62768942937325, "vision_score_t": 0.8861922111765361, "wards_placed_t": 0.05986903648269411, "gold_graph_diffs_t": 17.421889616463986}