{"id": "EUN1_3570098596", "lvl": 2300, "literal level": "EMERALD I", "time": 1892, "solokills_t": 0.007928118393234672, "kills_t": 0.037526427061310784, "kp": 0.46855500821018065, "deaths_t": 0.037526427061310784, "assists_t": 0.05179704016913319, "csscore_t": 0.8757928118393234, "teamgold_t": 67.95137420718817, "vision_score_t": 1.0754424900920672, "wards_placed_t": 0.07505285412262157, "gold_graph_diffs_t": 14.162790697674419}