{"id": "EUN1_3584252175", "lvl": 2100, "literal level": "EMERALD III", "time": 1539, "solokills_t": 0.003248862897985705, "kills_t": 0.024691358024691357, "kp": 0.5106442577030812, "deaths_t": 0.024691358024691357, "assists_t": 0.037037037037037035, "csscore_t": 0.8492527615334633, "teamgold_t": 61.64977257959714, "vision_score_t": 0.959088569052559, "wards_placed_t": 0.057179987004548405, "gold_graph_diffs_t": 12.446393762183236}