{"id": "EUN1_3582254523", "lvl": 1800, "literal level": "PLATINUM II", "time": 2108, "solokills_t": 0.016603415559772294, "kills_t": 0.03415559772296015, "kp": 0.3370574350904799, "deaths_t": 0.03415559772296015, "assists_t": 0.024667931688804556, "csscore_t": 0.9184060721062619, "teamgold_t": 66.63709677419355, "vision_score_t": 1.0046002467864874, "wards_placed_t": 0.07258064516129033, "gold_graph_diffs_t": 11.358159392789373}