{"id": "EUN1_3584934505", "lvl": 1600, "literal level": "PLATINUM IV", "time": 2428, "solokills_t": 0.01771004942339374, "kills_t": 0.05395387149917628, "kp": 0.4197423887587822, "deaths_t": 0.05395387149917628, "assists_t": 0.06013179571663921, "csscore_t": 0.778830313014827, "teamgold_t": 74.46128500823723, "vision_score_t": 0.929095107627008, "wards_placed_t": 0.06342668863261944, "gold_graph_diffs_t": 17.057660626029655}