{"id": "EUN1_3566316013", "lvl": 2000, "literal level": "EMERALD IV", "time": 1569, "solokills_t": 0.007010834926704908, "kills_t": 0.02676864244741874, "kp": 0.4148148148148148, "deaths_t": 0.02676864244741874, "assists_t": 0.03186743148502231, "csscore_t": 0.9031230082855322, "teamgold_t": 64.05608667941364, "vision_score_t": 0.8607306623688105, "wards_placed_t": 0.058636073932441045, "gold_graph_diffs_t": 12.565965583173996}