{"id": "EUN1_3546175042", "lvl": 1900, "literal level": "PLATINUM I", "time": 1069, "solokills_t": 0.004677268475210477, "kills_t": 0.01683816651075772, "kp": 0.4928571428571429, "deaths_t": 0.01683816651075772, "assists_t": 0.019644527595884004, "csscore_t": 0.9663236669784846, "teamgold_t": 57.554724041159965, "vision_score_t": 1.0050928610780556, "wards_placed_t": 0.06735266604303088, "gold_graph_diffs_t": 10.976613657623947}