{"id": "EUN1_3578777514", "lvl": 2200, "literal level": "EMERALD II", "time": 1085, "solokills_t": 0.004608294930875576, "kills_t": 0.02857142857142857, "kp": 0.4130434782608695, "deaths_t": 0.02857142857142857, "assists_t": 0.03133640552995392, "csscore_t": 0.8387096774193549, "teamgold_t": 59.23778801843318, "vision_score_t": 0.8111007715662104, "wards_placed_t": 0.05714285714285714, "gold_graph_diffs_t": 9.71336405529954}