{"id": "EUN1_3544157883", "lvl": 2000, "literal level": "EMERALD IV", "time": 1692, "solokills_t": 0.010638297872340425, "kills_t": 0.03959810874704492, "kp": 0.4217391304347826, "deaths_t": 0.03959810874704492, "assists_t": 0.0425531914893617, "csscore_t": 0.7860520094562647, "teamgold_t": 66.69799054373523, "vision_score_t": 0.8429654698914352, "wards_placed_t": 0.0591016548463357, "gold_graph_diffs_t": 17.252364066193852}