{"id": "EUN1_3563612482", "lvl": 2000, "literal level": "EMERALD IV", "time": 1636, "solokills_t": 0.012836185819070905, "kills_t": 0.042787286063569685, "kp": 0.397, "deaths_t": 0.042787286063569685, "assists_t": 0.05012224938875306, "csscore_t": 0.7817848410757946, "teamgold_t": 68.68581907090464, "vision_score_t": 0.7599353492744397, "wards_placed_t": 0.05256723716381418, "gold_graph_diffs_t": 13.484107579462103}