{"id": "EUN1_3557323592", "lvl": 2300, "literal level": "EMERALD I", "time": 2019, "solokills_t": 0.0064388311045071814, "kills_t": 0.033680039623576026, "kp": 0.5016425120772947, "deaths_t": 0.033680039623576026, "assists_t": 0.05349182763744428, "csscore_t": 0.8524021792966815, "teamgold_t": 65.16889549281822, "vision_score_t": 0.9232085683643152, "wards_placed_t": 0.06042595344229817, "gold_graph_diffs_t": 14.704309063893016}