{"id": "EUN1_3547644986", "lvl": 2200, "literal level": "EMERALD II", "time": 1981, "solokills_t": 0.006562342251388188, "kills_t": 0.04745078243311459, "kp": 0.5498148148148149, "deaths_t": 0.04745078243311459, "assists_t": 0.08228167592125189, "csscore_t": 0.7748611812216053, "teamgold_t": 72.89803129732458, "vision_score_t": 0.8591740355566818, "wards_placed_t": 0.05350832912670368, "gold_graph_diffs_t": 16.95658758202928}