{"id": "EUN1_3584159297", "lvl": 2100, "literal level": "EMERALD III", "time": 1760, "solokills_t": 0.007386363636363636, "kills_t": 0.02784090909090909, "kp": 0.4459459459459459, "deaths_t": 0.02784090909090909, "assists_t": 0.0375, "csscore_t": 0.9164772727272728, "teamgold_t": 62.07272727272727, "vision_score_t": 0.874206365093664, "wards_placed_t": 0.0625, "gold_graph_diffs_t": 14.13409090909091}