{"id": "EUN1_3576327244", "lvl": 2300, "literal level": "EMERALD I", "time": 1871, "solokills_t": 0.011758417958311064, "kills_t": 0.045430251202565476, "kp": 0.4164053751399776, "deaths_t": 0.04596472474612507, "assists_t": 0.04917156600748263, "csscore_t": 0.8059861036878675, "teamgold_t": 72.01817210048102, "vision_score_t": 0.9182653678388248, "wards_placed_t": 0.06734366648850881, "gold_graph_diffs_t": 13.7883484767504}