{"id": "EUN1_3567933700", "lvl": 2200, "literal level": "EMERALD II", "time": 1136, "solokills_t": 0.007922535211267605, "kills_t": 0.032570422535211266, "kp": 0.41566666666666674, "deaths_t": 0.032570422535211266, "assists_t": 0.03697183098591549, "csscore_t": 0.852112676056338, "teamgold_t": 63.267605633802816, "vision_score_t": 0.8125422173749953, "wards_placed_t": 0.05985915492957746, "gold_graph_diffs_t": 10.827464788732394}