{"id": "EUN1_3546061628", "lvl": 2200, "literal level": "EMERALD II", "time": 2106, "solokills_t": 0.010446343779677113, "kills_t": 0.02801519468186135, "kp": 0.3918918918918919, "deaths_t": 0.02801519468186135, "assists_t": 0.026590693257359924, "csscore_t": 0.8309591642924976, "teamgold_t": 60.75973409306743, "vision_score_t": 1.1873620828419398, "wards_placed_t": 0.06932573599240266, "gold_graph_diffs_t": 10.533713200379868}