{"id": "EUN1_3552580156", "lvl": 2100, "literal level": "EMERALD III", "time": 1876, "solokills_t": 0.006929637526652452, "kills_t": 0.03997867803837953, "kp": 0.4583577712609971, "deaths_t": 0.03997867803837953, "assists_t": 0.05277185501066098, "csscore_t": 0.9157782515991472, "teamgold_t": 72.56716417910448, "vision_score_t": 0.8972219635474682, "wards_placed_t": 0.06023454157782516, "gold_graph_diffs_t": 16.613006396588485}